          ============================================================
          |                                                          |
          |            Crystallography & NMR System (CNS)            |
          |                         CNSsolve                         |
          |                                                          |
          ============================================================
           Version: 1.3 at patch level U
           Status: Special UU release with Rg, paramagnetic
                   and Z-restraints (A. Bonvin, UU 2013)
          ============================================================
           Written by: A.T.Brunger, P.D.Adams, G.M.Clore, W.L.DeLano,
                       P.Gros, R.W.Grosse-Kunstleve,J.-S.Jiang,J.M.Krahn,
                       J.Kuszewski, M.Nilges, N.S.Pannu, R.J.Read,
                       L.M.Rice, G.F.Schroeder, T.Simonson, G.L.Warren.
           Copyright (c) 1997-2010 Yale University
          ============================================================
           Running on machine: hostname unknown (x86_64/Linux,64-bit)
           Program started by: enmr009
           Program started at: 04:32:46 on 23-Apr-2026
          ============================================================

 FFT3C: Using FFTPACK4.1

 CNSsolve>! re_h2o.inp 
 CNSsolve>!    Perform an explitic solvent (water) refinement 
 CNSsolve>! 
 CNSsolve>! *********************************************************************** 
 CNSsolve>! * Copyright 2003-2018 Alexandre Bonvin, Utrecht University.           * 
 CNSsolve>! * Originally adapted from Aria 1.2 from Nilges and Linge, EMBL.       * 
 CNSsolve>! * All rights reserved.                                                * 
 CNSsolve>! * This code is part of the HADDOCK software and governed by its       * 
 CNSsolve>! * license. Please see the LICENSE file that should have been included * 
 CNSsolve>! * as part of this package.                                            * 
 CNSsolve>! *********************************************************************** 
 CNSsolve>! 
 CNSsolve> 
 CNSsolve>@RUN:protocols/initialize.cns(iteration=$iteration;) 
 ASSFIL: file initialize.cns opened.
 CNSsolve>! initialize.cns 
 CNSsolve>!    Iteration initialization 
 CNSsolve>! 
 CNSsolve>! *********************************************************************** 
 CNSsolve>! * Copyright 2003-2018 Alexandre Bonvin, Utrecht University.           * 
 CNSsolve>! * Originally adapted from Aria 1.2 from Nilges and Linge, EMBL.       * 
 CNSsolve>! * All rights reserved.                                                * 
 CNSsolve>! * This code is part of the HADDOCK software and governed by its       * 
 CNSsolve>! * license. Please see the LICENSE file that should have been included * 
 CNSsolve>! * as part of this package.                                            * 
 CNSsolve>! *********************************************************************** 
 CNSsolve>! 
 CNSsolve> 
 CNSsolve>module (iteration;) 
 &_2_ITERATION set to $_1_ITERATION 
 CNSsolve>evaluate (&iteration = "") 
 EVALUATE: symbol $_1_ITERATION set to "" (string)
 CNSsolve> 
 CNSsolve> 
 CNSsolve>@NEWIT:iteration.cns(iteration=$iteration;) 
 ASSFIL: file iteration.cns opened.
 CNSsolve>module ( iteration ) 
 &_2_ITERATION set to $_1_ITERATION 
 CNSsolve>evaluate (&iteration=2) 
 EVALUATE: symbol $_1_ITERATION set to    2.00000     (real)
 CNSsolve> 
 CNSsolve>@RUN:run.cns( 
 ASSFIL: file run.cns opened.
 CNSsolve>! run.cns 
 CNSsolve>!    The file containing all parameters for HADDOCK 
 CNSsolve>! 
 CNSsolve>! *********************************************************************** 
 CNSsolve>! * Copyright 2003-2018 Alexandre Bonvin, Utrecht University.           * 
 CNSsolve>! * Originally adapted from Aria 1.2 from Nilges and Linge, EMBL.       * 
 CNSsolve>! * All rights reserved.                                                * 
 CNSsolve>! * This code is part of the HADDOCK software and governed by its       * 
 CNSsolve>! * license. Please see the LICENSE file that should have been included * 
 CNSsolve>! * as part of this package.                                            * 
 CNSsolve>! *********************************************************************** 
 CNSsolve>! 
 CNSsolve>module( 
 MODULE-DECLARATION>iteration; 
 MODULE-DECLARATION>filenames; 
 MODULE-DECLARATION>data; 
 MODULE-DECLARATION>iterations; 
 MODULE-DECLARATION>saprotocol; 
 MODULE-DECLARATION>refine; 
 MODULE-DECLARATION>toppar; 
 MODULE-DECLARATION>analysis; 
 MODULE-DECLARATION>) 
 MODULE-INVOCATION>iteration =$iteration; 
 &_2_ITERATION set to $_1_ITERATION 
 MODULE-INVOCATION>filenames =$filenames; 
 &_2_FILENAMES set to $_1_FILENAMES 
 MODULE-INVOCATION>data      =$data; 
 &_2_DATA set to $_1_DATA 
 MODULE-INVOCATION>iterations=$iterations; 
 &_2_ITERATIONS set to $_1_ITERATIONS 
 MODULE-INVOCATION>saprotocol=$saprotocol; 
 &_2_SAPROTOCOL set to $_1_SAPROTOCOL 
 MODULE-INVOCATION>refine    =$refine; 
 &_2_REFINE set to $_1_REFINE 
 MODULE-INVOCATION>toppar    =$toppar; 
 &_2_TOPPAR set to $_1_TOPPAR 
 MODULE-INVOCATION>analysis  =$analysis; 
 &_2_ANALYSIS set to $_1_ANALYSIS 
 MODULE-INVOCATION>) 
 CNSsolve> 
 CNSsolve>{+ File: run.cns +} 
 CNSsolve>{+ Description: this file contains all necessary information to run HADDOCK. +} 
 CNSsolve> 
 CNSsolve>{+ Authors: Ezgi Karaca, Joao Rodrigues, Mikael Trellet, Alexandre Bonvin<br> 
 CNSsolve>Adapted from HADOOCK version 2.4 <br><br> 
 CNSsolve>Initially adapted from ARIA of Nilges and Linge +} 
 CNSsolve> 
 CNSsolve>{+ Please cite the following references when using this protocol: +} 
 CNSsolve>{+ reference: Cyril Dominguez, Rolf Boelens and Alexandre M.J.J. Bonvin (2003).  HADDOCK: a protein-protein docking approach 
 CNSsolve>based on biochemical and/or biophysical information. <i>J. Am. Chem. Soc.</i> <b>125</b>, 1731-1737. 
 CNSsolve><p> 
 CNSsolve><b>When using <i>residual dipolar couplings</i> in HADDOCK cite in addition:</b><p> 
 CNSsolve><LI>A.D.J. van Dijk, D. Fushman and A.M.J.J. Bonvin (2005). Various strategies of using residual dipolar 
 CNSsolve>couplings in NMR-driven protein docking: Application to Lys48-linked di-ubiquitin and validation against 
 CNSsolve>15N-relaxation data. <EM>Proteins: Struc. Funct. & Bioinformatics</EM>, <STRONG>60</STRONG>, 367-381.</li> 
 CNSsolve><p> 
 CNSsolve><b>When using <i>diffusion anisotropy data</i> in HADDOCK cite in addition:</b><p> 
 CNSsolve><li>A.D.J. van Dijk, R. Kaptein, R. Boelens and A.M.J.J. Bonvin (2006). Combining NMR relaxation with 
 CNSsolve>chemical shift perturbation data to drive protein-protein docking. <EM>J. Biomol. NMR</EM>, 
 CNSsolve><STRONG>34</STRONG>, 237-244.</li> 
 CNSsolve><p> 
 CNSsolve><b>When using <i>solvated docking</i> in HADDOCK cite in addition:</b><p> 
 CNSsolve><li>A.D.J. van Dijk and A.M.J.J. Bonvin (2006). Solvated docking: introducing water into the modelling 
 CNSsolve>of biomolecular complexes. <EM>Bioinformatics</EM>,  <STRONG>22</STRONG> 2340-2347. 
 CNSsolve><p> 
 CNSsolve><b>When performing <i>flexible protein-DNA docking</i> using HADDOCK cite in addition:</b><p> 
 CNSsolve><li>M. van Dijk, A.D.J. van Dijk, V. Hsu, R. Boelens and  A.M.J.J. Bonvin (2006). 
 CNSsolve>Information-driven Protein-DNA Docking using HADDOCK: it is a matter of flexibility. 
 CNSsolve><EM>Nucl. Acids Res.</EM>, <STRONG>34</STRONG> 3317-3325.</li> 
 CNSsolve><p> 
 CNSsolve><b>When performing the Nmolecule integrative modelling protocol please cite:</b><p> 
 CNSsolve><li>Ezgi Karaca, Joao P.G.L.M. Rodrigues, Andrea Graziadei, Alexandre M.J.J. Bonvin, Teresa Carlomagno (2017). 
 CNSsolve>An Integrative Framework for Structure Determination of Molecular Machines. 
 CNSsolve><EM>Nature Methods</EM>, Advanced Online Publication.</li> 
 CNSsolve>+} 
 CNSsolve> 
 CNSsolve>{- Guidelines for using this file: 
 CNSsolve>   - all strings must be quoted by double-quotes 
 CNSsolve>   - logical variables (true/false) are not quoted 
 CNSsolve>   - do not remove any evaluate statements from the file 
 CNSsolve>   - pathnames should not exceed 80 characters -} 
 CNSsolve>{- begin block parameter definition -} define( 
 DEFINE> 
 DEFINE> 
 DEFINE>{======== number of molecules for docking ==================} 
 DEFINE>{* number of components *} 
 DEFINE> 
 DEFINE>{===>} ncomponents=2; 
 DEFINE> 
 DEFINE>{======================= filenames =========================} 
 DEFINE>{*  the name of your current project *} 
 DEFINE>{*  this will be used as name for the generated structures *} 
 DEFINE>{===>} fileroot="complex"; 
 DEFINE> 
 DEFINE>{* RUN directory *} 
 DEFINE>{*  the absolute path of your current run, e.g. /home/haddock/run1*} 
 DEFINE>{===>} run_dir="/tmp/csbportal_12osillg/run1"; 
 DEFINE> 
 DEFINE>{* PDB file of molecule 1 *} 
 DEFINE>{===>} prot_coor_mol1="protein1.pdb"; 
 DEFINE>{* PSF file of molecule 1 *} 
 DEFINE>{===>} prot_psf_mol1="protein1.psf"; 
 DEFINE>{* segid of molecule 1 *} 
 DEFINE>{===>} prot_segid_mol1="A"; 
 DEFINE>{* fileroot of molecule 1 *} 
 DEFINE>{===>} prot_root_mol1="protein1"; 
 DEFINE>{* Fix Molecule at Origin during it0 *} 
 DEFINE>{+ choice: true false +} 
 DEFINE>{===>} fix_origin_mol1=false; 
 DEFINE>{* Is molecule 1 DNA? *} 
 DEFINE>{+ choice: true false +} 
 DEFINE>{===>} dna_mol1=false; 
 DEFINE>{* Is molecule 1 a cyclic peptide? *} 
 DEFINE>{+ choice: true false +} 
 DEFINE>{===>} cyclicpept_mol1=false; 
 DEFINE>{* Is molecule 1 a shape? *} 
 DEFINE>{+ choice: true false +} 
 DEFINE>{===>} shape_mol1=false; 
 DEFINE>{* Coarse grained molecule? *} 
 DEFINE>{+ choice: true false +} 
 DEFINE>{===>} cg_mol1=false; 
 DEFINE>{* PDB file of molecule 2 *} 
 DEFINE>{===>} prot_coor_mol2="protein2.pdb"; 
 DEFINE>{* PSF file of molecule 2 *} 
 DEFINE>{===>} prot_psf_mol2="protein2.psf"; 
 DEFINE>{* segid of molecule 2 *} 
 DEFINE>{===>} prot_segid_mol2="B"; 
 DEFINE>{* fileroot of molecule 2 *} 
 DEFINE>{===>} prot_root_mol2="protein2"; 
 DEFINE>{* Fix Molecule at Origin during it0 *} 
 DEFINE>{+ choice: true false +} 
 DEFINE>{===>} fix_origin_mol2=false; 
 DEFINE>{* Is molecule 2 DNA? *} 
 DEFINE>{+ choice: true false +} 
 DEFINE>{===>} dna_mol2=true; 
 DEFINE>{* Is molecule 2 a cyclic peptide? *} 
 DEFINE>{+ choice: true false +} 
 DEFINE>{===>} cyclicpept_mol2=false; 
 DEFINE>{* Is molecule 2 a shape? *} 
 DEFINE>{+ choice: true false +} 
 DEFINE>{===>} shape_mol2=false; 
 DEFINE>{* Coarse grained molecule? *} 
 DEFINE>{+ choice: true false +} 
 DEFINE>{===>} cg_mol2=false; 
 DEFINE> 
 DEFINE>{* Remove non-polar hydrogens? *} 
 DEFINE>{+ choice: true false +} 
 DEFINE>{===>} delenph=true; 
 DEFINE> 
 DEFINE>{* HADDOCK directory *} 
 DEFINE>{*  the absolute path of the HADDOCK program files *} 
 DEFINE>{===>} haddock_dir=/trinity/rascar/enmr/software/haddock2.5; 
 DEFINE> 
 DEFINE>{* Logfile directory *} 
 DEFINE>{* specify a directory for the large CNS log files *} 
 DEFINE>{===>} temptrash_dir=/tmp/csbportal_12osillg/run1; 
 DEFINE> 
 DEFINE>{==================== histidine patches =====================} 
 DEFINE> 
 DEFINE> 
 DEFINE>{==================== histidine patches =====================} 
 DEFINE>{* Automatically define histidine protonation state based on energetics *} 
 DEFINE>{===>} autohis=false; 
 DEFINE> 
 DEFINE>{* Patch to change doubly protonated HIS to singly protonated histidine (HD1) *} 
 DEFINE>{* just give the residue number of the histidines for the HISD patch, set them to zero if you don't want them *} 
 DEFINE>{* Number of HISD for molecule 1 *} 
 DEFINE>numhisd_1=0; 
 DEFINE>{* Number of HISD for molecule 2 *} 
 DEFINE>numhisd_2=0; 
 DEFINE> 
 DEFINE>{* Patch to change doubly protonated HIS to singly protonated histidine (HE2) *} 
 DEFINE>{* just give the residue number of the histidines for the HISE patch, set them to zero if you don't want them *} 
 DEFINE>{* Number of HISE for molecule 1 *} 
 DEFINE>numhise_1=0; 
 DEFINE>{* Number of HISE for molecule 2 *} 
 DEFINE>numhise_2=0; 
 DEFINE> 
 DEFINE>{========= Definition of semi-flexible interface ============} 
 DEFINE>{* Define the interface of each molecule.*} 
 DEFINE>{* Side-chains and backbone of these residues will be allowed to move during semi-flexible refinement*} 
 DEFINE>{* Distance cutoff in A for the automatic definition of flexible segments based on intermolecular residues contacts *} 
 DEFINE>{===>} flcut_nb=5.0; 
 DEFINE>{* number of semi-flexible segments for molecule  1 (-1 for automated mode) *} 
 DEFINE>{* Note that current max is 10 (edit the run.cns to add more segments) *} 
 DEFINE>{===>} nseg_1=-1; 
 DEFINE> 
 DEFINE>{* Residues of molecule  1 at interface *} 
 DEFINE>{+ table: rows=10 "segment 1" "segment 2" "segment 3" "segment 4" "segment 5" "segment 6" "segment 7" "segment 8" "segment 9" "segment 10" cols=2 "Start residue" "End residue" +} 
 DEFINE>{* number of semi-flexible segments for molecule  2 (-1 for automated mode) *} 
 DEFINE>{* Note that current max is 10 (edit the run.cns to add more segments) *} 
 DEFINE>{===>} nseg_2=-1; 
 DEFINE> 
 DEFINE>{* Residues of molecule  2 at interface *} 
 DEFINE>{+ table: rows=10 "segment 1" "segment 2" "segment 3" "segment 4" "segment 5" "segment 6" "segment 7" "segment 8" "segment 9" "segment 10" cols=2 "Start residue" "End residue" +} 
 DEFINE> 
 DEFINE>{=========== Definition of fully flexible segments ==========} 
 DEFINE>{* Define the fully flexible segment of each molecule.*} 
 DEFINE>{* These segments will be allowed to move at all stages of it1 *} 
 DEFINE> 
 DEFINE> 
 DEFINE>{* Number of fully flexible segments for molecule  1            *} 
 DEFINE>{* Note that current max is 5 (edit the run.cns to add more segments     *} 
 DEFINE>{===>} nfle_1=0; 
 DEFINE>{* Number of fully flexible segments for molecule  2            *} 
 DEFINE>{* Note that current max is 5 (edit the run.cns to add more segments     *} 
 DEFINE>{===>} nfle_2=0; 
 DEFINE> 
 DEFINE>{==================== membrane positioning restraints  ==================} 
 DEFINE>{* Do you want to use membrane positioning restraints ? *} 
 DEFINE>{+ choice: true false +} 
 DEFINE>{===>} zres_on=false; 
 DEFINE> 
 DEFINE>{* Number of membrane positioning restrained segments *} 
 DEFINE>{===>} numzres=0; 
 DEFINE> 
 DEFINE>{====================== NCS restraints  =====================} 
 DEFINE>{* Do you want to use NCS restraints? *} 
 DEFINE>{+ choice: true false +} 
 DEFINE>{===>} ncs_on=false; 
 DEFINE> 
 DEFINE>{* Number of NCS pairs *} 
 DEFINE>{===>} numncs=0; 
 DEFINE> 
 DEFINE>{==================== Symmetry restraints  ==================} 
 DEFINE>{* Do you want to use symmetry restraints ? *} 
 DEFINE>{+ choice: true false +} 
 DEFINE>{===>} sym_on=false; 
 DEFINE> 
 DEFINE>{* Force constant for symmetry restraints ? *} 
 DEFINE>{===>} ksym=10.0; 
 DEFINE>{* Number of C2 symmetry pairs *} 
 DEFINE>{===>} numc2sym=0; 
 DEFINE>{* Number of C3 symmetry triples*} 
 DEFINE>{===>} numc3sym=0; 
 DEFINE>{* Number of S3 symmetry triples*} 
 DEFINE>{===>} nums3sym=0; 
 DEFINE>{* Number of C4 symmetry quadruples *} 
 DEFINE>{===>} numc4sym=0; 
 DEFINE>{* Number of C5 symmetry *} 
 DEFINE>{===>} numc5sym=0; 
 DEFINE> 
 DEFINE>{* Number of c6 symmetry *} 
 DEFINE>{===>} numc6sym=0; 
 DEFINE> 
 DEFINE>{=========================== Distance restraints  ========================} 
 DEFINE>{* Turn on/off and energy constants for distance restraints *} 
 DEFINE>{+ table: rows=3 "distances" "AIR (ambig)" "hbonds" cols=6 "firstIteration" "lastIteration" "hot" "cool1" "cool2" "cool3"+} 
 DEFINE> 
 DEFINE>{===>} unamb_firstit=0; 
 DEFINE>{===>} unamb_lastit=2; 
 DEFINE>{===>} unamb_hot=10.0; 
 DEFINE>{===>} unamb_cool1=10.0; 
 DEFINE>{===>} unamb_cool2=50.0; 
 DEFINE>{===>} unamb_cool3=50.0; 
 DEFINE>{===>} amb_firstit=0; 
 DEFINE>{===>} amb_lastit=2; 
 DEFINE>{===>} amb_hot=10.0; 
 DEFINE>{===>} amb_cool1=10.0; 
 DEFINE>{===>} amb_cool2=50.0; 
 DEFINE>{===>} amb_cool3=50.0; 
 DEFINE>{===>} hbond_firstit=0; 
 DEFINE>{===>} hbond_lastit=2; 
 DEFINE>{===>} hbond_hot=10.0; 
 DEFINE>{===>} hbond_cool1=10.0; 
 DEFINE>{===>} hbond_cool2=50.0; 
 DEFINE>{===>} hbond_cool3=50.0; 
 DEFINE> 
 DEFINE>{* Do you want to randomly exclude a fraction of the ambiguous restraints (AIRs)? *} 
 DEFINE>{+ choice: true false +} 
 DEFINE>{===>} noecv=true; 
 DEFINE> 
 DEFINE>{* Number of partitions for random exclusion (%excluded=100/number of partitions)? *} 
 DEFINE>{===>} ncvpart=2.0000; 
 DEFINE> 
 DEFINE>{* Do you want to use hydrogen bond restraints? *} 
 DEFINE>{+ choice: true false +} 
 DEFINE>{===>} hbonds_on=false; 
 DEFINE> 
 DEFINE>{* Do you want to define randomly ambiguous interaction restraints from accessible residues? *} 
 DEFINE>{* Only residues in the defined flexible segments will be considered *} 
 DEFINE>{* Note that this option is exclusive with any other distance restraints and only for it0    *} 
 DEFINE>{+ choice: true false +} 
 DEFINE>{===>} ranair=false; 
 DEFINE> 
 DEFINE>{* Do you want to define center of mass restraints to enforce contact between the molecules? *} 
 DEFINE>{* Note that these are only active during it0 and it1 *} 
 DEFINE>{+ choice: true false +} 
 DEFINE>{===>} cmrest=false; 
 DEFINE> 
 DEFINE>{* Define tight CM restraints? *} 
 DEFINE>{+ choice: true false +} 
 DEFINE>{===>} cmtight=false; 
 DEFINE> 
 DEFINE>{* Force constant for center of mass restraints *} 
 DEFINE>{===>} kcont=1.0; 
 DEFINE> 
 DEFINE>{* Do you want to define surface contact restraints to enforce contact between the molecules? *} 
 DEFINE>{* Note that these are only active during it0 and it1 *} 
 DEFINE>{+ choice: true false +} 
 DEFINE>{===>} surfrest=false; 
 DEFINE> 
 DEFINE>{* Force constant for surface contact restraints *} 
 DEFINE>{===>} ksurf=1.0; 
 DEFINE> 
 DEFINE>{ Use automated distance restraints weighting } 
 DEFINE>{ choice: true false } 
 DEFINE>air_scaling=false; 
 DEFINE>{ Define the number of distance restraints for automated weighting } 
 DEFINE>tot_unamb=25; 
 DEFINE>{ Define the number of AIR restraints for automated weighting } 
 DEFINE>tot_amb=0; 
 DEFINE>{ potential shape } 
 DEFINE>mrswi_hot=0.5; 
 DEFINE>mrswi_cool1=0.5; 
 DEFINE>mrswi_cool2=0.5; 
 DEFINE>mrswi_cool3=0.5; 
 DEFINE>rswi_hot=0.5; 
 DEFINE>rswi_cool1=0.5; 
 DEFINE>rswi_cool2=0.5; 
 DEFINE>rswi_cool3=0.5; 
 DEFINE>masy_hot=-1.0; 
 DEFINE>masy_cool1=-1.0; 
 DEFINE>masy_cool2=-0.1; 
 DEFINE>masy_cool3=-0.1; 
 DEFINE>asy_hot=1.0; 
 DEFINE>asy_cool1=1.0; 
 DEFINE>asy_cool2=0.1; 
 DEFINE>asy_cool3=0.1; 
 DEFINE> 
 DEFINE>{=========================== radius of gyration restraint  ============} 
 DEFINE>{* Turn on/off and energy constants for Rg restraints *} 
 DEFINE>{* Do you want to define a radius of gyration restraint (e.g. from SAXS)? *} 
 DEFINE>{+ choice: true false +} 
 DEFINE>{===>} rgrest=false; 
 DEFINE> 
 DEFINE> 
 DEFINE>{======================DNA-RNA restraints ============================} 
 DEFINE>{* Use DNA/RNA restraints (dna-rna_restraints.def in data/sequence)? *} 
 DEFINE>{+ choice: true false +} 
 DEFINE>{===>} dnarest_on=true; 
 DEFINE> 
 DEFINE>{=========================== dihedrals restraints ====================} 
 DEFINE>{* energy constants *} 
 DEFINE>{+ table: rows=1 "dihedrals" cols=5 "use?" "hot" "cool1" "cool2" "cool3" +} 
 DEFINE> 
 DEFINE>{+ choice: true false +} 
 DEFINE>{===>} dihedrals_on=false; 
 DEFINE>{===>} dihedrals_hot=5.0; 
 DEFINE>{===>} dihedrals_cool1=5.0; 
 DEFINE>{===>} dihedrals_cool2=50.0; 
 DEFINE>{===>} dihedrals_cool3=200.0; 
 DEFINE> 
 DEFINE>{* Automatically define backbone dihedral angle restraints from structure? *} 
 DEFINE>{+ choice: none all alpha alphabeta +} 
 DEFINE>{===>} ssdihed=none; 
 DEFINE>{===>} error_dih=10; 
 DEFINE> 
 DEFINE>{=========================== residual dipolar couplings ======================} 
 DEFINE> 
 DEFINE>{* Parameters *} 
 DEFINE>{+ table: rows=5 "class1" "class2" "class3" "class4" "class5" 
 DEFINE>          cols=25 "type" "firstIt" "lastIt" "Ksani<br>(hot)" "Ksani<br>(cool1)" "Ksani<br>(cool2)" "Ksani<br>(cool3)" "R" "D" 
 DEFINE> "Kvean<br>(ini_bor_hot)" "Kvean<br>(fin_bor_hot)" 
 DEFINE> "Kvean<br>(ini_bor_cool1)" "Kvean<br>(fin_bor_cool1)" 
 DEFINE> "Kvean<br>(ini_bor_cool2)" "Kvean<br>(fin_bor_cool2)" 
 DEFINE> "Kvean<br>(ini_bor_cool3)" "Kvean<br>(fin_bor_cool3)" 
 DEFINE> "Kvean<br>(ini_cen_hot)" "Kvean<br>(fin_cen_hot)" 
 DEFINE> "Kvean<br>(ini_cen_cool1)" "Kvean<br>(fin_cen_cool1)" 
 DEFINE> "Kvean<br>(ini_cen_cool2)" "Kvean<br>(fin_cen_cool2)" 
 DEFINE> "Kvean<br>(ini_cen_cool3)" "Kvean<br>(fin_cen_cool3)"+} 
 DEFINE>{+ choice: "NO" "SANI" "XRDC" "VANGLE" +} 
 DEFINE>{===>} numrdc = 0; 
 DEFINE> 
 DEFINE> 
 DEFINE>{=========================== pseudo contact shifts ===========================} 
 DEFINE> 
 DEFINE>{* Parameters *} 
 DEFINE>{+ table: rows=10 "class1" "class2" "class3" "class4" "class5" "class6" "class7" "class8" "class9" "class10" 
 DEFINE>          cols=9 "type" "firstIt" "lastIt" "Kpcs<br>(hot)" "Kpcs<br>(cool1)" "Kpcs<br>(cool2)" "Kpcs<br>(cool3)" "R" "D" +} 
 DEFINE>{+ choice: "NO" "XPCS" +} 
 DEFINE>{===>} numpcs = 0; 
 DEFINE> 
 DEFINE> 
 DEFINE>{=========================== relaxation data ======================} 
 DEFINE>{* Parameters *} 
 DEFINE>{+ table: rows=5 "class1" "class2" "class3" "class4" "class5" 
 DEFINE>          cols=12 "type" "firstIt" "lastIt" "Kdani(hot)" "Kdani(cool1)" "Kdani(cool2)" "Kdani(cool3)" "Correlation time" "D" "R" "H frequency" "N frequency" +} 
 DEFINE>{+ choice: "NO" "DANI" +} 
 DEFINE>{===>} numdani = 0; 
 DEFINE> 
 DEFINE> 
 DEFINE>{========================== Cryo-EM parameters ============================} 
 DEFINE> 
 DEFINE>{* Centroid definitions *} 
 DEFINE>{+ choice: true false +} 
 DEFINE>{===>} centroid_rest=false; 
 DEFINE>{===>} centroid_kscale=50; 
 DEFINE> 
 DEFINE> 
 DEFINE>{* Density/XREF restraints *} 
 DEFINE>{+ choice: true false +} 
 DEFINE>{===>} em_rest=false; 
 DEFINE>{===>} em_kscale=15000; 
 DEFINE>{+ choice: true false +} 
 DEFINE>{===>} em_it0=false; 
 DEFINE>{+ choice: true false +} 
 DEFINE>{===>} em_it1=false; 
 DEFINE>{+ choice: true false +} 
 DEFINE>{===>} em_itw=false; 
 DEFINE> 
 DEFINE>{* Resolution of data in angstrom *} 
 DEFINE>{===>} em_resolution=None; 
 DEFINE> 
 DEFINE>{* Density parameters *} 
 DEFINE>{* Number of voxels in each dimension *} 
 DEFINE>{===>} nx=32; 
 DEFINE>{===>} ny=32; 
 DEFINE>{===>} nz=32; 
 DEFINE> 
 DEFINE>{* Length of each dimension in angstrom *} 
 DEFINE>{===>} xlength=80.0; 
 DEFINE>{===>} ylength=80.0; 
 DEFINE>{===>} zlength=80.0; 
 DEFINE> 
 DEFINE>{* Cryo-EM scoring weights *} 
 DEFINE>{===>} w_lcc_0=-400.0; 
 DEFINE>{===>} w_lcc_1=-10000.0; 
 DEFINE>{===>} w_lcc_2=-10000.0; 
 DEFINE> 
 DEFINE>{===================== topology and parameter files ======================} 
 DEFINE> 
 DEFINE>{* topology file for molecule  1 *} 
 DEFINE>{===>} prot_top_mol1="protein-allhdg5-4.top"; 
 DEFINE>{* linkage file for molecule  1 *} 
 DEFINE>{===>} prot_link_mol1="protein-allhdg5-4-noter.link"; 
 DEFINE>{* energy parameter file for molecule  1 *} 
 DEFINE>{===>} prot_par_mol1="protein-allhdg5-4.param"; 
 DEFINE>{* topology file for molecule  2 *} 
 DEFINE>{===>} prot_top_mol2="dna-rna-allatom-hj-opls-1.3.top"; 
 DEFINE>{* linkage file for molecule  2 *} 
 DEFINE>{===>} prot_link_mol2="dna-rna-1.3.link"; 
 DEFINE>{* energy parameter file for molecule  2 *} 
 DEFINE>{===>} prot_par_mol2="dna-rna-allatom-hj-opls-1.3.param"; 
 DEFINE> 
 DEFINE>{* type of non-bonded parameters *} 
 DEFINE>{* specify the type of non-bonded interaction *} 
 DEFINE>{+ choice: "PROLSQ" "PARMALLH6" "PARALLHDG" "OPLSX" +} 
 DEFINE>{===>} par_nonbonded="OPLSX"; 
 DEFINE> 
 DEFINE>{============coarse graining topology and parameter files ==================} 
 DEFINE> 
 DEFINE>{* topology file for molecule  1 *} 
 DEFINE>{===>} prot_cg_top_mol1="protein-CG-Martini-2-2.top"; 
 DEFINE>{* linkage file for molecule  1 *} 
 DEFINE>{===>} prot_cg_link_mol1="protein-CG-Martini-2-2.link"; 
 DEFINE>{* energy parameter file for molecule  1 *} 
 DEFINE>{===>} prot_cg_par_mol1="protein-CG-Martini-2-2.param"; 
 DEFINE>{* topology file for molecule  2 *} 
 DEFINE>{===>} prot_cg_top_mol2="protein-CG-Martini-2-2.top"; 
 DEFINE>{* linkage file for molecule  2 *} 
 DEFINE>{===>} prot_cg_link_mol2="protein-CG-Martini-2-2.link"; 
 DEFINE>{* energy parameter file for molecule  2 *} 
 DEFINE>{===>} prot_cg_par_mol2="protein-CG-Martini-2-2.param"; 
 DEFINE> 
 DEFINE>{===================== energy and interaction parameters ==================} 
 DEFINE> 
 DEFINE>{ Do you want to include dihedral angle energy terms? } 
 DEFINE>{ choice: true false } 
 DEFINE>dihedflag=true; 
 DEFINE> 
 DEFINE>{* Do you want to include the electrostatic energy term for docking? *} 
 DEFINE>{* Note that it will be automatically included in the solvent refinement *} 
 DEFINE> 
 DEFINE>{* Include electrostatic during rigid body docking (it0)? *} 
 DEFINE>{+ choice: true false +} 
 DEFINE>{===>} elecflag_0=true; 
 DEFINE>{* Include electrostatic during semi-flexible SA (it1)? *} 
 DEFINE>{+ choice: true false +} 
 DEFINE>{===>} elecflag_1=true; 
 DEFINE> 
 DEFINE>{* Give the epsilon constant for the electrostatic energy term in it0 *} 
 DEFINE>{* Note that for explicit solvent refinement cdie with epsilon=1 is used *} 
 DEFINE>{===>} epsilon_0=78.0; 
 DEFINE> 
 DEFINE>{* Give the epsilon constant for the electrostatic energy term in it1 *} 
 DEFINE>{* Note that for explicit solvent refinement cdie with epsilon=1 is used *} 
 DEFINE>{===>} epsilon_1=78.0; 
 DEFINE> 
 DEFINE>{* Use constant (cdie) or distance-dependent (rdie) dielectric in it0? *} 
 DEFINE>{+ choice: cdie rdie +} 
 DEFINE>{===>} dielec_0=cdie; 
 DEFINE> 
 DEFINE>{* Use constant (cdie) or distance-dependent (rdie) dielectric in it1? *} 
 DEFINE>{+ choice: cdie rdie +} 
 DEFINE>{===>} dielec_1=cdie; 
 DEFINE> 
 DEFINE>{* Scaling of intermolecular interactions for rigid body EM*} 
 DEFINE>{===>} inter_rigid=1.0; 
 DEFINE> 
 DEFINE>{* Scaling of intermolecular interactions for semi-flexible SA*} 
 DEFINE>{+ table: rows=3 "Rigid body dynamic " "SA with flexible side-chains (cool2)" "SA with flexible backbone and side-chains (cool3)" 
 DEFINE>          cols=2 "Init value" "Final value" +} 
 DEFINE>{===>} init_rigid=0.001; 
 DEFINE>{===>} fin_rigid=0.001; 
 DEFINE>{===>} init_cool2=0.001; 
 DEFINE>{===>} fin_cool2=1.0; 
 DEFINE>{===>} init_cool3=0.05; 
 DEFINE>{===>} fin_cool3=1.0; 
 DEFINE> 
 DEFINE>{* Interaction matrix for non-bonded interactions*} 
 DEFINE>{+ table: rows=6 "Mol 1" "Mol 2" "Mol 3" "Mol 4" "Mol 5" "Mol 6" "Mol 7" "Mol 8" "Mol 9" Mol 10" "Mol 11" Mol 12" "Mol 13" "Mol 14" "Mol 15" "Mol 16" "Mol 17" "Mol 18" "Mol 19" "Mol 20" 
 DEFINE>          cols=6 "Mol 1" "Mol 2" "Mol 3" "Mol 4" "Mol 5" "Mol 6" "Mol 7" "Mol 8" "Mol 9" Mol 10" "Mol 11" Mol 12" "Mol 13" "Mol 14" "Mol 15" "Mol 16" "Mol 17" "Mol 18" "Mol 19" "Mol 20" +} 
 DEFINE>{===>} int_1_1=1.0; 
 DEFINE>{===>} int_1_2=1.0; 
 DEFINE>{===>} int_1_3=1.0; 
 DEFINE>{===>} int_1_4=1.0; 
 DEFINE>{===>} int_1_5=1.0; 
 DEFINE>{===>} int_1_6=1.0; 
 DEFINE>{===>} int_1_7=1.0; 
 DEFINE>{===>} int_1_8=1.0; 
 DEFINE>{===>} int_1_9=1.0; 
 DEFINE>{===>} int_1_10=1.0; 
 DEFINE>{===>} int_1_11=1.0; 
 DEFINE>{===>} int_1_12=1.0; 
 DEFINE>{===>} int_1_13=1.0; 
 DEFINE>{===>} int_1_14=1.0; 
 DEFINE>{===>} int_1_15=1.0; 
 DEFINE>{===>} int_1_16=1.0; 
 DEFINE>{===>} int_1_17=1.0; 
 DEFINE>{===>} int_1_18=1.0; 
 DEFINE>{===>} int_1_19=1.0; 
 DEFINE>{===>} int_1_20=1.0; 
 DEFINE>{===>} int_2_1="N.A."; 
 DEFINE>{===>} int_2_2=1.0; 
 DEFINE>{===>} int_2_3=1.0; 
 DEFINE>{===>} int_2_4=1.0; 
 DEFINE>{===>} int_2_5=1.0; 
 DEFINE>{===>} int_2_6=1.0; 
 DEFINE>{===>} int_2_7=1.0; 
 DEFINE>{===>} int_2_8=1.0; 
 DEFINE>{===>} int_2_9=1.0; 
 DEFINE>{===>} int_2_10=1.0; 
 DEFINE>{===>} int_2_11=1.0; 
 DEFINE>{===>} int_2_12=1.0; 
 DEFINE>{===>} int_2_13=1.0; 
 DEFINE>{===>} int_2_14=1.0; 
 DEFINE>{===>} int_2_15=1.0; 
 DEFINE>{===>} int_2_16=1.0; 
 DEFINE>{===>} int_2_17=1.0; 
 DEFINE>{===>} int_2_18=1.0; 
 DEFINE>{===>} int_2_19=1.0; 
 DEFINE>{===>} int_2_20=1.0; 
 DEFINE>{===>} int_3_1="N.A."; 
 DEFINE>{===>} int_3_2="N.A."; 
 DEFINE>{===>} int_3_3=1.0; 
 DEFINE>{===>} int_3_4=1.0; 
 DEFINE>{===>} int_3_5=1.0; 
 DEFINE>{===>} int_3_6=1.0; 
 DEFINE>{===>} int_3_7=1.0; 
 DEFINE>{===>} int_3_8=1.0; 
 DEFINE>{===>} int_3_9=1.0; 
 DEFINE>{===>} int_3_10=1.0; 
 DEFINE>{===>} int_3_11=1.0; 
 DEFINE>{===>} int_3_12=1.0; 
 DEFINE>{===>} int_3_13=1.0; 
 DEFINE>{===>} int_3_14=1.0; 
 DEFINE>{===>} int_3_15=1.0; 
 DEFINE>{===>} int_3_16=1.0; 
 DEFINE>{===>} int_3_17=1.0; 
 DEFINE>{===>} int_3_18=1.0; 
 DEFINE>{===>} int_3_19=1.0; 
 DEFINE>{===>} int_3_20=1.0; 
 DEFINE>{===>} int_4_1="N.A."; 
 DEFINE>{===>} int_4_2="N.A."; 
 DEFINE>{===>} int_4_3="N.A."; 
 DEFINE>{===>} int_4_4=1.0; 
 DEFINE>{===>} int_4_5=1.0; 
 DEFINE>{===>} int_4_6=1.0; 
 DEFINE>{===>} int_4_7=1.0; 
 DEFINE>{===>} int_4_8=1.0; 
 DEFINE>{===>} int_4_9=1.0; 
 DEFINE>{===>} int_4_10=1.0; 
 DEFINE>{===>} int_4_11=1.0; 
 DEFINE>{===>} int_4_12=1.0; 
 DEFINE>{===>} int_4_13=1.0; 
 DEFINE>{===>} int_4_14=1.0; 
 DEFINE>{===>} int_4_15=1.0; 
 DEFINE>{===>} int_4_16=1.0; 
 DEFINE>{===>} int_4_17=1.0; 
 DEFINE>{===>} int_4_18=1.0; 
 DEFINE>{===>} int_4_19=1.0; 
 DEFINE>{===>} int_4_20=1.0; 
 DEFINE>{===>} int_5_1="N.A."; 
 DEFINE>{===>} int_5_2="N.A."; 
 DEFINE>{===>} int_5_3="N.A."; 
 DEFINE>{===>} int_5_4="N.A."; 
 DEFINE>{===>} int_5_5=1.0; 
 DEFINE>{===>} int_5_6=1.0; 
 DEFINE>{===>} int_5_7=1.0; 
 DEFINE>{===>} int_5_8=1.0; 
 DEFINE>{===>} int_5_9=1.0; 
 DEFINE>{===>} int_5_10=1.0; 
 DEFINE>{===>} int_5_11=1.0; 
 DEFINE>{===>} int_5_12=1.0; 
 DEFINE>{===>} int_5_13=1.0; 
 DEFINE>{===>} int_5_14=1.0; 
 DEFINE>{===>} int_5_15=1.0; 
 DEFINE>{===>} int_5_16=1.0; 
 DEFINE>{===>} int_5_17=1.0; 
 DEFINE>{===>} int_5_18=1.0; 
 DEFINE>{===>} int_5_19=1.0; 
 DEFINE>{===>} int_5_20=1.0; 
 DEFINE>{===>} int_6_1="N.A."; 
 DEFINE>{===>} int_6_2="N.A."; 
 DEFINE>{===>} int_6_3="N.A."; 
 DEFINE>{===>} int_6_4="N.A."; 
 DEFINE>{===>} int_6_5="N.A."; 
 DEFINE>{===>} int_6_6=1.0; 
 DEFINE>{===>} int_6_7=1.0; 
 DEFINE>{===>} int_6_8=1.0; 
 DEFINE>{===>} int_6_9=1.0; 
 DEFINE>{===>} int_6_10=1.0; 
 DEFINE>{===>} int_6_11=1.0; 
 DEFINE>{===>} int_6_12=1.0; 
 DEFINE>{===>} int_6_13=1.0; 
 DEFINE>{===>} int_6_14=1.0; 
 DEFINE>{===>} int_6_15=1.0; 
 DEFINE>{===>} int_6_16=1.0; 
 DEFINE>{===>} int_6_17=1.0; 
 DEFINE>{===>} int_6_18=1.0; 
 DEFINE>{===>} int_6_19=1.0; 
 DEFINE>{===>} int_6_20=1.0; 
 DEFINE>{===>} int_7_1="N.A."; 
 DEFINE>{===>} int_7_2="N.A."; 
 DEFINE>{===>} int_7_3="N.A."; 
 DEFINE>{===>} int_7_4="N.A."; 
 DEFINE>{===>} int_7_5="N.A."; 
 DEFINE>{===>} int_7_6="N.A."; 
 DEFINE>{===>} int_7_7=1.0; 
 DEFINE>{===>} int_7_8=1.0; 
 DEFINE>{===>} int_7_9=1.0; 
 DEFINE>{===>} int_7_10=1.0; 
 DEFINE>{===>} int_7_11=1.0; 
 DEFINE>{===>} int_7_12=1.0; 
 DEFINE>{===>} int_7_13=1.0; 
 DEFINE>{===>} int_7_14=1.0; 
 DEFINE>{===>} int_7_15=1.0; 
 DEFINE>{===>} int_7_16=1.0; 
 DEFINE>{===>} int_7_17=1.0; 
 DEFINE>{===>} int_7_18=1.0; 
 DEFINE>{===>} int_7_19=1.0; 
 DEFINE>{===>} int_7_20=1.0; 
 DEFINE>{===>} int_8_1="N.A."; 
 DEFINE>{===>} int_8_2="N.A."; 
 DEFINE>{===>} int_8_3="N.A."; 
 DEFINE>{===>} int_8_4="N.A."; 
 DEFINE>{===>} int_8_5="N.A."; 
 DEFINE>{===>} int_8_6="N.A."; 
 DEFINE>{===>} int_8_7="N.A."; 
 DEFINE>{===>} int_8_8=1.0; 
 DEFINE>{===>} int_8_9=1.0; 
 DEFINE>{===>} int_8_10=1.0; 
 DEFINE>{===>} int_8_11=1.0; 
 DEFINE>{===>} int_8_12=1.0; 
 DEFINE>{===>} int_8_13=1.0; 
 DEFINE>{===>} int_8_14=1.0; 
 DEFINE>{===>} int_8_15=1.0; 
 DEFINE>{===>} int_8_16=1.0; 
 DEFINE>{===>} int_8_17=1.0; 
 DEFINE>{===>} int_8_18=1.0; 
 DEFINE>{===>} int_8_19=1.0; 
 DEFINE>{===>} int_8_20=1.0; 
 DEFINE>{===>} int_9_1="N.A."; 
 DEFINE>{===>} int_9_2="N.A."; 
 DEFINE>{===>} int_9_3="N.A."; 
 DEFINE>{===>} int_9_4="N.A."; 
 DEFINE>{===>} int_9_5="N.A."; 
 DEFINE>{===>} int_9_6="N.A."; 
 DEFINE>{===>} int_9_7="N.A."; 
 DEFINE>{===>} int_9_8="N.A."; 
 DEFINE>{===>} int_9_9=1.0; 
 DEFINE>{===>} int_9_10=1.0; 
 DEFINE>{===>} int_9_11=1.0; 
 DEFINE>{===>} int_9_12=1.0; 
 DEFINE>{===>} int_9_13=1.0; 
 DEFINE>{===>} int_9_14=1.0; 
 DEFINE>{===>} int_9_15=1.0; 
 DEFINE>{===>} int_9_16=1.0; 
 DEFINE>{===>} int_9_17=1.0; 
 DEFINE>{===>} int_9_18=1.0; 
 DEFINE>{===>} int_9_19=1.0; 
 DEFINE>{===>} int_9_20=1.0; 
 DEFINE>{===>} int_10_1="N.A."; 
 DEFINE>{===>} int_10_2="N.A."; 
 DEFINE>{===>} int_10_3="N.A."; 
 DEFINE>{===>} int_10_4="N.A."; 
 DEFINE>{===>} int_10_5="N.A."; 
 DEFINE>{===>} int_10_6="N.A."; 
 DEFINE>{===>} int_10_7="N.A."; 
 DEFINE>{===>} int_10_8="N.A."; 
 DEFINE>{===>} int_10_9="N.A."; 
 DEFINE>{===>} int_10_10=1.0; 
 DEFINE>{===>} int_10_11=1.0; 
 DEFINE>{===>} int_10_12=1.0; 
 DEFINE>{===>} int_10_13=1.0; 
 DEFINE>{===>} int_10_14=1.0; 
 DEFINE>{===>} int_10_15=1.0; 
 DEFINE>{===>} int_10_16=1.0; 
 DEFINE>{===>} int_10_17=1.0; 
 DEFINE>{===>} int_10_18=1.0; 
 DEFINE>{===>} int_10_19=1.0; 
 DEFINE>{===>} int_10_20=1.0; 
 DEFINE>{===>} int_11_1="N.A."; 
 DEFINE>{===>} int_11_2="N.A."; 
 DEFINE>{===>} int_11_3="N.A."; 
 DEFINE>{===>} int_11_4="N.A."; 
 DEFINE>{===>} int_11_5="N.A."; 
 DEFINE>{===>} int_11_6="N.A."; 
 DEFINE>{===>} int_11_7="N.A."; 
 DEFINE>{===>} int_11_8="N.A."; 
 DEFINE>{===>} int_11_9="N.A."; 
 DEFINE>{===>} int_11_10="N.A."; 
 DEFINE>{===>} int_11_11=1.0; 
 DEFINE>{===>} int_11_12=1.0; 
 DEFINE>{===>} int_11_13=1.0; 
 DEFINE>{===>} int_11_14=1.0; 
 DEFINE>{===>} int_11_15=1.0; 
 DEFINE>{===>} int_11_16=1.0; 
 DEFINE>{===>} int_11_17=1.0; 
 DEFINE>{===>} int_11_18=1.0; 
 DEFINE>{===>} int_11_19=1.0; 
 DEFINE>{===>} int_11_20=1.0; 
 DEFINE>{===>} int_12_1="N.A."; 
 DEFINE>{===>} int_12_2="N.A."; 
 DEFINE>{===>} int_12_3="N.A."; 
 DEFINE>{===>} int_12_4="N.A."; 
 DEFINE>{===>} int_12_5="N.A."; 
 DEFINE>{===>} int_12_6="N.A."; 
 DEFINE>{===>} int_12_7="N.A."; 
 DEFINE>{===>} int_12_8="N.A."; 
 DEFINE>{===>} int_12_9="N.A."; 
 DEFINE>{===>} int_12_10="N.A."; 
 DEFINE>{===>} int_12_11="N.A."; 
 DEFINE>{===>} int_12_12=1.0; 
 DEFINE>{===>} int_12_13=1.0; 
 DEFINE>{===>} int_12_14=1.0; 
 DEFINE>{===>} int_12_15=1.0; 
 DEFINE>{===>} int_12_16=1.0; 
 DEFINE>{===>} int_12_17=1.0; 
 DEFINE>{===>} int_12_18=1.0; 
 DEFINE>{===>} int_12_19=1.0; 
 DEFINE>{===>} int_12_20=1.0; 
 DEFINE>{===>} int_13_1="N.A."; 
 DEFINE>{===>} int_13_2="N.A."; 
 DEFINE>{===>} int_13_3="N.A."; 
 DEFINE>{===>} int_13_4="N.A."; 
 DEFINE>{===>} int_13_5="N.A."; 
 DEFINE>{===>} int_13_6="N.A."; 
 DEFINE>{===>} int_13_7="N.A."; 
 DEFINE>{===>} int_13_8="N.A."; 
 DEFINE>{===>} int_13_9="N.A."; 
 DEFINE>{===>} int_13_10="N.A."; 
 DEFINE>{===>} int_13_11="N.A."; 
 DEFINE>{===>} int_13_12="N.A."; 
 DEFINE>{===>} int_13_13=1.0; 
 DEFINE>{===>} int_13_14=1.0; 
 DEFINE>{===>} int_13_15=1.0; 
 DEFINE>{===>} int_13_16=1.0; 
 DEFINE>{===>} int_13_17=1.0; 
 DEFINE>{===>} int_13_18=1.0; 
 DEFINE>{===>} int_13_19=1.0; 
 DEFINE>{===>} int_13_20=1.0; 
 DEFINE>{===>} int_14_1="N.A."; 
 DEFINE>{===>} int_14_2="N.A."; 
 DEFINE>{===>} int_14_3="N.A."; 
 DEFINE>{===>} int_14_4="N.A."; 
 DEFINE>{===>} int_14_5="N.A."; 
 DEFINE>{===>} int_14_6="N.A."; 
 DEFINE>{===>} int_14_7="N.A."; 
 DEFINE>{===>} int_14_8="N.A."; 
 DEFINE>{===>} int_14_9="N.A."; 
 DEFINE>{===>} int_14_10="N.A."; 
 DEFINE>{===>} int_14_11="N.A."; 
 DEFINE>{===>} int_14_12="N.A."; 
 DEFINE>{===>} int_14_13="N.A."; 
 DEFINE>{===>} int_14_14=1.0; 
 DEFINE>{===>} int_14_15=1.0; 
 DEFINE>{===>} int_14_16=1.0; 
 DEFINE>{===>} int_14_17=1.0; 
 DEFINE>{===>} int_14_18=1.0; 
 DEFINE>{===>} int_14_19=1.0; 
 DEFINE>{===>} int_14_20=1.0; 
 DEFINE>{===>} int_15_1="N.A."; 
 DEFINE>{===>} int_15_2="N.A."; 
 DEFINE>{===>} int_15_3="N.A."; 
 DEFINE>{===>} int_15_4="N.A."; 
 DEFINE>{===>} int_15_5="N.A."; 
 DEFINE>{===>} int_15_6="N.A."; 
 DEFINE>{===>} int_15_7="N.A."; 
 DEFINE>{===>} int_15_8="N.A."; 
 DEFINE>{===>} int_15_9="N.A."; 
 DEFINE>{===>} int_15_10="N.A."; 
 DEFINE>{===>} int_15_11="N.A."; 
 DEFINE>{===>} int_15_12="N.A."; 
 DEFINE>{===>} int_15_13="N.A."; 
 DEFINE>{===>} int_15_14="N.A."; 
 DEFINE>{===>} int_15_15=1.0; 
 DEFINE>{===>} int_15_16=1.0; 
 DEFINE>{===>} int_15_17=1.0; 
 DEFINE>{===>} int_15_18=1.0; 
 DEFINE>{===>} int_15_19=1.0; 
 DEFINE>{===>} int_15_20=1.0; 
 DEFINE>{===>} int_16_1="N.A."; 
 DEFINE>{===>} int_16_2="N.A."; 
 DEFINE>{===>} int_16_3="N.A."; 
 DEFINE>{===>} int_16_4="N.A."; 
 DEFINE>{===>} int_16_5="N.A."; 
 DEFINE>{===>} int_16_6="N.A."; 
 DEFINE>{===>} int_16_7="N.A."; 
 DEFINE>{===>} int_16_8="N.A."; 
 DEFINE>{===>} int_16_9="N.A."; 
 DEFINE>{===>} int_16_10="N.A."; 
 DEFINE>{===>} int_16_11="N.A."; 
 DEFINE>{===>} int_16_12="N.A."; 
 DEFINE>{===>} int_16_13="N.A."; 
 DEFINE>{===>} int_16_14="N.A."; 
 DEFINE>{===>} int_16_15="N.A."; 
 DEFINE>{===>} int_16_16=1.0; 
 DEFINE>{===>} int_16_17=1.0; 
 DEFINE>{===>} int_16_18=1.0; 
 DEFINE>{===>} int_16_19=1.0; 
 DEFINE>{===>} int_16_20=1.0; 
 DEFINE>{===>} int_17_1="N.A."; 
 DEFINE>{===>} int_17_2="N.A."; 
 DEFINE>{===>} int_17_3="N.A."; 
 DEFINE>{===>} int_17_4="N.A."; 
 DEFINE>{===>} int_17_5="N.A."; 
 DEFINE>{===>} int_17_6="N.A."; 
 DEFINE>{===>} int_17_7="N.A."; 
 DEFINE>{===>} int_17_8="N.A."; 
 DEFINE>{===>} int_17_9="N.A."; 
 DEFINE>{===>} int_17_10="N.A."; 
 DEFINE>{===>} int_17_11="N.A."; 
 DEFINE>{===>} int_17_12="N.A."; 
 DEFINE>{===>} int_17_13="N.A."; 
 DEFINE>{===>} int_17_14="N.A."; 
 DEFINE>{===>} int_17_15="N.A."; 
 DEFINE>{===>} int_17_16="N.A."; 
 DEFINE>{===>} int_17_17=1.0; 
 DEFINE>{===>} int_17_18=1.0; 
 DEFINE>{===>} int_17_19=1.0; 
 DEFINE>{===>} int_17_20=1.0; 
 DEFINE>{===>} int_18_1="N.A."; 
 DEFINE>{===>} int_18_2="N.A."; 
 DEFINE>{===>} int_18_3="N.A."; 
 DEFINE>{===>} int_18_4="N.A."; 
 DEFINE>{===>} int_18_5="N.A."; 
 DEFINE>{===>} int_18_6="N.A."; 
 DEFINE>{===>} int_18_7="N.A."; 
 DEFINE>{===>} int_18_8="N.A."; 
 DEFINE>{===>} int_18_9="N.A."; 
 DEFINE>{===>} int_18_10="N.A."; 
 DEFINE>{===>} int_18_11="N.A."; 
 DEFINE>{===>} int_18_12="N.A."; 
 DEFINE>{===>} int_18_13="N.A."; 
 DEFINE>{===>} int_18_14="N.A."; 
 DEFINE>{===>} int_18_15="N.A."; 
 DEFINE>{===>} int_18_16="N.A."; 
 DEFINE>{===>} int_18_17="N.A."; 
 DEFINE>{===>} int_18_18=1.0; 
 DEFINE>{===>} int_18_19=1.0; 
 DEFINE>{===>} int_18_20=1.0; 
 DEFINE>{===>} int_19_1="N.A."; 
 DEFINE>{===>} int_19_2="N.A."; 
 DEFINE>{===>} int_19_3="N.A."; 
 DEFINE>{===>} int_19_4="N.A."; 
 DEFINE>{===>} int_19_5="N.A."; 
 DEFINE>{===>} int_19_6="N.A."; 
 DEFINE>{===>} int_19_7="N.A."; 
 DEFINE>{===>} int_19_8="N.A."; 
 DEFINE>{===>} int_19_9="N.A."; 
 DEFINE>{===>} int_19_10="N.A."; 
 DEFINE>{===>} int_19_11="N.A."; 
 DEFINE>{===>} int_19_12="N.A."; 
 DEFINE>{===>} int_19_13="N.A."; 
 DEFINE>{===>} int_19_14="N.A."; 
 DEFINE>{===>} int_19_15="N.A."; 
 DEFINE>{===>} int_19_16="N.A."; 
 DEFINE>{===>} int_19_17="N.A."; 
 DEFINE>{===>} int_19_18="N.A."; 
 DEFINE>{===>} int_19_19=1.0; 
 DEFINE>{===>} int_19_20=1.0; 
 DEFINE>{===>} int_20_1="N.A."; 
 DEFINE>{===>} int_20_2="N.A."; 
 DEFINE>{===>} int_20_3="N.A."; 
 DEFINE>{===>} int_20_4="N.A."; 
 DEFINE>{===>} int_20_5="N.A."; 
 DEFINE>{===>} int_20_6="N.A."; 
 DEFINE>{===>} int_20_7="N.A."; 
 DEFINE>{===>} int_20_8="N.A."; 
 DEFINE>{===>} int_20_9="N.A."; 
 DEFINE>{===>} int_20_10="N.A."; 
 DEFINE>{===>} int_20_11="N.A."; 
 DEFINE>{===>} int_20_12="N.A."; 
 DEFINE>{===>} int_20_13="N.A."; 
 DEFINE>{===>} int_20_14="N.A."; 
 DEFINE>{===>} int_20_15="N.A."; 
 DEFINE>{===>} int_20_16="N.A."; 
 DEFINE>{===>} int_20_17="N.A."; 
 DEFINE>{===>} int_20_18="N.A."; 
 DEFINE>{===>} int_20_19="N.A."; 
 DEFINE>{===>} int_20_20=1.0; 
 DEFINE> 
 DEFINE>{===================== Number of structures to dock =======================} 
 DEFINE>{* Setting for the rigid-body (it0) and semi-flexible refinement (it1) *} 
 DEFINE> 
 DEFINE>{* number of structures for rigid body docking *} 
 DEFINE>{===>} structures_0=1000; 
 DEFINE>       keepstruct_0=&structures_0; 
 DEFINE>{* number of structures for refinement *} 
 DEFINE>{===>} structures_1=200; 
 DEFINE>       keepstruct_1=&structures_1; 
 DEFINE>       keepstruct_2=&structures_1; 
 DEFINE>{* number of structures to be analysed*} 
 DEFINE>{===>} anastruc_1=200; 
 DEFINE>       anastruc_0=&anastruc_1; 
 DEFINE>       anastruc_2=&anastruc_1; 
 DEFINE> 
 DEFINE>{* - *} 
 DEFINE> 
 DEFINE>{* Sampling of symmetry related solutions                       *} 
 DEFINE> 
 DEFINE>{* Sample 180 degrees rotated solutions during rigid body EM?   *} 
 DEFINE>{+ choice: true false +} 
 DEFINE>{===>} rotate180_it0=true; 
 DEFINE> 
 DEFINE>{* Sample 180 degrees rotated solutions during semi-flexible SA?*} 
 DEFINE>{+ choice: true false +} 
 DEFINE>{===>} rotate180_it1=false; 
 DEFINE> 
 DEFINE> 
 DEFINE>{=========================== DOCKING protocol =============================} 
 DEFINE>{* Cross-dock all combinations in the ensembles of starting structures? *} 
 DEFINE>{* Turn off this option if you only want to dock structure 1 of ensemble A *} 
 DEFINE>{*   to structure 1 of ensemble B, structure 2 to structure 2, etc. *} 
 DEFINE>{+ choice: true false +} 
 DEFINE>{===>} crossdock=true; 
 DEFINE> 
 DEFINE>{* Randomize starting orientations? *} 
 DEFINE>{+ choice: true false +} 
 DEFINE>{===>} randorien=true; 
 DEFINE> 
 DEFINE>{* Expand starting orientations? *} 
 DEFINE>{+ choice: true false +} 
 DEFINE>{===>} expand=false; 
 DEFINE> 
 DEFINE>{* Expansion percentage *} 
 DEFINE>{===>} expansion=0.4; 
 DEFINE> 
 DEFINE>{* Random rotation angle *} 
 DEFINE>{===>} randangle=6; 
 DEFINE> 
 DEFINE>{* Rebuild missing atoms in the context of the complex? (refinement mode) *} 
 DEFINE>{+ choice: true false +} 
 DEFINE>{===>} rebuildcplx=false; 
 DEFINE> 
 DEFINE>{* Perform initial rigid body minimisation? *} 
 DEFINE>{+ choice: true false +} 
 DEFINE>{===>} rigidmini=true; 
 DEFINE> 
 DEFINE>{* Allow translation in rigid body minimisation? *} 
 DEFINE>{+ choice: true false +} 
 DEFINE>{===>} rigidtrans=true; 
 DEFINE> 
 DEFINE>{* Number of trials for rigid body minimisation? *} 
 DEFINE>{===>} ntrials=5; 
 DEFINE> 
 DEFINE>{* initial seed for random number generator *} 
 DEFINE>{* change to get different initial velocities *} 
 DEFINE>{===>} iniseed=917; 
 DEFINE> 
 DEFINE>{* temperature for rigid body high temperature TAD *} 
 DEFINE>{===>} tadhigh_t=2000; 
 DEFINE> 
 DEFINE>{* initial temperature for rigid body first TAD cooling step *} 
 DEFINE>{===>} tadinit1_t=2000; 
 DEFINE> 
 DEFINE>{* final temperature after first cooling step *} 
 DEFINE>{===>} tadfinal1_t=500; 
 DEFINE> 
 DEFINE>{* initial temperature for second TAD cooling step with flexible side-chain at the inferface *} 
 DEFINE>{===>} tadinit2_t=500; 
 DEFINE> 
 DEFINE>{* finale temperature after second cooling step *} 
 DEFINE>{===>} tadfinal2_t=50; 
 DEFINE> 
 DEFINE>{* initial temperature for third TAD cooling step with fully flexible interface *} 
 DEFINE>{===>} tadinit3_t=300; 
 DEFINE> 
 DEFINE>{* finale temperature after third cooling step *} 
 DEFINE>{===>} tadfinal3_t=50; 
 DEFINE> 
 DEFINE>{* time step *} 
 DEFINE>{===>} timestep=0.002; 
 DEFINE>{* factor for timestep in TAD *} 
 DEFINE>{===>} tadfactor=8; 
 DEFINE> 
 DEFINE>{* Number of EM steps for translational minimisation? *} 
 DEFINE>{===>} emstepstrans=1000; 
 DEFINE> 
 DEFINE>{* number of MD steps for rigid body high temperature TAD *} 
 DEFINE>{===>} initiosteps=0; 
 DEFINE> 
 DEFINE>{* number of MD steps during first rigid body cooling stage *} 
 DEFINE>{===>} cool1_steps=0; 
 DEFINE> 
 DEFINE>{* number of MD steps during second cooling stage with flexible side-chains at interface *} 
 DEFINE>{===>} cool2_steps=1000; 
 DEFINE> 
 DEFINE>{* number of MD steps during third cooling stage with fully flexible interface *} 
 DEFINE>{===>} cool3_steps=1000; 
 DEFINE> 
 DEFINE> 
 DEFINE>{======================= Solvated rigid body docking=======================} 
 DEFINE>{* perform solvated docking ? *} 
 DEFINE>{+ choice: true false +} 
 DEFINE>{===>} waterdock=false; 
 DEFINE> 
 DEFINE>{* which method to use for solvating? *} 
 DEFINE>{* db: database-based (recommended), restraints: for restrained solvating to amino-acid most often forming 
 DEFINE>water mediated contacts and blank (""): for uniform waterlayer *} 
 DEFINE>{+ choice: "db" "restraints" "" +} 
 DEFINE>{===>} solvate_method="db"; 
 DEFINE> 
 DEFINE>{* which propensity database to use? *} 
 DEFINE>{* statistical: based on an analysis of water-mediated contacts in the PDB, kyte-doolittle: based on the Kyte-Doolittle hydrophobicity scalte *} 
 DEFINE>{+ choice: "statistical" "kytedoolittle" +} 
 DEFINE>{===>} db_method="kytedoolittle"; 
 DEFINE> 
 DEFINE>{* initial cutoff for restraints solvating method *} 
 DEFINE>{* all waters further away from a highly occuring water solvated residue will be removed in the generation 
 DEFINE>of the initial solvation shell *} 
 DEFINE>{===>} water_restraint_initial=5.0; 
 DEFINE> 
 DEFINE>{* cutoff for restraints solvating method *} 
 DEFINE>{* upper distance limit for defining distance restraints between water and amino-acids often found to be 
 DEFINE>involved in water-mediated contacts *} 
 DEFINE>{===>} water_restraint_cutoff=5.0; 
 DEFINE> 
 DEFINE>{* force constant for restrainted solvating method *} 
 DEFINE>{===>} water_restraint_scale=25.0; 
 DEFINE> 
 DEFINE>{* fraction of water to keep *} 
 DEFINE>{* this is the fraction of all interface water after the initial rigid body docking that will be kept 
 DEFINE>(note that more waters might be removed if the interaction energy is unfavorable  *} 
 DEFINE>{===>} water_tokeep=0.50; 
 DEFINE> 
 DEFINE>{* fraction of water around DNA to keep *} 
 DEFINE>{* this is the fraction of interface water involving DNA phoshpates after the initial rigid body docking that will be kept 
 DEFINE>(note that more waters might be removed if the interaction energy is unfavorable  *} 
 DEFINE>{===>} dnap_water_tokeep=0.75; 
 DEFINE> 
 DEFINE>{* random fraction to be added to the fraction of water to keep *} 
 DEFINE>{===>} water_randfrac=0.0; 
 DEFINE> 
 DEFINE>{* water-protein surface-cutoff *} 
 DEFINE>{* waters further away than this cutoff distance from any component of the complex will be removed *} 
 DEFINE>{===>} water_surfcutoff=8.0; 
 DEFINE> 
 DEFINE>{* do some water analysis *} 
 DEFINE>{+ choice: true false +} 
 DEFINE>{===>} water_analysis=false; 
 DEFINE> 
 DEFINE>{* allows translation of water molecules during rigid-body docking, true or false: *} 
 DEFINE>{+ choice: true false +} 
 DEFINE>{===>} transwater=true; 
 DEFINE> 
 DEFINE>{* number of different initial solvation shells to generate *} 
 DEFINE>{===>} waterensemble=1; 
 DEFINE> 
 DEFINE> 
 DEFINE>{==================== final explicit solvent refinement  ==================} 
 DEFINE>{* Do you want to refine your docking models in explicit solvent? *} 
 DEFINE>{+ choice: "yes" "no" +} 
 DEFINE>{===>} firstwater="yes"; 
 DEFINE> 
 DEFINE>{* Build explicit solvent shell? (Can be turned off the large molecules or when morphing CG to AA models) *} 
 DEFINE>{* Only EM will then be performed                                                                         *} 
 DEFINE>{+ choice: true false +} 
 DEFINE>{===>} solvshell=true; 
 DEFINE> 
 DEFINE>{* Which solvent do you want to use? *} 
 DEFINE>{+ choice: "water" "dmso" +} 
 DEFINE>{===>} solvent="water"; 
 DEFINE> 
 DEFINE>{* number of structures for the explicit solvent refinement *} 
 DEFINE>{* the n best structures will be refined                    *} 
 DEFINE>{===>} waterrefine=200; 
 DEFINE>       structures_2=&waterrefine; 
 DEFINE> 
 DEFINE>{* number of steps for heating phase (100, 200, 300K)?      *} 
 DEFINE>{===>} waterheatsteps=100; 
 DEFINE> 
 DEFINE>{* number of steps for 300K sampling phase?                 *} 
 DEFINE>{===>} watersteps=1250; 
 DEFINE> 
 DEFINE>{* number of steps for cooling phase (300, 200, 100K)?      *} 
 DEFINE>{===>} watercoolsteps=500; 
 DEFINE> 
 DEFINE>{* write additional PDB files including solvent ?           *} 
 DEFINE>{+ choice: true false +} 
 DEFINE>{===>} keepwater=true; 
 DEFINE> 
 DEFINE>{================================ Scoring =================================} 
 DEFINE>{* Settings for the scoring of the docking solutions *} 
 DEFINE> 
 DEFINE>{* Define the weights for the various terms for the sorting of structures (scoring) *} 
 DEFINE>{+ table: rows=14 "Evdw" "Eelec" "Eair" "Erg" "Esani" "Exrdc" "Expcs" "Edani" "Evean" "Ecdih" "Esym" "BSA" "dEint" "Edesolv" 
 DEFINE>          cols=3 "Rigid body EM" "semi-flexible SA" "Water refinement" +} 
 DEFINE>{===>} w_vdw_0=1.00; 
 DEFINE>{===>} w_vdw_1=1.0; 
 DEFINE>{===>} w_vdw_2=1.0; 
 DEFINE>{===>} w_elec_0=1.0; 
 DEFINE>{===>} w_elec_1=1.0; 
 DEFINE>{===>} w_elec_2=0.1; 
 DEFINE>{===>} w_dist_0=0.01; 
 DEFINE>{===>} w_dist_1=0.1; 
 DEFINE>{===>} w_dist_2=0.1; 
 DEFINE>{===>} w_rg_0=0.1; 
 DEFINE>{===>} w_rg_1=1.0; 
 DEFINE>{===>} w_rg_2=1.0; 
 DEFINE>{===>} w_sani_0=0.1; 
 DEFINE>{===>} w_sani_1=0.1; 
 DEFINE>{===>} w_sani_2=0.1; 
 DEFINE>{===>} w_xrdc_0=0.1; 
 DEFINE>{===>} w_xrdc_1=0.1; 
 DEFINE>{===>} w_xrdc_2=0.1; 
 DEFINE>{===>} w_xpcs_0=0.1; 
 DEFINE>{===>} w_xpcs_1=0.1; 
 DEFINE>{===>} w_xpcs_2=0.1; 
 DEFINE>{===>} w_dani_0=0.01; 
 DEFINE>{===>} w_dani_1=0.1; 
 DEFINE>{===>} w_dani_2=0.1; 
 DEFINE>{===>} w_vean_0=0.1; 
 DEFINE>{===>} w_vean_1=0.1; 
 DEFINE>{===>} w_vean_2=0.1; 
 DEFINE>{===>} w_cdih_0=0.0; 
 DEFINE>{===>} w_cdih_1=0.0; 
 DEFINE>{===>} w_cdih_2=0.0; 
 DEFINE>{===>} w_sym_0=0.1; 
 DEFINE>{===>} w_sym_1=0.1; 
 DEFINE>{===>} w_sym_2=0.1; 
 DEFINE>{===>} w_zres_0=0.1; 
 DEFINE>{===>} w_zres_1=0.1; 
 DEFINE>{===>} w_zres_2=0.1; 
 DEFINE>{===>} w_bsa_0=-0.01; 
 DEFINE>{===>} w_bsa_1=-0.01; 
 DEFINE>{===>} w_bsa_2=0.0; 
 DEFINE>{===>} w_deint_0=0.0; 
 DEFINE>{===>} w_deint_1=0.0; 
 DEFINE>{===>} w_deint_2=0.0; 
 DEFINE>{===>} w_desolv_0=1.0; 
 DEFINE>{===>} w_desolv_1=1.0; 
 DEFINE>{===>} w_desolv_2=1.0; 
 DEFINE> 
 DEFINE>{* It is possible to skip structures in the selection of structure in it0 *} 
 DEFINE>{* Give for this the number of structures to skip: *} 
 DEFINE>{===>} skip_struc=0; 
 DEFINE> 
 DEFINE>{======================= analysis and clustering ==========================} 
 DEFINE>{* Cutoff distance (proton-acceptor) to define an hydrogen bond? *} 
 DEFINE>{===>} dist_hb=2.5; 
 DEFINE> 
 DEFINE>{* Cutoff distance (carbon-carbon) to define an hydrophobic contact? *} 
 DEFINE>{===>} dist_nb=3.9; 
 DEFINE> 
 DEFINE>{* Clustering method (RMSD or Fraction of Common Contacts (FCC)) *} 
 DEFINE>{+ choice: "RMSD" "FCC" +} 
 DEFINE>{===>} clust_meth="RMSD"; 
 DEFINE> 
 DEFINE>{* RMSD cutoff for clustering? (Recommended values: RMSD 7.5, FCC 0.75) *} 
 DEFINE>{===>} clust_cutoff=1.50; 
 DEFINE> 
 DEFINE>{* Minimum cluster size? *} 
 DEFINE>{===>} clust_size=4; 
 DEFINE> 
 DEFINE>{* Chain-Agnostic Algorithm (used for FCC clustering in symmetrical complexes) *} 
 DEFINE>{+ choice: "true" "false" +} 
 DEFINE>{===>} fcc_ignc=false; 
 DEFINE> 
 DEFINE>{* Full or limited analysis of results? *} 
 DEFINE>{+ choice: "full" "cluster" "none" +} 
 DEFINE>{===>} runana=cluster; 
 DEFINE> 
 DEFINE> 
 DEFINE>{======================= final clean-up ===================================} 
 DEFINE>{* Clean up the run directory after completion (only files for struct #1 are kept) ? *} 
 DEFINE>{+ choice: true false +} 
 DEFINE>{===>} cleanup=true; 
 DEFINE> 
 DEFINE>{============================ parallel jobs ===============================} 
 DEFINE>{* How many nodes do you want to use in parallel? *} 
 DEFINE>{* leave unused fields blank, make sure that the queues are actually running *} 
 DEFINE>{+ table: rows=10 "1" "2" "3" "4" "5" "6" "7" "8" "9" "10" 
 DEFINE> cols=3 "queue command" "cns executable" "number of jobs" +} 
 DEFINE> 
 DEFINE>{===>} queue_1="/trinity/rascar/enmr/software/haddock2.5/batch_tools/diracsubmit-haddock2.5"; 
 DEFINE>{===>} cns_exe_1="/trinity/rascar/enmr/software/cns/cns_solve_1.31-UU/intel-x86_64bit-linux/bin/cns"; 
 DEFINE>{===>} cpunumber_1=100; 
 DEFINE> 
 DEFINE> 
 DEFINE>{===========================================================================} 
 DEFINE>{        things below this line do not normally need to be changed          } 
 DEFINE>{===========================================================================} 
 DEFINE> 
 DEFINE>) {- end block parameter definition -} 
 CNSsolve> 
 CNSsolve>!for global parameters (local variables (suffix ) => global variables): 
 CNSsolve>evaluate (&saprotocol.crossdock=&crossdock) 
 EVALUATE: symbol $_1_SAPROTOCOL.CROSSDOCK set to TRUE (logical)
 CNSsolve>evaluate (&saprotocol.randorien=&randorien) 
 EVALUATE: symbol $_1_SAPROTOCOL.RANDORIEN set to TRUE (logical)
 CNSsolve>evaluate (&saprotocol.rebuildcplx=&rebuildcplx) 
 EVALUATE: symbol $_1_SAPROTOCOL.REBUILDCPLX set to FALSE (logical)
 CNSsolve>evaluate (&saprotocol.rigidmini=&rigidmini) 
 EVALUATE: symbol $_1_SAPROTOCOL.RIGIDMINI set to TRUE (logical)
 CNSsolve>evaluate (&saprotocol.rigidtrans=&rigidtrans) 
 EVALUATE: symbol $_1_SAPROTOCOL.RIGIDTRANS set to TRUE (logical)
 CNSsolve>evaluate (&saprotocol.expand=&expand) 
 EVALUATE: symbol $_1_SAPROTOCOL.EXPAND set to FALSE (logical)
 CNSsolve>evaluate (&saprotocol.expansion=&expansion) 
 EVALUATE: symbol $_1_SAPROTOCOL.EXPANSION set to   0.400000     (real)
 CNSsolve>evaluate (&saprotocol.randangle=&randangle) 
 EVALUATE: symbol $_1_SAPROTOCOL.RANDANGLE set to    6.00000     (real)
 CNSsolve> 
 CNSsolve>if (&saprotocol.expand eq true) then 
 NEXTCD: condition evaluated as false
 CNSsolve>  evaluate (&saprotocol.randorien=false) 
 CNSsolve>  evaluate (&saprotocol.rigidmini=false) 
 CNSsolve>end if 
 CNSsolve>evaluate (&saprotocol.ntrials=&ntrials) 
 EVALUATE: symbol $_1_SAPROTOCOL.NTRIALS set to    5.00000     (real)
 CNSsolve>evaluate (&saprotocol.iniseed=&iniseed) 
 EVALUATE: symbol $_1_SAPROTOCOL.INISEED set to    917.000     (real)
 CNSsolve>evaluate (&saprotocol.tadhigh_t=&tadhigh_t) 
 EVALUATE: symbol $_1_SAPROTOCOL.TADHIGH_T set to    2000.00     (real)
 CNSsolve>evaluate (&saprotocol.t1_init=&tadinit1_t) 
 EVALUATE: symbol $_1_SAPROTOCOL.T1_INIT set to    2000.00     (real)
 CNSsolve>evaluate (&saprotocol.t2_init=&tadinit2_t) 
 EVALUATE: symbol $_1_SAPROTOCOL.T2_INIT set to    500.000     (real)
 CNSsolve>evaluate (&saprotocol.t3_init=&tadinit3_t) 
 EVALUATE: symbol $_1_SAPROTOCOL.T3_INIT set to    300.000     (real)
 CNSsolve>evaluate (&saprotocol.t1_final=&tadfinal1_t) 
 EVALUATE: symbol $_1_SAPROTOCOL.T1_FINAL set to    500.000     (real)
 CNSsolve>evaluate (&saprotocol.t2_final=&tadfinal2_t) 
 EVALUATE: symbol $_1_SAPROTOCOL.T2_FINAL set to    50.0000     (real)
 CNSsolve>evaluate (&saprotocol.t3_final=&tadfinal3_t) 
 EVALUATE: symbol $_1_SAPROTOCOL.T3_FINAL set to    50.0000     (real)
 CNSsolve>evaluate (&saprotocol.inter_rigid=&inter_rigid) 
 EVALUATE: symbol $_1_SAPROTOCOL.INTER_RIGID set to    1.00000     (real)
 CNSsolve>evaluate (&saprotocol.inter_init_rigid=&init_rigid) 
 EVALUATE: symbol $_1_SAPROTOCOL.INTER_INIT_RIGID set to   0.100000E-02 (real)
 CNSsolve>evaluate (&saprotocol.inter_fin_rigid=&fin_rigid) 
 EVALUATE: symbol $_1_SAPROTOCOL.INTER_FIN_RIGID set to   0.100000E-02 (real)
 CNSsolve>evaluate (&saprotocol.inter_init_cool2=&init_cool2) 
 EVALUATE: symbol $_1_SAPROTOCOL.INTER_INIT_COOL2 set to   0.100000E-02 (real)
 CNSsolve>evaluate (&saprotocol.inter_fin_cool2=&fin_cool2) 
 EVALUATE: symbol $_1_SAPROTOCOL.INTER_FIN_COOL2 set to    1.00000     (real)
 CNSsolve>evaluate (&saprotocol.inter_init_cool3=&init_cool3) 
 EVALUATE: symbol $_1_SAPROTOCOL.INTER_INIT_COOL3 set to   0.500000E-01 (real)
 CNSsolve>evaluate (&saprotocol.inter_fin_cool3=&fin_cool3) 
 EVALUATE: symbol $_1_SAPROTOCOL.INTER_FIN_COOL3 set to    1.00000     (real)
 CNSsolve>evaluate (&saprotocol.rotate180_it0=&rotate180_it0) 
 EVALUATE: symbol $_1_SAPROTOCOL.ROTATE180_IT0 set to TRUE (logical)
 CNSsolve>evaluate (&saprotocol.rotate180_it1=&rotate180_it1) 
 EVALUATE: symbol $_1_SAPROTOCOL.ROTATE180_IT1 set to FALSE (logical)
 CNSsolve>evaluate (&saprotocol.tempstep=50) 
 EVALUATE: symbol $_1_SAPROTOCOL.TEMPSTEP set to    50.0000     (real)
 CNSsolve>evaluate (&saprotocol.timestep=&timestep) 
 EVALUATE: symbol $_1_SAPROTOCOL.TIMESTEP set to   0.200000E-02 (real)
 CNSsolve>evaluate (&saprotocol.tadfactor=&tadfactor) 
 EVALUATE: symbol $_1_SAPROTOCOL.TADFACTOR set to    8.00000     (real)
 CNSsolve>evaluate (&saprotocol.emstepstrans=&emstepstrans) 
 EVALUATE: symbol $_1_SAPROTOCOL.EMSTEPSTRANS set to    1000.00     (real)
 CNSsolve>evaluate (&saprotocol.initiosteps=&initiosteps) 
 EVALUATE: symbol $_1_SAPROTOCOL.INITIOSTEPS set to    0.00000     (real)
 CNSsolve>evaluate (&saprotocol.cool1_steps=&cool1_steps) 
 EVALUATE: symbol $_1_SAPROTOCOL.COOL1_STEPS set to    0.00000     (real)
 CNSsolve>evaluate (&saprotocol.cool2_steps=&cool2_steps) 
 EVALUATE: symbol $_1_SAPROTOCOL.COOL2_STEPS set to    1000.00     (real)
 CNSsolve>evaluate (&saprotocol.cool3_steps=&cool3_steps) 
 EVALUATE: symbol $_1_SAPROTOCOL.COOL3_STEPS set to    1000.00     (real)
 CNSsolve>evaluate (&saprotocol.fbeta=100) 
 EVALUATE: symbol $_1_SAPROTOCOL.FBETA set to    100.000     (real)
 CNSsolve>evaluate (&saprotocol.mass=100) 
 EVALUATE: symbol $_1_SAPROTOCOL.MASS set to    100.000     (real)
 CNSsolve> 
 CNSsolve>evaluate (&filenames.fileroot=&fileroot) 
 EVALUATE: symbol $_1_FILENAMES.FILEROOT set to "complex" (string)
 CNSsolve>evaluate (&filenames.template=&fileroot + "_1.pdb") 
 EVALUATE: symbol $_1_FILENAMES.TEMPLATE set to "complex_1.pdb" (string)
 CNSsolve> 
 CNSsolve>evaluate (&iterations.ini_count    =1) 
 EVALUATE: symbol $_1_ITERATIONS.INI_COUNT set to    1.00000     (real)
 CNSsolve>evaluate (&iterations.structures   =&structures_$iteration) 
 EVALUATE: symbol $_1_ITERATIONS.STRUCTURES set to    200.000     (real)
 CNSsolve>evaluate (&iterations.keepstruct   =&keepstruct_$iteration) 
 EVALUATE: symbol $_1_ITERATIONS.KEEPSTRUCT set to    200.000     (real)
 CNSsolve>evaluate (&iterations.w_vdw        =&w_vdw_$iteration) 
 EVALUATE: symbol $_1_ITERATIONS.W_VDW set to    1.00000     (real)
 CNSsolve>evaluate (&iterations.w_elec       =&w_elec_$iteration) 
 EVALUATE: symbol $_1_ITERATIONS.W_ELEC set to   0.100000     (real)
 CNSsolve>evaluate (&iterations.w_dist       =&w_dist_$iteration) 
 EVALUATE: symbol $_1_ITERATIONS.W_DIST set to   0.100000     (real)
 CNSsolve>evaluate (&iterations.w_rg         =&w_rg_$iteration) 
 EVALUATE: symbol $_1_ITERATIONS.W_RG set to    1.00000     (real)
 CNSsolve>evaluate (&iterations.w_sani       =&w_sani_$iteration) 
 EVALUATE: symbol $_1_ITERATIONS.W_SANI set to   0.100000     (real)
 CNSsolve>evaluate (&iterations.w_xrdc       =&w_xrdc_$iteration) 
 EVALUATE: symbol $_1_ITERATIONS.W_XRDC set to   0.100000     (real)
 CNSsolve>evaluate (&iterations.w_xpcs       =&w_xpcs_$iteration) 
 EVALUATE: symbol $_1_ITERATIONS.W_XPCS set to   0.100000     (real)
 CNSsolve>evaluate (&iterations.w_dani       =&w_dani_$iteration) 
 EVALUATE: symbol $_1_ITERATIONS.W_DANI set to   0.100000     (real)
 CNSsolve>evaluate (&iterations.w_vean       =&w_vean_$iteration) 
 EVALUATE: symbol $_1_ITERATIONS.W_VEAN set to   0.100000     (real)
 CNSsolve>evaluate (&iterations.w_cdih       =&w_cdih_$iteration) 
 EVALUATE: symbol $_1_ITERATIONS.W_CDIH set to    0.00000     (real)
 CNSsolve>evaluate (&iterations.w_sym        =&w_sym_$iteration) 
 EVALUATE: symbol $_1_ITERATIONS.W_SYM set to   0.100000     (real)
 CNSsolve>evaluate (&iterations.w_zres       =&w_zres_$iteration) 
 EVALUATE: symbol $_1_ITERATIONS.W_ZRES set to   0.100000     (real)
 CNSsolve>evaluate (&iterations.w_bsa        =&w_bsa_$iteration) 
 EVALUATE: symbol $_1_ITERATIONS.W_BSA set to    0.00000     (real)
 CNSsolve>evaluate (&iterations.w_deint      =&w_deint_$iteration) 
 EVALUATE: symbol $_1_ITERATIONS.W_DEINT set to    0.00000     (real)
 CNSsolve>evaluate (&iterations.w_desolv     =&w_desolv_$iteration) 
 EVALUATE: symbol $_1_ITERATIONS.W_DESOLV set to    1.00000     (real)
 CNSsolve>evaluate (&iterations.anastruc     =&anastruc_$iteration) 
 EVALUATE: symbol $_1_ITERATIONS.ANASTRUC set to    200.000     (real)
 CNSsolve>evaluate (&iterations.w_lcc        = &w_lcc_$iteration) 
 EVALUATE: symbol $_1_ITERATIONS.W_LCC set to   -10000.0     (real)
 CNSsolve> 
 CNSsolve> 
 CNSsolve>evaluate (&data.ncomponents=&ncomponents) 
 EVALUATE: symbol $_1_DATA.NCOMPONENTS set to    2.00000     (real)
 CNSsolve> 
 CNSsolve>evaluate ($nmol=1) 
 EVALUATE: symbol $NMOL set to    1.00000     (real)
 CNSsolve>while ($nmol <= &data.ncomponents) loop mol 
 NEXTCD: condition evaluated as true
 CNSsolve> 
 CNSsolve>  !aa topology, linkage and parameters files 
 CNSsolve>  evaluate (&toppar.prot_top_$nmol=&prot_top_mol$nmol ) 
 EVALUATE: symbol $_1_TOPPAR.PROT_TOP_1 set to "protein-allhdg5-4.top" (string)
 CNSsolve>  evaluate (&toppar.prot_link_$nmol=&prot_link_mol$nmol ) 
 EVALUATE: symbol $_1_TOPPAR.PROT_LINK_1 set to "protein-allhdg5-4-noter.link" (string)
 CNSsolve>  evaluate (&toppar.prot_par_$nmol=&prot_par_mol$nmol ) 
 EVALUATE: symbol $_1_TOPPAR.PROT_PAR_1 set to "protein-allhdg5-4.param" (string)
 CNSsolve> 
 CNSsolve>  !coarse grained topology, linkage and parameters files 
 CNSsolve>  evaluate (&toppar.prot_cg_top_$nmol=&prot_cg_top_mol$nmol ) 
 EVALUATE: symbol $_1_TOPPAR.PROT_CG_TOP_1 set to "protein-CG-Martini-2-2.top" (string)
 CNSsolve>  evaluate (&toppar.prot_cg_link_$nmol=&prot_cg_link_mol$nmol ) 
 EVALUATE: symbol $_1_TOPPAR.PROT_CG_LINK_1 set to "protein-CG-Martini-2-2.link" (string)
 CNSsolve>  evaluate (&toppar.prot_cg_par_$nmol=&prot_cg_par_mol$nmol ) 
 EVALUATE: symbol $_1_TOPPAR.PROT_CG_PAR_1 set to "protein-CG-Martini-2-2.param" (string)
 CNSsolve> 
 CNSsolve>  !molecule related (coordinate files, rootname, fix, type, coarse grained, segid) 
 CNSsolve>  evaluate (&toppar.prot_coor_$nmol=&prot_coor_mol$nmol) 
 EVALUATE: symbol $_1_TOPPAR.PROT_COOR_1 set to "protein1.pdb" (string)
 CNSsolve>  evaluate (&toppar.prot_root_$nmol=&prot_root_mol$nmol) 
 EVALUATE: symbol $_1_TOPPAR.PROT_ROOT_1 set to "protein1" (string)
 CNSsolve>  evaluate (&toppar.fix_origin_$nmol=&fix_origin_mol$nmol) 
 EVALUATE: symbol $_1_TOPPAR.FIX_ORIGIN_1 set to FALSE (logical)
 CNSsolve>  evaluate (&toppar.dna_$nmol=&dna_mol$nmol) 
 EVALUATE: symbol $_1_TOPPAR.DNA_1 set to FALSE (logical)
 CNSsolve>  evaluate (&toppar.cyclicpept_$nmol=&cyclicpept_mol$nmol) 
 EVALUATE: symbol $_1_TOPPAR.CYCLICPEPT_1 set to FALSE (logical)
 CNSsolve>  evaluate (&toppar.shape_$nmol=&shape_mol$nmol) 
 EVALUATE: symbol $_1_TOPPAR.SHAPE_1 set to FALSE (logical)
 CNSsolve>  evaluate (&toppar.cg_$nmol=&cg_mol$nmol) 
 EVALUATE: symbol $_1_TOPPAR.CG_1 set to FALSE (logical)
 CNSsolve>  evaluate (&toppar.prot_segid_$nmol=&prot_segid_mol$nmol) 
 EVALUATE: symbol $_1_TOPPAR.PROT_SEGID_1 set to "A" (string)
 CNSsolve> 
 CNSsolve>  !semi flexible segments 
 CNSsolve>  evaluate (&toppar.nseg_$nmol=&nseg_$nmol) 
 EVALUATE: symbol $_1_TOPPAR.NSEG_1 set to   -1.00000     (real)
 CNSsolve>  evaluate ($nseg = 1) 
 EVALUATE: symbol $NSEG set to    1.00000     (real)
 CNSsolve>  while ($nseg <= &toppar.nseg_$nmol) loop seg 
 NEXTCD: condition evaluated as false
 CNSsolve>    evaluate (&toppar.start_seg_$nmol_$nseg=&start_seg_$nmol_$nseg) 
 CNSsolve>    evaluate (&toppar.end_seg_$nmol_$nseg=&end_seg_$nmol_$nseg) 
 CNSsolve>    evaluate ($nseg = $nseg + 1) 
 CNSsolve>  end loop seg 
 CNSsolve> 
 CNSsolve>  !fully flexible segments 
 CNSsolve>  evaluate (&toppar.nfle_$nmol=&nfle_$nmol) 
 EVALUATE: symbol $_1_TOPPAR.NFLE_1 set to    0.00000     (real)
 CNSsolve>  evaluate ($nfle = 1) 
 EVALUATE: symbol $NFLE set to    1.00000     (real)
 CNSsolve>  while ($nfle <= &toppar.nfle_$nmol) loop fle 
 NEXTCD: condition evaluated as false
 CNSsolve>    evaluate (&toppar.start_fle_$nmol_$nfle=&start_fle_$nmol_$nfle) 
 CNSsolve>    evaluate (&toppar.end_fle_$nmol_$nfle=&end_fle_$nmol_$nfle) 
 CNSsolve>    evaluate ($nfle = $nfle + 1) 
 CNSsolve>  end loop fle 
 CNSsolve> 
 CNSsolve>  !histidine patches 
 CNSsolve>  evaluate (&toppar.autohis=&autohis) 
 EVALUATE: symbol $_1_TOPPAR.AUTOHIS set to FALSE (logical)
 CNSsolve>  evaluate (&toppar.nhisd_$nmol=&numhisd_$nmol) 
 EVALUATE: symbol $_1_TOPPAR.NHISD_1 set to    0.00000     (real)
 CNSsolve>  evaluate ($ncc=1) 
 EVALUATE: symbol $NCC set to    1.00000     (real)
 CNSsolve>  while ($ncc <= &toppar.nhisd_$nmol) loop hisd 
 NEXTCD: condition evaluated as false
 CNSsolve>    evaluate (&toppar.hisd_resid_$nmol_$ncc=&hisd_$nmol_$ncc) 
 CNSsolve>    evaluate ($ncc = $ncc + 1) 
 CNSsolve>  end loop hisd 
 CNSsolve> 
 CNSsolve>  evaluate (&toppar.nhise_$nmol=&numhise_$nmol) 
 EVALUATE: symbol $_1_TOPPAR.NHISE_1 set to    0.00000     (real)
 CNSsolve>  evaluate ($ncc=1) 
 EVALUATE: symbol $NCC set to    1.00000     (real)
 CNSsolve>  while ($ncc <= &toppar.nhise_$nmol) loop hisd 
 NEXTCD: condition evaluated as false
 CNSsolve>    evaluate (&toppar.hise_resid_$nmol_$ncc=&hise_$nmol_$ncc) 
 CNSsolve>    evaluate ($ncc = $ncc + 1) 
 CNSsolve>  end loop hisd 
 CNSsolve> 
 CNSsolve>  evaluate ($nmol = $nmol + 1) 
 EVALUATE: symbol $NMOL set to    2.00000     (real)
 CNSsolve> 
 CNSsolve>end loop mol 
 CNSsolve>while ($nmol <= &data.ncomponents) loop mol 
 NEXTCD: condition evaluated as true
 CNSsolve> 
 CNSsolve>  !aa topology, linkage and parameters files 
 CNSsolve>  evaluate (&toppar.prot_top_$nmol=&prot_top_mol$nmol ) 
 EVALUATE: symbol $_1_TOPPAR.PROT_TOP_2 set to "dna-rna-allatom-hj-opls-1.3.top" (string)
 CNSsolve>  evaluate (&toppar.prot_link_$nmol=&prot_link_mol$nmol ) 
 EVALUATE: symbol $_1_TOPPAR.PROT_LINK_2 set to "dna-rna-1.3.link" (string)
 CNSsolve>  evaluate (&toppar.prot_par_$nmol=&prot_par_mol$nmol ) 
 EVALUATE: symbol $_1_TOPPAR.PROT_PAR_2 set to "dna-rna-allatom-hj-opls-1.3.param" (string)
 CNSsolve> 
 CNSsolve>  !coarse grained topology, linkage and parameters files 
 CNSsolve>  evaluate (&toppar.prot_cg_top_$nmol=&prot_cg_top_mol$nmol ) 
 EVALUATE: symbol $_1_TOPPAR.PROT_CG_TOP_2 set to "protein-CG-Martini-2-2.top" (string)
 CNSsolve>  evaluate (&toppar.prot_cg_link_$nmol=&prot_cg_link_mol$nmol ) 
 EVALUATE: symbol $_1_TOPPAR.PROT_CG_LINK_2 set to "protein-CG-Martini-2-2.link" (string)
 CNSsolve>  evaluate (&toppar.prot_cg_par_$nmol=&prot_cg_par_mol$nmol ) 
 EVALUATE: symbol $_1_TOPPAR.PROT_CG_PAR_2 set to "protein-CG-Martini-2-2.param" (string)
 CNSsolve> 
 CNSsolve>  !molecule related (coordinate files, rootname, fix, type, coarse grained, segid) 
 CNSsolve>  evaluate (&toppar.prot_coor_$nmol=&prot_coor_mol$nmol) 
 EVALUATE: symbol $_1_TOPPAR.PROT_COOR_2 set to "protein2.pdb" (string)
 CNSsolve>  evaluate (&toppar.prot_root_$nmol=&prot_root_mol$nmol) 
 EVALUATE: symbol $_1_TOPPAR.PROT_ROOT_2 set to "protein2" (string)
 CNSsolve>  evaluate (&toppar.fix_origin_$nmol=&fix_origin_mol$nmol) 
 EVALUATE: symbol $_1_TOPPAR.FIX_ORIGIN_2 set to FALSE (logical)
 CNSsolve>  evaluate (&toppar.dna_$nmol=&dna_mol$nmol) 
 EVALUATE: symbol $_1_TOPPAR.DNA_2 set to TRUE (logical)
 CNSsolve>  evaluate (&toppar.cyclicpept_$nmol=&cyclicpept_mol$nmol) 
 EVALUATE: symbol $_1_TOPPAR.CYCLICPEPT_2 set to FALSE (logical)
 CNSsolve>  evaluate (&toppar.shape_$nmol=&shape_mol$nmol) 
 EVALUATE: symbol $_1_TOPPAR.SHAPE_2 set to FALSE (logical)
 CNSsolve>  evaluate (&toppar.cg_$nmol=&cg_mol$nmol) 
 EVALUATE: symbol $_1_TOPPAR.CG_2 set to FALSE (logical)
 CNSsolve>  evaluate (&toppar.prot_segid_$nmol=&prot_segid_mol$nmol) 
 EVALUATE: symbol $_1_TOPPAR.PROT_SEGID_2 set to "B" (string)
 CNSsolve> 
 CNSsolve>  !semi flexible segments 
 CNSsolve>  evaluate (&toppar.nseg_$nmol=&nseg_$nmol) 
 EVALUATE: symbol $_1_TOPPAR.NSEG_2 set to   -1.00000     (real)
 CNSsolve>  evaluate ($nseg = 1) 
 EVALUATE: symbol $NSEG set to    1.00000     (real)
 CNSsolve>  while ($nseg <= &toppar.nseg_$nmol) loop seg 
 NEXTCD: condition evaluated as false
 CNSsolve>    evaluate (&toppar.start_seg_$nmol_$nseg=&start_seg_$nmol_$nseg) 
 CNSsolve>    evaluate (&toppar.end_seg_$nmol_$nseg=&end_seg_$nmol_$nseg) 
 CNSsolve>    evaluate ($nseg = $nseg + 1) 
 CNSsolve>  end loop seg 
 CNSsolve> 
 CNSsolve>  !fully flexible segments 
 CNSsolve>  evaluate (&toppar.nfle_$nmol=&nfle_$nmol) 
 EVALUATE: symbol $_1_TOPPAR.NFLE_2 set to    0.00000     (real)
 CNSsolve>  evaluate ($nfle = 1) 
 EVALUATE: symbol $NFLE set to    1.00000     (real)
 CNSsolve>  while ($nfle <= &toppar.nfle_$nmol) loop fle 
 NEXTCD: condition evaluated as false
 CNSsolve>    evaluate (&toppar.start_fle_$nmol_$nfle=&start_fle_$nmol_$nfle) 
 CNSsolve>    evaluate (&toppar.end_fle_$nmol_$nfle=&end_fle_$nmol_$nfle) 
 CNSsolve>    evaluate ($nfle = $nfle + 1) 
 CNSsolve>  end loop fle 
 CNSsolve> 
 CNSsolve>  !histidine patches 
 CNSsolve>  evaluate (&toppar.autohis=&autohis) 
 EVALUATE: symbol $_1_TOPPAR.AUTOHIS set to FALSE (logical)
 CNSsolve>  evaluate (&toppar.nhisd_$nmol=&numhisd_$nmol) 
 EVALUATE: symbol $_1_TOPPAR.NHISD_2 set to    0.00000     (real)
 CNSsolve>  evaluate ($ncc=1) 
 EVALUATE: symbol $NCC set to    1.00000     (real)
 CNSsolve>  while ($ncc <= &toppar.nhisd_$nmol) loop hisd 
 NEXTCD: condition evaluated as false
 CNSsolve>    evaluate (&toppar.hisd_resid_$nmol_$ncc=&hisd_$nmol_$ncc) 
 CNSsolve>    evaluate ($ncc = $ncc + 1) 
 CNSsolve>  end loop hisd 
 CNSsolve> 
 CNSsolve>  evaluate (&toppar.nhise_$nmol=&numhise_$nmol) 
 EVALUATE: symbol $_1_TOPPAR.NHISE_2 set to    0.00000     (real)
 CNSsolve>  evaluate ($ncc=1) 
 EVALUATE: symbol $NCC set to    1.00000     (real)
 CNSsolve>  while ($ncc <= &toppar.nhise_$nmol) loop hisd 
 NEXTCD: condition evaluated as false
 CNSsolve>    evaluate (&toppar.hise_resid_$nmol_$ncc=&hise_$nmol_$ncc) 
 CNSsolve>    evaluate ($ncc = $ncc + 1) 
 CNSsolve>  end loop hisd 
 CNSsolve> 
 CNSsolve>  evaluate ($nmol = $nmol + 1) 
 EVALUATE: symbol $NMOL set to    3.00000     (real)
 CNSsolve> 
 CNSsolve>end loop mol 
 CNSsolve>while ($nmol <= &data.ncomponents) loop mol 
 NEXTCD: condition evaluated as false
 CNSsolve> 
 CNSsolve>  !aa topology, linkage and parameters files 
 CNSsolve>  evaluate (&toppar.prot_top_$nmol=&prot_top_mol$nmol ) 
 CNSsolve>  evaluate (&toppar.prot_link_$nmol=&prot_link_mol$nmol ) 
 CNSsolve>  evaluate (&toppar.prot_par_$nmol=&prot_par_mol$nmol ) 
 CNSsolve> 
 CNSsolve>  !coarse grained topology, linkage and parameters files 
 CNSsolve>  evaluate (&toppar.prot_cg_top_$nmol=&prot_cg_top_mol$nmol ) 
 CNSsolve>  evaluate (&toppar.prot_cg_link_$nmol=&prot_cg_link_mol$nmol ) 
 CNSsolve>  evaluate (&toppar.prot_cg_par_$nmol=&prot_cg_par_mol$nmol ) 
 CNSsolve> 
 CNSsolve>  !molecule related (coordinate files, rootname, fix, type, coarse grained, segid) 
 CNSsolve>  evaluate (&toppar.prot_coor_$nmol=&prot_coor_mol$nmol) 
 CNSsolve>  evaluate (&toppar.prot_root_$nmol=&prot_root_mol$nmol) 
 CNSsolve>  evaluate (&toppar.fix_origin_$nmol=&fix_origin_mol$nmol) 
 CNSsolve>  evaluate (&toppar.dna_$nmol=&dna_mol$nmol) 
 CNSsolve>  evaluate (&toppar.cyclicpept_$nmol=&cyclicpept_mol$nmol) 
 CNSsolve>  evaluate (&toppar.shape_$nmol=&shape_mol$nmol) 
 CNSsolve>  evaluate (&toppar.cg_$nmol=&cg_mol$nmol) 
 CNSsolve>  evaluate (&toppar.prot_segid_$nmol=&prot_segid_mol$nmol) 
 CNSsolve> 
 CNSsolve>  !semi flexible segments 
 CNSsolve>  evaluate (&toppar.nseg_$nmol=&nseg_$nmol) 
 CNSsolve>  evaluate ($nseg = 1) 
 CNSsolve>  while ($nseg <= &toppar.nseg_$nmol) loop seg 
 CNSsolve>    evaluate (&toppar.start_seg_$nmol_$nseg=&start_seg_$nmol_$nseg) 
 CNSsolve>    evaluate (&toppar.end_seg_$nmol_$nseg=&end_seg_$nmol_$nseg) 
 CNSsolve>    evaluate ($nseg = $nseg + 1) 
 CNSsolve>  end loop seg 
 CNSsolve> 
 CNSsolve>  !fully flexible segments 
 CNSsolve>  evaluate (&toppar.nfle_$nmol=&nfle_$nmol) 
 CNSsolve>  evaluate ($nfle = 1) 
 CNSsolve>  while ($nfle <= &toppar.nfle_$nmol) loop fle 
 CNSsolve>    evaluate (&toppar.start_fle_$nmol_$nfle=&start_fle_$nmol_$nfle) 
 CNSsolve>    evaluate (&toppar.end_fle_$nmol_$nfle=&end_fle_$nmol_$nfle) 
 CNSsolve>    evaluate ($nfle = $nfle + 1) 
 CNSsolve>  end loop fle 
 CNSsolve> 
 CNSsolve>  !histidine patches 
 CNSsolve>  evaluate (&toppar.autohis=&autohis) 
 CNSsolve>  evaluate (&toppar.nhisd_$nmol=&numhisd_$nmol) 
 CNSsolve>  evaluate ($ncc=1) 
 CNSsolve>  while ($ncc <= &toppar.nhisd_$nmol) loop hisd 
 CNSsolve>    evaluate (&toppar.hisd_resid_$nmol_$ncc=&hisd_$nmol_$ncc) 
 CNSsolve>    evaluate ($ncc = $ncc + 1) 
 CNSsolve>  end loop hisd 
 CNSsolve> 
 CNSsolve>  evaluate (&toppar.nhise_$nmol=&numhise_$nmol) 
 CNSsolve>  evaluate ($ncc=1) 
 CNSsolve>  while ($ncc <= &toppar.nhise_$nmol) loop hisd 
 CNSsolve>    evaluate (&toppar.hise_resid_$nmol_$ncc=&hise_$nmol_$ncc) 
 CNSsolve>    evaluate ($ncc = $ncc + 1) 
 CNSsolve>  end loop hisd 
 CNSsolve> 
 CNSsolve>  evaluate ($nmol = $nmol + 1) 
 CNSsolve> 
 CNSsolve>end loop mol 
 CNSsolve> 
 CNSsolve>! non-bonded parameter set to use 
 CNSsolve>evaluate (&toppar.par_nonbonded=&par_nonbonded) 
 EVALUATE: symbol $_1_TOPPAR.PAR_NONBONDED set to "OPLSX" (string)
 CNSsolve> 
 CNSsolve>! z-restraining 
 CNSsolve>evaluate (&Data.flags.zres =  &zres_on) 
 EVALUATE: symbol $_1_DATA.FLAGS.ZRES set to FALSE (logical)
 CNSsolve>evaluate (&data.numzres=&numzres) 
 EVALUATE: symbol $_1_DATA.NUMZRES set to    0.00000     (real)
 CNSsolve>evaluate ($ncc=1) 
 EVALUATE: symbol $NCC set to    1.00000     (real)
 CNSsolve>while ($ncc <= &numzres) loop zres 
 NEXTCD: condition evaluated as false
 CNSsolve>  evaluate (&toppar.zres_sta_$ncc=&zres_sta_$ncc) 
 CNSsolve>  evaluate (&toppar.zres_end_$ncc=&zres_end_$ncc) 
 CNSsolve>  evaluate (&toppar.zres_seg_$ncc=&zres_seg_$ncc) 
 CNSsolve>  evaluate (&toppar.zres_type_$ncc=&zres_type_$ncc) 
 CNSsolve>  evaluate ($ncc = $ncc + 1) 
 CNSsolve>end loop zres 
 CNSsolve> 
 CNSsolve>! NCS restraints 
 CNSsolve>evaluate (&data.kncs=&kncs) 
 Assuming literal string "&KNCS"
 EVALUATE: symbol $_1_DATA.KNCS set to "&KNCS" (string)
 CNSsolve>evaluate (&Data.flags.ncs  =  &ncs_on) 
 EVALUATE: symbol $_1_DATA.FLAGS.NCS set to FALSE (logical)
 CNSsolve>evaluate (&data.numncs=&numncs) 
 EVALUATE: symbol $_1_DATA.NUMNCS set to    0.00000     (real)
 CNSsolve>evaluate ($ncc=1) 
 EVALUATE: symbol $NCC set to    1.00000     (real)
 CNSsolve>while ($ncc <= &numncs) loop ncs 
 NEXTCD: condition evaluated as false
 CNSsolve>  evaluate (&toppar.ncs_sta1_$ncc=&ncs_sta1_$ncc) 
 CNSsolve>  evaluate (&toppar.ncs_end1_$ncc=&ncs_end1_$ncc) 
 CNSsolve>  evaluate (&toppar.ncs_seg1_$ncc=&ncs_seg1_$ncc) 
 CNSsolve>  evaluate (&toppar.ncs_sta2_$ncc=&ncs_sta2_$ncc) 
 CNSsolve>  evaluate (&toppar.ncs_end2_$ncc=&ncs_end2_$ncc) 
 CNSsolve>  evaluate (&toppar.ncs_seg2_$ncc=&ncs_seg2_$ncc) 
 CNSsolve>  evaluate ($ncc = $ncc + 1) 
 CNSsolve>end loop ncs 
 CNSsolve> 
 CNSsolve>! Symmetry restraints 
 CNSsolve>evaluate (&data.ksym=&ksym) 
 EVALUATE: symbol $_1_DATA.KSYM set to    10.0000     (real)
 CNSsolve>evaluate (&Data.flags.sym  =  &sym_on) 
 EVALUATE: symbol $_1_DATA.FLAGS.SYM set to FALSE (logical)
 CNSsolve>evaluate (&data.numc2sym=&numc2sym) 
 EVALUATE: symbol $_1_DATA.NUMC2SYM set to    0.00000     (real)
 CNSsolve>evaluate ($nsym=1) 
 EVALUATE: symbol $NSYM set to    1.00000     (real)
 CNSsolve>while ($nsym <= &numc2sym) loop sym 
 NEXTCD: condition evaluated as false
 CNSsolve>  evaluate (&toppar.c2sym_sta1_$nsym=&c2sym_sta1_$nsym) 
 CNSsolve>  evaluate (&toppar.c2sym_end1_$nsym=&c2sym_end1_$nsym) 
 CNSsolve>  evaluate (&toppar.c2sym_seg1_$nsym=&c2sym_seg1_$nsym) 
 CNSsolve>  evaluate (&toppar.c2sym_sta2_$nsym=&c2sym_sta2_$nsym) 
 CNSsolve>  evaluate (&toppar.c2sym_end2_$nsym=&c2sym_end2_$nsym) 
 CNSsolve>  evaluate (&toppar.c2sym_seg2_$nsym=&c2sym_seg2_$nsym) 
 CNSsolve>  evaluate ($nsym = $nsym + 1) 
 CNSsolve>end loop sym 
 CNSsolve> 
 CNSsolve>evaluate (&data.numc3sym=&numc3sym) 
 EVALUATE: symbol $_1_DATA.NUMC3SYM set to    0.00000     (real)
 CNSsolve>evaluate ($nsym=1) 
 EVALUATE: symbol $NSYM set to    1.00000     (real)
 CNSsolve>while ($nsym <= &numc3sym) loop sym 
 NEXTCD: condition evaluated as false
 CNSsolve>  evaluate (&toppar.c3sym_sta1_$nsym=&c3sym_sta1_$nsym) 
 CNSsolve>  evaluate (&toppar.c3sym_end1_$nsym=&c3sym_end1_$nsym) 
 CNSsolve>  evaluate (&toppar.c3sym_seg1_$nsym=&c3sym_seg1_$nsym) 
 CNSsolve>  evaluate (&toppar.c3sym_sta2_$nsym=&c3sym_sta2_$nsym) 
 CNSsolve>  evaluate (&toppar.c3sym_end2_$nsym=&c3sym_end2_$nsym) 
 CNSsolve>  evaluate (&toppar.c3sym_seg2_$nsym=&c3sym_seg2_$nsym) 
 CNSsolve>  evaluate (&toppar.c3sym_sta3_$nsym=&c3sym_sta3_$nsym) 
 CNSsolve>  evaluate (&toppar.c3sym_end3_$nsym=&c3sym_end3_$nsym) 
 CNSsolve>  evaluate (&toppar.c3sym_seg3_$nsym=&c3sym_seg3_$nsym) 
 CNSsolve>  evaluate ($nsym = $nsym + 1) 
 CNSsolve>end loop sym 
 CNSsolve> 
 CNSsolve>evaluate (&data.nums3sym=&nums3sym) 
 EVALUATE: symbol $_1_DATA.NUMS3SYM set to    0.00000     (real)
 CNSsolve>evaluate ($nsym=1) 
 EVALUATE: symbol $NSYM set to    1.00000     (real)
 CNSsolve>while ($nsym <= &nums3sym) loop sym 
 NEXTCD: condition evaluated as false
 CNSsolve>  evaluate (&toppar.s3sym_sta1_$nsym=&s3sym_sta1_$nsym) 
 CNSsolve>  evaluate (&toppar.s3sym_end1_$nsym=&s3sym_end1_$nsym) 
 CNSsolve>  evaluate (&toppar.s3sym_seg1_$nsym=&s3sym_seg1_$nsym) 
 CNSsolve>  evaluate (&toppar.s3sym_sta2_$nsym=&s3sym_sta2_$nsym) 
 CNSsolve>  evaluate (&toppar.s3sym_end2_$nsym=&s3sym_end2_$nsym) 
 CNSsolve>  evaluate (&toppar.s3sym_seg2_$nsym=&s3sym_seg2_$nsym) 
 CNSsolve>  evaluate (&toppar.s3sym_sta3_$nsym=&s3sym_sta3_$nsym) 
 CNSsolve>  evaluate (&toppar.s3sym_end3_$nsym=&s3sym_end3_$nsym) 
 CNSsolve>  evaluate (&toppar.s3sym_seg3_$nsym=&s3sym_seg3_$nsym) 
 CNSsolve>  evaluate ($nsym = $nsym + 1) 
 CNSsolve>end loop sym 
 CNSsolve> 
 CNSsolve>evaluate (&data.numc4sym=&numc4sym) 
 EVALUATE: symbol $_1_DATA.NUMC4SYM set to    0.00000     (real)
 CNSsolve>evaluate ($nsym=1) 
 EVALUATE: symbol $NSYM set to    1.00000     (real)
 CNSsolve>while ($nsym <= &numc4sym) loop sym 
 NEXTCD: condition evaluated as false
 CNSsolve>  evaluate (&toppar.c4sym_sta1_$nsym=&c4sym_sta1_$nsym) 
 CNSsolve>  evaluate (&toppar.c4sym_end1_$nsym=&c4sym_end1_$nsym) 
 CNSsolve>  evaluate (&toppar.c4sym_seg1_$nsym=&c4sym_seg1_$nsym) 
 CNSsolve>  evaluate (&toppar.c4sym_sta2_$nsym=&c4sym_sta2_$nsym) 
 CNSsolve>  evaluate (&toppar.c4sym_end2_$nsym=&c4sym_end2_$nsym) 
 CNSsolve>  evaluate (&toppar.c4sym_seg2_$nsym=&c4sym_seg2_$nsym) 
 CNSsolve>  evaluate (&toppar.c4sym_sta3_$nsym=&c4sym_sta3_$nsym) 
 CNSsolve>  evaluate (&toppar.c4sym_end3_$nsym=&c4sym_end3_$nsym) 
 CNSsolve>  evaluate (&toppar.c4sym_seg3_$nsym=&c4sym_seg3_$nsym) 
 CNSsolve>  evaluate (&toppar.c4sym_sta4_$nsym=&c4sym_sta4_$nsym) 
 CNSsolve>  evaluate (&toppar.c4sym_end4_$nsym=&c4sym_end4_$nsym) 
 CNSsolve>  evaluate (&toppar.c4sym_seg4_$nsym=&c4sym_seg4_$nsym) 
 CNSsolve>  evaluate ($nsym = $nsym + 1) 
 CNSsolve>end loop sym 
 CNSsolve> 
 CNSsolve>evaluate (&data.numc5sym=&numc5sym) 
 EVALUATE: symbol $_1_DATA.NUMC5SYM set to    0.00000     (real)
 CNSsolve>evaluate ($nsym=1) 
 EVALUATE: symbol $NSYM set to    1.00000     (real)
 CNSsolve>while ($nsym <= &numc5sym) loop sym 
 NEXTCD: condition evaluated as false
 CNSsolve>  evaluate (&toppar.c5sym_sta1_$nsym=&c5sym_sta1_$nsym) 
 CNSsolve>  evaluate (&toppar.c5sym_end1_$nsym=&c5sym_end1_$nsym) 
 CNSsolve>  evaluate (&toppar.c5sym_seg1_$nsym=&c5sym_seg1_$nsym) 
 CNSsolve>  evaluate (&toppar.c5sym_sta2_$nsym=&c5sym_sta2_$nsym) 
 CNSsolve>  evaluate (&toppar.c5sym_end2_$nsym=&c5sym_end2_$nsym) 
 CNSsolve>  evaluate (&toppar.c5sym_seg2_$nsym=&c5sym_seg2_$nsym) 
 CNSsolve>  evaluate (&toppar.c5sym_sta3_$nsym=&c5sym_sta3_$nsym) 
 CNSsolve>  evaluate (&toppar.c5sym_end3_$nsym=&c5sym_end3_$nsym) 
 CNSsolve>  evaluate (&toppar.c5sym_seg3_$nsym=&c5sym_seg3_$nsym) 
 CNSsolve>  evaluate (&toppar.c5sym_sta4_$nsym=&c5sym_sta4_$nsym) 
 CNSsolve>  evaluate (&toppar.c5sym_end4_$nsym=&c5sym_end4_$nsym) 
 CNSsolve>  evaluate (&toppar.c5sym_seg4_$nsym=&c5sym_seg4_$nsym) 
 CNSsolve>  evaluate (&toppar.c5sym_sta5_$nsym=&c5sym_sta5_$nsym) 
 CNSsolve>  evaluate (&toppar.c5sym_end5_$nsym=&c5sym_end5_$nsym) 
 CNSsolve>  evaluate (&toppar.c5sym_seg5_$nsym=&c5sym_seg5_$nsym) 
 CNSsolve>  evaluate ($nsym = $nsym + 1) 
 CNSsolve>end loop sym 
 CNSsolve> 
 CNSsolve>evaluate (&data.numc6sym=&numc6sym) 
 EVALUATE: symbol $_1_DATA.NUMC6SYM set to    0.00000     (real)
 CNSsolve>evaluate ($nsym=1) 
 EVALUATE: symbol $NSYM set to    1.00000     (real)
 CNSsolve>while ($nsym <= &numc6sym) loop sym 
 NEXTCD: condition evaluated as false
 CNSsolve>  evaluate (&toppar.c6sym_sta1_$nsym=&c6sym_sta1_$nsym) 
 CNSsolve>  evaluate (&toppar.c6sym_end1_$nsym=&c6sym_end1_$nsym) 
 CNSsolve>  evaluate (&toppar.c6sym_seg1_$nsym=&c6sym_seg1_$nsym) 
 CNSsolve>  evaluate (&toppar.c6sym_sta2_$nsym=&c6sym_sta2_$nsym) 
 CNSsolve>  evaluate (&toppar.c6sym_end2_$nsym=&c6sym_end2_$nsym) 
 CNSsolve>  evaluate (&toppar.c6sym_seg2_$nsym=&c6sym_seg2_$nsym) 
 CNSsolve>  evaluate (&toppar.c6sym_sta3_$nsym=&c6sym_sta3_$nsym) 
 CNSsolve>  evaluate (&toppar.c6sym_end3_$nsym=&c6sym_end3_$nsym) 
 CNSsolve>  evaluate (&toppar.c6sym_seg3_$nsym=&c6sym_seg3_$nsym) 
 CNSsolve>  evaluate (&toppar.c6sym_sta4_$nsym=&c6sym_sta4_$nsym) 
 CNSsolve>  evaluate (&toppar.c6sym_end4_$nsym=&c6sym_end4_$nsym) 
 CNSsolve>  evaluate (&toppar.c6sym_seg4_$nsym=&c6sym_seg4_$nsym) 
 CNSsolve>  evaluate (&toppar.c6sym_sta5_$nsym=&c6sym_sta5_$nsym) 
 CNSsolve>  evaluate (&toppar.c6sym_end5_$nsym=&c6sym_end5_$nsym) 
 CNSsolve>  evaluate (&toppar.c6sym_seg5_$nsym=&c6sym_seg5_$nsym) 
 CNSsolve>  evaluate (&toppar.c6sym_sta6_$nsym=&c6sym_sta6_$nsym) 
 CNSsolve>  evaluate (&toppar.c6sym_end6_$nsym=&c6sym_end6_$nsym) 
 CNSsolve>  evaluate (&toppar.c6sym_seg6_$nsym=&c6sym_seg6_$nsym) 
 CNSsolve>  evaluate ($nsym = $nsym + 1) 
 CNSsolve>end loop sym 
 CNSsolve> 
 CNSsolve>if ( &data.numc2sym eq 6) then 
 NEXTCD: condition evaluated as false
 CNSsolve>  evaluate (&saprotocol.rotate180_it0 = false) 
 CNSsolve>  evaluate (&saprotocol.rotate180_it1 = false) 
 CNSsolve>end if 
 CNSsolve>if ( &data.numc3sym ne 0) then 
 NEXTCD: condition evaluated as false
 CNSsolve>  evaluate (&saprotocol.rotate180_it0 = false) 
 CNSsolve>  evaluate (&saprotocol.rotate180_it1 = false) 
 CNSsolve>end if 
 CNSsolve>if ( &data.numc4sym ne 0) then 
 NEXTCD: condition evaluated as false
 CNSsolve>  evaluate (&saprotocol.rotate180_it0 = false) 
 CNSsolve>  evaluate (&saprotocol.rotate180_it1 = false) 
 CNSsolve>end if 
 CNSsolve>if ( &data.numc5sym ne 0) then 
 NEXTCD: condition evaluated as false
 CNSsolve>  evaluate (&saprotocol.rotate180_it0 = false) 
 CNSsolve>  evaluate (&saprotocol.rotate180_it1 = false) 
 CNSsolve>end if 
 CNSsolve>if ( &data.numc6sym ne 0) then 
 NEXTCD: condition evaluated as false
 CNSsolve>  evaluate (&saprotocol.rotate180_it0 = false) 
 CNSsolve>  evaluate (&saprotocol.rotate180_it1 = false) 
 CNSsolve>end if 
 CNSsolve> 
 CNSsolve> 
 CNSsolve>!Dihedrals, DNA and distance restraints 
 CNSsolve>evaluate (&Data.dnarest = &dnarest_on) 
 EVALUATE: symbol $_1_DATA.DNAREST set to TRUE (logical)
 CNSsolve>evaluate (&Data.flags.cdih =  &dihedrals_on) 
 EVALUATE: symbol $_1_DATA.FLAGS.CDIH set to FALSE (logical)
 CNSsolve>evaluate (&Data.cdih.on = &dihedrals_on) 
 EVALUATE: symbol $_1_DATA.CDIH.ON set to FALSE (logical)
 CNSsolve>evaluate (&Data.ssdihed = &ssdihed) 
 Assuming literal string "NONE"
 EVALUATE: symbol $_1_DATA.SSDIHED set to "NONE" (string)
 CNSsolve>evaluate (&Data.error_dih = &error_dih) 
 EVALUATE: symbol $_1_DATA.ERROR_DIH set to    10.0000     (real)
 CNSsolve>evaluate (&data.dihedrals.on=&dihedrals_on) 
 EVALUATE: symbol $_1_DATA.DIHEDRALS.ON set to FALSE (logical)
 CNSsolve>evaluate (&data.dihedrals_hot=&dihedrals_hot) 
 EVALUATE: symbol $_1_DATA.DIHEDRALS_HOT set to    5.00000     (real)
 CNSsolve>evaluate (&data.dihedrals_cool1=&dihedrals_cool1) 
 EVALUATE: symbol $_1_DATA.DIHEDRALS_COOL1 set to    5.00000     (real)
 CNSsolve>evaluate (&data.dihedrals_cool2=&dihedrals_cool2) 
 EVALUATE: symbol $_1_DATA.DIHEDRALS_COOL2 set to    50.0000     (real)
 CNSsolve>evaluate (&data.dihedrals_cool3=&dihedrals_cool3) 
 EVALUATE: symbol $_1_DATA.DIHEDRALS_COOL3 set to    200.000     (real)
 CNSsolve>evaluate (&data.hbonds_on=&hbonds_on) 
 EVALUATE: symbol $_1_DATA.HBONDS_ON set to FALSE (logical)
 CNSsolve> 
 CNSsolve>! RDC restraints 
 CNSsolve>evaluate (&Data.flags.vean =  false) 
 EVALUATE: symbol $_1_DATA.FLAGS.VEAN set to FALSE (logical)
 CNSsolve>evaluate (&Data.flags.xrdc =  false) 
 EVALUATE: symbol $_1_DATA.FLAGS.XRDC set to FALSE (logical)
 CNSsolve>evaluate (&Data.flags.sani =  false) 
 EVALUATE: symbol $_1_DATA.FLAGS.SANI set to FALSE (logical)
 CNSsolve>evaluate (&data.numrdc=&numrdc) 
 EVALUATE: symbol $_1_DATA.NUMRDC set to    0.00000     (real)
 CNSsolve>evaluate ($ncc=1) 
 EVALUATE: symbol $NCC set to    1.00000     (real)
 CNSsolve>while ($ncc <= &data.numrdc) loop rdc 
 NEXTCD: condition evaluated as false
 CNSsolve>  if (&rdc_choice_$ncc = "VANGLE") then 
 CNSsolve>    evaluate (&Data.flags.vean =  true) 
 CNSsolve>  end if 
 CNSsolve>  if (&rdc_choice_$ncc = "SANI") then 
 CNSsolve>    evaluate (&Data.flags.sani =  true) 
 CNSsolve>  end if 
 CNSsolve>  if (&rdc_choice_$ncc = "XRDC") then 
 CNSsolve>    evaluate (&Data.flags.xrdc =  true) 
 CNSsolve>  end if 
 CNSsolve>  evaluate (&data.rdc_choice_$ncc=&rdc_choice_$ncc) 
 CNSsolve>  evaluate (&data.rdc_firstIt_$ncc=&rdc_firstIt_$ncc) 
 CNSsolve>  evaluate (&data.rdc_lastIt_$ncc=&rdc_lastIt_$ncc) 
 CNSsolve>  evaluate (&data.rdc_hot_$ncc=&rdc_hot_$ncc) 
 CNSsolve>  evaluate (&data.rdc_cool1_$ncc=&rdc_cool1_$ncc) 
 CNSsolve>  evaluate (&data.rdc_cool2_$ncc=&rdc_cool2_$ncc) 
 CNSsolve>  evaluate (&data.rdc_cool3_$ncc=&rdc_cool3_$ncc) 
 CNSsolve>  evaluate (&data.rdc_r_$ncc=&rdc_r_$ncc) 
 CNSsolve>  evaluate (&data.rdc_d_$ncc=&rdc_d_$ncc) 
 CNSsolve>  evaluate (&data.ini_bor_hot_$ncc=&ini_bor_hot_$ncc) 
 CNSsolve>  evaluate (&data.ini_bor_cool1_$ncc=&ini_bor_cool1_$ncc) 
 CNSsolve>  evaluate (&data.ini_bor_cool2_$ncc=&ini_bor_cool2_$ncc) 
 CNSsolve>  evaluate (&data.ini_bor_cool3_$ncc=&ini_bor_cool3_$ncc) 
 CNSsolve>  evaluate (&data.ini_cen_hot_$ncc=&ini_cen_hot_$ncc) 
 CNSsolve>  evaluate (&data.ini_cen_cool1_$ncc=&ini_cen_cool1_$ncc) 
 CNSsolve>  evaluate (&data.ini_cen_cool2_$ncc=&ini_cen_cool2_$ncc) 
 CNSsolve>  evaluate (&data.ini_cen_cool3_$ncc=&ini_cen_cool3_$ncc) 
 CNSsolve>  evaluate (&data.fin_bor_hot_$ncc=&fin_bor_hot_$ncc) 
 CNSsolve>  evaluate (&data.fin_bor_cool1_$ncc=&fin_bor_cool1_$ncc) 
 CNSsolve>  evaluate (&data.fin_bor_cool2_$ncc=&fin_bor_cool2_$ncc) 
 CNSsolve>  evaluate (&data.fin_bor_cool3_$ncc=&fin_bor_cool3_$ncc) 
 CNSsolve>  evaluate (&data.fin_cen_hot_$ncc=&fin_cen_hot_$ncc) 
 CNSsolve>  evaluate (&data.fin_cen_cool1_$ncc=&fin_cen_cool1_$ncc) 
 CNSsolve>  evaluate (&data.fin_cen_cool2_$ncc=&fin_cen_cool2_$ncc) 
 CNSsolve>  evaluate (&data.fin_cen_cool3_$ncc=&fin_cen_cool3_$ncc) 
 CNSsolve>  evaluate ($ncc=$ncc+1) 
 CNSsolve>end loop rdc 
 CNSsolve> 
 CNSsolve>! PCS restraints 
 CNSsolve>evaluate (&Data.flags.xpcs =  false) 
 EVALUATE: symbol $_1_DATA.FLAGS.XPCS set to FALSE (logical)
 CNSsolve>evaluate (&data.numpcs=&numpcs) 
 EVALUATE: symbol $_1_DATA.NUMPCS set to    0.00000     (real)
 CNSsolve>evaluate ($ncc=1) 
 EVALUATE: symbol $NCC set to    1.00000     (real)
 CNSsolve>while ($ncc <= &numpcs) loop pcs 
 NEXTCD: condition evaluated as false
 CNSsolve>  if (&pcs_choice_$ncc = "XPCS") then 
 CNSsolve>    evaluate (&Data.flags.xpcs =  true) 
 CNSsolve>  end if 
 CNSsolve>  evaluate (&data.pcs_choice_$ncc=&pcs_choice_$ncc) 
 CNSsolve>  evaluate (&data.pcs_firstIt_$ncc=&pcs_firstIt_$ncc) 
 CNSsolve>  evaluate (&data.pcs_lastIt_$ncc=&pcs_lastIt_$ncc) 
 CNSsolve>  evaluate (&data.pcs_hot_$ncc=&pcs_hot_$ncc) 
 CNSsolve>  evaluate (&data.pcs_cool1_$ncc=&pcs_cool1_$ncc) 
 CNSsolve>  evaluate (&data.pcs_cool2_$ncc=&pcs_cool2_$ncc) 
 CNSsolve>  evaluate (&data.pcs_cool3_$ncc=&pcs_cool3_$ncc) 
 CNSsolve>  evaluate (&data.pcs_r_$ncc=&pcs_r_$ncc) 
 CNSsolve>  evaluate (&data.pcs_d_$ncc=&pcs_d_$ncc) 
 CNSsolve>  evaluate ($ncc=$ncc+1) 
 CNSsolve>end loop pcs 
 CNSsolve> 
 CNSsolve>! DANI restraints 
 CNSsolve>evaluate (&Data.flags.dani =  false) 
 EVALUATE: symbol $_1_DATA.FLAGS.DANI set to FALSE (logical)
 CNSsolve>evaluate (&data.numdani=&numdani) 
 EVALUATE: symbol $_1_DATA.NUMDANI set to    0.00000     (real)
 CNSsolve>evaluate ($ncc=1) 
 EVALUATE: symbol $NCC set to    1.00000     (real)
 CNSsolve>while ($ncc <= &numdani) loop dani 
 NEXTCD: condition evaluated as false
 CNSsolve>  if (&dan_choice_$ncc = "DANI") then 
 CNSsolve>    evaluate (&Data.flags.dani =  true) 
 CNSsolve>  end if 
 CNSsolve>  evaluate (&data.dan_choice_$ncc=&dan_choice_$ncc) 
 CNSsolve>  evaluate (&data.dan_firstIt_$ncc=&dan_firstIt_$ncc) 
 CNSsolve>  evaluate (&data.dan_lastIt_$ncc=&dan_lastIt_$ncc) 
 CNSsolve>  evaluate (&data.dan_hot_$ncc=&dan_hot_$ncc) 
 CNSsolve>  evaluate (&data.dan_cool1_$ncc=&dan_cool1_$ncc) 
 CNSsolve>  evaluate (&data.dan_cool2_$ncc=&dan_cool2_$ncc) 
 CNSsolve>  evaluate (&data.dan_cool3_$ncc=&dan_cool3_$ncc) 
 CNSsolve>  evaluate (&data.dan_tc_$ncc=&dan_tc_$ncc) 
 CNSsolve>  evaluate (&data.dan_anis_$ncc=&dan_anis_$ncc) 
 CNSsolve>  evaluate (&data.dan_r_$ncc=&dan_r_$ncc) 
 CNSsolve>  evaluate (&data.dan_wh_$ncc=&dan_wh_$ncc) 
 CNSsolve>  evaluate (&data.dan_wn_$ncc=&dan_wn_$ncc) 
 CNSsolve>  evaluate ($ncc=$ncc+1) 
 CNSsolve>end loop dani 
 CNSsolve> 
 CNSsolve>! planarity restraints 
 CNSsolve>evaluate (&Data.flags.plan =  false) 
 EVALUATE: symbol $_1_DATA.FLAGS.PLAN set to FALSE (logical)
 CNSsolve> 
 CNSsolve>! distance restraints 
 CNSsolve>evaluate (&Data.flags.noe  =  true) 
 EVALUATE: symbol $_1_DATA.FLAGS.NOE set to TRUE (logical)
 CNSsolve>evaluate (&data.scaling=&air_scaling) 
 EVALUATE: symbol $_1_DATA.SCALING set to FALSE (logical)
 CNSsolve>evaluate (&data.totnoe_unamb=&tot_unamb) 
 EVALUATE: symbol $_1_DATA.TOTNOE_UNAMB set to    25.0000     (real)
 CNSsolve>evaluate (&data.unamb_firstit=&unamb_firstit) 
 EVALUATE: symbol $_1_DATA.UNAMB_FIRSTIT set to    0.00000     (real)
 CNSsolve>evaluate (&data.unamb_lastit=&unamb_lastit) 
 EVALUATE: symbol $_1_DATA.UNAMB_LASTIT set to    2.00000     (real)
 CNSsolve>evaluate (&data.unamb_hot=&unamb_hot) 
 EVALUATE: symbol $_1_DATA.UNAMB_HOT set to    10.0000     (real)
 CNSsolve>evaluate (&data.unamb_cool1=&unamb_cool1) 
 EVALUATE: symbol $_1_DATA.UNAMB_COOL1 set to    10.0000     (real)
 CNSsolve>evaluate (&data.unamb_cool2=&unamb_cool2) 
 EVALUATE: symbol $_1_DATA.UNAMB_COOL2 set to    50.0000     (real)
 CNSsolve>evaluate (&data.unamb_cool3=&unamb_cool3) 
 EVALUATE: symbol $_1_DATA.UNAMB_COOL3 set to    50.0000     (real)
 CNSsolve>evaluate (&data.noecv=&noecv) 
 EVALUATE: symbol $_1_DATA.NOECV set to TRUE (logical)
 CNSsolve>evaluate (&data.ncvpart=&ncvpart) 
 EVALUATE: symbol $_1_DATA.NCVPART set to    2.00000     (real)
 CNSsolve> 
 CNSsolve>evaluate (&data.totnoe_amb=&tot_amb) 
 EVALUATE: symbol $_1_DATA.TOTNOE_AMB set to    0.00000     (real)
 CNSsolve>evaluate (&data.amb_firstit=&amb_firstit) 
 EVALUATE: symbol $_1_DATA.AMB_FIRSTIT set to    0.00000     (real)
 CNSsolve>evaluate (&data.amb_lastit=&amb_lastit) 
 EVALUATE: symbol $_1_DATA.AMB_LASTIT set to    2.00000     (real)
 CNSsolve>evaluate (&data.amb_hot=&amb_hot) 
 EVALUATE: symbol $_1_DATA.AMB_HOT set to    10.0000     (real)
 CNSsolve>evaluate (&data.amb_cool1=&amb_cool1) 
 EVALUATE: symbol $_1_DATA.AMB_COOL1 set to    10.0000     (real)
 CNSsolve>evaluate (&data.amb_cool2=&amb_cool2) 
 EVALUATE: symbol $_1_DATA.AMB_COOL2 set to    50.0000     (real)
 CNSsolve>evaluate (&data.amb_cool3=&amb_cool3) 
 EVALUATE: symbol $_1_DATA.AMB_COOL3 set to    50.0000     (real)
 CNSsolve> 
 CNSsolve>evaluate (&data.hbond_firstit=&hbond_firstit) 
 EVALUATE: symbol $_1_DATA.HBOND_FIRSTIT set to    0.00000     (real)
 CNSsolve>evaluate (&data.hbond_lastit=&hbond_lastit) 
 EVALUATE: symbol $_1_DATA.HBOND_LASTIT set to    2.00000     (real)
 CNSsolve>evaluate (&data.hbond_hot=&hbond_hot) 
 EVALUATE: symbol $_1_DATA.HBOND_HOT set to    10.0000     (real)
 CNSsolve>evaluate (&data.hbond_cool1=&hbond_cool1) 
 EVALUATE: symbol $_1_DATA.HBOND_COOL1 set to    10.0000     (real)
 CNSsolve>evaluate (&data.hbond_cool2=&hbond_cool2) 
 EVALUATE: symbol $_1_DATA.HBOND_COOL2 set to    50.0000     (real)
 CNSsolve>evaluate (&data.hbond_cool3=&hbond_cool3) 
 EVALUATE: symbol $_1_DATA.HBOND_COOL3 set to    50.0000     (real)
 CNSsolve> 
 CNSsolve>evaluate (&data.mrswi_hot=&mrswi_hot) 
 EVALUATE: symbol $_1_DATA.MRSWI_HOT set to   0.500000     (real)
 CNSsolve>evaluate (&data.mrswi_cool1=&mrswi_cool1) 
 EVALUATE: symbol $_1_DATA.MRSWI_COOL1 set to   0.500000     (real)
 CNSsolve>evaluate (&data.mrswi_cool2=&mrswi_cool2) 
 EVALUATE: symbol $_1_DATA.MRSWI_COOL2 set to   0.500000     (real)
 CNSsolve>evaluate (&data.mrswi_cool3=&mrswi_cool3) 
 EVALUATE: symbol $_1_DATA.MRSWI_COOL3 set to   0.500000     (real)
 CNSsolve> 
 CNSsolve>evaluate (&data.rswi_hot=&rswi_hot) 
 EVALUATE: symbol $_1_DATA.RSWI_HOT set to   0.500000     (real)
 CNSsolve>evaluate (&data.rswi_cool1=&rswi_cool1) 
 EVALUATE: symbol $_1_DATA.RSWI_COOL1 set to   0.500000     (real)
 CNSsolve>evaluate (&data.rswi_cool2=&rswi_cool2) 
 EVALUATE: symbol $_1_DATA.RSWI_COOL2 set to   0.500000     (real)
 CNSsolve>evaluate (&data.rswi_cool3=&rswi_cool3) 
 EVALUATE: symbol $_1_DATA.RSWI_COOL3 set to   0.500000     (real)
 CNSsolve> 
 CNSsolve>evaluate (&data.masy_hot=&masy_hot) 
 EVALUATE: symbol $_1_DATA.MASY_HOT set to   -1.00000     (real)
 CNSsolve>evaluate (&data.masy_cool1=&masy_cool1) 
 EVALUATE: symbol $_1_DATA.MASY_COOL1 set to   -1.00000     (real)
 CNSsolve>evaluate (&data.masy_cool2=&masy_cool2) 
 EVALUATE: symbol $_1_DATA.MASY_COOL2 set to  -0.100000     (real)
 CNSsolve>evaluate (&data.masy_cool3=&masy_cool3) 
 EVALUATE: symbol $_1_DATA.MASY_COOL3 set to  -0.100000     (real)
 CNSsolve> 
 CNSsolve>evaluate (&data.asy_hot=&asy_hot) 
 EVALUATE: symbol $_1_DATA.ASY_HOT set to    1.00000     (real)
 CNSsolve>evaluate (&data.asy_cool1=&asy_cool1) 
 EVALUATE: symbol $_1_DATA.ASY_COOL1 set to    1.00000     (real)
 CNSsolve>evaluate (&data.asy_cool2=&asy_cool2) 
 EVALUATE: symbol $_1_DATA.ASY_COOL2 set to   0.100000     (real)
 CNSsolve>evaluate (&data.asy_cool3=&asy_cool3) 
 EVALUATE: symbol $_1_DATA.ASY_COOL3 set to   0.100000     (real)
 CNSsolve> 
 CNSsolve>evaluate (&data.ranair=&ranair) 
 EVALUATE: symbol $_1_DATA.RANAIR set to FALSE (logical)
 CNSsolve>if (&data.ranair eq true) then 
 NEXTCD: condition evaluated as false
 CNSsolve>  evaluate (&data.noecv = false) 
 CNSsolve>end if 
 CNSsolve>evaluate (&data.cmrest=&cmrest) 
 EVALUATE: symbol $_1_DATA.CMREST set to FALSE (logical)
 CNSsolve>evaluate (&data.cmtight=&cmtight) 
 EVALUATE: symbol $_1_DATA.CMTIGHT set to FALSE (logical)
 CNSsolve>evaluate (&data.kcont=&kcont) 
 EVALUATE: symbol $_1_DATA.KCONT set to    1.00000     (real)
 CNSsolve>evaluate (&data.surfrest=&surfrest) 
 EVALUATE: symbol $_1_DATA.SURFREST set to FALSE (logical)
 CNSsolve>evaluate (&data.ksurf=&ksurf) 
 EVALUATE: symbol $_1_DATA.KSURF set to    1.00000     (real)
 CNSsolve> 
 CNSsolve> 
 CNSsolve>! radius of gydration restraints 
 CNSsolve>evaluate (&data.flags.rg=&rgrest) 
 EVALUATE: symbol $_1_DATA.FLAGS.RG set to FALSE (logical)
 CNSsolve>evaluate (&data.rgtarg=&rgtarg) 
 Assuming literal string "&RGTARG"
 EVALUATE: symbol $_1_DATA.RGTARG set to "&RGTARG" (string)
 CNSsolve>evaluate (&data.krg_hot=&krg_hot) 
 Assuming literal string "&KRG_HOT"
 EVALUATE: symbol $_1_DATA.KRG_HOT set to "&KRG_HOT" (string)
 CNSsolve>evaluate (&data.krg_cool1=&krg_cool1) 
 Assuming literal string "&KRG_COOL1"
 EVALUATE: symbol $_1_DATA.KRG_COOL1 set to "&KRG_COOL1" (string)
 CNSsolve>evaluate (&data.krg_cool2=&krg_cool2) 
 Assuming literal string "&KRG_COOL2"
 EVALUATE: symbol $_1_DATA.KRG_COOL2 set to "&KRG_COOL2" (string)
 CNSsolve>evaluate (&data.krg_cool3=&krg_cool3) 
 Assuming literal string "&KRG_COOL3"
 EVALUATE: symbol $_1_DATA.KRG_COOL3 set to "&KRG_COOL3" (string)
 CNSsolve>evaluate (&data.rgsele=&rgsele) 
 Assuming literal string "&RGSELE"
 EVALUATE: symbol $_1_DATA.RGSELE set to "&RGSELE" (string)
 CNSsolve> 
 CNSsolve>evaluate (&data.kzres=&kzres) 
 Assuming literal string "&KZRES"
 EVALUATE: symbol $_1_DATA.KZRES set to "&KZRES" (string)
 CNSsolve>evaluate (&data.zresmax=&zresmax) 
 Assuming literal string "&ZRESMAX"
 EVALUATE: symbol $_1_DATA.ZRESMAX set to "&ZRESMAX" (string)
 CNSsolve>evaluate (&data.zresmin=&zresmin) 
 Assuming literal string "&ZRESMIN"
 EVALUATE: symbol $_1_DATA.ZRESMIN set to "&ZRESMIN" (string)
 CNSsolve> 
 CNSsolve>! keep or delete non-polar hydrogens 
 CNSsolve>evaluate (&toppar.delenph=&delenph) 
 EVALUATE: symbol $_1_TOPPAR.DELENPH set to TRUE (logical)
 CNSsolve> 
 CNSsolve> 
 CNSsolve>!Electrostatics: 
 CNSsolve>evaluate (&Data.flags.dihed = &dihedflag) 
 EVALUATE: symbol $_1_DATA.FLAGS.DIHED set to TRUE (logical)
 CNSsolve>evaluate (&Data.flags.elec0 = &elecflag_0) 
 EVALUATE: symbol $_1_DATA.FLAGS.ELEC0 set to TRUE (logical)
 CNSsolve>evaluate (&Data.flags.elec1 = &elecflag_1) 
 EVALUATE: symbol $_1_DATA.FLAGS.ELEC1 set to TRUE (logical)
 CNSsolve>evaluate (&Data.epsilon0 = &epsilon_0) 
 EVALUATE: symbol $_1_DATA.EPSILON0 set to    78.0000     (real)
 CNSsolve>evaluate (&Data.epsilon1 = &epsilon_1) 
 EVALUATE: symbol $_1_DATA.EPSILON1 set to    78.0000     (real)
 CNSsolve>evaluate (&Data.dielec0  = &dielec_0) 
 Assuming literal string "CDIE"
 EVALUATE: symbol $_1_DATA.DIELEC0 set to "CDIE" (string)
 CNSsolve>evaluate (&Data.dielec1  = &dielec_1) 
 Assuming literal string "CDIE"
 EVALUATE: symbol $_1_DATA.DIELEC1 set to "CDIE" (string)
 CNSsolve> 
 CNSsolve>!Check for CG and if present force cdie 
 CNSsolve>evaluate($cg = false) 
 EVALUATE: symbol $CG set to FALSE (logical)
 CNSsolve>evaluate($nchain1 = 0) 
 EVALUATE: symbol $NCHAIN1 set to    0.00000     (real)
 CNSsolve>while ($nchain1 < $data.ncomponents) loop cgmol 
 NEXTCD: condition evaluated as true
 CNSsolve>  evaluate($nchain1 = $nchain1 + 1) 
 EVALUATE: symbol $NCHAIN1 set to    1.00000     (real)
 CNSsolve>  if ($Toppar.cg_$nchain1 eq true) then 
 NEXTCD: condition evaluated as false
 CNSsolve>    evaluate($cg = true) 
 CNSsolve>  end if 
 CNSsolve>end loop cgmol 
 CNSsolve>while ($nchain1 < $data.ncomponents) loop cgmol 
 NEXTCD: condition evaluated as true
 CNSsolve>  evaluate($nchain1 = $nchain1 + 1) 
 EVALUATE: symbol $NCHAIN1 set to    2.00000     (real)
 CNSsolve>  if ($Toppar.cg_$nchain1 eq true) then 
 NEXTCD: condition evaluated as false
 CNSsolve>    evaluate($cg = true) 
 CNSsolve>  end if 
 CNSsolve>end loop cgmol 
 CNSsolve>while ($nchain1 < $data.ncomponents) loop cgmol 
 NEXTCD: condition evaluated as false
 CNSsolve>  evaluate($nchain1 = $nchain1 + 1) 
 CNSsolve>  if ($Toppar.cg_$nchain1 eq true) then 
 CNSsolve>    evaluate($cg = true) 
 CNSsolve>  end if 
 CNSsolve>end loop cgmol 
 CNSsolve> 
 CNSsolve>if ($cg = true) then 
 NEXTCD: condition evaluated as false
 CNSsolve>  evaluate (&Data.dielec0  = cdie) 
 CNSsolve>  evaluate (&Data.dielec1  = cdie) 
 CNSsolve>  evaluate (&Data.epsilon1 = &Data.epsilon0) 
 CNSsolve>  display "FORCING CDIE FOR ELECTROSTATICS BECAUSE OF COARSE GRAINING" 
 CNSsolve>end if 
 CNSsolve> 
 CNSsolve>!Interaction matrix: 
 CNSsolve>evaluate ($nmol1=1) 
 EVALUATE: symbol $NMOL1 set to    1.00000     (real)
 CNSsolve>while ($nmol1 <= &data.ncomponents) loop mol1 
 NEXTCD: condition evaluated as true
 CNSsolve>  evaluate ($nmol2=$nmol1 + 1) 
 EVALUATE: symbol $NMOL2 set to    2.00000     (real)
 CNSsolve>  evaluate (&toppar.int_$nmol1_$nmol1 = &int_$nmol1_$nmol1) 
 EVALUATE: symbol $_1_TOPPAR.INT_1_1 set to    1.00000     (real)
 CNSsolve>  while ($nmol2 <= &data.ncomponents) loop mol2 
 NEXTCD: condition evaluated as true
 CNSsolve>    evaluate (&toppar.int_$nmol1_$nmol2 = &int_$nmol1_$nmol2) 
 EVALUATE: symbol $_1_TOPPAR.INT_1_2 set to    1.00000     (real)
 CNSsolve>    evaluate (&toppar.int_$nmol2_$nmol1 = &int_$nmol1_$nmol2) 
 EVALUATE: symbol $_1_TOPPAR.INT_2_1 set to    1.00000     (real)
 CNSsolve>    evaluate ($nmol2=$nmol2 + 1) 
 EVALUATE: symbol $NMOL2 set to    3.00000     (real)
 CNSsolve>  end loop mol2 
 CNSsolve>  while ($nmol2 <= &data.ncomponents) loop mol2 
 NEXTCD: condition evaluated as false
 CNSsolve>    evaluate (&toppar.int_$nmol1_$nmol2 = &int_$nmol1_$nmol2) 
 CNSsolve>    evaluate (&toppar.int_$nmol2_$nmol1 = &int_$nmol1_$nmol2) 
 CNSsolve>    evaluate ($nmol2=$nmol2 + 1) 
 CNSsolve>  end loop mol2 
 CNSsolve>  evaluate ($nmol1 = $nmol1 + 1) 
 EVALUATE: symbol $NMOL1 set to    2.00000     (real)
 CNSsolve>end loop mol1 
 CNSsolve>while ($nmol1 <= &data.ncomponents) loop mol1 
 NEXTCD: condition evaluated as true
 CNSsolve>  evaluate ($nmol2=$nmol1 + 1) 
 EVALUATE: symbol $NMOL2 set to    3.00000     (real)
 CNSsolve>  evaluate (&toppar.int_$nmol1_$nmol1 = &int_$nmol1_$nmol1) 
 EVALUATE: symbol $_1_TOPPAR.INT_2_2 set to    1.00000     (real)
 CNSsolve>  while ($nmol2 <= &data.ncomponents) loop mol2 
 NEXTCD: condition evaluated as false
 CNSsolve>    evaluate (&toppar.int_$nmol1_$nmol2 = &int_$nmol1_$nmol2) 
 CNSsolve>    evaluate (&toppar.int_$nmol2_$nmol1 = &int_$nmol1_$nmol2) 
 CNSsolve>    evaluate ($nmol2=$nmol2 + 1) 
 CNSsolve>  end loop mol2 
 CNSsolve>  evaluate ($nmol1 = $nmol1 + 1) 
 EVALUATE: symbol $NMOL1 set to    3.00000     (real)
 CNSsolve>end loop mol1 
 CNSsolve>while ($nmol1 <= &data.ncomponents) loop mol1 
 NEXTCD: condition evaluated as false
 CNSsolve>  evaluate ($nmol2=$nmol1 + 1) 
 CNSsolve>  evaluate (&toppar.int_$nmol1_$nmol1 = &int_$nmol1_$nmol1) 
 CNSsolve>  while ($nmol2 <= &data.ncomponents) loop mol2 
 CNSsolve>    evaluate (&toppar.int_$nmol1_$nmol2 = &int_$nmol1_$nmol2) 
 CNSsolve>    evaluate (&toppar.int_$nmol2_$nmol1 = &int_$nmol1_$nmol2) 
 CNSsolve>    evaluate ($nmol2=$nmol2 + 1) 
 CNSsolve>  end loop mol2 
 CNSsolve>  evaluate ($nmol1 = $nmol1 + 1) 
 CNSsolve>end loop mol1 
 CNSsolve> 
 CNSsolve>!intermolecular contacts analysis 
 CNSsolve>evaluate (&data.hb_dist=&dist_hb) 
 EVALUATE: symbol $_1_DATA.HB_DIST set to    2.50000     (real)
 CNSsolve>evaluate (&data.nb_dist=&dist_nb) 
 EVALUATE: symbol $_1_DATA.NB_DIST set to    3.90000     (real)
 CNSsolve> 
 CNSsolve> 
 CNSsolve>!water refinement 
 CNSsolve>evaluate (&refine.firstwater=&firstwater) 
 EVALUATE: symbol $_1_REFINE.FIRSTWATER set to "yes" (string)
 CNSsolve>evaluate (&refine.solvshell=&solvshell) 
 EVALUATE: symbol $_1_REFINE.SOLVSHELL set to TRUE (logical)
 CNSsolve>evaluate (&refine.keepwater=&keepwater) 
 EVALUATE: symbol $_1_REFINE.KEEPWATER set to TRUE (logical)
 CNSsolve>evaluate (&refine.waterrefine=min(&structures_1,&waterrefine)) 
 EVALUATE: symbol $_1_REFINE.WATERREFINE set to    200.000     (real)
 CNSsolve>evaluate (&refine.solvent=&solvent) 
 EVALUATE: symbol $_1_REFINE.SOLVENT set to "water" (string)
 CNSsolve>evaluate (&refine.heatsteps=&waterheatsteps) 
 EVALUATE: symbol $_1_REFINE.HEATSTEPS set to    100.000     (real)
 CNSsolve>evaluate (&refine.steps=&watersteps) 
 EVALUATE: symbol $_1_REFINE.STEPS set to    1250.00     (real)
 CNSsolve>evaluate (&refine.coolsteps=&watercoolsteps) 
 EVALUATE: symbol $_1_REFINE.COOLSTEPS set to    500.000     (real)
 CNSsolve> 
 CNSsolve> 
 CNSsolve>!for the non-bonded parameters (the section was taken out of 
 CNSsolve>!parallhdg5.0.pro and parallhdg5.1.pro, so be careful!): 
 CNSsolve>if (&toppar.par_nonbonded eq "PROLSQ") then 
 NEXTCD: condition evaluated as false
 CNSsolve>    evaluate (&toppar.repel_radius = 1.0) 
 CNSsolve>    evaluate (&toppar.repel_rcons = 20) 
 CNSsolve>    evaluate (&toppar.repel_rexpo  = 4) 
 CNSsolve>    evaluate (&toppar.repel_irexp  = 1) 
 CNSsolve>elseif (&toppar.par_nonbonded eq "PARMALLH6") then 
 NEXTCD: condition evaluated as false
 CNSsolve>    evaluate (&toppar.repel_radius = 0.8) 
 CNSsolve>    evaluate (&toppar.repel_rcons = 5.0) 
 CNSsolve>    evaluate (&toppar.repel_rexpo  = 2) 
 CNSsolve>    evaluate (&toppar.repel_irexp  = 2) 
 CNSsolve>elseif (&toppar.par_nonbonded eq "OPLSX") then 
 NEXTCD: condition evaluated as true
 CNSsolve>    evaluate (&toppar.repel_radius = 0.0) 
 EVALUATE: symbol $_1_TOPPAR.REPEL_RADIUS set to    0.00000     (real)
 CNSsolve>else        {...now the standard PARALLHDG parameters} 
 CNSsolve>    evaluate (&toppar.repel_radius = 0.78) 
 CNSsolve>    evaluate (&toppar.repel_rcons = 5.0) 
 CNSsolve>    evaluate (&toppar.repel_rexpo  = 2) 
 CNSsolve>    evaluate (&toppar.repel_irexp  = 2) 
 CNSsolve>end if 
 CNSsolve> 
 CNSsolve>! Water in rigid body docking 
 CNSsolve>evaluate (&data.waterdock=&waterdock) 
 EVALUATE: symbol $_1_DATA.WATERDOCK set to FALSE (logical)
 CNSsolve>evaluate (&data.db_method=&db_method) 
 EVALUATE: symbol $_1_DATA.DB_METHOD set to "kytedoolittle" (string)
 CNSsolve>evaluate (&data.water_tokeep=&water_tokeep) 
 EVALUATE: symbol $_1_DATA.WATER_TOKEEP set to   0.500000     (real)
 CNSsolve>evaluate (&data.dnap_water_tokeep=&dnap_water_tokeep) 
 EVALUATE: symbol $_1_DATA.DNAP_WATER_TOKEEP set to   0.750000     (real)
 CNSsolve>evaluate (&data.water_randfrac=&water_randfrac) 
 EVALUATE: symbol $_1_DATA.WATER_RANDFRAC set to    0.00000     (real)
 CNSsolve>evaluate (&data.solvate_method=&solvate_method) 
 EVALUATE: symbol $_1_DATA.SOLVATE_METHOD set to "db" (string)
 CNSsolve>evaluate (&data.water_surfcutoff=&water_surfcutoff) 
 EVALUATE: symbol $_1_DATA.WATER_SURFCUTOFF set to    8.00000     (real)
 CNSsolve>evaluate (&data.water_analysis=&water_analysis) 
 EVALUATE: symbol $_1_DATA.WATER_ANALYSIS set to FALSE (logical)
 CNSsolve>evaluate (&data.transwater=&transwater) 
 EVALUATE: symbol $_1_DATA.TRANSWATER set to TRUE (logical)
 CNSsolve>evaluate (&data.water_restraint_initial=&water_restraint_initial) 
 EVALUATE: symbol $_1_DATA.WATER_RESTRAINT_INITIAL set to    5.00000     (real)
 CNSsolve>evaluate (&data.water_restraint_cutoff=&water_restraint_cutoff) 
 EVALUATE: symbol $_1_DATA.WATER_RESTRAINT_CUTOFF set to    5.00000     (real)
 CNSsolve>evaluate (&data.water_restraint_scale=&water_restraint_scale) 
 EVALUATE: symbol $_1_DATA.WATER_RESTRAINT_SCALE set to    25.0000     (real)
 CNSsolve>evaluate (&data.waterensemble=&waterensemble) 
 EVALUATE: symbol $_1_DATA.WATERENSEMBLE set to    1.00000     (real)
 CNSsolve> 
 CNSsolve>! Centroid parameters 
 CNSsolve>eval(&data.flags.centroids = &centroid_rest) 
 EVALUATE: symbol $_1_DATA.FLAGS.CENTROIDS set to FALSE (logical)
 CNSsolve>eval(&data.centroids.kscale = &centroid_kscale) 
 EVALUATE: symbol $_1_DATA.CENTROIDS.KSCALE set to    50.0000     (real)
 CNSsolve>eval($nchain = 0) 
 EVALUATE: symbol $NCHAIN set to    0.00000     (real)
 CNSsolve>while ($nchain < &ncomponents) loop nloop1 
 NEXTCD: condition evaluated as true
 CNSsolve>    eval($nchain = $nchain + 1) 
 EVALUATE: symbol $NCHAIN set to    1.00000     (real)
 CNSsolve>    eval(&data.centroids.xcom_$nchain = &xcom_$nchain) 
 Assuming literal string "&XCOM_$NCHAIN"
 EVALUATE: symbol $_1_DATA.CENTROIDS.XCOM_1 set to "&XCOM_$NCHAIN" (string)
 CNSsolve>    eval(&data.centroids.ycom_$nchain = &ycom_$nchain) 
 Assuming literal string "&YCOM_$NCHAIN"
 EVALUATE: symbol $_1_DATA.CENTROIDS.YCOM_1 set to "&YCOM_$NCHAIN" (string)
 CNSsolve>    eval(&data.centroids.zcom_$nchain = &zcom_$nchain) 
 Assuming literal string "&ZCOM_$NCHAIN"
 EVALUATE: symbol $_1_DATA.CENTROIDS.ZCOM_1 set to "&ZCOM_$NCHAIN" (string)
 CNSsolve>    eval(&data.centroids.ambi_$nchain = &ambi_$nchain) 
 Assuming literal string "&AMBI_$NCHAIN"
 EVALUATE: symbol $_1_DATA.CENTROIDS.AMBI_1 set to "&AMBI_$NCHAIN" (string)
 CNSsolve>end loop nloop1 
 CNSsolve>while ($nchain < &ncomponents) loop nloop1 
 NEXTCD: condition evaluated as true
 CNSsolve>    eval($nchain = $nchain + 1) 
 EVALUATE: symbol $NCHAIN set to    2.00000     (real)
 CNSsolve>    eval(&data.centroids.xcom_$nchain = &xcom_$nchain) 
 Assuming literal string "&XCOM_$NCHAIN"
 EVALUATE: symbol $_1_DATA.CENTROIDS.XCOM_2 set to "&XCOM_$NCHAIN" (string)
 CNSsolve>    eval(&data.centroids.ycom_$nchain = &ycom_$nchain) 
 Assuming literal string "&YCOM_$NCHAIN"
 EVALUATE: symbol $_1_DATA.CENTROIDS.YCOM_2 set to "&YCOM_$NCHAIN" (string)
 CNSsolve>    eval(&data.centroids.zcom_$nchain = &zcom_$nchain) 
 Assuming literal string "&ZCOM_$NCHAIN"
 EVALUATE: symbol $_1_DATA.CENTROIDS.ZCOM_2 set to "&ZCOM_$NCHAIN" (string)
 CNSsolve>    eval(&data.centroids.ambi_$nchain = &ambi_$nchain) 
 Assuming literal string "&AMBI_$NCHAIN"
 EVALUATE: symbol $_1_DATA.CENTROIDS.AMBI_2 set to "&AMBI_$NCHAIN" (string)
 CNSsolve>end loop nloop1 
 CNSsolve>while ($nchain < &ncomponents) loop nloop1 
 NEXTCD: condition evaluated as false
 CNSsolve>    eval($nchain = $nchain + 1) 
 CNSsolve>    eval(&data.centroids.xcom_$nchain = &xcom_$nchain) 
 CNSsolve>    eval(&data.centroids.ycom_$nchain = &ycom_$nchain) 
 CNSsolve>    eval(&data.centroids.zcom_$nchain = &zcom_$nchain) 
 CNSsolve>    eval(&data.centroids.ambi_$nchain = &ambi_$nchain) 
 CNSsolve>end loop nloop1 
 CNSsolve> 
 CNSsolve>if (&saprotocol.expand eq true) then 
 NEXTCD: condition evaluated as false
 CNSsolve>  eval(&data.flags.centroids = true) 
 CNSsolve>end if 
 CNSsolve> 
 CNSsolve>! Cryo-EM parameters 
 CNSsolve>eval(&data.flags.em = &em_rest) 
 EVALUATE: symbol $_1_DATA.FLAGS.EM set to FALSE (logical)
 CNSsolve>eval(&data.em.kscale = &em_kscale) 
 EVALUATE: symbol $_1_DATA.EM.KSCALE set to    15000.0     (real)
 CNSsolve>eval(&data.em.it0 = &em_it0) 
 EVALUATE: symbol $_1_DATA.EM.IT0 set to FALSE (logical)
 CNSsolve>eval(&data.em.it1 = &em_it1) 
 EVALUATE: symbol $_1_DATA.EM.IT1 set to FALSE (logical)
 CNSsolve>eval(&data.em.itw = &em_itw) 
 EVALUATE: symbol $_1_DATA.EM.ITW set to FALSE (logical)
 CNSsolve>eval(&data.em.resolution = &em_resolution) 
 Assuming literal string "NONE"
 EVALUATE: symbol $_1_DATA.EM.RESOLUTION set to "NONE" (string)
 CNSsolve>eval(&data.em.nx = &nx) 
 EVALUATE: symbol $_1_DATA.EM.NX set to    32.0000     (real)
 CNSsolve>eval(&data.em.ny = &ny) 
 EVALUATE: symbol $_1_DATA.EM.NY set to    32.0000     (real)
 CNSsolve>eval(&data.em.nz = &nz) 
 EVALUATE: symbol $_1_DATA.EM.NZ set to    32.0000     (real)
 CNSsolve>eval(&data.em.xlength = &xlength) 
 EVALUATE: symbol $_1_DATA.EM.XLENGTH set to    80.0000     (real)
 CNSsolve>eval(&data.em.ylength = &ylength) 
 EVALUATE: symbol $_1_DATA.EM.YLENGTH set to    80.0000     (real)
 CNSsolve>eval(&data.em.zlength = &zlength) 
 EVALUATE: symbol $_1_DATA.EM.ZLENGTH set to    80.0000     (real)
 CNSsolve> 
 CNSsolve>if (&data.flags.em eq true) then 
 NEXTCD: condition evaluated as false
 CNSsolve>  eval(&data.waterdock = false) 
 CNSsolve>  display "EM restraints and solvated docking are incompatible - turning solvated docking OFF" 
 CNSsolve>end if 
 CNSsolve> 
 CNSsolve>if (&data.waterdock eq true) then 
 NEXTCD: condition evaluated as false
 CNSsolve>  evaluate (&saprotocol.rotate180_it0 = false) 
 CNSsolve>  evaluate (&saprotocol.rotate180_it1 = false) 
 CNSsolve>  evaluate (&SaProtocol.initiosteps = 0) 
 CNSsolve>  evaluate (&SaProtocol.cool1_steps = 0) 
 CNSsolve>  evaluate (&refine.keepwater = true) 
 CNSsolve>  display SOLVATED DOCKING TURNED ON: initiosteps and cool1_steps set to 0, rotate180 set to false 
 CNSsolve>end if 
 CNSsolve> 
 CNSsolve>! Flexible region cutoff 
 CNSsolve>evaluate (&data.flcut_nb = &flcut_nb) 
 EVALUATE: symbol $_1_DATA.FLCUT_NB set to    5.00000     (real)
 CNSsolve> 
 CNSsolve>evaluate ($log_level=quiet) 
 Assuming literal string "QUIET"
 EVALUATE: symbol $LOG_LEVEL set to "QUIET" (string)
 CNSsolve> 
 CNSsolve>if ( $log_level = verbose ) then 
 NEXTCD: condition evaluated as false
 CNSsolve>   set message=normal echo=on end 
 CNSsolve>else 
 CNSsolve>   set message=off echo=off end 
 CNSsolve>evaluate ($structurefile = "RUN:begin/" + $Filenames.fileroot + ".psf") 
 EVALUATE: symbol $STRUCTUREFILE set to "RUN:begin/complex.psf" (string)
 CNSsolve>structure @@$structurefile end 
 ASSFIL: file complex.psf opened.
 STRUcture>data_cns_mtf 
 REMARKS FILENAME="complex.psf"
 REMARKS DATE:23-Apr-2026  03:32:42       created by user: enmr
 REMARKS VERSION:1.3U
 Status of internal molecular topology database:
 -> NATOM=       1622(MAXA=     1000000)  NBOND=       1747(MAXB=     1000000)
 -> NTHETA=      3167(MAXT=     2000000)  NGRP=         519(MAXGRP=   1000000)
 -> NPHI=          22(MAXP=     2000000)  NIMPHI=      1110(MAXIMP=   1000000)
 -> NNB=          150(MAXNB=    1000000) 
 STRUcture> 
 STRUcture> end 
 CNSsolve> 
 CNSsolve>! create and set the dummy atoms if centroids are required in rigid body stage 
 CNSsolve>if ($Data.flags.centroids = true) then 
 NEXTCD: condition evaluated as false
 CNSsolve>    if ($iteration = 0) then 
 CNSsolve>        @RUN:protocols/centroids_create.cns(ncomponents=$Data.ncomponents; Toppar=$Toppar;) 
 ASSFIL: file centroids_create.cns opened.
 CNSsolve>module (ncomponents; Toppar;) 
 CNSsolve>    {Create and initialize Dummy residues for each segid 
 CNSsolve> 
 CNSsolve>    Parameters 
 CNSsolve>    ---------- 
 CNSsolve>    ncomponents : int 
 CNSsolve>        Number of components/segids 
 CNSsolve> 
 CNSsolve>    Toppar : data-structure 
 CNSsolve>        The Toppar data-structure 
 CNSsolve> 
 CNSsolve>    Side-effects 
 CNSsolve>    ------------ 
 CNSsolve>    A DUM residue is appended to each segid and placed at the origin 
 CNSsolve>    } 
 CNSsolve> 
 CNSsolve>    ! define topology of DUM residue 
 CNSsolve>    topology 
 CNSsolve>        mass DD 100.00 
 CNSsolve>        residue DUM group 
 CNSsolve>            atom DUM type=DD charge=0.000 end 
 CNSsolve>            atom MAP type=DD charge=0.000 end 
 CNSsolve>        end 
 CNSsolve>    end 
 CNSsolve>    ! define non-bonded parameters 
 CNSsolve>    parameter 
 CNSsolve>        nonbonded DD 0.001 0.001 0.001 0.001 end 
 CNSsolve>    end 
 CNSsolve> 
 CNSsolve>    ! place dummy atom of dummy residue in the center of each chain 
 CNSsolve>    evaluate($nchain1 = 0) 
 CNSsolve>    while ($nchain1 < &ncomponents) loop nloopdum 
 CNSsolve>        evaluate($nchain1 = $nchain1 + 1) 
 CNSsolve> 
 CNSsolve>        ! create the dummy residue 
 CNSsolve>        segment 
 CNSsolve>            name="TMP1" 
 CNSsolve>            chain 
 CNSsolve>                sequence "DUM" end 
 CNSsolve>            end 
 CNSsolve>        end 
 CNSsolve> 
 CNSsolve>        ! set the residue id of dummy to last residue + 1 
 CNSsolve>        show max(decode(resid)) (segid &Toppar.prot_segid_$nchain1) 
 CNSsolve>        evaluate($maxresid = $result) 
 CNSsolve> 
 CNSsolve>        ! change the segid of the dummy residue 
 CNSsolve>        do (segid = &Toppar.prot_segid_$nchain1) (segid TMP1) 
 CNSsolve> 
 CNSsolve>        ! set residue id and coordinate of the dummy residue 
 CNSsolve>        do (x = 0) (segid &Toppar.prot_segid_$nchain1 and resn DUM) 
 CNSsolve>        do (y = 0) (segid &Toppar.prot_segid_$nchain1 and resn DUM) 
 CNSsolve>        do (z = 0) (segid &Toppar.prot_segid_$nchain1 and resn DUM) 
 CNSsolve>        do (resid = encode($maxresid + 1)) (segid &Toppar.prot_segid_$nchain1 and resn DUM) 
 CNSsolve> 
 CNSsolve>    end loop nloopdum 
 CNSsolve>        @RUN:protocols/centroids_initialize.cns 
 ASSFIL: file centroids_initialize.cns opened.
 CNSsolve>{Places DUM-residue on the center of each segid} 
 CNSsolve> 
 CNSsolve>eval($nchain1 = 0) 
 CNSsolve>while ($nchain1 < $data.ncomponents) loop nloop1 
 CNSsolve>    eval($nchain1 = $nchain1 + 1) 
 CNSsolve> 
 CNSsolve>    show ave(x) (segid $Toppar.prot_segid_$nchain1 and (not name H*) and (not resn DUM)) 
 CNSsolve>    eval($center.x = $RESULT) 
 CNSsolve>    show ave(y) (segid $Toppar.prot_segid_$nchain1 and (not name H*) and (not resn DUM)) 
 CNSsolve>    eval($center.y = $RESULT) 
 CNSsolve>    show ave(z) (segid $Toppar.prot_segid_$nchain1 and (not name H*) and (not resn DUM)) 
 CNSsolve>    eval($center.z = $RESULT) 
 CNSsolve> 
 CNSsolve>    do (x = $center.x) (segid $Toppar.prot_segid_$nchain1 and resn DUM) 
 CNSsolve>    do (y = $center.y) (segid $Toppar.prot_segid_$nchain1 and resn DUM) 
 CNSsolve>    do (z = $center.z) (segid $Toppar.prot_segid_$nchain1 and resn DUM) 
 CNSsolve>end loop nloop1 
 CNSsolve>    end if 
 CNSsolve>    if ($iteration = 1) then 
 CNSsolve>      if ($saprotocol.expand = true) then 
 CNSsolve>        @RUN:protocols/centroids_create.cns(ncomponents=$Data.ncomponents; Toppar=$Toppar;) 
 ASSFIL: file centroids_create.cns opened.
 CNSsolve>module (ncomponents; Toppar;) 
 CNSsolve>    {Create and initialize Dummy residues for each segid 
 CNSsolve> 
 CNSsolve>    Parameters 
 CNSsolve>    ---------- 
 CNSsolve>    ncomponents : int 
 CNSsolve>        Number of components/segids 
 CNSsolve> 
 CNSsolve>    Toppar : data-structure 
 CNSsolve>        The Toppar data-structure 
 CNSsolve> 
 CNSsolve>    Side-effects 
 CNSsolve>    ------------ 
 CNSsolve>    A DUM residue is appended to each segid and placed at the origin 
 CNSsolve>    } 
 CNSsolve> 
 CNSsolve>    ! define topology of DUM residue 
 CNSsolve>    topology 
 CNSsolve>        mass DD 100.00 
 CNSsolve>        residue DUM group 
 CNSsolve>            atom DUM type=DD charge=0.000 end 
 CNSsolve>            atom MAP type=DD charge=0.000 end 
 CNSsolve>        end 
 CNSsolve>    end 
 CNSsolve>    ! define non-bonded parameters 
 CNSsolve>    parameter 
 CNSsolve>        nonbonded DD 0.001 0.001 0.001 0.001 end 
 CNSsolve>    end 
 CNSsolve> 
 CNSsolve>    ! place dummy atom of dummy residue in the center of each chain 
 CNSsolve>    evaluate($nchain1 = 0) 
 CNSsolve>    while ($nchain1 < &ncomponents) loop nloopdum 
 CNSsolve>        evaluate($nchain1 = $nchain1 + 1) 
 CNSsolve> 
 CNSsolve>        ! create the dummy residue 
 CNSsolve>        segment 
 CNSsolve>            name="TMP1" 
 CNSsolve>            chain 
 CNSsolve>                sequence "DUM" end 
 CNSsolve>            end 
 CNSsolve>        end 
 CNSsolve> 
 CNSsolve>        ! set the residue id of dummy to last residue + 1 
 CNSsolve>        show max(decode(resid)) (segid &Toppar.prot_segid_$nchain1) 
 CNSsolve>        evaluate($maxresid = $result) 
 CNSsolve> 
 CNSsolve>        ! change the segid of the dummy residue 
 CNSsolve>        do (segid = &Toppar.prot_segid_$nchain1) (segid TMP1) 
 CNSsolve> 
 CNSsolve>        ! set residue id and coordinate of the dummy residue 
 CNSsolve>        do (x = 0) (segid &Toppar.prot_segid_$nchain1 and resn DUM) 
 CNSsolve>        do (y = 0) (segid &Toppar.prot_segid_$nchain1 and resn DUM) 
 CNSsolve>        do (z = 0) (segid &Toppar.prot_segid_$nchain1 and resn DUM) 
 CNSsolve>        do (resid = encode($maxresid + 1)) (segid &Toppar.prot_segid_$nchain1 and resn DUM) 
 CNSsolve> 
 CNSsolve>    end loop nloopdum 
 CNSsolve>        @RUN:protocols/centroids_initialize.cns 
 ASSFIL: file centroids_initialize.cns opened.
 CNSsolve>{Places DUM-residue on the center of each segid} 
 CNSsolve> 
 CNSsolve>eval($nchain1 = 0) 
 CNSsolve>while ($nchain1 < $data.ncomponents) loop nloop1 
 CNSsolve>    eval($nchain1 = $nchain1 + 1) 
 CNSsolve> 
 CNSsolve>    show ave(x) (segid $Toppar.prot_segid_$nchain1 and (not name H*) and (not resn DUM)) 
 CNSsolve>    eval($center.x = $RESULT) 
 CNSsolve>    show ave(y) (segid $Toppar.prot_segid_$nchain1 and (not name H*) and (not resn DUM)) 
 CNSsolve>    eval($center.y = $RESULT) 
 CNSsolve>    show ave(z) (segid $Toppar.prot_segid_$nchain1 and (not name H*) and (not resn DUM)) 
 CNSsolve>    eval($center.z = $RESULT) 
 CNSsolve> 
 CNSsolve>    do (x = $center.x) (segid $Toppar.prot_segid_$nchain1 and resn DUM) 
 CNSsolve>    do (y = $center.y) (segid $Toppar.prot_segid_$nchain1 and resn DUM) 
 CNSsolve>    do (z = $center.z) (segid $Toppar.prot_segid_$nchain1 and resn DUM) 
 CNSsolve>end loop nloop1 
 CNSsolve>        delete sele=(name MAP) end 
 CNSsolve>      end if 
 CNSsolve>    end if 
 CNSsolve>end if 
 CNSsolve> 
 CNSsolve>!for the rdc restraints: 
 CNSsolve>if ($Data.flags.sani = true) then 
 NEXTCD: condition evaluated as false
 CNSsolve>  topology  @@RUN:toppar/top_axis.pro end 
 CNSsolve>  parameter @@RUN:toppar/par_axis.pro end 
 CNSsolve>  structure @@RUN:toppar/tensor.psf end 
 CNSsolve>end if 
 CNSsolve>eval ($xtensor = false) 
 EVALUATE: symbol $XTENSOR set to FALSE (logical)
 CNSsolve>if ($Data.flags.xrdc = true) then 
 NEXTCD: condition evaluated as false
 CNSsolve>  eval ($xtensor = true) 
 CNSsolve>end if 
 CNSsolve>if ($Data.flags.xpcs = true) then 
 NEXTCD: condition evaluated as false
 CNSsolve>  eval ($xtensor = true) 
 CNSsolve>end if 
 CNSsolve>if ($xtensor = true) then 
 NEXTCD: condition evaluated as false
 CNSsolve>  topology  @@RUN:toppar/top_axis.pro end 
 CNSsolve>  parameter @@RUN:toppar/par_axis.pro end 
 CNSsolve>  structure @@RUN:toppar/tensor_para.psf end 
 CNSsolve>end if 
 CNSsolve>if ($Data.flags.dani = true) then 
 NEXTCD: condition evaluated as false
 CNSsolve>  topology  @@RUN:toppar/top_axis_dani.pro end 
 CNSsolve>  parameter @@RUN:toppar/par_axis.pro end 
 CNSsolve>  structure @@RUN:toppar/tensor_dani.psf end 
 CNSsolve>end if 
 CNSsolve> 
 CNSsolve>!read the parameter files: 
 CNSsolve>if ($toppar.par_nonbonded = "") then 
 NEXTCD: condition evaluated as false
 CNSsolve>  evaluate ($toppar.par_nonbonded = "OPLSX") 
 CNSsolve>end if 
 CNSsolve>evaluate ($par_nonbonded = $toppar.par_nonbonded) 
 EVALUATE: symbol $PAR_NONBONDED set to "OPLSX" (string)
 CNSsolve> 
 CNSsolve>eval($nchain1= 1) 
 EVALUATE: symbol $NCHAIN1 set to    1.00000     (real)
 CNSsolve>eval($coarse = false) 
 EVALUATE: symbol $COARSE set to FALSE (logical)
 CNSsolve>while ($nchain1 <= $data.ncomponents) loop cloop1 
 NEXTCD: condition evaluated as true
 CNSsolve>  evaluate ($par_cg_$nchain1 = false) 
 EVALUATE: symbol $PAR_CG_1 set to FALSE (logical)
 CNSsolve>  evaluate ($parstatus_cg_$nchain1 = false) 
 EVALUATE: symbol $PARSTATUS_CG_1 set to FALSE (logical)
 CNSsolve>  if ($toppar.cg_$nchain1 = true) then 
 NEXTCD: condition evaluated as false
 CNSsolve>    eval($coarse = true) 
 CNSsolve>    evaluate ($par_cg_$nchain1 = true) 
 CNSsolve>    evaluate ($parstatus_cg_$nchain1 = true) 
 CNSsolve>    if ( $iteration < 2) then 
 CNSsolve>      evaluate ($par_nonbonded_$nchain1 = "RUN:toppar/" + $toppar.prot_cg_par_$nchain1) 
 CNSsolve>      evaluate ($par_cg_nonbonded_$nchain1 = "RUN:toppar/" + $toppar.prot_cg_par_$nchain1) 
 CNSsolve>    else 
 CNSsolve>      evaluate ($par_nonbonded_$nchain1 = "RUN:toppar/" + $toppar.prot_par_$nchain1) 
 CNSsolve>      evaluate ($par_cg_nonbonded_$nchain1 = "RUN:toppar/" + $toppar.prot_cg_par_$nchain1) 
 CNSsolve>    end if 
 CNSsolve>  else 
 CNSsolve>    evaluate ($par_nonbonded_$nchain1 = "RUN:toppar/" + $toppar.prot_par_$nchain1) 
 EVALUATE: symbol $PAR_NONBONDED_1 set to "RUN:toppar/protein-allhdg5-4.param" (string)
 CNSsolve>  end if 
 CNSsolve>  eval($nchain1 = $nchain1 + 1) 
 EVALUATE: symbol $NCHAIN1 set to    2.00000     (real)
 CNSsolve>end loop cloop1 
 CNSsolve>while ($nchain1 <= $data.ncomponents) loop cloop1 
 NEXTCD: condition evaluated as true
 CNSsolve>  evaluate ($par_cg_$nchain1 = false) 
 EVALUATE: symbol $PAR_CG_2 set to FALSE (logical)
 CNSsolve>  evaluate ($parstatus_cg_$nchain1 = false) 
 EVALUATE: symbol $PARSTATUS_CG_2 set to FALSE (logical)
 CNSsolve>  if ($toppar.cg_$nchain1 = true) then 
 NEXTCD: condition evaluated as false
 CNSsolve>    eval($coarse = true) 
 CNSsolve>    evaluate ($par_cg_$nchain1 = true) 
 CNSsolve>    evaluate ($parstatus_cg_$nchain1 = true) 
 CNSsolve>    if ( $iteration < 2) then 
 CNSsolve>      evaluate ($par_nonbonded_$nchain1 = "RUN:toppar/" + $toppar.prot_cg_par_$nchain1) 
 CNSsolve>      evaluate ($par_cg_nonbonded_$nchain1 = "RUN:toppar/" + $toppar.prot_cg_par_$nchain1) 
 CNSsolve>    else 
 CNSsolve>      evaluate ($par_nonbonded_$nchain1 = "RUN:toppar/" + $toppar.prot_par_$nchain1) 
 CNSsolve>      evaluate ($par_cg_nonbonded_$nchain1 = "RUN:toppar/" + $toppar.prot_cg_par_$nchain1) 
 CNSsolve>    end if 
 CNSsolve>  else 
 CNSsolve>    evaluate ($par_nonbonded_$nchain1 = "RUN:toppar/" + $toppar.prot_par_$nchain1) 
 EVALUATE: symbol $PAR_NONBONDED_2 set to "RUN:toppar/dna-rna-allatom-hj-opls-1.3.param" (string)
 CNSsolve>  end if 
 CNSsolve>  eval($nchain1 = $nchain1 + 1) 
 EVALUATE: symbol $NCHAIN1 set to    3.00000     (real)
 CNSsolve>end loop cloop1 
 CNSsolve>while ($nchain1 <= $data.ncomponents) loop cloop1 
 NEXTCD: condition evaluated as false
 CNSsolve>  evaluate ($par_cg_$nchain1 = false) 
 CNSsolve>  evaluate ($parstatus_cg_$nchain1 = false) 
 CNSsolve>  if ($toppar.cg_$nchain1 = true) then 
 CNSsolve>    eval($coarse = true) 
 CNSsolve>    evaluate ($par_cg_$nchain1 = true) 
 CNSsolve>    evaluate ($parstatus_cg_$nchain1 = true) 
 CNSsolve>    if ( $iteration < 2) then 
 CNSsolve>      evaluate ($par_nonbonded_$nchain1 = "RUN:toppar/" + $toppar.prot_cg_par_$nchain1) 
 CNSsolve>      evaluate ($par_cg_nonbonded_$nchain1 = "RUN:toppar/" + $toppar.prot_cg_par_$nchain1) 
 CNSsolve>    else 
 CNSsolve>      evaluate ($par_nonbonded_$nchain1 = "RUN:toppar/" + $toppar.prot_par_$nchain1) 
 CNSsolve>      evaluate ($par_cg_nonbonded_$nchain1 = "RUN:toppar/" + $toppar.prot_cg_par_$nchain1) 
 CNSsolve>    end if 
 CNSsolve>  else 
 CNSsolve>    evaluate ($par_nonbonded_$nchain1 = "RUN:toppar/" + $toppar.prot_par_$nchain1) 
 CNSsolve>  end if 
 CNSsolve>  eval($nchain1 = $nchain1 + 1) 
 CNSsolve>end loop cloop1 
 CNSsolve> 
 CNSsolve>eval($nchain1= 0) 
 EVALUATE: symbol $NCHAIN1 set to    0.00000     (real)
 CNSsolve>while ($nchain1 < $data.ncomponents) loop cloop1 
 NEXTCD: condition evaluated as true
 CNSsolve>  eval($nchain1 = $nchain1 + 1) 
 EVALUATE: symbol $NCHAIN1 set to    1.00000     (real)
 CNSsolve>  eval($parstatus_$nchain1 = true) 
 EVALUATE: symbol $PARSTATUS_1 set to TRUE (logical)
 CNSsolve>end loop cloop1 
 CNSsolve>while ($nchain1 < $data.ncomponents) loop cloop1 
 NEXTCD: condition evaluated as true
 CNSsolve>  eval($nchain1 = $nchain1 + 1) 
 EVALUATE: symbol $NCHAIN1 set to    2.00000     (real)
 CNSsolve>  eval($parstatus_$nchain1 = true) 
 EVALUATE: symbol $PARSTATUS_2 set to TRUE (logical)
 CNSsolve>end loop cloop1 
 CNSsolve>while ($nchain1 < $data.ncomponents) loop cloop1 
 NEXTCD: condition evaluated as false
 CNSsolve>  eval($nchain1 = $nchain1 + 1) 
 CNSsolve>  eval($parstatus_$nchain1 = true) 
 CNSsolve>end loop cloop1 
 CNSsolve> 
 CNSsolve>eval($nchain1= 1) 
 EVALUATE: symbol $NCHAIN1 set to    1.00000     (real)
 CNSsolve>while ($nchain1 < $data.ncomponents) loop cloop2 
 NEXTCD: condition evaluated as true
 CNSsolve>  eval($nchain2 = $nchain1 + 1) 
 EVALUATE: symbol $NCHAIN2 set to    2.00000     (real)
 CNSsolve>  while ($nchain2 <= $data.ncomponents) loop cloop3 
 NEXTCD: condition evaluated as true
 CNSsolve>    if ($par_nonbonded_$nchain2 eq $par_nonbonded_$nchain1) then 
 NEXTCD: condition evaluated as false
 CNSsolve>      eval($parstatus_$nchain2 = false) 
 CNSsolve>    end if 
 CNSsolve>    eval($nchain2 = $nchain2 + 1) 
 EVALUATE: symbol $NCHAIN2 set to    3.00000     (real)
 CNSsolve>  end loop cloop3 
 CNSsolve>  while ($nchain2 <= $data.ncomponents) loop cloop3 
 NEXTCD: condition evaluated as false
 CNSsolve>    if ($par_nonbonded_$nchain2 eq $par_nonbonded_$nchain1) then 
 CNSsolve>      eval($parstatus_$nchain2 = false) 
 CNSsolve>    end if 
 CNSsolve>    eval($nchain2 = $nchain2 + 1) 
 CNSsolve>  end loop cloop3 
 CNSsolve>  eval($nchain1 = $nchain1 + 1) 
 EVALUATE: symbol $NCHAIN1 set to    2.00000     (real)
 CNSsolve>end loop cloop2 
 CNSsolve>while ($nchain1 < $data.ncomponents) loop cloop2 
 NEXTCD: condition evaluated as false
 CNSsolve>  eval($nchain2 = $nchain1 + 1) 
 CNSsolve>  while ($nchain2 <= $data.ncomponents) loop cloop3 
 CNSsolve>    if ($par_nonbonded_$nchain2 eq $par_nonbonded_$nchain1) then 
 CNSsolve>      eval($parstatus_$nchain2 = false) 
 CNSsolve>    end if 
 CNSsolve>    eval($nchain2 = $nchain2 + 1) 
 CNSsolve>  end loop cloop3 
 CNSsolve>  eval($nchain1 = $nchain1 + 1) 
 CNSsolve>end loop cloop2 
 CNSsolve> 
 CNSsolve>parameter @@$par_nonbonded_1 end 
 ASSFIL: file protein-allhdg5-4.param opened.
 PARRDR>remarks file toppar/protein-allhdg5-4.param 
 PARRDR>remark 
 PARRDR>remark   for file protein-allhdg-ucl.top  version UCL  date 14-MAR-00 
 PARRDR>remark   for file protein-allhdg-dih-ucl.top  version UCL  date 07-JUL-01 
 PARRDR>remark   Geometric energy function parameters for distance geometry and 
 PARRDR>remark   simulated annealing. 
 PARRDR>remark   Original author: Michael Nilges, EMBL Heidelberg 
 PARRDR>remark   Modifications: Mark A. Williams, UCL London 
 PARRDR>remark   Several modifications for HADDOCK: Alexandre Bonvin, Utrecht Uni 
 PARRDR>remark   Last modification 06-02-2021 
 PARRDR> 
 PARRDR>set message ? end eval ($old_message=$result) set echo ? end eval ($old_echo=$result) 
 MESSage=NORM
 EVALUATE: symbol $OLD_MESSAGE set to "NORM" (string)
 ECHO=TRUE {ON}
 EVALUATE: symbol $OLD_ECHO set to TRUE (logical)
 PARRDR>set message=off echo=off end 
 PARRDR> 
 PARRDR> 
 PARRDR> end 
 %PARRDR-info: duplication of angle CR1E CR1E CY2 
 CNSsolve>eval($nchain1= 2) 
 EVALUATE: symbol $NCHAIN1 set to    2.00000     (real)
 CNSsolve>while ($nchain1 <= $data.ncomponents) loop cloop1 
 NEXTCD: condition evaluated as true
 CNSsolve>  if ($parstatus_$nchain1 = true) then 
 NEXTCD: condition evaluated as true
 CNSsolve>    parameter @@$par_nonbonded_$nchain1 end 
 ASSFIL: file dna-rna-allatom-hj-opls-1.3.param opened.
 PARRDR>remarks file toppar/dna-rna-allatom.top 
 PARRDR>remarks  dna-rna-allatom-hj-opls-1.3.param 
 PARRDR>remarks  all-hydrogen dna/rna parameters using the OPLS force field 
 PARRDR> 
 PARRDR>!RNA PARAMETER FILE 'FRAMEWORK' FROM PARALLHDG.DNA AND ATOM NAMES 
 PARRDR>! AND HEAVY ATOM PARAMETERS FROM DNA-RNA.PARAM 
 PARRDR>!INCLUDES ALL NONEXCHANGEABLE HYDROGEN TERMS FOR BOND, ANGLE, AND 
 PARRDR>!IMPROPERS WITH ENERGY CONSTANT VARIABLES: $kchbond, $kchangle, AND $kchimpr. 
 PARRDR>!BOND, ANGLE, AND IMPROPERS WERE ESTIMATED FROM VALUES FROM THE STANDARD 
 PARRDR>!NUCLEOTIDES OF INSIGHTII 95.0 (BIOSYM/MOLECULAR SIMULATIONS). 
 PARRDR>!CREATED 2/24/96 -- JASON P. RIFE AND PETER B. MOORE 
 PARRDR>!ADDED OPLSX SECTION 6/2/07 -- HENRY JONKER 
 PARRDR>!ADAPTED/CLEANED FOR HADDOCK -- ALEXANDRE BONVIN 
 PARRDR> 
 PARRDR>set message ? end eval ($old_message=$result) set echo ? end eval ($old_echo=$result) 
 MESSage=NORM
 EVALUATE: symbol $OLD_MESSAGE set to "NORM" (string)
 ECHO=TRUE {ON}
 EVALUATE: symbol $OLD_ECHO set to TRUE (logical)
 PARRDR>set message=off echo=off end 
 PARRDR> 
 PARRDR> end 
 %PARRDR-info: duplication of bond HN   N3T 
 %PARRDR-info: duplication of angle CR1E CR1E CY2 
 %PARRDR-info: duplication of nonbonded entry H   
 %PARRDR-info: duplication of nonbonded entry HA  
 %PARRDR-info: duplication of nonbonded entry HC  
 %PARRDR-info: duplication of nonbonded entry OP1 
 %PARRDR-info: duplication of nonbonded entry OH  
 %PARRDR-info: duplication of nonbonded entry P   
 %PARRDR-info: duplication of nonbonded entry HO  
 %PARRDR-info: duplication of nonbonded entry HN  
 CNSsolve>  end if 
 CNSsolve>  eval($nchain1 = $nchain1 + 1) 
 EVALUATE: symbol $NCHAIN1 set to    3.00000     (real)
 CNSsolve>end loop cloop1 
 CNSsolve>while ($nchain1 <= $data.ncomponents) loop cloop1 
 NEXTCD: condition evaluated as false
 CNSsolve>  if ($parstatus_$nchain1 = true) then 
 CNSsolve>    parameter @@$par_nonbonded_$nchain1 end 
 CNSsolve>  end if 
 CNSsolve>  eval($nchain1 = $nchain1 + 1) 
 CNSsolve>end loop cloop1 
 CNSsolve> 
 CNSsolve>parameter 
 PARRDR>  nbonds 
 NBDSET>    nbxmod=5 atom cdie shift 
 NBDSET>    cutnb=9.5 ctofnb=8.5 ctonnb=6.5 eps=1.0 e14fac=0.4 inhibit 0.25 
 NBDSET>    wmin=0.5 tolerance  0.5 
 NBDSET>  end 
 PARRDR>end 
 %PARRDR-info: duplication of bond HN   N3T 
 %PARRDR-info: duplication of angle CR1E CR1E CY2 
 %PARRDR-info: duplication of nonbonded entry H   
 %PARRDR-info: duplication of nonbonded entry HA  
 %PARRDR-info: duplication of nonbonded entry HC  
 %PARRDR-info: duplication of nonbonded entry OP1 
 %PARRDR-info: duplication of nonbonded entry OH  
 %PARRDR-info: duplication of nonbonded entry P   
 %PARRDR-info: duplication of nonbonded entry HO  
 %PARRDR-info: duplication of nonbonded entry HN  
 CNSsolve> 
 CNSsolve>if ($coarse eq true) then 
 NEXTCD: condition evaluated as false
 CNSsolve>  if ( $iteration == 2) then 
 CNSsolve>    ! We need to read both the AA and CG parameters, but avoid duplication 
 CNSsolve>    eval($nchain1= 1) 
 CNSsolve>    while ($nchain1 <= $data.ncomponents) loop cloop1 
 CNSsolve>      if ($par_cg_$nchain1 eq true) then 
 CNSsolve>        eval($nchain2 = $nchain1 + 1) 
 CNSsolve>        while ($nchain2 <= $data.ncomponents) loop cloop2 
 CNSsolve>          if ($par_cg_$nchain2 eq true) then 
 CNSsolve>            if ($par_cg_nonbonded_$nchain2 eq $par_cg_nonbonded_$nchain1) then 
 CNSsolve>              eval($parstatus_cg_$nchain2 = false) 
 CNSsolve>            end if 
 CNSsolve>          end if 
 CNSsolve>          eval($nchain2 = $nchain2 + 1) 
 CNSsolve>        end loop cloop2 
 CNSsolve>      else 
 CNSsolve>        eval($parstatus_cg_$nchain1 = false) 
 CNSsolve>      end if 
 CNSsolve>      eval($nchain1 = $nchain1 + 1) 
 CNSsolve>    end loop cloop1 
 CNSsolve> 
 CNSsolve>    eval($nchain1= 1) 
 CNSsolve>    while ($nchain1 <= $data.ncomponents) loop cloop1 
 CNSsolve>      if ($parstatus_cg_$nchain1 = true) then 
 CNSsolve>        parameter @@$par_cg_nonbonded_$nchain1 end 
 CNSsolve>      end if 
 CNSsolve>      eval($nchain1 = $nchain1 + 1) 
 CNSsolve>    end loop cloop1 
 CNSsolve> 
 CNSsolve>  else 
 CNSsolve>    ! Only CG paramters have been read - only need to set the nonbonded flags 
 CNSsolve>    parameter 
 CNSsolve>      nbonds 
 CNSsolve>        nbxmod=5 atom cdie shift 
 CNSsolve>        cutnb=15.0 ctofnb=14.0 ctonnb=12.0 eps=1.0 e14fac=0.4 inhibit 0.25 
 CNSsolve>        wmin=0.5 tolerance  0.5 
 CNSsolve>      end 
 CNSsolve>    end 
 CNSsolve>  end if 
 CNSsolve>end if 
 CNSsolve> 
 CNSsolve>! this is required for protein-DNA complexes 
 CNSsolve>! bur not needed if a DNA param file has already been defined 
 CNSsolve>if ( &BLANK%nucl_parameter_infile = false ) then 
 NEXTCD: condition evaluated as true
 CNSsolve>  eval($dnaparam = "RUN:toppar/" + &nucl_parameter_infile) 
 EVALUATE: symbol $DNAPARAM set to "RUN:toppar/dna-rna-allatom-hj-opls-1.3.param" (string)
 CNSsolve>  eval($read_dna_param = true) 
 EVALUATE: symbol $READ_DNA_PARAM set to TRUE (logical)
 CNSsolve>  eval($nchain1 = 1) 
 EVALUATE: symbol $NCHAIN1 set to    1.00000     (real)
 CNSsolve>  while ($nchain1 <= $data.ncomponents) loop cloop1 
 NEXTCD: condition evaluated as true
 CNSsolve>    if ($par_nonbonded_$nchain1 = $dnaparam) then 
 NEXTCD: condition evaluated as false
 CNSsolve>      eval($read_dna_param = false) 
 CNSsolve>    end if 
 CNSsolve>    eval($nchain1 = $nchain1 + 1) 
 EVALUATE: symbol $NCHAIN1 set to    2.00000     (real)
 CNSsolve>  end loop cloop1 
 CNSsolve>  while ($nchain1 <= $data.ncomponents) loop cloop1 
 NEXTCD: condition evaluated as true
 CNSsolve>    if ($par_nonbonded_$nchain1 = $dnaparam) then 
 NEXTCD: condition evaluated as true
 CNSsolve>      eval($read_dna_param = false) 
 EVALUATE: symbol $READ_DNA_PARAM set to FALSE (logical)
 CNSsolve>    end if 
 CNSsolve>    eval($nchain1 = $nchain1 + 1) 
 EVALUATE: symbol $NCHAIN1 set to    3.00000     (real)
 CNSsolve>  end loop cloop1 
 CNSsolve>  while ($nchain1 <= $data.ncomponents) loop cloop1 
 NEXTCD: condition evaluated as false
 CNSsolve>    if ($par_nonbonded_$nchain1 = $dnaparam) then 
 CNSsolve>      eval($read_dna_param = false) 
 CNSsolve>    end if 
 CNSsolve>    eval($nchain1 = $nchain1 + 1) 
 CNSsolve>  end loop cloop1 
 CNSsolve>  if ($read_dna_param = true) then 
 NEXTCD: condition evaluated as false
 CNSsolve>    param @@$dnaparam end 
 CNSsolve>  end if 
 CNSsolve>end if 
 CNSsolve> 
 CNSsolve>! and the same for the CG version 
 CNSsolve>if ($coarse eq true) then 
 NEXTCD: condition evaluated as false
 CNSsolve>  if ( &BLANK%nucl_cgparameter_infile = false ) then 
 CNSsolve>    eval($dnacgparam = "RUN:toppar/" + &nucl_cgparameter_infile) 
 CNSsolve>    eval($read_dna_cgparam = true) 
 CNSsolve>    eval($nchain1 = 1) 
 CNSsolve>    while ($nchain1 <= $data.ncomponents) loop cloop1 
 CNSsolve>      if ($par_cg_nonbonded_$nchain1 = $dnacgparam) then 
 CNSsolve>        eval($read_dna_cgparam = false) 
 CNSsolve>      end if 
 CNSsolve>      eval($nchain1 = $nchain1 + 1) 
 CNSsolve>    end loop cloop1 
 CNSsolve>    if ($read_dna_cgparam = true) then 
 CNSsolve>      param @@$dnacgparam end 
 CNSsolve>    end if 
 CNSsolve>  end if 
 CNSsolve>end if 
 CNSsolve> 
 CNSsolve>parameter @@RUN:toppar/carbohydrate.param end 
 ASSFIL: file carbohydrate.param opened.
 PARRDR>remarks file toppar/carbohydrate.param 
 PARRDR>REMARKS Parameter file for pyranose sugars 
 PARRDR>REMARKS Alexandre Bonvin - adapted to use unique atom types for sugar-specific atoms 
 PARRDR>REMARKS Joao Rodrigues 11-June-2020 
 PARRDR>REMARKS Parameters updated to Feng, PLoS One, 2017 
 PARRDR>REMARKS PMC 5726640 
 PARRDR> 
 PARRDR>REMARKS Bill Weis 10-July-1988 
 PARRDR>REMARKS Additions for atom type combinations not covered in PARAM19X.PRO. 
 PARRDR>REMARKS Needed additions are for ether oxygen and aliphatic carbon in all-atom 
 PARRDR>REMARKS representation used for sugars (type CC).  Ditto for type HA. 
 PARRDR>REMARKS Values from J. Brady glucose parameters unless noted. 
 PARRDR>REMARKS These should be sufficient for refinement. 
 PARRDR> 
 PARRDR>REMARKS Additions 6-March-1992 Bill Weis 
 PARRDR>REMARKS New atom types CCA, CCE,  OASfor the C1 & O1 positions to account 
 PARRDR>REMARKS for different BOND and ANGLe values due to the anomeric effect. 
 PARRDR>REMARKS More accurate equilibrium values for BOND ANGLe around this oxygen 
 PARRDR>REMARKS in glycosidic linkages.  CCE for equatorial O1, CCA for 
 PARRDR>REMAKRS axial O1.   For free sugar, keep OH1 as O1 atomtype; changed to OA 
 PARRDR>REMARKS for linkages. 
 PARRDR>REMARKS References: G.A. Jeffrey (1990) Acta Cryst B46, 89-103; 
 PARRDR>REMARKS K. Hirotsu & A.Shimada, (1974) Bull. Chem. Soc. Japan, 47, 1872-1879. 
 PARRDR> 
 PARRDR>REMARKS  This set has been modified to be roughly consistent with 
 PARRDR>REMARKS  the csd-derived protein parameters of Engh and Huber. 
 PARRDR>REMARKS  New atom type CC6 for exocyclic 6 carbon 
 PARRDR>REMARKS  Bill Weis 5/11/92 
 PARRDR> 
 PARRDR>set message ? end eval ($old_message=$result) set echo ? end eval ($old_echo=$result) 
 MESSage=NORM
 EVALUATE: symbol $OLD_MESSAGE set to "NORM" (string)
 ECHO=TRUE {ON}
 EVALUATE: symbol $OLD_ECHO set to TRUE (logical)
 PARRDR>set message=off echo=off end 
 PARRDR> 
 PARRDR> 
 PARRDR> end 
 %PARRDR-info: duplication of bond CH1E OAS 
 %PARRDR-info: duplication of bond HN   N3T 
 %PARRDR-info: duplication of angle CH2E C    NH1 
 %PARRDR-info: duplication of angle CR1E CR1E CY2 
 %PARRDR-info: duplication of nonbonded entry H   
 %PARRDR-info: duplication of nonbonded entry HA  
 %PARRDR-info: duplication of nonbonded entry HC  
 %PARRDR-info: duplication of nonbonded entry OP1 
 %PARRDR-info: duplication of nonbonded entry OH  
 %PARRDR-info: duplication of nonbonded entry P   
 %PARRDR-info: duplication of nonbonded entry HO  
 %PARRDR-info: duplication of nonbonded entry HN  
 CNSsolve>parameter @@RUN:toppar/ion.param end 
 ASSFIL: file ion.param opened.
 PARRDR>remarks file toppar/ion.param 
 PARRDR>remarks nonbonded parameters for common ions 
 PARRDR>remarks new parameters derived from literature for single atom species 
 PARRDR>remarks PDA 02/09/99 
 PARRDR> 
 PARRDR>set echo=off end 
 PARRDR> end 
 %PARRDR-info: duplication of bond CH1E OAS 
 %PARRDR-info: duplication of bond HN   N3T 
 %PARRDR-info: duplication of angle CH2E C    NH1 
 %PARRDR-info: duplication of angle CR1E CR1E CY2 
 %PARRDR-info: duplication of nonbonded entry H   
 %PARRDR-info: duplication of nonbonded entry HA  
 %PARRDR-info: duplication of nonbonded entry HC  
 %PARRDR-info: duplication of nonbonded entry OP1 
 %PARRDR-info: duplication of nonbonded entry OH  
 %PARRDR-info: duplication of nonbonded entry P   
 %PARRDR-info: duplication of nonbonded entry HO  
 %PARRDR-info: duplication of nonbonded entry HN  
 %PARRDR-info: duplication of nonbonded entry HO  
 %PARRDR-info: duplication of nonbonded entry HO  
 CNSsolve>parameter @@RUN:toppar/ligand.param end 
 ASSFIL: file ligand.param opened.
 PARRDR>! Put in this file your ligand parameters if needed 
 PARRDR>! 
 PARRDR>! 
 PARRDR>!       This file was generated by PRODRG version 070118.0614 
 PARRDR>!       PRODRG written/copyrighted by Daan van Aalten 
 PARRDR>!       and Alexander Schuettelkopf 
 PARRDR>! 
 PARRDR>!       Questions/comments to dava@davapc1.bioch.dundee.ac.uk 
 PARRDR>! 
 PARRDR>!       When using this software in a publication, cite: 
 PARRDR>!       A. W. Schuettelkopf and D. M. F. van Aalten (2004). 
 PARRDR>!       PRODRG - a tool for high-throughput crystallography 
 PARRDR>!       of protein-ligand complexes. 
 PARRDR>!       Acta Crystallogr. D60, 1355--1363. 
 PARRDR>! 
 PARRDR>! 
 PARRDR>!  *** NOTE *** IF YOU USE MORE THAN ONE PRODRG-GENERATED TOPOLOGY IN CNS, 
 PARRDR>!               PLEASE CAREFULLY READ THE FAQ AS THIS MAY CAUSE PROBLEMS 
 PARRDR>! 
 PARRDR>! 
 PARRDR>set echo=off message=on end 
 EVALUATE: symbol $PD_X set to    1.00000     (real)
 EVALUATE: symbol $PD_V set to    17900.0     (real)
 EVALUATE: symbol $PD_V set to    16000.0     (real)
 EVALUATE: symbol $PD_V set to    18000.0     (real)
 EVALUATE: symbol $PD_V set to    18000.0     (real)
 EVALUATE: symbol $PD_V set to    16000.0     (real)
 EVALUATE: symbol $PD_V set to    17900.0     (real)
 EVALUATE: symbol $PD_V set to    17900.0     (real)
 EVALUATE: symbol $PD_V set to    16000.0     (real)
 EVALUATE: symbol $PD_V set to    16000.0     (real)
 EVALUATE: symbol $PD_V set to    16000.0     (real)
 EVALUATE: symbol $PD_V set to    16000.0     (real)
 EVALUATE: symbol $PD_V set to    16000.0     (real)
 EVALUATE: symbol $PD_V set to    16000.0     (real)
 EVALUATE: symbol $PD_V set to    16000.0     (real)
 EVALUATE: symbol $PD_V set to    15000.0     (real)
 EVALUATE: symbol $PD_V set to    15000.0     (real)
 EVALUATE: symbol $PD_V set to    12000.0     (real)
 EVALUATE: symbol $PD_V set to    16000.0     (real)
 EVALUATE: symbol $PD_V set to    17900.0     (real)
 EVALUATE: symbol $PD_V set to    20000.0     (real)
 EVALUATE: symbol $PD_V set to    18000.0     (real)
 EVALUATE: symbol $PD_V set to    20000.0     (real)
 EVALUATE: symbol $PD_V set to    17900.0     (real)
 EVALUATE: symbol $PD_V set to    17900.0     (real)
 EVALUATE: symbol $PD_V set to    17900.0     (real)
 EVALUATE: symbol $PD_V set to    18000.0     (real)
 EVALUATE: symbol $PD_V set to    16000.0     (real)
 EVALUATE: symbol $PD_V set to    16000.0     (real)
 EVALUATE: symbol $PD_V set to    12000.0     (real)
 EVALUATE: symbol $PD_V set to    18000.0     (real)
 EVALUATE: symbol $PD_V set to    24000.0     (real)
 EVALUATE: symbol $PD_V set to    18000.0     (real)
 EVALUATE: symbol $PD_V set to    17900.0     (real)
 EVALUATE: symbol $PD_V set to    17900.0     (real)
 EVALUATE: symbol $PD_V set to    720.000     (real)
 EVALUATE: symbol $PD_V set to    800.000     (real)
 EVALUATE: symbol $PD_V set to    800.000     (real)
 EVALUATE: symbol $PD_V set to    800.000     (real)
 EVALUATE: symbol $PD_V set to    800.000     (real)
 EVALUATE: symbol $PD_V set to    800.000     (real)
 EVALUATE: symbol $PD_V set to    800.000     (real)
 EVALUATE: symbol $PD_V set to    800.000     (real)
 EVALUATE: symbol $PD_V set to    640.000     (real)
 EVALUATE: symbol $PD_V set to    800.000     (real)
 EVALUATE: symbol $PD_V set to    800.000     (real)
 EVALUATE: symbol $PD_V set to    800.000     (real)
 EVALUATE: symbol $PD_V set to    880.000     (real)
 EVALUATE: symbol $PD_V set to    880.000     (real)
 EVALUATE: symbol $PD_V set to    880.000     (real)
 EVALUATE: symbol $PD_V set to    880.000     (real)
 EVALUATE: symbol $PD_V set to    880.000     (real)
 EVALUATE: symbol $PD_V set to    760.000     (real)
 EVALUATE: symbol $PD_V set to    880.000     (real)
 EVALUATE: symbol $PD_V set to    880.000     (real)
 EVALUATE: symbol $PD_V set to    760.000     (real)
 EVALUATE: symbol $PD_V set to    760.000     (real)
 EVALUATE: symbol $PD_V set to    880.000     (real)
 EVALUATE: symbol $PD_V set to    760.000     (real)
 EVALUATE: symbol $PD_V set to    760.000     (real)
 EVALUATE: symbol $PD_V set to    760.000     (real)
 EVALUATE: symbol $PD_V set to    880.000     (real)
 EVALUATE: symbol $PD_V set to    880.000     (real)
 EVALUATE: symbol $PD_V set to    800.000     (real)
 EVALUATE: symbol $PD_V set to    800.000     (real)
 EVALUATE: symbol $PD_V set to    720.000     (real)
 EVALUATE: symbol $PD_V set to    800.000     (real)
 EVALUATE: symbol $PD_V set to    800.000     (real)
 EVALUATE: symbol $PD_V set to    800.000     (real)
 EVALUATE: symbol $PD_V set to    800.000     (real)
 EVALUATE: symbol $PD_V set to    800.000     (real)
 EVALUATE: symbol $PD_V set to    640.000     (real)
 EVALUATE: symbol $PD_V set to    720.000     (real)
 EVALUATE: symbol $PD_V set to    800.000     (real)
 EVALUATE: symbol $PD_V set to    800.000     (real)
 EVALUATE: symbol $PD_V set to    880.000     (real)
 EVALUATE: symbol $PD_V set to    880.000     (real)
 EVALUATE: symbol $PD_V set to    880.000     (real)
 EVALUATE: symbol $PD_V set to    880.000     (real)
 EVALUATE: symbol $PD_V set to    880.000     (real)
 EVALUATE: symbol $PD_V set to    880.000     (real)
 EVALUATE: symbol $PD_V set to    544.000     (real)
 EVALUATE: symbol $PD_V set to    640.000     (real)
 EVALUATE: symbol $PD_V set to    800.000     (real)
 EVALUATE: symbol $PD_V set to    800.000     (real)
 EVALUATE: symbol $PD_V set to    960.000     (real)
 EVALUATE: symbol $PD_V set to    560.000     (real)
 EVALUATE: symbol $PD_V set to    560.000     (real)
 EVALUATE: symbol $PD_V set to    640.000     (real)
 EVALUATE: symbol $PD_V set to    800.000     (real)
 EVALUATE: symbol $PD_V set to    800.000     (real)
 EVALUATE: symbol $PD_V set to    800.000     (real)
 EVALUATE: symbol $PD_V set to    800.000     (real)
 EVALUATE: symbol $PD_V set to    800.000     (real)
 EVALUATE: symbol $PD_V set to    800.000     (real)
 EVALUATE: symbol $PD_V set to    800.000     (real)
 EVALUATE: symbol $PD_V set to    800.000     (real)
 EVALUATE: symbol $PD_V set to    800.000     (real)
 EVALUATE: symbol $PD_V set to    800.000     (real)
 EVALUATE: symbol $PD_V set to    400.000     (real)
 EVALUATE: symbol $PD_V set to    400.000     (real)
 EVALUATE: symbol $PD_V set to    400.000     (real)
 EVALUATE: symbol $PD_V set to    400.000     (real)
 EVALUATE: symbol $PD_V set to    640.000     (real)
 EVALUATE: symbol $PD_V set to    8.10000     (real)
 EVALUATE: symbol $PD_V set to    640.000     (real)
 EVALUATE: symbol $PD_V set to    640.000     (real)
 EVALUATE: symbol $PD_V set to   0.100000     (real)
 EVALUATE: symbol $PD_V set to   0.100000     (real)
 EVALUATE: symbol $PD_V set to    19.6000     (real)
 EVALUATE: symbol $PD_V set to    19.6000     (real)
 EVALUATE: symbol $PD_V set to   0.900000     (real)
 EVALUATE: symbol $PD_V set to   0.900000     (real)
 EVALUATE: symbol $PD_V set to    19.6000     (real)
 EVALUATE: symbol $PD_V set to    0.00000     (real)
 EVALUATE: symbol $PD_V set to    19.6000     (real)
 EVALUATE: symbol $PD_V set to    640.000     (real)
 EVALUATE: symbol $PD_V set to    640.000     (real)
 EVALUATE: symbol $PD_V set to    640.000     (real)
 EVALUATE: symbol $PD_V set to    8.10000     (real)
 EVALUATE: symbol $PD_V set to    19.6000     (real)
 EVALUATE: symbol $PD_V set to    19.6000     (real)
 EVALUATE: symbol $PD_V set to    8.10000     (real)
 EVALUATE: symbol $PD_V set to    160.000     (real)
 EVALUATE: symbol $PD_V set to    640.000     (real)
 PARRDR> end 
 %PARRDR-info: duplication of bond CH1E OAS 
 %PARRDR-info: duplication of bond HN   N3T 
 %PARRDR-info: duplication of angle CH2E C    NH1 
 %PARRDR-info: duplication of angle CR1E CR1E CY2 
 %PARRDR-info: duplication of nonbonded entry H   
 %PARRDR-info: duplication of nonbonded entry HA  
 %PARRDR-info: duplication of nonbonded entry HC  
 %PARRDR-info: duplication of nonbonded entry OP1 
 %PARRDR-info: duplication of nonbonded entry OH  
 %PARRDR-info: duplication of nonbonded entry P   
 %PARRDR-info: duplication of nonbonded entry HO  
 %PARRDR-info: duplication of nonbonded entry HN  
 %PARRDR-info: duplication of nonbonded entry HO  
 %PARRDR-info: duplication of nonbonded entry HO  
 CNSsolve>parameter @@RUN:toppar/fragment_probes.param end 
 ASSFIL: file fragment_probes.param opened.
 PARRDR>Remarks Parameters for Fragment-based Ligand Binding Site Mapping 
 PARRDR>Remarks created by acpype (Rev: 7268) on Mon Apr 13 10:01:53 2015 
 PARRDR> 
 PARRDR>set echo=false end 
 PARRDR> end 
 %PARRDR-info: duplication of bond CH1E OAS 
 %PARRDR-info: duplication of bond HN   N3T 
 %PARRDR-info: duplication of angle CH2E C    NH1 
 %PARRDR-info: duplication of angle CR1E CR1E CY2 
 %PARRDR-info: duplication of nonbonded entry H   
 %PARRDR-info: duplication of nonbonded entry HA  
 %PARRDR-info: duplication of nonbonded entry HC  
 %PARRDR-info: duplication of nonbonded entry OP1 
 %PARRDR-info: duplication of nonbonded entry OH  
 %PARRDR-info: duplication of nonbonded entry P   
 %PARRDR-info: duplication of nonbonded entry HO  
 %PARRDR-info: duplication of nonbonded entry HN  
 %PARRDR-info: duplication of nonbonded entry HO  
 %PARRDR-info: duplication of nonbonded entry HO  
 CNSsolve>parameter @@RUN:toppar/hemes-allhdg.param end 
 ASSFIL: file hemes-allhdg.param opened.
 PARRDR>remark  file parallhdg.hemes 
 PARRDR> 
 PARRDR>set message off echo off end 
 PARRDR> end 
 %PARRDR-info: duplication of bond C    OC  
 %PARRDR-info: duplication of bond CH1E OAS 
 %PARRDR-info: duplication of bond HN   N3T 
 %PARRDR-info: duplication of angle CH2E C    NH1 
 %PARRDR-info: duplication of angle CR1E CR1E CY2 
 %PARRDR-info: duplication of angle OC   C    OC  
 %PARRDR-info: duplication of nonbonded entry H   
 %PARRDR-info: duplication of nonbonded entry HA  
 %PARRDR-info: duplication of nonbonded entry HC  
 %PARRDR-info: duplication of nonbonded entry OP1 
 %PARRDR-info: duplication of nonbonded entry OH  
 %PARRDR-info: duplication of nonbonded entry P   
 %PARRDR-info: duplication of nonbonded entry HO  
 %PARRDR-info: duplication of nonbonded entry HN  
 %PARRDR-info: duplication of nonbonded entry HO  
 %PARRDR-info: duplication of nonbonded entry HO  
 %PARRDR-info: duplication of nonbonded entry HA  
 %PARRDR-info: duplication of nonbonded entry HA  
 %PARRDR-info: duplication of nonbonded entry OC  
 %PARRDR-info: duplication of nonbonded entry C   
 CNSsolve>parameter @@RUN:toppar/water-allhdg5-4.param end 
 ASSFIL: file water-allhdg5-4.param opened.
 PARRDR>remarks file toppar/water-allhdg5-4.param 
 PARRDR>remarks 
 PARRDR>remarks   PARAM19.SOL (solvent parameters) 
 PARRDR>remarks   =========== 
 PARRDR>remarks   available: TIPS3P and DMSO model 
 PARRDR> 
 PARRDR>set message ? end eval ($old_message=$result) set echo ? end eval ($old_echo=$result) 
 MESSage=NORM
 EVALUATE: symbol $OLD_MESSAGE set to "NORM" (string)
 ECHO=TRUE {ON}
 EVALUATE: symbol $OLD_ECHO set to TRUE (logical)
 PARRDR>set message=off echo=off end 
 PARRDR> end 
 %PARRDR-info: duplication of bond C    OC  
 %PARRDR-info: duplication of bond CH1E OAS 
 %PARRDR-info: duplication of bond HN   N3T 
 %PARRDR-info: duplication of angle CH2E C    NH1 
 %PARRDR-info: duplication of angle CR1E CR1E CY2 
 %PARRDR-info: duplication of angle OC   C    OC  
 %PARRDR-info: duplication of nonbonded entry H   
 %PARRDR-info: duplication of nonbonded entry HA  
 %PARRDR-info: duplication of nonbonded entry HC  
 %PARRDR-info: duplication of nonbonded entry OP1 
 %PARRDR-info: duplication of nonbonded entry OH  
 %PARRDR-info: duplication of nonbonded entry P   
 %PARRDR-info: duplication of nonbonded entry HO  
 %PARRDR-info: duplication of nonbonded entry HN  
 %PARRDR-info: duplication of nonbonded entry HO  
 %PARRDR-info: duplication of nonbonded entry HO  
 %PARRDR-info: duplication of nonbonded entry HA  
 %PARRDR-info: duplication of nonbonded entry HA  
 %PARRDR-info: duplication of nonbonded entry OC  
 %PARRDR-info: duplication of nonbonded entry C   
 CNSsolve>parameter @@RUN:toppar/shape.param end 
 ASSFIL: file shape.param opened.
 PARRDR>NONBonded  SHA    0.01  0.01     0.01  0.01 
 PARRDR> 
 PARRDR>BOND SHA  SHA  0.0	2.0 
 PARRDR> 
 PARRDR> end 
 %PARRDR-info: duplication of bond C    OC  
 %PARRDR-info: duplication of bond CH1E OAS 
 %PARRDR-info: duplication of bond HN   N3T 
 %PARRDR-info: duplication of angle CH2E C    NH1 
 %PARRDR-info: duplication of angle CR1E CR1E CY2 
 %PARRDR-info: duplication of angle OC   C    OC  
 %PARRDR-info: duplication of nonbonded entry H   
 %PARRDR-info: duplication of nonbonded entry HA  
 %PARRDR-info: duplication of nonbonded entry HC  
 %PARRDR-info: duplication of nonbonded entry OP1 
 %PARRDR-info: duplication of nonbonded entry OH  
 %PARRDR-info: duplication of nonbonded entry P   
 %PARRDR-info: duplication of nonbonded entry HO  
 %PARRDR-info: duplication of nonbonded entry HN  
 %PARRDR-info: duplication of nonbonded entry HO  
 %PARRDR-info: duplication of nonbonded entry HO  
 %PARRDR-info: duplication of nonbonded entry HA  
 %PARRDR-info: duplication of nonbonded entry HA  
 %PARRDR-info: duplication of nonbonded entry OC  
 %PARRDR-info: duplication of nonbonded entry C   
 CNSsolve> 
 CNSsolve>igroup 
 IGROup>  interaction  (not (resn ANI or resn DAN or resn XAN or resn DUM or resn SHA)) 
 SELRPN:   1622 atoms have been selected out of   1622
 SELRPN>               (not (resn ANI or resn DAN or resn XAN or resn DUM or resn SHA)) weight * 1 end 
 SELRPN:   1622 atoms have been selected out of   1622
 IGROup>  interaction  (resn ANI or resn DAN or resn XAN or resn DUM or resn DUM) 
 SELRPN:      0 atoms have been selected out of   1622
 SELRPN>               (resn ANI or resn DAN or resn XAN or resn DUM or resn DUM) weight * 1 vdw 0.0 elec 0.0 end 
 SELRPN:      0 atoms have been selected out of   1622
 IGROup>  interaction  (resn SHA) (not resn SHA) weight * 0 end 
 SELRPN:      0 atoms have been selected out of   1622
 SELRPN:   1622 atoms have been selected out of   1622
 IGROup> 
 IGROup>end 
 CNSsolve> 
 CNSsolve>inline @RUN:protocols/charge-beads-interactions.cns 
 ASSFIL: file charge-beads-interactions.cns opened.
 CNSsolve>! charge-beads-interactions.cns 
 CNSsolve>! 
 CNSsolve>! *********************************************************************** 
 CNSsolve>! * Copyright 2003-2018 Alexandre Bonvin, Utrecht University.           * 
 CNSsolve>! * Originally adapted from Aria 1.2 from Nilges and Linge, EMBL.       * 
 CNSsolve>! * and from the CNS distriution of Brunger and Adams                   * 
 CNSsolve>! * All rights reserved.                                                * 
 CNSsolve>! * This code is part of the HADDOCK software and governed by its       * 
 CNSsolve>! * license. Please see the LICENSE file that should have been included * 
 CNSsolve>! * as part of this package.                                            * 
 CNSsolve>! *********************************************************************** 
 CNSsolve>! 
 CNSsolve>for $id1 in id ( (resn SER or resn THR or resn ASN or resn GLN) and name BB ) loop c1beads 
 SELRPN:      0 atoms have been selected out of   1622
 CNSsolve> 
 CNSsolve>   show (segid) (id $id1) 
 CNSsolve>   evaluate ($cgsegid=$result) 
 CNSsolve>   show (resid) (id $id1) 
 CNSsolve>   evaluate ($cgresid=$result) 
 CNSsolve> 
 CNSsolve>   igroup 
 CNSsolve>     ! turn off all vdw interactions between charged beads and all beads 
 CNSsolve>     interaction (segid $cgsegid and resid $cgresid and name SCD1) (all) weight vdw 0.0 end 
 CNSsolve>     interaction (segid $cgsegid and resid $cgresid and name SCD2) (all) weight vdw 0.0 end 
 CNSsolve> 
 CNSsolve>     ! turn off all vdw and elec interactions between the charged beads within one residue 
 CNSsolve>     interaction (segid $cgsegid and resid $cgresid and name SCD1) 
 CNSsolve>                 (segid $cgsegid and resid $cgresid and name SCD2) weight * 1.0 vdw 0.0 elec 0.0 end 
 CNSsolve>   end 
 CNSsolve> 
 CNSsolve>end loop c1beads 
 CNSsolve> 
 CNSsolve>for $id1 in id ( (resn LYS or resn ARG or resn ASP or resn GLU) and name BB ) loop c2beads 
 SELRPN:      0 atoms have been selected out of   1622
 CNSsolve> 
 CNSsolve>   show (segid) (id $id1) 
 CNSsolve>   evaluate ($cgsegid=$result) 
 CNSsolve>   show (resid) (id $id1) 
 CNSsolve>   evaluate ($cgresid=$result) 
 CNSsolve> 
 CNSsolve>   igroup 
 CNSsolve>     ! turn off all vdw interactions between charged beads and all beads 
 CNSsolve>     interaction (segid $cgsegid and resid $cgresid and name SCD1) (all) weight vdw 0.0 end 
 CNSsolve>   end 
 CNSsolve> 
 CNSsolve>end loop c2beads 
 CNSsolve> 
 CNSsolve> 
 CNSsolve>!set the energy flags: 
 CNSsolve>inline @RUN:protocols/setflags.cns 
 ASSFIL: file setflags.cns opened.
 CNSsolve>! setflags.cns 
 CNSsolve>!    Defines energy flags 
 CNSsolve>! 
 CNSsolve>! *********************************************************************** 
 CNSsolve>! * Copyright 2003-2018 Alexandre Bonvin, Utrecht University.           * 
 CNSsolve>! * Originally adapted from Aria 1.2 from Nilges and Linge, EMBL.       * 
 CNSsolve>! * All rights reserved.                                                * 
 CNSsolve>! * This code is part of the HADDOCK software and governed by its       * 
 CNSsolve>! * license. Please see the LICENSE file that should have been included * 
 CNSsolve>! * as part of this package.                                            * 
 CNSsolve>! *********************************************************************** 
 CNSsolve>! 
 CNSsolve> 
 CNSsolve>if ($Data.cdih.on eq true) then 
 NEXTCD: condition evaluated as false
 CNSsolve>   evaluate ($Data.flags.cdih =  true) 
 CNSsolve>end if 
 CNSsolve> 
 CNSsolve>evaluate ($nrdc=1) 
 EVALUATE: symbol $NRDC set to    1.00000     (real)
 CNSsolve>while ($nrdc <= $Data.numrdc) loop rdc 
 NEXTCD: condition evaluated as false
 CNSsolve>  if ($Data.rdc_choice_$nrdc eq "SANI") then 
 CNSsolve>    evaluate ($Data.flags.sani = true) 
 CNSsolve>  end if 
 CNSsolve>  if ($Data.rdc_choice_$nrdc eq "VANGLE") then 
 CNSsolve>    evaluate ($Data.flags.vean = true) 
 CNSsolve>  end if 
 CNSsolve>  if ($Data.rdc_choice_$nrdc eq "XRDC") then 
 CNSsolve>    evaluate ($Data.flags.xrdc = true) 
 CNSsolve>  end if 
 CNSsolve>  evaluate ($nrdc=$nrdc+1) 
 CNSsolve>end loop rdc 
 CNSsolve> 
 CNSsolve>evaluate ($ndani=1) 
 EVALUATE: symbol $NDANI set to    1.00000     (real)
 CNSsolve>while ($ndani <= $Data.numdani) loop dani 
 NEXTCD: condition evaluated as false
 CNSsolve>  if ($Data.dan_choice_$ndani eq "DANI") then 
 CNSsolve>     evaluate ($Data.flags.DANI = true) 
 CNSsolve>  end if 
 CNSsolve>  evaluate ($ndani=$ndani+1) 
 CNSsolve>end loop dani 
 CNSsolve> 
 CNSsolve>evaluate ($npcs=1) 
 EVALUATE: symbol $NPCS set to    1.00000     (real)
 CNSsolve>while ($npcs <= $Data.numpcs) loop pcs 
 NEXTCD: condition evaluated as false
 CNSsolve>  if ($Data.pcs_choice_$npcs eq "XPCS") then 
 CNSsolve>     evaluate ($Data.flags.XPCS = true) 
 CNSsolve>  end if 
 CNSsolve>  evaluate ($npcs=$npcs+1) 
 CNSsolve>end loop pcs 
 CNSsolve> 
 CNSsolve>if ($Data.flags.sani eq TRUE) then 
 NEXTCD: condition evaluated as false
 CNSsolve>  evaluate ($Data.flags.harm = true) 
 CNSsolve>end if 
 CNSsolve>if ($Data.flags.dani eq TRUE) then 
 NEXTCD: condition evaluated as false
 CNSsolve>  evaluate ($Data.flags.harm = true) 
 CNSsolve>end if 
 CNSsolve> 
 CNSsolve>if ($Data.flags.noe  =  TRUE) then 
 NEXTCD: condition evaluated as true
 CNSsolve>   flags include noe end 
 CNSsolve>elseif ($Data.flags.centroids = true) then 
 CNSsolve>    flags include noe end 
 CNSsolve>end if 
 CNSsolve> 
 CNSsolve>if ($Data.flags.cdih =  TRUE) then 
 NEXTCD: condition evaluated as false
 CNSsolve>   flags include cdih end 
 CNSsolve>end if 
 CNSsolve>if ($Data.flags.vean =  TRUE) then 
 NEXTCD: condition evaluated as false
 CNSsolve>   flags include vean end 
 CNSsolve>end if 
 CNSsolve>if ($Data.flags.sani =  TRUE) then 
 NEXTCD: condition evaluated as false
 CNSsolve>   flags include sani end 
 CNSsolve>end if 
 CNSsolve>if ($Data.flags.xrdc =  TRUE) then 
 NEXTCD: condition evaluated as false
 CNSsolve>   flags include xrdc end 
 CNSsolve>end if 
 CNSsolve>if ($Data.flags.xpcs =  TRUE) then 
 NEXTCD: condition evaluated as false
 CNSsolve>   flags include xpcs end 
 CNSsolve>end if 
 CNSsolve>if ($Data.flags.dani =  TRUE) then 
 NEXTCD: condition evaluated as false
 CNSsolve>   flags include dani end 
 CNSsolve>end if 
 CNSsolve> 
 CNSsolve>if ($Data.flags.plan =  TRUE) then 
 NEXTCD: condition evaluated as false
 CNSsolve>   flags include plan end 
 CNSsolve>end if 
 CNSsolve>if ($Data.flags.ncs  =  TRUE) then 
 NEXTCD: condition evaluated as false
 CNSsolve>   flags include ncs end 
 CNSsolve>end if 
 CNSsolve> 
 CNSsolve>if ($Data.flags.rg = TRUE) then 
 NEXTCD: condition evaluated as false
 CNSsolve>  if ($data.rgtarg > 0) then 
 CNSsolve>    flags include coll end 
 CNSsolve>  else 
 CNSsolve>    evaluate ($Data.flags.rg = false) 
 CNSsolve>  end if 
 CNSsolve>end if 
 CNSsolve> 
 CNSsolve>evaluate ($Data.flags.zres = false) 
 EVALUATE: symbol $DATA.FLAGS.ZRES set to FALSE (logical)
 CNSsolve>evaluate ($zhar = 0.0) 
 EVALUATE: symbol $ZHAR set to    0.00000     (real)
 CNSsolve> 
 CNSsolve>evaluate ($Data.flags.elec = true) 
 EVALUATE: symbol $DATA.FLAGS.ELEC set to TRUE (logical)
 CNSsolve>flags include elec end 
 CNSsolve> 
 CNSsolve>!load the solvent topology files: 
 CNSsolve>topology  @@RUN:toppar/water-allhdg5-4.top end 
 ASSFIL: file water-allhdg5-4.top opened.
 RTFRDR>remarks file toppar/water-allhdg5-4.top 
 RTFRDR>remarks 
 RTFRDR>remarks  TOPH19.SOL 
 RTFRDR>remarks  ========== 
 RTFRDR>remarks  topology file for solvent molecules 
 RTFRDR>remarks  water models available: TIP3P model 
 RTFRDR> 
 RTFRDR>set message ? end eval ($old_message=$result) set echo ? end eval ($old_echo=$result) 
 MESSage=NORM
 EVALUATE: symbol $OLD_MESSAGE set to "NORM" (string)
 ECHO=TRUE {ON}
 EVALUATE: symbol $OLD_ECHO set to TRUE (logical)
 RTFRDR>set message=off echo=off end 
 RTFRDR> 
 RTFRDR> end 
 CNSsolve> 
 CNSsolve>if ($Data.noecv eq true) then 
 NEXTCD: condition evaluated as true
 CNSsolve>  evaluate ($fileseed=$file - ".pdb" + ".seed") 
 EVALUATE: symbol $FILESEED set to "PREVIT:complex_1.seed" (string)
 CNSsolve>  @@$fileseed(seed=$seed;npart=$npart) 
 ASSFIL: file complex_1.seed opened.
 CNSsolve>module(seed;npart) 
 &_2_SEED set to $_1_SEED 
 &_2_NPART set to $_1_NPART 
 CNSsolve>define ( 
 DEFINE>currentseed = 444745; 
 DEFINE>currentpart = 2; 
 DEFINE>) 
 CNSsolve>evaluate (&seed=&currentseed) 
 EVALUATE: symbol $_1_SEED set to    444745.     (real)
 CNSsolve>evaluate (&npart=&currentpart) 
 EVALUATE: symbol $_1_NPART set to    2.00000     (real)
 CNSsolve>else 
 CNSsolve>  evaluate ($seed = max($iteration,1)*$count*$Saprotocol.iniseed) 
 CNSsolve>end if 
 CNSsolve>set seed $seed end 
 CNSsolve> 
 CNSsolve>! read coordinate and copy to reference coordinate set 
 CNSsolve>coor @@$file 
 ASSFIL: file complex_1.pdb opened.
 COOR>REMARK FILENAME="complex_1.pdb" 
 COOR>REMARK =============================================================== 
 COOR>REMARK HADDOCK run for complex 
 COOR>REMARK initial structure: complex_485.pdb 
 COOR>REMARK =============================================================== 
 COOR>REMARK            total,bonds,angles,improper,dihe,vdw,elec,air,cdih,coup,rdcs,vean,dani,xpcs,rg 
 COOR>REMARK energies: 12.845, 0, 0, 0, 0, -17.6821, -0.980848, 30.7502, 0, 0, 0, 0, 0, 0, 0 
 COOR>REMARK =============================================================== 
 COOR>REMARK            bonds,angles,impropers,dihe,air,cdih,coup,rdcs,vean,dani,xpcs 
 COOR>REMARK rms-dev.: 0,0,0,0,9.373242E-02,4.765973E-02,0, 0, 0, 0, 0 
 COOR>REMARK =============================================================== 
 COOR>REMARK               air,cdih,coup,rdcs,vean,dani,xpcs 
 COOR>REMARK               >0.3,>5,>1,>0,>5,>0.2,>0.2 
 COOR>REMARK violations.: 0, 0, 0, 0, 0, 0, 0 
 COOR>REMARK =============================================================== 
 COOR>REMARK                        CVpartition#,violations,rms 
 COOR>REMARK AIRs cross-validation: 2, 12, 5.84016 
 COOR>REMARK =============================================================== 
 COOR>REMARK NCS energy: 0 
 COOR>REMARK =============================================================== 
 COOR>REMARK Symmetry energy: 0 
 COOR>REMARK =============================================================== 
 COOR>REMARK Membrane restraining energy: 0 
 COOR>REMARK =============================================================== 
 COOR>REMARK Local cross-correlation:  0.0000 
 COOR>REMARK =============================================================== 
 COOR>REMARK Desolvation energy: 2.97678 
 COOR>REMARK Internal energy free molecules: 16529.9 
 COOR>REMARK Internal energy complex: 16536.5 
 COOR>REMARK Binding energy: -9.02401 
 COOR>REMARK =============================================================== 
 COOR>REMARK buried surface area: 372.247 
 COOR>REMARK =============================================================== 
 COOR>REMARK water - chain_1: 0 0 0 
 COOR>REMARK water - chain_2: 0 0 0 
 COOR>REMARK =============================================================== 
 COOR>REMARK water - water: 0 0 0 
 COOR>REMARK =============================================================== 
 COOR>REMARK DATE:23-Apr-2026  03:57:16       created by user: enm019 
 COOR>REMARK VERSION:1.3U 
 COOR>ATOM      1  N1  SAX A   1       7.455  -9.178  -1.758  1.00 15.00      A    N 
 COOR>ATOM      2  HAI SAX A   1       8.224  -8.836  -2.299  1.00 15.00      A    H 
 CNSsolve>coor copy end 
 COOR: selected main coordinates copied to comp
 CNSsolve> 
 CNSsolve>{*== check first for failed structures ==*} 
 CNSsolve>evaluate ($failure = false) 
 EVALUATE: symbol $FAILURE set to FALSE (logical)
 CNSsolve>evaluate ($filefail= "NEWIT:" + $file - "PREVIT:" - ".pdb" + "w.fail") 
 EVALUATE: symbol $FILEFAIL set to "NEWIT:complex_1w.fail" (string)
 CNSsolve>fileexist $filefail end 
 MISCOM: file does not exist
 CNSsolve>evaluate ($failure = $result) 
 EVALUATE: symbol $FAILURE set to FALSE (logical)
 CNSsolve> 
 CNSsolve>! check for CG molecule 
 CNSsolve>eval($nchain1= 1) 
 EVALUATE: symbol $NCHAIN1 set to    1.00000     (real)
 CNSsolve>eval($coarse = false) 
 EVALUATE: symbol $COARSE set to FALSE (logical)
 CNSsolve>while ($nchain1 <= $data.ncomponents) loop cloop0 
 NEXTCD: condition evaluated as true
 CNSsolve>  if ($toppar.cg_$nchain1 = true) then 
 NEXTCD: condition evaluated as false
 CNSsolve>    eval($coarse = true) 
 CNSsolve>  end if 
 CNSsolve>  eval($nchain1 = $nchain1 + 1) 
 EVALUATE: symbol $NCHAIN1 set to    2.00000     (real)
 CNSsolve>end loop cloop0 
 CNSsolve>while ($nchain1 <= $data.ncomponents) loop cloop0 
 NEXTCD: condition evaluated as true
 CNSsolve>  if ($toppar.cg_$nchain1 = true) then 
 NEXTCD: condition evaluated as false
 CNSsolve>    eval($coarse = true) 
 CNSsolve>  end if 
 CNSsolve>  eval($nchain1 = $nchain1 + 1) 
 EVALUATE: symbol $NCHAIN1 set to    3.00000     (real)
 CNSsolve>end loop cloop0 
 CNSsolve>while ($nchain1 <= $data.ncomponents) loop cloop0 
 NEXTCD: condition evaluated as false
 CNSsolve>  if ($toppar.cg_$nchain1 = true) then 
 CNSsolve>    eval($coarse = true) 
 CNSsolve>  end if 
 CNSsolve>  eval($nchain1 = $nchain1 + 1) 
 CNSsolve>end loop cloop0 
 CNSsolve> 
 CNSsolve>! perform the morphing to all atoms model if needed 
 CNSsolve>if ($coarse eq true) then 
 NEXTCD: condition evaluated as false
 CNSsolve>  inline @RUN:protocols/read_struc-cg.cns 
 ASSFIL: file read_struc-cg.cns opened.
 CNSsolve>! 
 CNSsolve>! Change segid of CG structure and read AA topology file 
 CNSsolve>! 
 CNSsolve>if ($iteration = 2) then 
 CNSsolve>  evaluate ($nchain=0) 
 CNSsolve>  while ($nchain < $data.ncomponents) loop nloop1 
 CNSsolve>    evaluate ($nchain = $nchain + 1) 
 CNSsolve>    if ($toppar.cg_$nchain eq true) then 
 CNSsolve>      evaluate ($newseg = $Toppar.prot_segid_$nchain + "CG") 
 CNSsolve>      do (segid = $newseg) (segid $Toppar.prot_segid_$nchain) 
 CNSsolve>      evaluate($psf_infile_$nchain= "RUN:begin-aa/" + $Toppar.prot_root_$nchain + ".psf") 
 CNSsolve>      structure @@$psf_infile_$nchain end 
 CNSsolve>    end if 
 CNSsolve>  end loop nloop1 
 CNSsolve>end if 
 CNSsolve> 
 CNSsolve>igroup 
 CNSsolve>  interaction  (not (resn ANI or resn DAN or resn XAN)) 
 CNSsolve>               (not (resn ANI or resn DAN or resn XAN)) weight * 1 end 
 CNSsolve>  interaction  (resn ANI or resn DAN or resn XAN) 
 CNSsolve>               (resn ANI or resn DAN or resn XAN) weight * 1 vdw 0.0 elec 0.0 end 
 CNSsolve>end 
 CNSsolve> 
 CNSsolve>inline @RUN:protocols/charge-beads-interactions.cns 
 ASSFIL: file charge-beads-interactions.cns opened.
 CNSsolve>! charge-beads-interactions.cns 
 CNSsolve>! 
 CNSsolve>! *********************************************************************** 
 CNSsolve>! * Copyright 2003-2018 Alexandre Bonvin, Utrecht University.           * 
 CNSsolve>! * Originally adapted from Aria 1.2 from Nilges and Linge, EMBL.       * 
 CNSsolve>! * and from the CNS distriution of Brunger and Adams                   * 
 CNSsolve>! * All rights reserved.                                                * 
 CNSsolve>! * This code is part of the HADDOCK software and governed by its       * 
 CNSsolve>! * license. Please see the LICENSE file that should have been included * 
 CNSsolve>! * as part of this package.                                            * 
 CNSsolve>! *********************************************************************** 
 CNSsolve>! 
 CNSsolve>for $id1 in id ( (resn SER or resn THR or resn ASN or resn GLN) and name BB ) loop c1beads 
 CNSsolve> 
 CNSsolve>   show (segid) (id $id1) 
 CNSsolve>   evaluate ($cgsegid=$result) 
 CNSsolve>   show (resid) (id $id1) 
 CNSsolve>   evaluate ($cgresid=$result) 
 CNSsolve> 
 CNSsolve>   igroup 
 CNSsolve>     ! turn off all vdw interactions between charged beads and all beads 
 CNSsolve>     interaction (segid $cgsegid and resid $cgresid and name SCD1) (all) weight vdw 0.0 end 
 CNSsolve>     interaction (segid $cgsegid and resid $cgresid and name SCD2) (all) weight vdw 0.0 end 
 CNSsolve> 
 CNSsolve>     ! turn off all vdw and elec interactions between the charged beads within one residue 
 CNSsolve>     interaction (segid $cgsegid and resid $cgresid and name SCD1) 
 CNSsolve>                 (segid $cgsegid and resid $cgresid and name SCD2) weight * 1.0 vdw 0.0 elec 0.0 end 
 CNSsolve>   end 
 CNSsolve> 
 CNSsolve>end loop c1beads 
 CNSsolve> 
 CNSsolve>for $id1 in id ( (resn LYS or resn ARG or resn ASP or resn GLU) and name BB ) loop c2beads 
 CNSsolve> 
 CNSsolve>   show (segid) (id $id1) 
 CNSsolve>   evaluate ($cgsegid=$result) 
 CNSsolve>   show (resid) (id $id1) 
 CNSsolve>   evaluate ($cgresid=$result) 
 CNSsolve> 
 CNSsolve>   igroup 
 CNSsolve>     ! turn off all vdw interactions between charged beads and all beads 
 CNSsolve>     interaction (segid $cgsegid and resid $cgresid and name SCD1) (all) weight vdw 0.0 end 
 CNSsolve>   end 
 CNSsolve> 
 CNSsolve>end loop c2beads 
 CNSsolve> 
 CNSsolve>  inline @RUN:protocols/cg-to-aa.cns 
 ASSFIL: file cg-to-aa.cns opened.
 CNSsolve>evaluate ($kinter = 1) 
 CNSsolve> 
 CNSsolve>! Change segid of CG structure 
 CNSsolve>! 
 CNSsolve>evaluate ($nchain=0) 
 CNSsolve>while ($nchain < $data.ncomponents) loop nloop1 
 CNSsolve>  evaluate ($nchain = $nchain + 1) 
 CNSsolve>  if ($toppar.cg_$nchain eq true) then 
 CNSsolve>    evaluate($coor_infile_$nchain= "RUN:begin-aa/" + $Toppar.prot_root_$nchain + ".pdb") 
 CNSsolve>    coor @@ $coor_infile_$nchain 
 CNSsolve>  end if 
 CNSsolve>end loop nloop1 
 CNSsolve> 
 CNSsolve>! Read morphing restraints 
 CNSsolve>! 
 CNSsolve>noe 
 CNSsolve>  nres 1000000 
 CNSsolve>  class cgaa @@RUN:data/distances/cg-to-aa.tbl 
 CNSsolve>  averaging  cgaa center 
 CNSsolve>  scale      cgaa 50.0 
 CNSsolve>  sqconstant cgaa 1.0 
 CNSsolve>  sqexponent cgaa 2 
 CNSsolve>  soexponent cgaa 1 
 CNSsolve>  rswitch    cgaa 1.0 
 CNSsolve>  sqoffset   cgaa 0.0 
 CNSsolve>  asymptote  cgaa 2.0 
 CNSsolve>  msoexponent cgaa 1 
 CNSsolve>  masymptote  cgaa -0.1 
 CNSsolve>  mrswitch    cgaa 1.0 
 CNSsolve>end 
 CNSsolve> 
 CNSsolve>! Fix the CG model and existing AA models 
 CNSsolve>! 
 CNSsolve>fix sele=(segid *CG) end 
 CNSsolve>evaluate ($nchain=0) 
 CNSsolve>while ($nchain < $data.ncomponents) loop nloop1 
 CNSsolve>  evaluate ($nchain = $nchain + 1) 
 CNSsolve>  if ($toppar.cg_$nchain eq false) then 
 CNSsolve>    fix sele=(segid $Toppar.prot_segid_$nchain) end 
 CNSsolve>  end if 
 CNSsolve>end loop nloop1 
 CNSsolve> 
 CNSsolve>parameter 
 CNSsolve>  nbonds 
 CNSsolve>    nbxmod=5 atom cdie shift 
 CNSsolve>    cutnb=6.5 ctofnb=5.5 ctonnb=4.5 eps=1.0 e14fac=0.4 inhibit 0.25 
 CNSsolve>    wmin=0.5 tolerance  0.5 
 CNSsolve>  end 
 CNSsolve>end 
 CNSsolve> 
 CNSsolve> 
 CNSsolve>evaluate ($kinter = 0.001) 
 CNSsolve>@RUN:protocols/scale_inter.cns 
 ASSFIL: file scale_inter.cns opened.
 CNSsolve>! scale_inter.cns 
 CNSsolve>!    Scaling of intermolecular interactions 
 CNSsolve>! 
 CNSsolve>! *********************************************************************** 
 CNSsolve>! * Copyright 2003-2018 Alexandre Bonvin, Utrecht University.           * 
 CNSsolve>! * All rights reserved.                                                * 
 CNSsolve>! * This code is part of the HADDOCK software and governed by its       * 
 CNSsolve>! * license. Please see the LICENSE file that should have been included * 
 CNSsolve>! * as part of this package.                                            * 
 CNSsolve>! *********************************************************************** 
 CNSsolve>! 
 CNSsolve>igroup interaction (not all) (not all) end 
 CNSsolve> 
 CNSsolve>igroup 
 CNSsolve> 
 CNSsolve>  eval($nchain1 = 0) 
 CNSsolve> 
 CNSsolve>  while ($nchain1 < $data.ncomponents) loop nloop1 
 CNSsolve>    eval($nchain1 = $nchain1 + 1) 
 CNSsolve> 
 CNSsolve>    interaction (segid $Toppar.prot_segid_$nchain1 and not (resn ANI or resn DAN or resn XAN or resn DUM or resn SHA)) 
 CNSsolve>                (segid $Toppar.prot_segid_$nchain1 and not (resn ANI or resn DAN or resn XAN or resn DUM or resn SHA)) weight * $Toppar.int_$nchain1_$nchain1 end 
 CNSsolve>    interaction (segid $Toppar.prot_segid_$nchain1 and not (resn ANI or resn DAN or resn XAN or resn DUM or resn SHA)) 
 CNSsolve>                ((resn WAT or resn HOH or resn TIP* or resn DMS)) weight * 1.0 vdw $kinter elec $kinter end 
 CNSsolve> 
 CNSsolve>    eval($nchain2 = $nchain1 ) 
 CNSsolve>    while ($nchain2 < $data.ncomponents) loop nloop2 
 CNSsolve>      eval($nchain2 = $nchain2 + 1) 
 CNSsolve>      eval($scalfac = $kinter * $Toppar.int_$nchain1_$nchain2) 
 CNSsolve>      interaction (segid $Toppar.prot_segid_$nchain1 and not (resn ANI or resn DAN or resn XAN or resn DUM or resn SHA)) 
 CNSsolve>                  (segid $Toppar.prot_segid_$nchain2 and not (resn ANI or resn DAN or resn XAN or resn DUM or resn SHA)) weight * 1.0 vdw $scalfac elec $scalfac end 
 CNSsolve>    end loop nloop2 
 CNSsolve> 
 CNSsolve>  end loop nloop1 
 CNSsolve> 
 CNSsolve>  interaction (resn ANI) (resn ANI) weight * 1.0 vdw 0.0 elec 0.0 end 
 CNSsolve>  interaction (resn DAN) (resn DAN) weight * 1.0 vdw 0.0 elec 0.0 end 
 CNSsolve>  interaction (resn XAN) (resn XAN) weight * 1.0 vdw 0.0 elec 0.0 end 
 CNSsolve>  interaction (resn DUM) (resn DUM) weight * 1.0 vdw 0.0 elec 0.0 end 
 CNSsolve>  interaction (resn SHA) (resn SHA) weight * 1.0 vdw 0.0 elec 0.0 end 
 CNSsolve>  interaction (resn SHA) (not resn SHA) weight * 0.0 end 
 CNSsolve> 
 CNSsolve>  interaction ((resn WAT or resn HOH or resn TIP* or resn DMS)) ((resn WAT or resn HOH or resn TIP* or resn DMS)) weight * 1.0 end 
 CNSsolve> 
 CNSsolve>end 
 CNSsolve> 
 CNSsolve>flag excl * incl noe end 
 CNSsolve> 
 CNSsolve>energy end 
 CNSsolve> 
 CNSsolve>! Rigid body EM to position AA model onto CG model 
 CNSsolve>! 
 CNSsolve>minimize rigid 
 CNSsolve>  eval ($nchain = 0) 
 CNSsolve>  while ($nchain < $data.ncomponents) loop nloop1 
 CNSsolve>    eval($nchain = $nchain + 1) 
 CNSsolve>    if ($toppar.cg_$nchain eq true) then 
 CNSsolve>      group (segid $Toppar.prot_segid_$nchain) 
 CNSsolve>      translation=true 
 CNSsolve>    end if 
 CNSsolve>  end loop nloop1 
 CNSsolve>  nstep 200 
 CNSsolve>  nprint 10 
 CNSsolve>end 
 CNSsolve> 
 CNSsolve>! Define secondary structure dihedral angle restraints 
 CNSsolve>! 
 CNSsolve>@RUN:protocols/protein-ss-restraints-alpha-beta.def 
 ASSFIL: file protein-ss-restraints-alpha-beta.def opened.
 CNSsolve>! protein-ss-restraints-alpha-beta.def 
 CNSsolve>!    Define automatically secondary structure dihedral angle restraints 
 CNSsolve>!    for helical and beta-sheet segments 
 CNSsolve>! 
 CNSsolve>! *********************************************************************** 
 CNSsolve>! * Copyright 2003-2018 Alexandre Bonvin, Utrecht University.           * 
 CNSsolve>! * All rights reserved.                                                * 
 CNSsolve>! * This code is part of the HADDOCK software and governed by its       * 
 CNSsolve>! * license. Please see the LICENSE file that should have been included * 
 CNSsolve>! * as part of this package.                                            * 
 CNSsolve>! *********************************************************************** 
 CNSsolve>! 
 CNSsolve>{+ file: protein-ss-restraints.def       directory: protocols +} 
 CNSsolve>{+ description: Creates dihedral angle restraints to maintain conformation of the protein backbone +} 
 CNSsolve>{+ comment:This file is to be read by refinement files that modify atom coordinates +} 
 CNSsolve>{+ authors: Axel T. Brunger, and Paul D. Adams, <br> 
 CNSsolve>            modified by Alexandre Bonvin for HADDOCK use +} 
 CNSsolve> 
 CNSsolve>set message=normal echo=on end 
 CNSsolve> 
 CNSsolve>{=========================================================================================================} 
 CNSsolve>{                        things below this line do not normally need to be changed                        } 
 CNSsolve>{=========================================================================================================} 
 CNSsolve> 
 CNSsolve>{- Dihedral restraints for the protein backbone in alpha-beta regions -} 
 CNSsolve> 
 CNSsolve>  do (store1 = 1) (all) 
 CNSsolve>  restraint dihedral 
 CNSsolve>    nass = 50000 
 CNSsolve>  end 
 CNSsolve>  evaluate ($group=1) 
 CNSsolve>  evaluate ($done=false) 
 CNSsolve>  while ( $done = false ) loop bdihe 
 CNSsolve>   if ( $exist_Toppar.prot_segid_$group = true ) then 
 CNSsolve>     show sum(1) ( segid $Toppar.prot_segid_$group ) 
 CNSsolve>     if ( $result > 0 ) then 
 CNSsolve>       evaluate ($error_phi=$Data.error_dih) 
 CNSsolve>       evaluate ($error_psi=$Data.error_dih) 
 CNSsolve> 
 CNSsolve>       for $id in id ( segid $Toppar.prot_segid_$group and tag and not resn TIP* ) loop resid 
 CNSsolve>         show (segid) (id $id) 
 CNSsolve>         evaluate ($segid=$result) 
 CNSsolve>         show (resid) ( id $id ) 
 CNSsolve>         evaluate ($resid=decode($result)) 
 CNSsolve>	 evaluate ($alphaphi = 0) 
 CNSsolve>	 evaluate ($alphapsi = 0) 
 CNSsolve> 	 evaluate ($alpha_check = 0) 
 CNSsolve>	 evaluate ($betaphi = 0) 
 CNSsolve>	 evaluate ($betapsi = 0) 
 CNSsolve> 	 evaluate ($beta_check = 0) 
 CNSsolve> 
 CNSsolve>         evaluate ($rprec = $resid - 1) 
 CNSsolve>         show sum (store1) (resid $rprec and name C) 
 CNSsolve>         if ($result ne 0) then 
 CNSsolve>	   pick dihedral 
 CNSsolve>                     ( segid $segid and resid $rprec and name C ) 
 CNSsolve>                     ( segid $segid and resid $resid and name N ) 
 CNSsolve>                     ( segid $segid and resid $resid and name CA ) 
 CNSsolve>                     ( segid $segid and resid $resid and name C ) 
 CNSsolve>		  geometry 
 CNSsolve>	   evaluate ($dihedral_phi=$result) 
 CNSsolve>           evaluate ($alphaphi=max($dihedral_phi,-77)) 
 CNSsolve>           evaluate ($alphaphi=max($dihedral_phi,-37)) 
 CNSsolve>	   if ($alphaphi eq -37) then 
 CNSsolve>             evaluate ($alpha_check = 1) 
 CNSsolve>	   else 
 CNSsolve>	     evaluate ($alpha_check = 0) 
 CNSsolve>	   end if 
 CNSsolve>           evaluate ($betaphi=max($dihedral_phi,-145)) 
 CNSsolve>           evaluate ($betaphi=max($dihedral_phi,-105)) 
 CNSsolve>	   if ($betaphi eq -105) then 
 CNSsolve>             evaluate ($beta_check = 1) 
 CNSsolve>	   else 
 CNSsolve>	     evaluate ($beta_check = 0) 
 CNSsolve>	   end if 
 CNSsolve>         end if 
 CNSsolve> 
 CNSsolve>         evaluate ($rnext = $resid + 1) 
 CNSsolve>         show sum (store1) (resid $rnext and name N) 
 CNSsolve>         if ($result ne 0) then 
 CNSsolve>  	   pick dihedral 
 CNSsolve>                     ( segid $segid and resid $resid and name N ) 
 CNSsolve>                     ( segid $segid and resid $resid and name CA ) 
 CNSsolve>                     ( segid $segid and resid $resid and name C ) 
 CNSsolve>                     ( segid $segid and resid $rnext and name N ) 
 CNSsolve>		  geometry 
 CNSsolve>	   evaluate ($dihedral_psi=$result) 
 CNSsolve>           evaluate ($alphapsi=max($dihedral_psi,-67)) 
 CNSsolve>           evaluate ($alphapsi=max($dihedral_psi,-27)) 
 CNSsolve>	   if ($alphapsi eq -27) then 
 CNSsolve>             evaluate ($alpha_check = $alpha_check + 1) 
 CNSsolve>	   end if 
 CNSsolve>           evaluate ($betapsi=max($dihedral_psi,105)) 
 CNSsolve>           evaluate ($betapsi=max($dihedral_psi,145)) 
 CNSsolve>	   if ($betapsi eq 145) then 
 CNSsolve>             evaluate ($beta_check = $beta_check + 1) 
 CNSsolve>	   end if 
 CNSsolve>	 end if 
 CNSsolve> 
 CNSsolve>	 evaluate ($defrest = 0) 
 CNSsolve>	 if ($alpha_check eq 2) then 
 CNSsolve>	   evaluate ($defrest = 1) 
 CNSsolve>	 end if 
 CNSsolve>	 if ($beta_check eq 2) then 
 CNSsolve>	   evaluate ($defrest = 1) 
 CNSsolve>	 end if 
 CNSsolve>	 if ($defrest = 1) then 
 CNSsolve>           restraint dihedral 
 CNSsolve>	    ! phi 
 CNSsolve>             assign  ( segid $segid and resid $rprec and name C ) 
 CNSsolve>                     ( segid $segid and resid $resid and name N ) 
 CNSsolve>                     ( segid $segid and resid $resid and name CA ) 
 CNSsolve>                     ( segid $segid and resid $resid and name C ) 
 CNSsolve>                                                       1.0 $dihedral_phi $error_phi 2 
 CNSsolve>	    ! psi 
 CNSsolve>             assign  ( segid $segid and resid $resid and name N ) 
 CNSsolve>                     ( segid $segid and resid $resid and name CA ) 
 CNSsolve>                     ( segid $segid and resid $resid and name C ) 
 CNSsolve>                     ( segid $segid and resid $rnext and name N ) 
 CNSsolve>                                                       1.0 $dihedral_psi $error_psi 2 
 CNSsolve>             scale 200.0 
 CNSsolve>           end 
 CNSsolve>         end if 
 CNSsolve>       end loop resid 
 CNSsolve>     end if 
 CNSsolve>   else 
 CNSsolve>     evaluate ($done=true) 
 CNSsolve>   end if 
 CNSsolve>     evaluate ($group=$group+1) 
 CNSsolve> end loop bdihe 
 CNSsolve> 
 CNSsolve> flags include cdih end 
 CNSsolve> 
 CNSsolve>set message=off echo=off end 
 CNSsolve> 
 CNSsolve> 
 CNSsolve> 
 CNSsolve>! Check for fully flexible segments 
 CNSsolve>! 
 CNSsolve>evaluate($nchain1 = 0) 
 CNSsolve>evaluate($scalefac = 1.0) 
 CNSsolve>while ($nchain1 < $data.ncomponents) loop nloop1 
 CNSsolve>  evaluate($nchain1 = $nchain1 + 1) 
 CNSsolve>  if ($Toppar.nfle_$nchain1 > 0) then 
 CNSsolve>    evaluate($scalefac = 10.0) 
 CNSsolve>  end if 
 CNSsolve>end loop nloop1 
 CNSsolve> 
 CNSsolve>! Starting the morphing for conformational changes 
 CNSsolve>! Powell EM, including covalent terms 
 CNSsolve>! 
 CNSsolve> 
 CNSsolve> 
 CNSsolve>flag excl * incl bond angl impr dihe vdw elec noe cdih end 
 CNSsolve>evaluate ($kinter = 0.01) 
 CNSsolve>@RUN:protocols/scale_cg-to-aa.cns 
 ASSFIL: file scale_cg-to-aa.cns opened.
 CNSsolve>! scale_cg-to-aa.cns 
 CNSsolve>!    Scaling of intermolecular interactions for CG-to-AA morphing 
 CNSsolve>! 
 CNSsolve>! *********************************************************************** 
 CNSsolve>! * Copyright 2003-2018 Alexandre Bonvin, Utrecht University.           * 
 CNSsolve>! * All rights reserved.                                                * 
 CNSsolve>! * This code is part of the HADDOCK software and governed by its       * 
 CNSsolve>! * license. Please see the LICENSE file that should have been included * 
 CNSsolve>! * as part of this package.                                            * 
 CNSsolve>! *********************************************************************** 
 CNSsolve>! 
 CNSsolve>igroup interaction (not all) (not all) end 
 CNSsolve> 
 CNSsolve>igroup 
 CNSsolve> 
 CNSsolve>  eval($nchain1 = 0) 
 CNSsolve> 
 CNSsolve>  while ($nchain1 < $data.ncomponents) loop nloop1 
 CNSsolve>    eval($nchain1 = $nchain1 + 1) 
 CNSsolve> 
 CNSsolve>    eval($scalfac = $kinter * $Toppar.int_$nchain1_$nchain1) 
 CNSsolve> 
 CNSsolve>    interaction (segid $Toppar.prot_segid_$nchain1 and not (resn ANI or resn DAN or resn XAN or resn DUM or resn SHA)) 
 CNSsolve>                (segid $Toppar.prot_segid_$nchain1 and not (resn ANI or resn DAN or resn XAN or resn DUM or resn SHA)) weight * 1.0 vdw $scalfac elec $scalfac end 
 CNSsolve>    interaction (segid $Toppar.prot_segid_$nchain1 and not (resn ANI or resn DAN or resn XAN or resn DUM or resn SHA)) 
 CNSsolve>                ((resn WAT or resn HOH or resn TIP* or resn DMS)) weight * 1.0 vdw $kinter elec $kinter end 
 CNSsolve> 
 CNSsolve>    eval($nchain2 = $nchain1 ) 
 CNSsolve>    while ($nchain2 < $data.ncomponents) loop nloop2 
 CNSsolve>      eval($nchain2 = $nchain2 + 1) 
 CNSsolve>      eval($scalfac = $kinter * $Toppar.int_$nchain1_$nchain2) 
 CNSsolve>      interaction (segid $Toppar.prot_segid_$nchain1 and not (resn ANI or resn DAN or resn XAN or resn DUM or resn SHA)) 
 CNSsolve>                  (segid $Toppar.prot_segid_$nchain2 and not (resn ANI or resn DAN or resn XAN or resn DUM or resn SHA)) weight * 1.0 vdw $scalfac elec $scalfac end 
 CNSsolve>    end loop nloop2 
 CNSsolve> 
 CNSsolve>  end loop nloop1 
 CNSsolve> 
 CNSsolve>  interaction (resn ANI) (resn ANI) weight * 1.0 vdw 0.0 elec 0.0 end 
 CNSsolve>  interaction (resn DAN) (resn DAN) weight * 1.0 vdw 0.0 elec 0.0 end 
 CNSsolve>  interaction (resn XAN) (resn XAN) weight * 1.0 vdw 0.0 elec 0.0 end 
 CNSsolve>  interaction (resn DUM) (resn DUM) weight * 1.0 vdw 0.0 elec 0.0 end 
 CNSsolve>  interaction (resn SHA) (resn SHA) weight * 1.0 vdw 0.0 elec 0.0 end 
 CNSsolve>  interaction (resn SHA) (not resn SHA) weight * 0.0 end 
 CNSsolve> 
 CNSsolve>  interaction ((resn WAT or resn HOH or resn TIP* or resn DMS)) ((resn WAT or resn HOH or resn TIP* or resn DMS)) weight * 1.0 end 
 CNSsolve> 
 CNSsolve>end 
 CNSsolve>minimize powell nstep=500 drop=40.0 nprint=25 end 
 CNSsolve> 
 CNSsolve>evaluate ($kinter = 0.05) 
 CNSsolve>@RUN:protocols/scale_cg-to-aa.cns 
 ASSFIL: file scale_cg-to-aa.cns opened.
 CNSsolve>! scale_cg-to-aa.cns 
 CNSsolve>!    Scaling of intermolecular interactions for CG-to-AA morphing 
 CNSsolve>! 
 CNSsolve>! *********************************************************************** 
 CNSsolve>! * Copyright 2003-2018 Alexandre Bonvin, Utrecht University.           * 
 CNSsolve>! * All rights reserved.                                                * 
 CNSsolve>! * This code is part of the HADDOCK software and governed by its       * 
 CNSsolve>! * license. Please see the LICENSE file that should have been included * 
 CNSsolve>! * as part of this package.                                            * 
 CNSsolve>! *********************************************************************** 
 CNSsolve>! 
 CNSsolve>igroup interaction (not all) (not all) end 
 CNSsolve> 
 CNSsolve>igroup 
 CNSsolve> 
 CNSsolve>  eval($nchain1 = 0) 
 CNSsolve> 
 CNSsolve>  while ($nchain1 < $data.ncomponents) loop nloop1 
 CNSsolve>    eval($nchain1 = $nchain1 + 1) 
 CNSsolve> 
 CNSsolve>    eval($scalfac = $kinter * $Toppar.int_$nchain1_$nchain1) 
 CNSsolve> 
 CNSsolve>    interaction (segid $Toppar.prot_segid_$nchain1 and not (resn ANI or resn DAN or resn XAN or resn DUM or resn SHA)) 
 CNSsolve>                (segid $Toppar.prot_segid_$nchain1 and not (resn ANI or resn DAN or resn XAN or resn DUM or resn SHA)) weight * 1.0 vdw $scalfac elec $scalfac end 
 CNSsolve>    interaction (segid $Toppar.prot_segid_$nchain1 and not (resn ANI or resn DAN or resn XAN or resn DUM or resn SHA)) 
 CNSsolve>                ((resn WAT or resn HOH or resn TIP* or resn DMS)) weight * 1.0 vdw $kinter elec $kinter end 
 CNSsolve> 
 CNSsolve>    eval($nchain2 = $nchain1 ) 
 CNSsolve>    while ($nchain2 < $data.ncomponents) loop nloop2 
 CNSsolve>      eval($nchain2 = $nchain2 + 1) 
 CNSsolve>      eval($scalfac = $kinter * $Toppar.int_$nchain1_$nchain2) 
 CNSsolve>      interaction (segid $Toppar.prot_segid_$nchain1 and not (resn ANI or resn DAN or resn XAN or resn DUM or resn SHA)) 
 CNSsolve>                  (segid $Toppar.prot_segid_$nchain2 and not (resn ANI or resn DAN or resn XAN or resn DUM or resn SHA)) weight * 1.0 vdw $scalfac elec $scalfac end 
 CNSsolve>    end loop nloop2 
 CNSsolve> 
 CNSsolve>  end loop nloop1 
 CNSsolve> 
 CNSsolve>  interaction (resn ANI) (resn ANI) weight * 1.0 vdw 0.0 elec 0.0 end 
 CNSsolve>  interaction (resn DAN) (resn DAN) weight * 1.0 vdw 0.0 elec 0.0 end 
 CNSsolve>  interaction (resn XAN) (resn XAN) weight * 1.0 vdw 0.0 elec 0.0 end 
 CNSsolve>  interaction (resn DUM) (resn DUM) weight * 1.0 vdw 0.0 elec 0.0 end 
 CNSsolve>  interaction (resn SHA) (resn SHA) weight * 1.0 vdw 0.0 elec 0.0 end 
 CNSsolve>  interaction (resn SHA) (not resn SHA) weight * 0.0 end 
 CNSsolve> 
 CNSsolve>  interaction ((resn WAT or resn HOH or resn TIP* or resn DMS)) ((resn WAT or resn HOH or resn TIP* or resn DMS)) weight * 1.0 end 
 CNSsolve> 
 CNSsolve>end 
 CNSsolve>minimize powell nstep=500 drop=40.0 nprint=25 end 
 CNSsolve> 
 CNSsolve>evaluate ($kinter = 0.1) 
 CNSsolve>@RUN:protocols/scale_cg-to-aa.cns 
 ASSFIL: file scale_cg-to-aa.cns opened.
 CNSsolve>! scale_cg-to-aa.cns 
 CNSsolve>!    Scaling of intermolecular interactions for CG-to-AA morphing 
 CNSsolve>! 
 CNSsolve>! *********************************************************************** 
 CNSsolve>! * Copyright 2003-2018 Alexandre Bonvin, Utrecht University.           * 
 CNSsolve>! * All rights reserved.                                                * 
 CNSsolve>! * This code is part of the HADDOCK software and governed by its       * 
 CNSsolve>! * license. Please see the LICENSE file that should have been included * 
 CNSsolve>! * as part of this package.                                            * 
 CNSsolve>! *********************************************************************** 
 CNSsolve>! 
 CNSsolve>igroup interaction (not all) (not all) end 
 CNSsolve> 
 CNSsolve>igroup 
 CNSsolve> 
 CNSsolve>  eval($nchain1 = 0) 
 CNSsolve> 
 CNSsolve>  while ($nchain1 < $data.ncomponents) loop nloop1 
 CNSsolve>    eval($nchain1 = $nchain1 + 1) 
 CNSsolve> 
 CNSsolve>    eval($scalfac = $kinter * $Toppar.int_$nchain1_$nchain1) 
 CNSsolve> 
 CNSsolve>    interaction (segid $Toppar.prot_segid_$nchain1 and not (resn ANI or resn DAN or resn XAN or resn DUM or resn SHA)) 
 CNSsolve>                (segid $Toppar.prot_segid_$nchain1 and not (resn ANI or resn DAN or resn XAN or resn DUM or resn SHA)) weight * 1.0 vdw $scalfac elec $scalfac end 
 CNSsolve>    interaction (segid $Toppar.prot_segid_$nchain1 and not (resn ANI or resn DAN or resn XAN or resn DUM or resn SHA)) 
 CNSsolve>                ((resn WAT or resn HOH or resn TIP* or resn DMS)) weight * 1.0 vdw $kinter elec $kinter end 
 CNSsolve> 
 CNSsolve>    eval($nchain2 = $nchain1 ) 
 CNSsolve>    while ($nchain2 < $data.ncomponents) loop nloop2 
 CNSsolve>      eval($nchain2 = $nchain2 + 1) 
 CNSsolve>      eval($scalfac = $kinter * $Toppar.int_$nchain1_$nchain2) 
 CNSsolve>      interaction (segid $Toppar.prot_segid_$nchain1 and not (resn ANI or resn DAN or resn XAN or resn DUM or resn SHA)) 
 CNSsolve>                  (segid $Toppar.prot_segid_$nchain2 and not (resn ANI or resn DAN or resn XAN or resn DUM or resn SHA)) weight * 1.0 vdw $scalfac elec $scalfac end 
 CNSsolve>    end loop nloop2 
 CNSsolve> 
 CNSsolve>  end loop nloop1 
 CNSsolve> 
 CNSsolve>  interaction (resn ANI) (resn ANI) weight * 1.0 vdw 0.0 elec 0.0 end 
 CNSsolve>  interaction (resn DAN) (resn DAN) weight * 1.0 vdw 0.0 elec 0.0 end 
 CNSsolve>  interaction (resn XAN) (resn XAN) weight * 1.0 vdw 0.0 elec 0.0 end 
 CNSsolve>  interaction (resn DUM) (resn DUM) weight * 1.0 vdw 0.0 elec 0.0 end 
 CNSsolve>  interaction (resn SHA) (resn SHA) weight * 1.0 vdw 0.0 elec 0.0 end 
 CNSsolve>  interaction (resn SHA) (not resn SHA) weight * 0.0 end 
 CNSsolve> 
 CNSsolve>  interaction ((resn WAT or resn HOH or resn TIP* or resn DMS)) ((resn WAT or resn HOH or resn TIP* or resn DMS)) weight * 1.0 end 
 CNSsolve> 
 CNSsolve>end 
 CNSsolve>minimize powell nstep=500 drop=40.0 nprint=25 end 
 CNSsolve> 
 CNSsolve>if ($failure eq false) then 
 CNSsolve>! Short MD optimization 
 CNSsolve>! 
 CNSsolve>{- Friction coefficient, in 1/ps. -} 
 CNSsolve>  do (fbeta=100) (not segid *CG) 
 CNSsolve> 
 CNSsolve>  evaluate ($bath=300.0) 
 CNSsolve>  evaluate ($nstep=500 * $scalefac) 
 CNSsolve>  evaluate ($timestep=0.0005) 
 CNSsolve> 
 CNSsolve>  do (vx=maxwell($bath)) (all) 
 CNSsolve>  do (vy=maxwell($bath)) (all) 
 CNSsolve>  do (vz=maxwell($bath)) (all) 
 CNSsolve> 
 CNSsolve>  dynamics cartesian 
 CNSsolve>    nstep=$nstep 
 CNSsolve>    timestep=$timestep 
 CNSsolve>    tcoupling=true temperature=$bath 
 CNSsolve>    nprint=50 
 CNSsolve>    cmremove=true 
 CNSsolve>  end 
 CNSsolve> 
 CNSsolve>  minimize powell nstep=500 drop=40.0 nprint=25 end 
 CNSsolve> 
 CNSsolve>end if 
 CNSsolve> 
 CNSsolve>! Define secondary structure dihedral angle restraints 
 CNSsolve>! 
 CNSsolve>rest dihe reset end 
 CNSsolve>@RUN:protocols/protein-ss-restraints-alpha-beta.def 
 ASSFIL: file protein-ss-restraints-alpha-beta.def opened.
 CNSsolve>! protein-ss-restraints-alpha-beta.def 
 CNSsolve>!    Define automatically secondary structure dihedral angle restraints 
 CNSsolve>!    for helical and beta-sheet segments 
 CNSsolve>! 
 CNSsolve>! *********************************************************************** 
 CNSsolve>! * Copyright 2003-2018 Alexandre Bonvin, Utrecht University.           * 
 CNSsolve>! * All rights reserved.                                                * 
 CNSsolve>! * This code is part of the HADDOCK software and governed by its       * 
 CNSsolve>! * license. Please see the LICENSE file that should have been included * 
 CNSsolve>! * as part of this package.                                            * 
 CNSsolve>! *********************************************************************** 
 CNSsolve>! 
 CNSsolve>{+ file: protein-ss-restraints.def       directory: protocols +} 
 CNSsolve>{+ description: Creates dihedral angle restraints to maintain conformation of the protein backbone +} 
 CNSsolve>{+ comment:This file is to be read by refinement files that modify atom coordinates +} 
 CNSsolve>{+ authors: Axel T. Brunger, and Paul D. Adams, <br> 
 CNSsolve>            modified by Alexandre Bonvin for HADDOCK use +} 
 CNSsolve> 
 CNSsolve>set message=normal echo=on end 
 CNSsolve> 
 CNSsolve>{=========================================================================================================} 
 CNSsolve>{                        things below this line do not normally need to be changed                        } 
 CNSsolve>{=========================================================================================================} 
 CNSsolve> 
 CNSsolve>{- Dihedral restraints for the protein backbone in alpha-beta regions -} 
 CNSsolve> 
 CNSsolve>  do (store1 = 1) (all) 
 CNSsolve>  restraint dihedral 
 CNSsolve>    nass = 50000 
 CNSsolve>  end 
 CNSsolve>  evaluate ($group=1) 
 CNSsolve>  evaluate ($done=false) 
 CNSsolve>  while ( $done = false ) loop bdihe 
 CNSsolve>   if ( $exist_Toppar.prot_segid_$group = true ) then 
 CNSsolve>     show sum(1) ( segid $Toppar.prot_segid_$group ) 
 CNSsolve>     if ( $result > 0 ) then 
 CNSsolve>       evaluate ($error_phi=$Data.error_dih) 
 CNSsolve>       evaluate ($error_psi=$Data.error_dih) 
 CNSsolve> 
 CNSsolve>       for $id in id ( segid $Toppar.prot_segid_$group and tag and not resn TIP* ) loop resid 
 CNSsolve>         show (segid) (id $id) 
 CNSsolve>         evaluate ($segid=$result) 
 CNSsolve>         show (resid) ( id $id ) 
 CNSsolve>         evaluate ($resid=decode($result)) 
 CNSsolve>	 evaluate ($alphaphi = 0) 
 CNSsolve>	 evaluate ($alphapsi = 0) 
 CNSsolve> 	 evaluate ($alpha_check = 0) 
 CNSsolve>	 evaluate ($betaphi = 0) 
 CNSsolve>	 evaluate ($betapsi = 0) 
 CNSsolve> 	 evaluate ($beta_check = 0) 
 CNSsolve> 
 CNSsolve>         evaluate ($rprec = $resid - 1) 
 CNSsolve>         show sum (store1) (resid $rprec and name C) 
 CNSsolve>         if ($result ne 0) then 
 CNSsolve>	   pick dihedral 
 CNSsolve>                     ( segid $segid and resid $rprec and name C ) 
 CNSsolve>                     ( segid $segid and resid $resid and name N ) 
 CNSsolve>                     ( segid $segid and resid $resid and name CA ) 
 CNSsolve>                     ( segid $segid and resid $resid and name C ) 
 CNSsolve>		  geometry 
 CNSsolve>	   evaluate ($dihedral_phi=$result) 
 CNSsolve>           evaluate ($alphaphi=max($dihedral_phi,-77)) 
 CNSsolve>           evaluate ($alphaphi=max($dihedral_phi,-37)) 
 CNSsolve>	   if ($alphaphi eq -37) then 
 CNSsolve>             evaluate ($alpha_check = 1) 
 CNSsolve>	   else 
 CNSsolve>	     evaluate ($alpha_check = 0) 
 CNSsolve>	   end if 
 CNSsolve>           evaluate ($betaphi=max($dihedral_phi,-145)) 
 CNSsolve>           evaluate ($betaphi=max($dihedral_phi,-105)) 
 CNSsolve>	   if ($betaphi eq -105) then 
 CNSsolve>             evaluate ($beta_check = 1) 
 CNSsolve>	   else 
 CNSsolve>	     evaluate ($beta_check = 0) 
 CNSsolve>	   end if 
 CNSsolve>         end if 
 CNSsolve> 
 CNSsolve>         evaluate ($rnext = $resid + 1) 
 CNSsolve>         show sum (store1) (resid $rnext and name N) 
 CNSsolve>         if ($result ne 0) then 
 CNSsolve>  	   pick dihedral 
 CNSsolve>                     ( segid $segid and resid $resid and name N ) 
 CNSsolve>                     ( segid $segid and resid $resid and name CA ) 
 CNSsolve>                     ( segid $segid and resid $resid and name C ) 
 CNSsolve>                     ( segid $segid and resid $rnext and name N ) 
 CNSsolve>		  geometry 
 CNSsolve>	   evaluate ($dihedral_psi=$result) 
 CNSsolve>           evaluate ($alphapsi=max($dihedral_psi,-67)) 
 CNSsolve>           evaluate ($alphapsi=max($dihedral_psi,-27)) 
 CNSsolve>	   if ($alphapsi eq -27) then 
 CNSsolve>             evaluate ($alpha_check = $alpha_check + 1) 
 CNSsolve>	   end if 
 CNSsolve>           evaluate ($betapsi=max($dihedral_psi,105)) 
 CNSsolve>           evaluate ($betapsi=max($dihedral_psi,145)) 
 CNSsolve>	   if ($betapsi eq 145) then 
 CNSsolve>             evaluate ($beta_check = $beta_check + 1) 
 CNSsolve>	   end if 
 CNSsolve>	 end if 
 CNSsolve> 
 CNSsolve>	 evaluate ($defrest = 0) 
 CNSsolve>	 if ($alpha_check eq 2) then 
 CNSsolve>	   evaluate ($defrest = 1) 
 CNSsolve>	 end if 
 CNSsolve>	 if ($beta_check eq 2) then 
 CNSsolve>	   evaluate ($defrest = 1) 
 CNSsolve>	 end if 
 CNSsolve>	 if ($defrest = 1) then 
 CNSsolve>           restraint dihedral 
 CNSsolve>	    ! phi 
 CNSsolve>             assign  ( segid $segid and resid $rprec and name C ) 
 CNSsolve>                     ( segid $segid and resid $resid and name N ) 
 CNSsolve>                     ( segid $segid and resid $resid and name CA ) 
 CNSsolve>                     ( segid $segid and resid $resid and name C ) 
 CNSsolve>                                                       1.0 $dihedral_phi $error_phi 2 
 CNSsolve>	    ! psi 
 CNSsolve>             assign  ( segid $segid and resid $resid and name N ) 
 CNSsolve>                     ( segid $segid and resid $resid and name CA ) 
 CNSsolve>                     ( segid $segid and resid $resid and name C ) 
 CNSsolve>                     ( segid $segid and resid $rnext and name N ) 
 CNSsolve>                                                       1.0 $dihedral_psi $error_psi 2 
 CNSsolve>             scale 200.0 
 CNSsolve>           end 
 CNSsolve>         end if 
 CNSsolve>       end loop resid 
 CNSsolve>     end if 
 CNSsolve>   else 
 CNSsolve>     evaluate ($done=true) 
 CNSsolve>   end if 
 CNSsolve>     evaluate ($group=$group+1) 
 CNSsolve> end loop bdihe 
 CNSsolve> 
 CNSsolve> flags include cdih end 
 CNSsolve> 
 CNSsolve>set message=off echo=off end 
 CNSsolve> 
 CNSsolve> 
 CNSsolve> 
 CNSsolve>evaluate ($kinter = 0.5) 
 CNSsolve>@RUN:protocols/scale_cg-to-aa.cns 
 ASSFIL: file scale_cg-to-aa.cns opened.
 CNSsolve>! scale_cg-to-aa.cns 
 CNSsolve>!    Scaling of intermolecular interactions for CG-to-AA morphing 
 CNSsolve>! 
 CNSsolve>! *********************************************************************** 
 CNSsolve>! * Copyright 2003-2018 Alexandre Bonvin, Utrecht University.           * 
 CNSsolve>! * All rights reserved.                                                * 
 CNSsolve>! * This code is part of the HADDOCK software and governed by its       * 
 CNSsolve>! * license. Please see the LICENSE file that should have been included * 
 CNSsolve>! * as part of this package.                                            * 
 CNSsolve>! *********************************************************************** 
 CNSsolve>! 
 CNSsolve>igroup interaction (not all) (not all) end 
 CNSsolve> 
 CNSsolve>igroup 
 CNSsolve> 
 CNSsolve>  eval($nchain1 = 0) 
 CNSsolve> 
 CNSsolve>  while ($nchain1 < $data.ncomponents) loop nloop1 
 CNSsolve>    eval($nchain1 = $nchain1 + 1) 
 CNSsolve> 
 CNSsolve>    eval($scalfac = $kinter * $Toppar.int_$nchain1_$nchain1) 
 CNSsolve> 
 CNSsolve>    interaction (segid $Toppar.prot_segid_$nchain1 and not (resn ANI or resn DAN or resn XAN or resn DUM or resn SHA)) 
 CNSsolve>                (segid $Toppar.prot_segid_$nchain1 and not (resn ANI or resn DAN or resn XAN or resn DUM or resn SHA)) weight * 1.0 vdw $scalfac elec $scalfac end 
 CNSsolve>    interaction (segid $Toppar.prot_segid_$nchain1 and not (resn ANI or resn DAN or resn XAN or resn DUM or resn SHA)) 
 CNSsolve>                ((resn WAT or resn HOH or resn TIP* or resn DMS)) weight * 1.0 vdw $kinter elec $kinter end 
 CNSsolve> 
 CNSsolve>    eval($nchain2 = $nchain1 ) 
 CNSsolve>    while ($nchain2 < $data.ncomponents) loop nloop2 
 CNSsolve>      eval($nchain2 = $nchain2 + 1) 
 CNSsolve>      eval($scalfac = $kinter * $Toppar.int_$nchain1_$nchain2) 
 CNSsolve>      interaction (segid $Toppar.prot_segid_$nchain1 and not (resn ANI or resn DAN or resn XAN or resn DUM or resn SHA)) 
 CNSsolve>                  (segid $Toppar.prot_segid_$nchain2 and not (resn ANI or resn DAN or resn XAN or resn DUM or resn SHA)) weight * 1.0 vdw $scalfac elec $scalfac end 
 CNSsolve>    end loop nloop2 
 CNSsolve> 
 CNSsolve>  end loop nloop1 
 CNSsolve> 
 CNSsolve>  interaction (resn ANI) (resn ANI) weight * 1.0 vdw 0.0 elec 0.0 end 
 CNSsolve>  interaction (resn DAN) (resn DAN) weight * 1.0 vdw 0.0 elec 0.0 end 
 CNSsolve>  interaction (resn XAN) (resn XAN) weight * 1.0 vdw 0.0 elec 0.0 end 
 CNSsolve>  interaction (resn DUM) (resn DUM) weight * 1.0 vdw 0.0 elec 0.0 end 
 CNSsolve>  interaction (resn SHA) (resn SHA) weight * 1.0 vdw 0.0 elec 0.0 end 
 CNSsolve>  interaction (resn SHA) (not resn SHA) weight * 0.0 end 
 CNSsolve> 
 CNSsolve>  interaction ((resn WAT or resn HOH or resn TIP* or resn DMS)) ((resn WAT or resn HOH or resn TIP* or resn DMS)) weight * 1.0 end 
 CNSsolve> 
 CNSsolve>end 
 CNSsolve>minimize powell nstep=500 drop=40.0 nprint=25 end 
 CNSsolve> 
 CNSsolve>if ($failure eq false) then 
 CNSsolve>! Short MD optimization 
 CNSsolve>! 
 CNSsolve>{- Friction coefficient, in 1/ps. -} 
 CNSsolve>  do (fbeta=100) (not segid *CG) 
 CNSsolve> 
 CNSsolve>  evaluate ($bath=300.0) 
 CNSsolve>  evaluate ($nstep=500 * $scalefac) 
 CNSsolve>  evaluate ($timestep=0.0005) 
 CNSsolve> 
 CNSsolve>  do (vx=maxwell($bath)) (all) 
 CNSsolve>  do (vy=maxwell($bath)) (all) 
 CNSsolve>  do (vz=maxwell($bath)) (all) 
 CNSsolve> 
 CNSsolve>  dynamics cartesian 
 CNSsolve>    nstep=$nstep 
 CNSsolve>    timestep=$timestep 
 CNSsolve>    tcoupling=true temperature=$bath 
 CNSsolve>    nprint=50 
 CNSsolve>    cmremove=true 
 CNSsolve>  end 
 CNSsolve> 
 CNSsolve>  minimize powell nstep=500 drop=40.0 nprint=25 end 
 CNSsolve> 
 CNSsolve>end if 
 CNSsolve> 
 CNSsolve>! Define secondary structure dihedral angle restraints 
 CNSsolve>! 
 CNSsolve>rest dihe reset end 
 CNSsolve>@RUN:protocols/protein-ss-restraints-alpha-beta.def 
 ASSFIL: file protein-ss-restraints-alpha-beta.def opened.
 CNSsolve>! protein-ss-restraints-alpha-beta.def 
 CNSsolve>!    Define automatically secondary structure dihedral angle restraints 
 CNSsolve>!    for helical and beta-sheet segments 
 CNSsolve>! 
 CNSsolve>! *********************************************************************** 
 CNSsolve>! * Copyright 2003-2018 Alexandre Bonvin, Utrecht University.           * 
 CNSsolve>! * All rights reserved.                                                * 
 CNSsolve>! * This code is part of the HADDOCK software and governed by its       * 
 CNSsolve>! * license. Please see the LICENSE file that should have been included * 
 CNSsolve>! * as part of this package.                                            * 
 CNSsolve>! *********************************************************************** 
 CNSsolve>! 
 CNSsolve>{+ file: protein-ss-restraints.def       directory: protocols +} 
 CNSsolve>{+ description: Creates dihedral angle restraints to maintain conformation of the protein backbone +} 
 CNSsolve>{+ comment:This file is to be read by refinement files that modify atom coordinates +} 
 CNSsolve>{+ authors: Axel T. Brunger, and Paul D. Adams, <br> 
 CNSsolve>            modified by Alexandre Bonvin for HADDOCK use +} 
 CNSsolve> 
 CNSsolve>set message=normal echo=on end 
 CNSsolve> 
 CNSsolve>{=========================================================================================================} 
 CNSsolve>{                        things below this line do not normally need to be changed                        } 
 CNSsolve>{=========================================================================================================} 
 CNSsolve> 
 CNSsolve>{- Dihedral restraints for the protein backbone in alpha-beta regions -} 
 CNSsolve> 
 CNSsolve>  do (store1 = 1) (all) 
 CNSsolve>  restraint dihedral 
 CNSsolve>    nass = 50000 
 CNSsolve>  end 
 CNSsolve>  evaluate ($group=1) 
 CNSsolve>  evaluate ($done=false) 
 CNSsolve>  while ( $done = false ) loop bdihe 
 CNSsolve>   if ( $exist_Toppar.prot_segid_$group = true ) then 
 CNSsolve>     show sum(1) ( segid $Toppar.prot_segid_$group ) 
 CNSsolve>     if ( $result > 0 ) then 
 CNSsolve>       evaluate ($error_phi=$Data.error_dih) 
 CNSsolve>       evaluate ($error_psi=$Data.error_dih) 
 CNSsolve> 
 CNSsolve>       for $id in id ( segid $Toppar.prot_segid_$group and tag and not resn TIP* ) loop resid 
 CNSsolve>         show (segid) (id $id) 
 CNSsolve>         evaluate ($segid=$result) 
 CNSsolve>         show (resid) ( id $id ) 
 CNSsolve>         evaluate ($resid=decode($result)) 
 CNSsolve>	 evaluate ($alphaphi = 0) 
 CNSsolve>	 evaluate ($alphapsi = 0) 
 CNSsolve> 	 evaluate ($alpha_check = 0) 
 CNSsolve>	 evaluate ($betaphi = 0) 
 CNSsolve>	 evaluate ($betapsi = 0) 
 CNSsolve> 	 evaluate ($beta_check = 0) 
 CNSsolve> 
 CNSsolve>         evaluate ($rprec = $resid - 1) 
 CNSsolve>         show sum (store1) (resid $rprec and name C) 
 CNSsolve>         if ($result ne 0) then 
 CNSsolve>	   pick dihedral 
 CNSsolve>                     ( segid $segid and resid $rprec and name C ) 
 CNSsolve>                     ( segid $segid and resid $resid and name N ) 
 CNSsolve>                     ( segid $segid and resid $resid and name CA ) 
 CNSsolve>                     ( segid $segid and resid $resid and name C ) 
 CNSsolve>		  geometry 
 CNSsolve>	   evaluate ($dihedral_phi=$result) 
 CNSsolve>           evaluate ($alphaphi=max($dihedral_phi,-77)) 
 CNSsolve>           evaluate ($alphaphi=max($dihedral_phi,-37)) 
 CNSsolve>	   if ($alphaphi eq -37) then 
 CNSsolve>             evaluate ($alpha_check = 1) 
 CNSsolve>	   else 
 CNSsolve>	     evaluate ($alpha_check = 0) 
 CNSsolve>	   end if 
 CNSsolve>           evaluate ($betaphi=max($dihedral_phi,-145)) 
 CNSsolve>           evaluate ($betaphi=max($dihedral_phi,-105)) 
 CNSsolve>	   if ($betaphi eq -105) then 
 CNSsolve>             evaluate ($beta_check = 1) 
 CNSsolve>	   else 
 CNSsolve>	     evaluate ($beta_check = 0) 
 CNSsolve>	   end if 
 CNSsolve>         end if 
 CNSsolve> 
 CNSsolve>         evaluate ($rnext = $resid + 1) 
 CNSsolve>         show sum (store1) (resid $rnext and name N) 
 CNSsolve>         if ($result ne 0) then 
 CNSsolve>  	   pick dihedral 
 CNSsolve>                     ( segid $segid and resid $resid and name N ) 
 CNSsolve>                     ( segid $segid and resid $resid and name CA ) 
 CNSsolve>                     ( segid $segid and resid $resid and name C ) 
 CNSsolve>                     ( segid $segid and resid $rnext and name N ) 
 CNSsolve>		  geometry 
 CNSsolve>	   evaluate ($dihedral_psi=$result) 
 CNSsolve>           evaluate ($alphapsi=max($dihedral_psi,-67)) 
 CNSsolve>           evaluate ($alphapsi=max($dihedral_psi,-27)) 
 CNSsolve>	   if ($alphapsi eq -27) then 
 CNSsolve>             evaluate ($alpha_check = $alpha_check + 1) 
 CNSsolve>	   end if 
 CNSsolve>           evaluate ($betapsi=max($dihedral_psi,105)) 
 CNSsolve>           evaluate ($betapsi=max($dihedral_psi,145)) 
 CNSsolve>	   if ($betapsi eq 145) then 
 CNSsolve>             evaluate ($beta_check = $beta_check + 1) 
 CNSsolve>	   end if 
 CNSsolve>	 end if 
 CNSsolve> 
 CNSsolve>	 evaluate ($defrest = 0) 
 CNSsolve>	 if ($alpha_check eq 2) then 
 CNSsolve>	   evaluate ($defrest = 1) 
 CNSsolve>	 end if 
 CNSsolve>	 if ($beta_check eq 2) then 
 CNSsolve>	   evaluate ($defrest = 1) 
 CNSsolve>	 end if 
 CNSsolve>	 if ($defrest = 1) then 
 CNSsolve>           restraint dihedral 
 CNSsolve>	    ! phi 
 CNSsolve>             assign  ( segid $segid and resid $rprec and name C ) 
 CNSsolve>                     ( segid $segid and resid $resid and name N ) 
 CNSsolve>                     ( segid $segid and resid $resid and name CA ) 
 CNSsolve>                     ( segid $segid and resid $resid and name C ) 
 CNSsolve>                                                       1.0 $dihedral_phi $error_phi 2 
 CNSsolve>	    ! psi 
 CNSsolve>             assign  ( segid $segid and resid $resid and name N ) 
 CNSsolve>                     ( segid $segid and resid $resid and name CA ) 
 CNSsolve>                     ( segid $segid and resid $resid and name C ) 
 CNSsolve>                     ( segid $segid and resid $rnext and name N ) 
 CNSsolve>                                                       1.0 $dihedral_psi $error_psi 2 
 CNSsolve>             scale 200.0 
 CNSsolve>           end 
 CNSsolve>         end if 
 CNSsolve>       end loop resid 
 CNSsolve>     end if 
 CNSsolve>   else 
 CNSsolve>     evaluate ($done=true) 
 CNSsolve>   end if 
 CNSsolve>     evaluate ($group=$group+1) 
 CNSsolve> end loop bdihe 
 CNSsolve> 
 CNSsolve> flags include cdih end 
 CNSsolve> 
 CNSsolve>set message=off echo=off end 
 CNSsolve> 
 CNSsolve> 
 CNSsolve> 
 CNSsolve>evaluate ($kinter = 1.0) 
 CNSsolve>@RUN:protocols/scale_cg-to-aa.cns 
 ASSFIL: file scale_cg-to-aa.cns opened.
 CNSsolve>! scale_cg-to-aa.cns 
 CNSsolve>!    Scaling of intermolecular interactions for CG-to-AA morphing 
 CNSsolve>! 
 CNSsolve>! *********************************************************************** 
 CNSsolve>! * Copyright 2003-2018 Alexandre Bonvin, Utrecht University.           * 
 CNSsolve>! * All rights reserved.                                                * 
 CNSsolve>! * This code is part of the HADDOCK software and governed by its       * 
 CNSsolve>! * license. Please see the LICENSE file that should have been included * 
 CNSsolve>! * as part of this package.                                            * 
 CNSsolve>! *********************************************************************** 
 CNSsolve>! 
 CNSsolve>igroup interaction (not all) (not all) end 
 CNSsolve> 
 CNSsolve>igroup 
 CNSsolve> 
 CNSsolve>  eval($nchain1 = 0) 
 CNSsolve> 
 CNSsolve>  while ($nchain1 < $data.ncomponents) loop nloop1 
 CNSsolve>    eval($nchain1 = $nchain1 + 1) 
 CNSsolve> 
 CNSsolve>    eval($scalfac = $kinter * $Toppar.int_$nchain1_$nchain1) 
 CNSsolve> 
 CNSsolve>    interaction (segid $Toppar.prot_segid_$nchain1 and not (resn ANI or resn DAN or resn XAN or resn DUM or resn SHA)) 
 CNSsolve>                (segid $Toppar.prot_segid_$nchain1 and not (resn ANI or resn DAN or resn XAN or resn DUM or resn SHA)) weight * 1.0 vdw $scalfac elec $scalfac end 
 CNSsolve>    interaction (segid $Toppar.prot_segid_$nchain1 and not (resn ANI or resn DAN or resn XAN or resn DUM or resn SHA)) 
 CNSsolve>                ((resn WAT or resn HOH or resn TIP* or resn DMS)) weight * 1.0 vdw $kinter elec $kinter end 
 CNSsolve> 
 CNSsolve>    eval($nchain2 = $nchain1 ) 
 CNSsolve>    while ($nchain2 < $data.ncomponents) loop nloop2 
 CNSsolve>      eval($nchain2 = $nchain2 + 1) 
 CNSsolve>      eval($scalfac = $kinter * $Toppar.int_$nchain1_$nchain2) 
 CNSsolve>      interaction (segid $Toppar.prot_segid_$nchain1 and not (resn ANI or resn DAN or resn XAN or resn DUM or resn SHA)) 
 CNSsolve>                  (segid $Toppar.prot_segid_$nchain2 and not (resn ANI or resn DAN or resn XAN or resn DUM or resn SHA)) weight * 1.0 vdw $scalfac elec $scalfac end 
 CNSsolve>    end loop nloop2 
 CNSsolve> 
 CNSsolve>  end loop nloop1 
 CNSsolve> 
 CNSsolve>  interaction (resn ANI) (resn ANI) weight * 1.0 vdw 0.0 elec 0.0 end 
 CNSsolve>  interaction (resn DAN) (resn DAN) weight * 1.0 vdw 0.0 elec 0.0 end 
 CNSsolve>  interaction (resn XAN) (resn XAN) weight * 1.0 vdw 0.0 elec 0.0 end 
 CNSsolve>  interaction (resn DUM) (resn DUM) weight * 1.0 vdw 0.0 elec 0.0 end 
 CNSsolve>  interaction (resn SHA) (resn SHA) weight * 1.0 vdw 0.0 elec 0.0 end 
 CNSsolve>  interaction (resn SHA) (not resn SHA) weight * 0.0 end 
 CNSsolve> 
 CNSsolve>  interaction ((resn WAT or resn HOH or resn TIP* or resn DMS)) ((resn WAT or resn HOH or resn TIP* or resn DMS)) weight * 1.0 end 
 CNSsolve> 
 CNSsolve>end 
 CNSsolve>minimize powell nstep=500 drop=40.0 nprint=25 end 
 CNSsolve> 
 CNSsolve>if ($failure eq false) then 
 CNSsolve>! Short MD optimization 
 CNSsolve>! 
 CNSsolve>{- Friction coefficient, in 1/ps. -} 
 CNSsolve>  do (fbeta=100) (not segid *CG) 
 CNSsolve> 
 CNSsolve>  evaluate ($bath=300.0) 
 CNSsolve>  evaluate ($nstep=500 * $scalefac) 
 CNSsolve>  evaluate ($timestep=0.0005) 
 CNSsolve> 
 CNSsolve>  do (vx=maxwell($bath)) (all) 
 CNSsolve>  do (vy=maxwell($bath)) (all) 
 CNSsolve>  do (vz=maxwell($bath)) (all) 
 CNSsolve> 
 CNSsolve>  dynamics cartesian 
 CNSsolve>    nstep=$nstep 
 CNSsolve>    timestep=$timestep 
 CNSsolve>    tcoupling=true temperature=$bath 
 CNSsolve>    nprint=50 
 CNSsolve>    cmremove=true 
 CNSsolve>  end 
 CNSsolve> 
 CNSsolve>  minimize powell nstep=500 drop=40.0 nprint=25 end 
 CNSsolve> 
 CNSsolve>end if 
 CNSsolve> 
 CNSsolve>parameter 
 CNSsolve>  nbonds 
 CNSsolve>    nbxmod=5 atom cdie shift 
 CNSsolve>    cutnb=9.5 ctofnb=8.5 ctonnb=6.5 eps=1.0 e14fac=0.4 inhibit 0.25 
 CNSsolve>    wmin=0.5 tolerance  0.5 
 CNSsolve>  end 
 CNSsolve>end 
 CNSsolve> 
 CNSsolve>! Define secondary structure dihedral angle restraints 
 CNSsolve>! 
 CNSsolve>rest dihe reset end 
 CNSsolve>@RUN:protocols/protein-ss-restraints-alpha-beta.def 
 ASSFIL: file protein-ss-restraints-alpha-beta.def opened.
 CNSsolve>! protein-ss-restraints-alpha-beta.def 
 CNSsolve>!    Define automatically secondary structure dihedral angle restraints 
 CNSsolve>!    for helical and beta-sheet segments 
 CNSsolve>! 
 CNSsolve>! *********************************************************************** 
 CNSsolve>! * Copyright 2003-2018 Alexandre Bonvin, Utrecht University.           * 
 CNSsolve>! * All rights reserved.                                                * 
 CNSsolve>! * This code is part of the HADDOCK software and governed by its       * 
 CNSsolve>! * license. Please see the LICENSE file that should have been included * 
 CNSsolve>! * as part of this package.                                            * 
 CNSsolve>! *********************************************************************** 
 CNSsolve>! 
 CNSsolve>{+ file: protein-ss-restraints.def       directory: protocols +} 
 CNSsolve>{+ description: Creates dihedral angle restraints to maintain conformation of the protein backbone +} 
 CNSsolve>{+ comment:This file is to be read by refinement files that modify atom coordinates +} 
 CNSsolve>{+ authors: Axel T. Brunger, and Paul D. Adams, <br> 
 CNSsolve>            modified by Alexandre Bonvin for HADDOCK use +} 
 CNSsolve> 
 CNSsolve>set message=normal echo=on end 
 CNSsolve> 
 CNSsolve>{=========================================================================================================} 
 CNSsolve>{                        things below this line do not normally need to be changed                        } 
 CNSsolve>{=========================================================================================================} 
 CNSsolve> 
 CNSsolve>{- Dihedral restraints for the protein backbone in alpha-beta regions -} 
 CNSsolve> 
 CNSsolve>  do (store1 = 1) (all) 
 CNSsolve>  restraint dihedral 
 CNSsolve>    nass = 50000 
 CNSsolve>  end 
 CNSsolve>  evaluate ($group=1) 
 CNSsolve>  evaluate ($done=false) 
 CNSsolve>  while ( $done = false ) loop bdihe 
 CNSsolve>   if ( $exist_Toppar.prot_segid_$group = true ) then 
 CNSsolve>     show sum(1) ( segid $Toppar.prot_segid_$group ) 
 CNSsolve>     if ( $result > 0 ) then 
 CNSsolve>       evaluate ($error_phi=$Data.error_dih) 
 CNSsolve>       evaluate ($error_psi=$Data.error_dih) 
 CNSsolve> 
 CNSsolve>       for $id in id ( segid $Toppar.prot_segid_$group and tag and not resn TIP* ) loop resid 
 CNSsolve>         show (segid) (id $id) 
 CNSsolve>         evaluate ($segid=$result) 
 CNSsolve>         show (resid) ( id $id ) 
 CNSsolve>         evaluate ($resid=decode($result)) 
 CNSsolve>	 evaluate ($alphaphi = 0) 
 CNSsolve>	 evaluate ($alphapsi = 0) 
 CNSsolve> 	 evaluate ($alpha_check = 0) 
 CNSsolve>	 evaluate ($betaphi = 0) 
 CNSsolve>	 evaluate ($betapsi = 0) 
 CNSsolve> 	 evaluate ($beta_check = 0) 
 CNSsolve> 
 CNSsolve>         evaluate ($rprec = $resid - 1) 
 CNSsolve>         show sum (store1) (resid $rprec and name C) 
 CNSsolve>         if ($result ne 0) then 
 CNSsolve>	   pick dihedral 
 CNSsolve>                     ( segid $segid and resid $rprec and name C ) 
 CNSsolve>                     ( segid $segid and resid $resid and name N ) 
 CNSsolve>                     ( segid $segid and resid $resid and name CA ) 
 CNSsolve>                     ( segid $segid and resid $resid and name C ) 
 CNSsolve>		  geometry 
 CNSsolve>	   evaluate ($dihedral_phi=$result) 
 CNSsolve>           evaluate ($alphaphi=max($dihedral_phi,-77)) 
 CNSsolve>           evaluate ($alphaphi=max($dihedral_phi,-37)) 
 CNSsolve>	   if ($alphaphi eq -37) then 
 CNSsolve>             evaluate ($alpha_check = 1) 
 CNSsolve>	   else 
 CNSsolve>	     evaluate ($alpha_check = 0) 
 CNSsolve>	   end if 
 CNSsolve>           evaluate ($betaphi=max($dihedral_phi,-145)) 
 CNSsolve>           evaluate ($betaphi=max($dihedral_phi,-105)) 
 CNSsolve>	   if ($betaphi eq -105) then 
 CNSsolve>             evaluate ($beta_check = 1) 
 CNSsolve>	   else 
 CNSsolve>	     evaluate ($beta_check = 0) 
 CNSsolve>	   end if 
 CNSsolve>         end if 
 CNSsolve> 
 CNSsolve>         evaluate ($rnext = $resid + 1) 
 CNSsolve>         show sum (store1) (resid $rnext and name N) 
 CNSsolve>         if ($result ne 0) then 
 CNSsolve>  	   pick dihedral 
 CNSsolve>                     ( segid $segid and resid $resid and name N ) 
 CNSsolve>                     ( segid $segid and resid $resid and name CA ) 
 CNSsolve>                     ( segid $segid and resid $resid and name C ) 
 CNSsolve>                     ( segid $segid and resid $rnext and name N ) 
 CNSsolve>		  geometry 
 CNSsolve>	   evaluate ($dihedral_psi=$result) 
 CNSsolve>           evaluate ($alphapsi=max($dihedral_psi,-67)) 
 CNSsolve>           evaluate ($alphapsi=max($dihedral_psi,-27)) 
 CNSsolve>	   if ($alphapsi eq -27) then 
 CNSsolve>             evaluate ($alpha_check = $alpha_check + 1) 
 CNSsolve>	   end if 
 CNSsolve>           evaluate ($betapsi=max($dihedral_psi,105)) 
 CNSsolve>           evaluate ($betapsi=max($dihedral_psi,145)) 
 CNSsolve>	   if ($betapsi eq 145) then 
 CNSsolve>             evaluate ($beta_check = $beta_check + 1) 
 CNSsolve>	   end if 
 CNSsolve>	 end if 
 CNSsolve> 
 CNSsolve>	 evaluate ($defrest = 0) 
 CNSsolve>	 if ($alpha_check eq 2) then 
 CNSsolve>	   evaluate ($defrest = 1) 
 CNSsolve>	 end if 
 CNSsolve>	 if ($beta_check eq 2) then 
 CNSsolve>	   evaluate ($defrest = 1) 
 CNSsolve>	 end if 
 CNSsolve>	 if ($defrest = 1) then 
 CNSsolve>           restraint dihedral 
 CNSsolve>	    ! phi 
 CNSsolve>             assign  ( segid $segid and resid $rprec and name C ) 
 CNSsolve>                     ( segid $segid and resid $resid and name N ) 
 CNSsolve>                     ( segid $segid and resid $resid and name CA ) 
 CNSsolve>                     ( segid $segid and resid $resid and name C ) 
 CNSsolve>                                                       1.0 $dihedral_phi $error_phi 2 
 CNSsolve>	    ! psi 
 CNSsolve>             assign  ( segid $segid and resid $resid and name N ) 
 CNSsolve>                     ( segid $segid and resid $resid and name CA ) 
 CNSsolve>                     ( segid $segid and resid $resid and name C ) 
 CNSsolve>                     ( segid $segid and resid $rnext and name N ) 
 CNSsolve>                                                       1.0 $dihedral_psi $error_psi 2 
 CNSsolve>             scale 200.0 
 CNSsolve>           end 
 CNSsolve>         end if 
 CNSsolve>       end loop resid 
 CNSsolve>     end if 
 CNSsolve>   else 
 CNSsolve>     evaluate ($done=true) 
 CNSsolve>   end if 
 CNSsolve>     evaluate ($group=$group+1) 
 CNSsolve> end loop bdihe 
 CNSsolve> 
 CNSsolve> flags include cdih end 
 CNSsolve> 
 CNSsolve>set message=off echo=off end 
 CNSsolve> 
 CNSsolve> 
 CNSsolve> 
 CNSsolve>evaluate ($kinter = 1.0) 
 CNSsolve>@RUN:protocols/scale_cg-to-aa.cns 
 ASSFIL: file scale_cg-to-aa.cns opened.
 CNSsolve>! scale_cg-to-aa.cns 
 CNSsolve>!    Scaling of intermolecular interactions for CG-to-AA morphing 
 CNSsolve>! 
 CNSsolve>! *********************************************************************** 
 CNSsolve>! * Copyright 2003-2018 Alexandre Bonvin, Utrecht University.           * 
 CNSsolve>! * All rights reserved.                                                * 
 CNSsolve>! * This code is part of the HADDOCK software and governed by its       * 
 CNSsolve>! * license. Please see the LICENSE file that should have been included * 
 CNSsolve>! * as part of this package.                                            * 
 CNSsolve>! *********************************************************************** 
 CNSsolve>! 
 CNSsolve>igroup interaction (not all) (not all) end 
 CNSsolve> 
 CNSsolve>igroup 
 CNSsolve> 
 CNSsolve>  eval($nchain1 = 0) 
 CNSsolve> 
 CNSsolve>  while ($nchain1 < $data.ncomponents) loop nloop1 
 CNSsolve>    eval($nchain1 = $nchain1 + 1) 
 CNSsolve> 
 CNSsolve>    eval($scalfac = $kinter * $Toppar.int_$nchain1_$nchain1) 
 CNSsolve> 
 CNSsolve>    interaction (segid $Toppar.prot_segid_$nchain1 and not (resn ANI or resn DAN or resn XAN or resn DUM or resn SHA)) 
 CNSsolve>                (segid $Toppar.prot_segid_$nchain1 and not (resn ANI or resn DAN or resn XAN or resn DUM or resn SHA)) weight * 1.0 vdw $scalfac elec $scalfac end 
 CNSsolve>    interaction (segid $Toppar.prot_segid_$nchain1 and not (resn ANI or resn DAN or resn XAN or resn DUM or resn SHA)) 
 CNSsolve>                ((resn WAT or resn HOH or resn TIP* or resn DMS)) weight * 1.0 vdw $kinter elec $kinter end 
 CNSsolve> 
 CNSsolve>    eval($nchain2 = $nchain1 ) 
 CNSsolve>    while ($nchain2 < $data.ncomponents) loop nloop2 
 CNSsolve>      eval($nchain2 = $nchain2 + 1) 
 CNSsolve>      eval($scalfac = $kinter * $Toppar.int_$nchain1_$nchain2) 
 CNSsolve>      interaction (segid $Toppar.prot_segid_$nchain1 and not (resn ANI or resn DAN or resn XAN or resn DUM or resn SHA)) 
 CNSsolve>                  (segid $Toppar.prot_segid_$nchain2 and not (resn ANI or resn DAN or resn XAN or resn DUM or resn SHA)) weight * 1.0 vdw $scalfac elec $scalfac end 
 CNSsolve>    end loop nloop2 
 CNSsolve> 
 CNSsolve>  end loop nloop1 
 CNSsolve> 
 CNSsolve>  interaction (resn ANI) (resn ANI) weight * 1.0 vdw 0.0 elec 0.0 end 
 CNSsolve>  interaction (resn DAN) (resn DAN) weight * 1.0 vdw 0.0 elec 0.0 end 
 CNSsolve>  interaction (resn XAN) (resn XAN) weight * 1.0 vdw 0.0 elec 0.0 end 
 CNSsolve>  interaction (resn DUM) (resn DUM) weight * 1.0 vdw 0.0 elec 0.0 end 
 CNSsolve>  interaction (resn SHA) (resn SHA) weight * 1.0 vdw 0.0 elec 0.0 end 
 CNSsolve>  interaction (resn SHA) (not resn SHA) weight * 0.0 end 
 CNSsolve> 
 CNSsolve>  interaction ((resn WAT or resn HOH or resn TIP* or resn DMS)) ((resn WAT or resn HOH or resn TIP* or resn DMS)) weight * 1.0 end 
 CNSsolve> 
 CNSsolve>end 
 CNSsolve>minimize powell nstep=500 drop=40.0 nprint=25 end 
 CNSsolve> 
 CNSsolve>if ($failure eq false) then 
 CNSsolve>! Short MD optimization 
 CNSsolve>! 
 CNSsolve>{- Friction coefficient, in 1/ps. -} 
 CNSsolve>  do (fbeta=100) (not segid *CG) 
 CNSsolve> 
 CNSsolve>  evaluate ($bath=300.0) 
 CNSsolve>  evaluate ($nstep=500 * $scalefac) 
 CNSsolve>  evaluate ($timestep=0.0005) 
 CNSsolve> 
 CNSsolve>  do (vx=maxwell($bath)) (all) 
 CNSsolve>  do (vy=maxwell($bath)) (all) 
 CNSsolve>  do (vz=maxwell($bath)) (all) 
 CNSsolve> 
 CNSsolve>  dynamics cartesian 
 CNSsolve>    nstep=$nstep 
 CNSsolve>    timestep=$timestep 
 CNSsolve>    tcoupling=true temperature=$bath 
 CNSsolve>    nprint=50 
 CNSsolve>    cmremove=true 
 CNSsolve>  end 
 CNSsolve> 
 CNSsolve>  minimize powell nstep=500 drop=40.0 nprint=25 end 
 CNSsolve> 
 CNSsolve>end if 
 CNSsolve> 
 CNSsolve>minimize powell nstep=500 drop=40.0 nprint=25 end 
 CNSsolve>minimize powell nstep=500 drop=10.0 nprint=25 end 
 CNSsolve> 
 CNSsolve>energy end 
 CNSsolve> 
 CNSsolve>parameter nbonds eps=1.0 end end 
 CNSsolve> 
 CNSsolve>delete sele=(segid *CG) end 
 CNSsolve> 
 CNSsolve> 
 CNSsolve>  ! reset non-bonded parameters to all atoms defaults 
 CNSsolve>  parameter 
 CNSsolve>    nbonds 
 CNSsolve>      nbxmod=5 atom cdie shift 
 CNSsolve>      cutnb=9.5 ctofnb=8.5 ctonnb=6.5 eps=1.0 e14fac=0.4 inhibit 0.25 
 CNSsolve>      wmin=0.5 tolerance  0.5 
 CNSsolve>    end 
 CNSsolve>  end 
 CNSsolve> 
 CNSsolve>end if 
 CNSsolve> 
 CNSsolve>if ($data.waterdock eq true) then 
 NEXTCD: condition evaluated as false
 CNSsolve> inline @RUN:protocols/read_water1.cns 
 ASSFIL: file read_water1.cns opened.
 CNSsolve>! read_water1.cns 
 CNSsolve>!   Read water coordinates from solvated docking 
 CNSsolve>! 
 CNSsolve>! *********************************************************************** 
 CNSsolve>! * Copyright 2003-2018 Alexandre Bonvin, Utrecht University.           * 
 CNSsolve>! * All rights reserved.                                                * 
 CNSsolve>! * This code is part of the HADDOCK software and governed by its       * 
 CNSsolve>! * license. Please see the LICENSE file that should have been included * 
 CNSsolve>! * as part of this package.                                            * 
 CNSsolve>! *********************************************************************** 
 CNSsolve>! 
 CNSsolve> 
 CNSsolve>evaluate ($nchain=0) 
 CNSsolve>while ($nchain < $data.ncomponents) loop nloop1 
 CNSsolve>  evaluate ($nchain = $nchain + 1) 
 CNSsolve>  evaluate ($watersegname_$nchain="WA" + encode($nchain)) 
 CNSsolve>end loop nloop1 
 CNSsolve> 
 CNSsolve> 
 CNSsolve>if ($data.waterdock eq true) then 
 CNSsolve>  noe reset end 
 CNSsolve>  rest dihe reset end 
 CNSsolve>  evaluate($watercoorfile = $file - ".pdb" + "_water.pdbw") 
 CNSsolve>  fileexist $watercoorfile end 
 CNSsolve>  evaluate ($waterfileexist=$result) 
 CNSsolve>  if ($waterfileexist eq true) then 
 CNSsolve>    if ($iteration < 2) then 
 CNSsolve>      evaluate($sol_topology_infile="RUN:/toppar/water-allhdg5-4.top") 
 CNSsolve>      topology @@$sol_topology_infile end 
 CNSsolve>    end if 
 CNSsolve>    segment 
 CNSsolve>      chain 
 CNSsolve>        separate-by-segid = true 
 CNSsolve>        coor @@$watercoorfile 
 CNSsolve>      end 
 CNSsolve>    end 
 CNSsolve>    coor @@$watercoorfile 
 CNSsolve>    ident (store5) (not all) 
 CNSsolve>  end if 
 CNSsolve> 
 CNSsolve>end if 
 CNSsolve>end if 
 CNSsolve> 
 CNSsolve>if ($Data.flags.sani eq true) then 
 NEXTCD: condition evaluated as false
 CNSsolve>   flag incl sani end 
 CNSsolve>   coor select (not known and resn ani) end 
 CNSsolve>   if ($select gt 0) then 
 CNSsolve>     coor @@RUN:toppar/tensor.pdb 
 CNSsolve> 
 CNSsolve>     {* Find CoM of protein and move tensor 100 A away *} 
 CNSsolve>     show ave (x) (name CA or name BB or name C1') 
 CNSsolve>     evaluate ($xcent=$result) 
 CNSsolve>     show ave (y) (name CA or name BB or name C1') 
 CNSsolve>     evaluate ($ycent=$result) 
 CNSsolve>     show ave (z) (name CA or name BB or name C1') 
 CNSsolve>     evaluate ($zcent=$result) 
 CNSsolve>     do (x=x+$xcent+100) (resn ANI) 
 CNSsolve>     do (y=y+$ycent+100) (resn ANI) 
 CNSsolve>     do (z=z+$zcent+100) (resn ANI) 
 CNSsolve> 
 CNSsolve>     evaluate ($rantens = true) 
 CNSsolve>   else 
 CNSsolve>     evaluate ($rantens = false) 
 CNSsolve>   end if 
 CNSsolve> 
 CNSsolve>   {* Harmonic restraints to keep it far away *} 
 CNSsolve>   do (refx=x) (all) 
 CNSsolve>   do (refy=y) (all) 
 CNSsolve>   do (refz=z) (all) 
 CNSsolve>   do (harmonic=20.0)(resn ANI and name OO) 
 CNSsolve>   do (harmonic=0.0) (resn ANI and name X ) 
 CNSsolve>   do (harmonic=0.0) (resn ANI and name Y ) 
 CNSsolve>   do (harmonic=0.0) (resn ANI and name Z ) 
 CNSsolve>   do (harmonic=0.0) (not (resn ANI)) 
 CNSsolve>   restraints harmonic exponent=2 end 
 CNSsolve>   flags include harm end 
 CNSsolve>end if 
 CNSsolve> 
 CNSsolve>evaluate ($xanmin = false) 
 EVALUATE: symbol $XANMIN set to FALSE (logical)
 CNSsolve>if ($Data.flags.xrdc eq true) then 
 NEXTCD: condition evaluated as false
 CNSsolve>  evaluate ($xanmin = true) 
 CNSsolve>  flag incl xrdc end 
 CNSsolve>end if 
 CNSsolve>if ($Data.flags.xpcs eq true) then 
 NEXTCD: condition evaluated as false
 CNSsolve>  evaluate ($xanmin = true) 
 CNSsolve>  flag incl xpcs end 
 CNSsolve>end if 
 CNSsolve>if ($xanmin eq true) then 
 NEXTCD: condition evaluated as false
 CNSsolve>   coor select (not known and resn xan) end 
 CNSsolve>   if ($select gt 0) then 
 CNSsolve>     coor @@RUN:toppar/tensor_para.pdb 
 CNSsolve> 
 CNSsolve>     {* Find CoM of protein and move tensor 100 A away *} 
 CNSsolve>     show ave (x) (name CA or name BB or name C1') 
 CNSsolve>     evaluate ($xcent=$result) 
 CNSsolve>     show ave (y) (name CA or name BB or name C1') 
 CNSsolve>     evaluate ($ycent=$result) 
 CNSsolve>     show ave (z) (name CA or name BB or name C1') 
 CNSsolve>     evaluate ($zcent=$result) 
 CNSsolve>     do (x=x+$xcent+100) (resn XAN) 
 CNSsolve>     do (y=y+$ycent+100) (resn XAN) 
 CNSsolve>     do (z=z+$zcent+100) (resn XAN) 
 CNSsolve>     evaluate ($rantens_para = true) 
 CNSsolve>   else 
 CNSsolve>     evaluate ($rantens_para = false) 
 CNSsolve>   end if 
 CNSsolve>end if 
 CNSsolve> 
 CNSsolve>if ($Data.flags.dani eq true) then 
 NEXTCD: condition evaluated as false
 CNSsolve>   flag incl dani end 
 CNSsolve>   coor select (not known and resn DAN) end 
 CNSsolve>   if ($select gt 0) then 
 CNSsolve>     coor @@RUN:toppar/tensor_dani.pdb 
 CNSsolve> 
 CNSsolve>     {* Find CoM of protein and move tensor 100 A away *} 
 CNSsolve>     show ave (x) (name CA or name BB or name C1') 
 CNSsolve>     evaluate ($xcent=$result) 
 CNSsolve>     show ave (y) (name CA or name BB or name C1') 
 CNSsolve>     evaluate ($ycent=$result) 
 CNSsolve>     show ave (z) (name CA or name BB or name C1') 
 CNSsolve>     evaluate ($zcent=$result) 
 CNSsolve>     do (x=x+$xcent+100) (resn DAN) 
 CNSsolve>     do (y=y+$ycent+100) (resn DAN) 
 CNSsolve>     do (z=z+$zcent+100) (resn DAN) 
 CNSsolve> 
 CNSsolve>     evaluate ($rantens_dani = true) 
 CNSsolve>   else 
 CNSsolve>     evaluate ($rantens_dani = false) 
 CNSsolve>   end if 
 CNSsolve> 
 CNSsolve>   {* Harmonic restraints to keep it far away *} 
 CNSsolve>   do (refx=x) (all) 
 CNSsolve>   do (refy=y) (all) 
 CNSsolve>   do (refz=z) (all) 
 CNSsolve>   do (harmonic=20.0)(resn DAN and name OO) 
 CNSsolve>   do (harmonic=0.0) (resn DAN and name X ) 
 CNSsolve>   do (harmonic=0.0) (resn DAN and name Y ) 
 CNSsolve>   do (harmonic=0.0) (resn DAN and name Z ) 
 CNSsolve>   do (harmonic=0.0) (not (resn ANI or resn DAN)) 
 CNSsolve>   restraints harmonic exponent=2 end 
 CNSsolve>   flags include harm end 
 CNSsolve>end if 
 CNSsolve> 
 CNSsolve>if ($Data.flags.rg eq true ) then 
 NEXTCD: condition evaluated as false
 CNSsolve>  collapse 
 CNSsolve>    force  $Data.krg_cool3 
 CNSsolve>    target $Data.rgtarg 
 CNSsolve>    sele   (not (resn ANI or resn XAN or resn WAT or resn HOH or resn TIP3)) 
 CNSsolve>  end 
 CNSsolve>end if 
 CNSsolve> 
 CNSsolve>do (refx = x) (all) 
 SELRPN:   1622 atoms have been selected out of   1622
 CNSsolve>do (refy = y) (all) 
 SELRPN:   1622 atoms have been selected out of   1622
 CNSsolve>do (refz = z) (all) 
 SELRPN:   1622 atoms have been selected out of   1622
 CNSsolve> 
 CNSsolve>{*== check if water refinement should be performed ==*} 
 CNSsolve>if ($refine.firstwater eq "yes") then 
 NEXTCD: condition evaluated as true
 CNSsolve>  if ($refine.solvshell eq true) then 
 NEXTCD: condition evaluated as true
 CNSsolve>    if ($failure eq false) then 
 NEXTCD: condition evaluated as true
 CNSsolve>      ! generate water layer 
 CNSsolve>      do (segid = "PROT") (segid "    ") 
 SELRPN:      0 atoms have been selected out of   1622
 CNSsolve>      @RUN:protocols/generate_water.cns 
 ASSFIL: file generate_water.cns opened.
 CNSsolve>! generate_water.cns 
 CNSsolve>!    Generate a water solvent layer around the molecule 
 CNSsolve>! 
 CNSsolve>! *********************************************************************** 
 CNSsolve>! * Copyright 2003-2018 Alexandre Bonvin, Utrecht University.           * 
 CNSsolve>! * Originally adapted from Aria 1.2 from Nilges and Linge, EMBL.       * 
 CNSsolve>! * All rights reserved.                                                * 
 CNSsolve>! * This code is part of the HADDOCK software and governed by its       * 
 CNSsolve>! * license. Please see the LICENSE file that should have been included * 
 CNSsolve>! * as part of this package.                                            * 
 CNSsolve>! *********************************************************************** 
 CNSsolve>! 
 CNSsolve> 
 CNSsolve>eval ($boxlength = 18.856)   ! length of Brooks' water box 
 EVALUATE: symbol $BOXLENGTH set to    18.8560     (real)
 CNSsolve>eval ($thickness = 8)        ! maxi. initial water-protein distance (heavy atoms) 
 EVALUATE: symbol $THICKNESS set to    8.00000     (real)
 CNSsolve>if ($iteration = 2) then 
 NEXTCD: condition evaluated as true
 CNSsolve>  eval ($pw_dist = 2.4)      ! mini. initial water-protein distance (heavy atoms) 
 EVALUATE: symbol $PW_DIST set to    2.40000     (real)
 CNSsolve>else 
 CNSsolve>  eval ($pw_dist = 4.0)      ! mini. initial water-protein distance (heavy atoms) 
 CNSsolve>end if 
 CNSsolve>eval ($water_diam = 2.4)     ! diameter of water molecule 
 EVALUATE: symbol $WATER_DIAM set to    2.40000     (real)
 CNSsolve>eval ($dyncount = 21)        ! for water segid  (max number of molecules + 1) 
 EVALUATE: symbol $DYNCOUNT set to    21.0000     (real)
 CNSsolve> 
 CNSsolve>eval ($water = "WA" + encode($dyncount)) 
 EVALUATE: symbol $WATER set to "WA21" (string)
 CNSsolve> 
 CNSsolve>!-------------------------------------------------- 
 CNSsolve>! read in the same box of water several times, and move it around 
 CNSsolve>! so as to cover all the space around the site of interest. 
 CNSsolve>! take into account box offset 
 CNSsolve> 
 CNSsolve>show max (x) ((not (resn WAT or resn HOH or resn TIP*)) and not (resn ANI or resn DAN or resn XAN or resn DUM or resn SHA)) 
 SELRPN:   1622 atoms have been selected out of   1622
 SHOW: maximum of selected elements =      43.125000
 CNSsolve>evaluate ($xmax = $result) 
 EVALUATE: symbol $XMAX set to    43.1250     (real)
 CNSsolve>show min (x) ((not (resn WAT or resn HOH or resn TIP*)) and not (resn ANI or resn DAN or resn XAN or resn DUM or resn SHA)) 
 SELRPN:   1622 atoms have been selected out of   1622
 SHOW: minimum of selected elements =     -47.766000
 CNSsolve>evaluate ($xmin = $result) 
 EVALUATE: symbol $XMIN set to   -47.7660     (real)
 CNSsolve> 
 CNSsolve>show max (y) ((not (resn WAT or resn HOH or resn TIP*)) and not (resn ANI or resn DAN or resn XAN or resn DUM or resn SHA)) 
 SELRPN:   1622 atoms have been selected out of   1622
 SHOW: maximum of selected elements =      11.965000
 CNSsolve>evaluate ($ymax = $result) 
 EVALUATE: symbol $YMAX set to    11.9650     (real)
 CNSsolve>show min (y) ((not (resn WAT or resn HOH or resn TIP*)) and not (resn ANI or resn DAN or resn XAN or resn DUM or resn SHA)) 
 SELRPN:   1622 atoms have been selected out of   1622
 SHOW: minimum of selected elements =     -12.388000
 CNSsolve>evaluate ($ymin = $result) 
 EVALUATE: symbol $YMIN set to   -12.3880     (real)
 CNSsolve> 
 CNSsolve>show max (z) ((not (resn WAT or resn HOH or resn TIP*)) and not (resn ANI or resn DAN or resn XAN or resn DUM or resn SHA)) 
 SELRPN:   1622 atoms have been selected out of   1622
 SHOW: maximum of selected elements =      12.418000
 CNSsolve>evaluate ($zmax = $result) 
 EVALUATE: symbol $ZMAX set to    12.4180     (real)
 CNSsolve>show min (z) ((not (resn WAT or resn HOH or resn TIP*)) and not (resn ANI or resn DAN or resn XAN or resn DUM or resn SHA)) 
 SELRPN:   1622 atoms have been selected out of   1622
 SHOW: minimum of selected elements =     -12.182000
 CNSsolve>evaluate ($zmin = $result) 
 EVALUATE: symbol $ZMIN set to   -12.1820     (real)
 CNSsolve> 
 CNSsolve> 
 CNSsolve>! loop over several iterations of water filling and dynamics 
 CNSsolve> 
 CNSsolve> 
 CNSsolve>!-------------------------------------------------- 
 CNSsolve>! read in the same box of water several times, and move it around 
 CNSsolve>! so as to cover all the space around the site of interest. 
 CNSsolve>! take into account box offset 
 CNSsolve> 
 CNSsolve> 
 CNSsolve>! determine how many boxes are necessary in each dimension 
 CNSsolve>eval ($xbox = int( ($xmax - $xmin + 2 * ($thickness + $water_diam)) / $boxlength  + 0.5)) 
 EVALUATE: symbol $XBOX set to    6.00000     (real)
 CNSsolve>eval ($ybox = int( ($ymax - $ymin + 2 * ($thickness + $water_diam)) / $boxlength  + 0.5)) 
 EVALUATE: symbol $YBOX set to    2.00000     (real)
 CNSsolve>eval ($zbox = int( ($zmax - $zmin + 2 * ($thickness + $water_diam)) / $boxlength  + 0.5)) 
 EVALUATE: symbol $ZBOX set to    2.00000     (real)
 CNSsolve> 
 CNSsolve>eval ($xmtran =  $xmax + $thickness - $boxlength/2 + $water_diam) 
 EVALUATE: symbol $XMTRAN set to    44.0970     (real)
 CNSsolve>eval ($ymtran =  $ymax + $thickness - $boxlength/2 + $water_diam) 
 EVALUATE: symbol $YMTRAN set to    12.9370     (real)
 CNSsolve>eval ($zmtran =  $zmax + $thickness - $boxlength/2 + $water_diam) 
 EVALUATE: symbol $ZMTRAN set to    13.3900     (real)
 CNSsolve> 
 CNSsolve>eval ($xcount=0) 
 EVALUATE: symbol $XCOUNT set to    0.00000     (real)
 CNSsolve>eval ($xtrans = $xmin - $thickness - $water_diam - $boxlength/2 ) 
 EVALUATE: symbol $XTRANS set to   -67.5940     (real)
 CNSsolve>while ($xtrans < $xmtran) loop wat1 
 NEXTCD: condition evaluated as true
 CNSsolve>  eval ($xcount=$xcount+1) 
 EVALUATE: symbol $XCOUNT set to    1.00000     (real)
 CNSsolve>  eval ($xtrans = $xtrans + $boxlength) 
 EVALUATE: symbol $XTRANS set to   -48.7380     (real)
 CNSsolve> 
 CNSsolve>  eval ($ycount=0) 
 EVALUATE: symbol $YCOUNT set to    0.00000     (real)
 CNSsolve>  eval ($ytrans = $ymin - $thickness - $water_diam - $boxlength/2 ) 
 EVALUATE: symbol $YTRANS set to   -32.2160     (real)
 CNSsolve>  while ($ytrans < $ymtran) loop wat2 
 NEXTCD: condition evaluated as true
 CNSsolve>    eval ($ycount=$ycount+1) 
 EVALUATE: symbol $YCOUNT set to    1.00000     (real)
 CNSsolve>    eval ($ytrans = $ytrans + $boxlength) 
 EVALUATE: symbol $YTRANS set to   -13.3600     (real)
 CNSsolve> 
 CNSsolve>    eval ($zcount=0) 
 EVALUATE: symbol $ZCOUNT set to    0.00000     (real)
 CNSsolve>    eval ($ztrans = $zmin - $thickness - $water_diam - $boxlength/2 ) 
 EVALUATE: symbol $ZTRANS set to   -32.0100     (real)
 CNSsolve>    while ($ztrans < $zmtran) loop wat3 
 NEXTCD: condition evaluated as true
 CNSsolve>      eval ($zcount=$zcount+1) 
 EVALUATE: symbol $ZCOUNT set to    1.00000     (real)
 CNSsolve>      eval ($ztrans = $ztrans + $boxlength) 
 EVALUATE: symbol $ZTRANS set to   -13.1540     (real)
 CNSsolve> 
 CNSsolve> 
 CNSsolve>      segment 
 SEGMENT>        name="    " 
 SEGMENT>        chain 
 CHAIN>          coordinates @@RUN:protocols/boxtyp20.pdb 
 ASSFIL: file boxtyp20.pdb opened.
 COOR>REMARKS *****  CHARMM water box from Charlie Brooks. ******** 
 COOR>REMARKS * This is a box of 216 3-site water molecules in the experimental 
 COOR>REMARKS * geometry.  It was constructed from an equilibrated 
 COOR>REMARKS * configuration of TIP3P (3-site water model of Jorgenson) 
 COOR>REMARKS * waters at 1 atm pressure and a density of 0.0334 molecules/A**-3. 
 COOR>REMARKS * The box edgelength is 18.856 A.  The minimum image periodic 
 COOR>REMARKS * boundary energy for this configuration using the TIP3P 
 COOR>REMARKS * potentials is -2150.6833 kcal/mol. 
 COOR>REMARKS 
 COOR>ATOM      1 OH2  WAT     1       2.531   0.596  -2.477        0.000 
 SEGMNT-info: chain termination due to END keyword.   216 residues were inserted into segid "    "
 CHAIN>        end 
 SEGMENT>      end 
 SCRATC-warning: Pairs of Interacting Groups erased.
 Status of internal molecular topology database:
 -> NATOM=       2270(MAXA=     1000000)  NBOND=       2179(MAXB=     1000000)
 -> NTHETA=      3383(MAXT=     2000000)  NGRP=         735(MAXGRP=   1000000)
 -> NPHI=          22(MAXP=     2000000)  NIMPHI=      1110(MAXIMP=   1000000)
 -> NNB=          150(MAXNB=    1000000) 
 CNSsolve>      coor @@RUN:protocols/boxtyp20.pdb 
 ASSFIL: file boxtyp20.pdb opened.
 COOR>REMARKS *****  CHARMM water box from Charlie Brooks. ******** 
 COOR>REMARKS * This is a box of 216 3-site water molecules in the experimental 
 COOR>REMARKS * geometry.  It was constructed from an equilibrated 
 COOR>REMARKS * configuration of TIP3P (3-site water model of Jorgenson) 
 COOR>REMARKS * waters at 1 atm pressure and a density of 0.0334 molecules/A**-3. 
 COOR>REMARKS * The box edgelength is 18.856 A.  The minimum image periodic 
 COOR>REMARKS * boundary energy for this configuration using the TIP3P 
 COOR>REMARKS * potentials is -2150.6833 kcal/mol. 
 COOR>REMARKS 
 COOR>ATOM      1 OH2  WAT     1       2.531   0.596  -2.477        0.000 
 COOR>ATOM      2 H1   WAT     1       2.620   1.540  -2.609        0.000 
 CNSsolve>      do (segid=W000) (segid "    ") 
 Assuming literal string "W000"
 SELRPN:    648 atoms have been selected out of   2270
 CNSsolve>      coor sele=(segid W000) translate vector = ($xtrans $ytrans $ztrans) end 
 SELRPN:    648 atoms have been selected out of   2270
 COOR: using atom subset.
 COOR: translation vector =(   -48.738000  -13.360000  -13.154000 )
 COOR: selected coordinates translated
 CNSsolve> 
 CNSsolve>      ! all new water oxygens 
 CNSsolve>      ident (store1) (segid W000 and name oh2) 
 SELRPN:    216 atoms have been selected out of   2270
 CNSsolve>      ! all new water oxygens close to a protein heavy atom 
 CNSsolve>      ident (store2) (store1 and (not (resn WAT or resn HOH or resn TIP* or resn ANI or resn DAN or resn XAN or resn DUM or resn SHA or hydro)) around $pw_dist) 
 SELRPN:      1 atoms have been selected out of   2270
 CNSsolve>      ! all new water oxygens close to old water oxygens 
 CNSsolve>      ident (store3) (store1 and (segid wat# and not hydro) around $water_diam) 
 SELRPN:      0 atoms have been selected out of   2270
 CNSsolve>      ! all new water oxygens further than thickness away from a protein heavy atom 
 CNSsolve>      ident (store4) (store1 and not (not (resn WAT or resn HOH or resn TIP* or resn ANI or resn DAN or resn XAN or resn DUM or resn SHA or hydro)) around $thickness) 
 SELRPN:    190 atoms have been selected out of   2270
 CNSsolve>      delete sele= (byres (store2 or store3 or store4)) end 
 SELRPN:    573 atoms have been selected out of   2270
 Status of internal molecular topology database:
 -> NATOM=       1697(MAXA=     1000000)  NBOND=       1797(MAXB=     1000000)
 -> NTHETA=      3192(MAXT=     2000000)  NGRP=         544(MAXGRP=   1000000)
 -> NPHI=          22(MAXP=     2000000)  NIMPHI=      1110(MAXIMP=   1000000)
 -> NNB=          150(MAXNB=    1000000) 
 CNSsolve> 
 CNSsolve> 
 CNSsolve>      ! give waters unique segid name 
 CNSsolve>      eval ($segid= "W" 
 Expression=             + encode($xcount) + encode($ycount) + encode($zcount)) 
 EVALUATE: symbol $SEGID set to "W111" (string)
 CNSsolve>      do (segid = $segid) (segid W000) 
 SELRPN:     75 atoms have been selected out of   1697
 CNSsolve> 
 CNSsolve>    end loop wat3 
 CNSsolve>    while ($ztrans < $zmtran) loop wat3 
 NEXTCD: condition evaluated as true
 CNSsolve>      eval ($zcount=$zcount+1) 
 EVALUATE: symbol $ZCOUNT set to    2.00000     (real)
 CNSsolve>      eval ($ztrans = $ztrans + $boxlength) 
 EVALUATE: symbol $ZTRANS set to    5.70200     (real)
 CNSsolve> 
 CNSsolve> 
 CNSsolve>      segment 
 SEGMENT>        name="    " 
 SEGMENT>        chain 
 CHAIN>          coordinates @@RUN:protocols/boxtyp20.pdb 
 ASSFIL: file boxtyp20.pdb opened.
 COOR>REMARKS *****  CHARMM water box from Charlie Brooks. ******** 
 COOR>REMARKS * This is a box of 216 3-site water molecules in the experimental 
 COOR>REMARKS * geometry.  It was constructed from an equilibrated 
 COOR>REMARKS * configuration of TIP3P (3-site water model of Jorgenson) 
 COOR>REMARKS * waters at 1 atm pressure and a density of 0.0334 molecules/A**-3. 
 COOR>REMARKS * The box edgelength is 18.856 A.  The minimum image periodic 
 COOR>REMARKS * boundary energy for this configuration using the TIP3P 
 COOR>REMARKS * potentials is -2150.6833 kcal/mol. 
 COOR>REMARKS 
 COOR>ATOM      1 OH2  WAT     1       2.531   0.596  -2.477        0.000 
 SEGMNT-info: chain termination due to END keyword.   216 residues were inserted into segid "    "
 CHAIN>        end 
 SEGMENT>      end 
 Status of internal molecular topology database:
 -> NATOM=       2345(MAXA=     1000000)  NBOND=       2229(MAXB=     1000000)
 -> NTHETA=      3408(MAXT=     2000000)  NGRP=         760(MAXGRP=   1000000)
 -> NPHI=          22(MAXP=     2000000)  NIMPHI=      1110(MAXIMP=   1000000)
 -> NNB=          150(MAXNB=    1000000) 
 CNSsolve>      coor @@RUN:protocols/boxtyp20.pdb 
 ASSFIL: file boxtyp20.pdb opened.
 COOR>REMARKS *****  CHARMM water box from Charlie Brooks. ******** 
 COOR>REMARKS * This is a box of 216 3-site water molecules in the experimental 
 COOR>REMARKS * geometry.  It was constructed from an equilibrated 
 COOR>REMARKS * configuration of TIP3P (3-site water model of Jorgenson) 
 COOR>REMARKS * waters at 1 atm pressure and a density of 0.0334 molecules/A**-3. 
 COOR>REMARKS * The box edgelength is 18.856 A.  The minimum image periodic 
 COOR>REMARKS * boundary energy for this configuration using the TIP3P 
 COOR>REMARKS * potentials is -2150.6833 kcal/mol. 
 COOR>REMARKS 
 COOR>ATOM      1 OH2  WAT     1       2.531   0.596  -2.477        0.000 
 COOR>ATOM      2 H1   WAT     1       2.620   1.540  -2.609        0.000 
 CNSsolve>      do (segid=W000) (segid "    ") 
 Assuming literal string "W000"
 SELRPN:    648 atoms have been selected out of   2345
 CNSsolve>      coor sele=(segid W000) translate vector = ($xtrans $ytrans $ztrans) end 
 SELRPN:    648 atoms have been selected out of   2345
 COOR: using atom subset.
 COOR: translation vector =(   -48.738000  -13.360000    5.702000 )
 COOR: selected coordinates translated
 CNSsolve> 
 CNSsolve>      ! all new water oxygens 
 CNSsolve>      ident (store1) (segid W000 and name oh2) 
 SELRPN:    216 atoms have been selected out of   2345
 CNSsolve>      ! all new water oxygens close to a protein heavy atom 
 CNSsolve>      ident (store2) (store1 and (not (resn WAT or resn HOH or resn TIP* or resn ANI or resn DAN or resn XAN or resn DUM or resn SHA or hydro)) around $pw_dist) 
 SELRPN:      3 atoms have been selected out of   2345
 CNSsolve>      ! all new water oxygens close to old water oxygens 
 CNSsolve>      ident (store3) (store1 and (segid wat# and not hydro) around $water_diam) 
 SELRPN:      0 atoms have been selected out of   2345
 CNSsolve>      ! all new water oxygens further than thickness away from a protein heavy atom 
 CNSsolve>      ident (store4) (store1 and not (not (resn WAT or resn HOH or resn TIP* or resn ANI or resn DAN or resn XAN or resn DUM or resn SHA or hydro)) around $thickness) 
 SELRPN:    188 atoms have been selected out of   2345
 CNSsolve>      delete sele= (byres (store2 or store3 or store4)) end 
 SELRPN:    573 atoms have been selected out of   2345
 Status of internal molecular topology database:
 -> NATOM=       1772(MAXA=     1000000)  NBOND=       1847(MAXB=     1000000)
 -> NTHETA=      3217(MAXT=     2000000)  NGRP=         569(MAXGRP=   1000000)
 -> NPHI=          22(MAXP=     2000000)  NIMPHI=      1110(MAXIMP=   1000000)
 -> NNB=          150(MAXNB=    1000000) 
 CNSsolve> 
 CNSsolve> 
 CNSsolve>      ! give waters unique segid name 
 CNSsolve>      eval ($segid= "W" 
 Expression=             + encode($xcount) + encode($ycount) + encode($zcount)) 
 EVALUATE: symbol $SEGID set to "W112" (string)
 CNSsolve>      do (segid = $segid) (segid W000) 
 SELRPN:     75 atoms have been selected out of   1772
 CNSsolve> 
 CNSsolve>    end loop wat3 
 CNSsolve>    while ($ztrans < $zmtran) loop wat3 
 NEXTCD: condition evaluated as true
 CNSsolve>      eval ($zcount=$zcount+1) 
 EVALUATE: symbol $ZCOUNT set to    3.00000     (real)
 CNSsolve>      eval ($ztrans = $ztrans + $boxlength) 
 EVALUATE: symbol $ZTRANS set to    24.5580     (real)
 CNSsolve> 
 CNSsolve> 
 CNSsolve>      segment 
 SEGMENT>        name="    " 
 SEGMENT>        chain 
 CHAIN>          coordinates @@RUN:protocols/boxtyp20.pdb 
 ASSFIL: file boxtyp20.pdb opened.
 COOR>REMARKS *****  CHARMM water box from Charlie Brooks. ******** 
 COOR>REMARKS * This is a box of 216 3-site water molecules in the experimental 
 COOR>REMARKS * geometry.  It was constructed from an equilibrated 
 COOR>REMARKS * configuration of TIP3P (3-site water model of Jorgenson) 
 COOR>REMARKS * waters at 1 atm pressure and a density of 0.0334 molecules/A**-3. 
 COOR>REMARKS * The box edgelength is 18.856 A.  The minimum image periodic 
 COOR>REMARKS * boundary energy for this configuration using the TIP3P 
 COOR>REMARKS * potentials is -2150.6833 kcal/mol. 
 COOR>REMARKS 
 COOR>ATOM      1 OH2  WAT     1       2.531   0.596  -2.477        0.000 
 SEGMNT-info: chain termination due to END keyword.   216 residues were inserted into segid "    "
 CHAIN>        end 
 SEGMENT>      end 
 Status of internal molecular topology database:
 -> NATOM=       2420(MAXA=     1000000)  NBOND=       2279(MAXB=     1000000)
 -> NTHETA=      3433(MAXT=     2000000)  NGRP=         785(MAXGRP=   1000000)
 -> NPHI=          22(MAXP=     2000000)  NIMPHI=      1110(MAXIMP=   1000000)
 -> NNB=          150(MAXNB=    1000000) 
 CNSsolve>      coor @@RUN:protocols/boxtyp20.pdb 
 ASSFIL: file boxtyp20.pdb opened.
 COOR>REMARKS *****  CHARMM water box from Charlie Brooks. ******** 
 COOR>REMARKS * This is a box of 216 3-site water molecules in the experimental 
 COOR>REMARKS * geometry.  It was constructed from an equilibrated 
 COOR>REMARKS * configuration of TIP3P (3-site water model of Jorgenson) 
 COOR>REMARKS * waters at 1 atm pressure and a density of 0.0334 molecules/A**-3. 
 COOR>REMARKS * The box edgelength is 18.856 A.  The minimum image periodic 
 COOR>REMARKS * boundary energy for this configuration using the TIP3P 
 COOR>REMARKS * potentials is -2150.6833 kcal/mol. 
 COOR>REMARKS 
 COOR>ATOM      1 OH2  WAT     1       2.531   0.596  -2.477        0.000 
 COOR>ATOM      2 H1   WAT     1       2.620   1.540  -2.609        0.000 
 CNSsolve>      do (segid=W000) (segid "    ") 
 Assuming literal string "W000"
 SELRPN:    648 atoms have been selected out of   2420
 CNSsolve>      coor sele=(segid W000) translate vector = ($xtrans $ytrans $ztrans) end 
 SELRPN:    648 atoms have been selected out of   2420
 COOR: using atom subset.
 COOR: translation vector =(   -48.738000  -13.360000   24.558000 )
 COOR: selected coordinates translated
 CNSsolve> 
 CNSsolve>      ! all new water oxygens 
 CNSsolve>      ident (store1) (segid W000 and name oh2) 
 SELRPN:    216 atoms have been selected out of   2420
 CNSsolve>      ! all new water oxygens close to a protein heavy atom 
 CNSsolve>      ident (store2) (store1 and (not (resn WAT or resn HOH or resn TIP* or resn ANI or resn DAN or resn XAN or resn DUM or resn SHA or hydro)) around $pw_dist) 
 SELRPN:      0 atoms have been selected out of   2420
 CNSsolve>      ! all new water oxygens close to old water oxygens 
 CNSsolve>      ident (store3) (store1 and (segid wat# and not hydro) around $water_diam) 
 SELRPN:      0 atoms have been selected out of   2420
 CNSsolve>      ! all new water oxygens further than thickness away from a protein heavy atom 
 CNSsolve>      ident (store4) (store1 and not (not (resn WAT or resn HOH or resn TIP* or resn ANI or resn DAN or resn XAN or resn DUM or resn SHA or hydro)) around $thickness) 
 SELRPN:    216 atoms have been selected out of   2420
 CNSsolve>      delete sele= (byres (store2 or store3 or store4)) end 
 SELRPN:    648 atoms have been selected out of   2420
 Status of internal molecular topology database:
 -> NATOM=       1772(MAXA=     1000000)  NBOND=       1847(MAXB=     1000000)
 -> NTHETA=      3217(MAXT=     2000000)  NGRP=         569(MAXGRP=   1000000)
 -> NPHI=          22(MAXP=     2000000)  NIMPHI=      1110(MAXIMP=   1000000)
 -> NNB=          150(MAXNB=    1000000) 
 CNSsolve> 
 CNSsolve> 
 CNSsolve>      ! give waters unique segid name 
 CNSsolve>      eval ($segid= "W" 
 Expression=             + encode($xcount) + encode($ycount) + encode($zcount)) 
 EVALUATE: symbol $SEGID set to "W113" (string)
 CNSsolve>      do (segid = $segid) (segid W000) 
 SELRPN:      0 atoms have been selected out of   1772
 CNSsolve> 
 CNSsolve>    end loop wat3 
 CNSsolve>    while ($ztrans < $zmtran) loop wat3 
 NEXTCD: condition evaluated as false
 CNSsolve>      eval ($zcount=$zcount+1) 
 CNSsolve>      eval ($ztrans = $ztrans + $boxlength) 
 CNSsolve> 
 CNSsolve> 
 CNSsolve>      segment 
 CNSsolve>        name="    " 
 CNSsolve>        chain 
 CNSsolve>          coordinates @@RUN:protocols/boxtyp20.pdb 
 CNSsolve>        end 
 CNSsolve>      end 
 CNSsolve>      coor @@RUN:protocols/boxtyp20.pdb 
 CNSsolve>      do (segid=W000) (segid "    ") 
 CNSsolve>      coor sele=(segid W000) translate vector = ($xtrans $ytrans $ztrans) end 
 CNSsolve> 
 CNSsolve>      ! all new water oxygens 
 CNSsolve>      ident (store1) (segid W000 and name oh2) 
 CNSsolve>      ! all new water oxygens close to a protein heavy atom 
 CNSsolve>      ident (store2) (store1 and (not (resn WAT or resn HOH or resn TIP* or resn ANI or resn DAN or resn XAN or resn DUM or resn SHA or hydro)) around $pw_dist) 
 CNSsolve>      ! all new water oxygens close to old water oxygens 
 CNSsolve>      ident (store3) (store1 and (segid wat# and not hydro) around $water_diam) 
 CNSsolve>      ! all new water oxygens further than thickness away from a protein heavy atom 
 CNSsolve>      ident (store4) (store1 and not (not (resn WAT or resn HOH or resn TIP* or resn ANI or resn DAN or resn XAN or resn DUM or resn SHA or hydro)) around $thickness) 
 CNSsolve>      delete sele= (byres (store2 or store3 or store4)) end 
 CNSsolve> 
 CNSsolve> 
 CNSsolve>      ! give waters unique segid name 
 CNSsolve>      eval ($segid= "W" 
 CNSsolve>             + encode($xcount) + encode($ycount) + encode($zcount)) 
 CNSsolve>      do (segid = $segid) (segid W000) 
 CNSsolve> 
 CNSsolve>    end loop wat3 
 CNSsolve>  end loop wat2 
 CNSsolve>  while ($ytrans < $ymtran) loop wat2 
 NEXTCD: condition evaluated as true
 CNSsolve>    eval ($ycount=$ycount+1) 
 EVALUATE: symbol $YCOUNT set to    2.00000     (real)
 CNSsolve>    eval ($ytrans = $ytrans + $boxlength) 
 EVALUATE: symbol $YTRANS set to    5.49600     (real)
 CNSsolve> 
 CNSsolve>    eval ($zcount=0) 
 EVALUATE: symbol $ZCOUNT set to    0.00000     (real)
 CNSsolve>    eval ($ztrans = $zmin - $thickness - $water_diam - $boxlength/2 ) 
 EVALUATE: symbol $ZTRANS set to   -32.0100     (real)
 CNSsolve>    while ($ztrans < $zmtran) loop wat3 
 NEXTCD: condition evaluated as true
 CNSsolve>      eval ($zcount=$zcount+1) 
 EVALUATE: symbol $ZCOUNT set to    1.00000     (real)
 CNSsolve>      eval ($ztrans = $ztrans + $boxlength) 
 EVALUATE: symbol $ZTRANS set to   -13.1540     (real)
 CNSsolve> 
 CNSsolve> 
 CNSsolve>      segment 
 SEGMENT>        name="    " 
 SEGMENT>        chain 
 CHAIN>          coordinates @@RUN:protocols/boxtyp20.pdb 
 ASSFIL: file boxtyp20.pdb opened.
 COOR>REMARKS *****  CHARMM water box from Charlie Brooks. ******** 
 COOR>REMARKS * This is a box of 216 3-site water molecules in the experimental 
 COOR>REMARKS * geometry.  It was constructed from an equilibrated 
 COOR>REMARKS * configuration of TIP3P (3-site water model of Jorgenson) 
 COOR>REMARKS * waters at 1 atm pressure and a density of 0.0334 molecules/A**-3. 
 COOR>REMARKS * The box edgelength is 18.856 A.  The minimum image periodic 
 COOR>REMARKS * boundary energy for this configuration using the TIP3P 
 COOR>REMARKS * potentials is -2150.6833 kcal/mol. 
 COOR>REMARKS 
 COOR>ATOM      1 OH2  WAT     1       2.531   0.596  -2.477        0.000 
 SEGMNT-info: chain termination due to END keyword.   216 residues were inserted into segid "    "
 CHAIN>        end 
 SEGMENT>      end 
 Status of internal molecular topology database:
 -> NATOM=       2420(MAXA=     1000000)  NBOND=       2279(MAXB=     1000000)
 -> NTHETA=      3433(MAXT=     2000000)  NGRP=         785(MAXGRP=   1000000)
 -> NPHI=          22(MAXP=     2000000)  NIMPHI=      1110(MAXIMP=   1000000)
 -> NNB=          150(MAXNB=    1000000) 
 CNSsolve>      coor @@RUN:protocols/boxtyp20.pdb 
 ASSFIL: file boxtyp20.pdb opened.
 COOR>REMARKS *****  CHARMM water box from Charlie Brooks. ******** 
 COOR>REMARKS * This is a box of 216 3-site water molecules in the experimental 
 COOR>REMARKS * geometry.  It was constructed from an equilibrated 
 COOR>REMARKS * configuration of TIP3P (3-site water model of Jorgenson) 
 COOR>REMARKS * waters at 1 atm pressure and a density of 0.0334 molecules/A**-3. 
 COOR>REMARKS * The box edgelength is 18.856 A.  The minimum image periodic 
 COOR>REMARKS * boundary energy for this configuration using the TIP3P 
 COOR>REMARKS * potentials is -2150.6833 kcal/mol. 
 COOR>REMARKS 
 COOR>ATOM      1 OH2  WAT     1       2.531   0.596  -2.477        0.000 
 COOR>ATOM      2 H1   WAT     1       2.620   1.540  -2.609        0.000 
 CNSsolve>      do (segid=W000) (segid "    ") 
 Assuming literal string "W000"
 SELRPN:    648 atoms have been selected out of   2420
 CNSsolve>      coor sele=(segid W000) translate vector = ($xtrans $ytrans $ztrans) end 
 SELRPN:    648 atoms have been selected out of   2420
 COOR: using atom subset.
 COOR: translation vector =(   -48.738000    5.496000  -13.154000 )
 COOR: selected coordinates translated
 CNSsolve> 
 CNSsolve>      ! all new water oxygens 
 CNSsolve>      ident (store1) (segid W000 and name oh2) 
 SELRPN:    216 atoms have been selected out of   2420
 CNSsolve>      ! all new water oxygens close to a protein heavy atom 
 CNSsolve>      ident (store2) (store1 and (not (resn WAT or resn HOH or resn TIP* or resn ANI or resn DAN or resn XAN or resn DUM or resn SHA or hydro)) around $pw_dist) 
 SELRPN:     11 atoms have been selected out of   2420
 CNSsolve>      ! all new water oxygens close to old water oxygens 
 CNSsolve>      ident (store3) (store1 and (segid wat# and not hydro) around $water_diam) 
 SELRPN:      0 atoms have been selected out of   2420
 CNSsolve>      ! all new water oxygens further than thickness away from a protein heavy atom 
 CNSsolve>      ident (store4) (store1 and not (not (resn WAT or resn HOH or resn TIP* or resn ANI or resn DAN or resn XAN or resn DUM or resn SHA or hydro)) around $thickness) 
 SELRPN:    142 atoms have been selected out of   2420
 CNSsolve>      delete sele= (byres (store2 or store3 or store4)) end 
 SELRPN:    459 atoms have been selected out of   2420
 Status of internal molecular topology database:
 -> NATOM=       1961(MAXA=     1000000)  NBOND=       1973(MAXB=     1000000)
 -> NTHETA=      3280(MAXT=     2000000)  NGRP=         632(MAXGRP=   1000000)
 -> NPHI=          22(MAXP=     2000000)  NIMPHI=      1110(MAXIMP=   1000000)
 -> NNB=          150(MAXNB=    1000000) 
 CNSsolve> 
 CNSsolve> 
 CNSsolve>      ! give waters unique segid name 
 CNSsolve>      eval ($segid= "W" 
 Expression=             + encode($xcount) + encode($ycount) + encode($zcount)) 
 EVALUATE: symbol $SEGID set to "W121" (string)
 CNSsolve>      do (segid = $segid) (segid W000) 
 SELRPN:    189 atoms have been selected out of   1961
 CNSsolve> 
 CNSsolve>    end loop wat3 
 CNSsolve>    while ($ztrans < $zmtran) loop wat3 
 NEXTCD: condition evaluated as true
 CNSsolve>      eval ($zcount=$zcount+1) 
 EVALUATE: symbol $ZCOUNT set to    2.00000     (real)
 CNSsolve>      eval ($ztrans = $ztrans + $boxlength) 
 EVALUATE: symbol $ZTRANS set to    5.70200     (real)
 CNSsolve> 
 CNSsolve> 
 CNSsolve>      segment 
 SEGMENT>        name="    " 
 SEGMENT>        chain 
 CHAIN>          coordinates @@RUN:protocols/boxtyp20.pdb 
 ASSFIL: file boxtyp20.pdb opened.
 COOR>REMARKS *****  CHARMM water box from Charlie Brooks. ******** 
 COOR>REMARKS * This is a box of 216 3-site water molecules in the experimental 
 COOR>REMARKS * geometry.  It was constructed from an equilibrated 
 COOR>REMARKS * configuration of TIP3P (3-site water model of Jorgenson) 
 COOR>REMARKS * waters at 1 atm pressure and a density of 0.0334 molecules/A**-3. 
 COOR>REMARKS * The box edgelength is 18.856 A.  The minimum image periodic 
 COOR>REMARKS * boundary energy for this configuration using the TIP3P 
 COOR>REMARKS * potentials is -2150.6833 kcal/mol. 
 COOR>REMARKS 
 COOR>ATOM      1 OH2  WAT     1       2.531   0.596  -2.477        0.000 
 SEGMNT-info: chain termination due to END keyword.   216 residues were inserted into segid "    "
 CHAIN>        end 
 SEGMENT>      end 
 Status of internal molecular topology database:
 -> NATOM=       2609(MAXA=     1000000)  NBOND=       2405(MAXB=     1000000)
 -> NTHETA=      3496(MAXT=     2000000)  NGRP=         848(MAXGRP=   1000000)
 -> NPHI=          22(MAXP=     2000000)  NIMPHI=      1110(MAXIMP=   1000000)
 -> NNB=          150(MAXNB=    1000000) 
 CNSsolve>      coor @@RUN:protocols/boxtyp20.pdb 
 ASSFIL: file boxtyp20.pdb opened.
 COOR>REMARKS *****  CHARMM water box from Charlie Brooks. ******** 
 COOR>REMARKS * This is a box of 216 3-site water molecules in the experimental 
 COOR>REMARKS * geometry.  It was constructed from an equilibrated 
 COOR>REMARKS * configuration of TIP3P (3-site water model of Jorgenson) 
 COOR>REMARKS * waters at 1 atm pressure and a density of 0.0334 molecules/A**-3. 
 COOR>REMARKS * The box edgelength is 18.856 A.  The minimum image periodic 
 COOR>REMARKS * boundary energy for this configuration using the TIP3P 
 COOR>REMARKS * potentials is -2150.6833 kcal/mol. 
 COOR>REMARKS 
 COOR>ATOM      1 OH2  WAT     1       2.531   0.596  -2.477        0.000 
 COOR>ATOM      2 H1   WAT     1       2.620   1.540  -2.609        0.000 
 CNSsolve>      do (segid=W000) (segid "    ") 
 Assuming literal string "W000"
 SELRPN:    648 atoms have been selected out of   2609
 CNSsolve>      coor sele=(segid W000) translate vector = ($xtrans $ytrans $ztrans) end 
 SELRPN:    648 atoms have been selected out of   2609
 COOR: using atom subset.
 COOR: translation vector =(   -48.738000    5.496000    5.702000 )
 COOR: selected coordinates translated
 CNSsolve> 
 CNSsolve>      ! all new water oxygens 
 CNSsolve>      ident (store1) (segid W000 and name oh2) 
 SELRPN:    216 atoms have been selected out of   2609
 CNSsolve>      ! all new water oxygens close to a protein heavy atom 
 CNSsolve>      ident (store2) (store1 and (not (resn WAT or resn HOH or resn TIP* or resn ANI or resn DAN or resn XAN or resn DUM or resn SHA or hydro)) around $pw_dist) 
 SELRPN:     20 atoms have been selected out of   2609
 CNSsolve>      ! all new water oxygens close to old water oxygens 
 CNSsolve>      ident (store3) (store1 and (segid wat# and not hydro) around $water_diam) 
 SELRPN:      0 atoms have been selected out of   2609
 CNSsolve>      ! all new water oxygens further than thickness away from a protein heavy atom 
 CNSsolve>      ident (store4) (store1 and not (not (resn WAT or resn HOH or resn TIP* or resn ANI or resn DAN or resn XAN or resn DUM or resn SHA or hydro)) around $thickness) 
 SELRPN:    127 atoms have been selected out of   2609
 CNSsolve>      delete sele= (byres (store2 or store3 or store4)) end 
 SELRPN:    441 atoms have been selected out of   2609
 Status of internal molecular topology database:
 -> NATOM=       2168(MAXA=     1000000)  NBOND=       2111(MAXB=     1000000)
 -> NTHETA=      3349(MAXT=     2000000)  NGRP=         701(MAXGRP=   1000000)
 -> NPHI=          22(MAXP=     2000000)  NIMPHI=      1110(MAXIMP=   1000000)
 -> NNB=          150(MAXNB=    1000000) 
 CNSsolve> 
 CNSsolve> 
 CNSsolve>      ! give waters unique segid name 
 CNSsolve>      eval ($segid= "W" 
 Expression=             + encode($xcount) + encode($ycount) + encode($zcount)) 
 EVALUATE: symbol $SEGID set to "W122" (string)
 CNSsolve>      do (segid = $segid) (segid W000) 
 SELRPN:    207 atoms have been selected out of   2168
 CNSsolve> 
 CNSsolve>    end loop wat3 
 CNSsolve>    while ($ztrans < $zmtran) loop wat3 
 NEXTCD: condition evaluated as true
 CNSsolve>      eval ($zcount=$zcount+1) 
 EVALUATE: symbol $ZCOUNT set to    3.00000     (real)
 CNSsolve>      eval ($ztrans = $ztrans + $boxlength) 
 EVALUATE: symbol $ZTRANS set to    24.5580     (real)
 CNSsolve> 
 CNSsolve> 
 CNSsolve>      segment 
 SEGMENT>        name="    " 
 SEGMENT>        chain 
 CHAIN>          coordinates @@RUN:protocols/boxtyp20.pdb 
 ASSFIL: file boxtyp20.pdb opened.
 COOR>REMARKS *****  CHARMM water box from Charlie Brooks. ******** 
 COOR>REMARKS * This is a box of 216 3-site water molecules in the experimental 
 COOR>REMARKS * geometry.  It was constructed from an equilibrated 
 COOR>REMARKS * configuration of TIP3P (3-site water model of Jorgenson) 
 COOR>REMARKS * waters at 1 atm pressure and a density of 0.0334 molecules/A**-3. 
 COOR>REMARKS * The box edgelength is 18.856 A.  The minimum image periodic 
 COOR>REMARKS * boundary energy for this configuration using the TIP3P 
 COOR>REMARKS * potentials is -2150.6833 kcal/mol. 
 COOR>REMARKS 
 COOR>ATOM      1 OH2  WAT     1       2.531   0.596  -2.477        0.000 
 SEGMNT-info: chain termination due to END keyword.   216 residues were inserted into segid "    "
 CHAIN>        end 
 SEGMENT>      end 
 Status of internal molecular topology database:
 -> NATOM=       2816(MAXA=     1000000)  NBOND=       2543(MAXB=     1000000)
 -> NTHETA=      3565(MAXT=     2000000)  NGRP=         917(MAXGRP=   1000000)
 -> NPHI=          22(MAXP=     2000000)  NIMPHI=      1110(MAXIMP=   1000000)
 -> NNB=          150(MAXNB=    1000000) 
 CNSsolve>      coor @@RUN:protocols/boxtyp20.pdb 
 ASSFIL: file boxtyp20.pdb opened.
 COOR>REMARKS *****  CHARMM water box from Charlie Brooks. ******** 
 COOR>REMARKS * This is a box of 216 3-site water molecules in the experimental 
 COOR>REMARKS * geometry.  It was constructed from an equilibrated 
 COOR>REMARKS * configuration of TIP3P (3-site water model of Jorgenson) 
 COOR>REMARKS * waters at 1 atm pressure and a density of 0.0334 molecules/A**-3. 
 COOR>REMARKS * The box edgelength is 18.856 A.  The minimum image periodic 
 COOR>REMARKS * boundary energy for this configuration using the TIP3P 
 COOR>REMARKS * potentials is -2150.6833 kcal/mol. 
 COOR>REMARKS 
 COOR>ATOM      1 OH2  WAT     1       2.531   0.596  -2.477        0.000 
 COOR>ATOM      2 H1   WAT     1       2.620   1.540  -2.609        0.000 
 CNSsolve>      do (segid=W000) (segid "    ") 
 Assuming literal string "W000"
 SELRPN:    648 atoms have been selected out of   2816
 CNSsolve>      coor sele=(segid W000) translate vector = ($xtrans $ytrans $ztrans) end 
 SELRPN:    648 atoms have been selected out of   2816
 COOR: using atom subset.
 COOR: translation vector =(   -48.738000    5.496000   24.558000 )
 COOR: selected coordinates translated
 CNSsolve> 
 CNSsolve>      ! all new water oxygens 
 CNSsolve>      ident (store1) (segid W000 and name oh2) 
 SELRPN:    216 atoms have been selected out of   2816
 CNSsolve>      ! all new water oxygens close to a protein heavy atom 
 CNSsolve>      ident (store2) (store1 and (not (resn WAT or resn HOH or resn TIP* or resn ANI or resn DAN or resn XAN or resn DUM or resn SHA or hydro)) around $pw_dist) 
 SELRPN:      0 atoms have been selected out of   2816
 CNSsolve>      ! all new water oxygens close to old water oxygens 
 CNSsolve>      ident (store3) (store1 and (segid wat# and not hydro) around $water_diam) 
 SELRPN:      0 atoms have been selected out of   2816
 CNSsolve>      ! all new water oxygens further than thickness away from a protein heavy atom 
 CNSsolve>      ident (store4) (store1 and not (not (resn WAT or resn HOH or resn TIP* or resn ANI or resn DAN or resn XAN or resn DUM or resn SHA or hydro)) around $thickness) 
 SELRPN:    216 atoms have been selected out of   2816
 CNSsolve>      delete sele= (byres (store2 or store3 or store4)) end 
 SELRPN:    648 atoms have been selected out of   2816
 Status of internal molecular topology database:
 -> NATOM=       2168(MAXA=     1000000)  NBOND=       2111(MAXB=     1000000)
 -> NTHETA=      3349(MAXT=     2000000)  NGRP=         701(MAXGRP=   1000000)
 -> NPHI=          22(MAXP=     2000000)  NIMPHI=      1110(MAXIMP=   1000000)
 -> NNB=          150(MAXNB=    1000000) 
 CNSsolve> 
 CNSsolve> 
 CNSsolve>      ! give waters unique segid name 
 CNSsolve>      eval ($segid= "W" 
 Expression=             + encode($xcount) + encode($ycount) + encode($zcount)) 
 EVALUATE: symbol $SEGID set to "W123" (string)
 CNSsolve>      do (segid = $segid) (segid W000) 
 SELRPN:      0 atoms have been selected out of   2168
 CNSsolve> 
 CNSsolve>    end loop wat3 
 CNSsolve>    while ($ztrans < $zmtran) loop wat3 
 NEXTCD: condition evaluated as false
 CNSsolve>      eval ($zcount=$zcount+1) 
 CNSsolve>      eval ($ztrans = $ztrans + $boxlength) 
 CNSsolve> 
 CNSsolve> 
 CNSsolve>      segment 
 CNSsolve>        name="    " 
 CNSsolve>        chain 
 CNSsolve>          coordinates @@RUN:protocols/boxtyp20.pdb 
 CNSsolve>        end 
 CNSsolve>      end 
 CNSsolve>      coor @@RUN:protocols/boxtyp20.pdb 
 CNSsolve>      do (segid=W000) (segid "    ") 
 CNSsolve>      coor sele=(segid W000) translate vector = ($xtrans $ytrans $ztrans) end 
 CNSsolve> 
 CNSsolve>      ! all new water oxygens 
 CNSsolve>      ident (store1) (segid W000 and name oh2) 
 CNSsolve>      ! all new water oxygens close to a protein heavy atom 
 CNSsolve>      ident (store2) (store1 and (not (resn WAT or resn HOH or resn TIP* or resn ANI or resn DAN or resn XAN or resn DUM or resn SHA or hydro)) around $pw_dist) 
 CNSsolve>      ! all new water oxygens close to old water oxygens 
 CNSsolve>      ident (store3) (store1 and (segid wat# and not hydro) around $water_diam) 
 CNSsolve>      ! all new water oxygens further than thickness away from a protein heavy atom 
 CNSsolve>      ident (store4) (store1 and not (not (resn WAT or resn HOH or resn TIP* or resn ANI or resn DAN or resn XAN or resn DUM or resn SHA or hydro)) around $thickness) 
 CNSsolve>      delete sele= (byres (store2 or store3 or store4)) end 
 CNSsolve> 
 CNSsolve> 
 CNSsolve>      ! give waters unique segid name 
 CNSsolve>      eval ($segid= "W" 
 CNSsolve>             + encode($xcount) + encode($ycount) + encode($zcount)) 
 CNSsolve>      do (segid = $segid) (segid W000) 
 CNSsolve> 
 CNSsolve>    end loop wat3 
 CNSsolve>  end loop wat2 
 CNSsolve>  while ($ytrans < $ymtran) loop wat2 
 NEXTCD: condition evaluated as true
 CNSsolve>    eval ($ycount=$ycount+1) 
 EVALUATE: symbol $YCOUNT set to    3.00000     (real)
 CNSsolve>    eval ($ytrans = $ytrans + $boxlength) 
 EVALUATE: symbol $YTRANS set to    24.3520     (real)
 CNSsolve> 
 CNSsolve>    eval ($zcount=0) 
 EVALUATE: symbol $ZCOUNT set to    0.00000     (real)
 CNSsolve>    eval ($ztrans = $zmin - $thickness - $water_diam - $boxlength/2 ) 
 EVALUATE: symbol $ZTRANS set to   -32.0100     (real)
 CNSsolve>    while ($ztrans < $zmtran) loop wat3 
 NEXTCD: condition evaluated as true
 CNSsolve>      eval ($zcount=$zcount+1) 
 EVALUATE: symbol $ZCOUNT set to    1.00000     (real)
 CNSsolve>      eval ($ztrans = $ztrans + $boxlength) 
 EVALUATE: symbol $ZTRANS set to   -13.1540     (real)
 CNSsolve> 
 CNSsolve> 
 CNSsolve>      segment 
 SEGMENT>        name="    " 
 SEGMENT>        chain 
 CHAIN>          coordinates @@RUN:protocols/boxtyp20.pdb 
 ASSFIL: file boxtyp20.pdb opened.
 COOR>REMARKS *****  CHARMM water box from Charlie Brooks. ******** 
 COOR>REMARKS * This is a box of 216 3-site water molecules in the experimental 
 COOR>REMARKS * geometry.  It was constructed from an equilibrated 
 COOR>REMARKS * configuration of TIP3P (3-site water model of Jorgenson) 
 COOR>REMARKS * waters at 1 atm pressure and a density of 0.0334 molecules/A**-3. 
 COOR>REMARKS * The box edgelength is 18.856 A.  The minimum image periodic 
 COOR>REMARKS * boundary energy for this configuration using the TIP3P 
 COOR>REMARKS * potentials is -2150.6833 kcal/mol. 
 COOR>REMARKS 
 COOR>ATOM      1 OH2  WAT     1       2.531   0.596  -2.477        0.000 
 SEGMNT-info: chain termination due to END keyword.   216 residues were inserted into segid "    "
 CHAIN>        end 
 SEGMENT>      end 
 Status of internal molecular topology database:
 -> NATOM=       2816(MAXA=     1000000)  NBOND=       2543(MAXB=     1000000)
 -> NTHETA=      3565(MAXT=     2000000)  NGRP=         917(MAXGRP=   1000000)
 -> NPHI=          22(MAXP=     2000000)  NIMPHI=      1110(MAXIMP=   1000000)
 -> NNB=          150(MAXNB=    1000000) 
 CNSsolve>      coor @@RUN:protocols/boxtyp20.pdb 
 ASSFIL: file boxtyp20.pdb opened.
 COOR>REMARKS *****  CHARMM water box from Charlie Brooks. ******** 
 COOR>REMARKS * This is a box of 216 3-site water molecules in the experimental 
 COOR>REMARKS * geometry.  It was constructed from an equilibrated 
 COOR>REMARKS * configuration of TIP3P (3-site water model of Jorgenson) 
 COOR>REMARKS * waters at 1 atm pressure and a density of 0.0334 molecules/A**-3. 
 COOR>REMARKS * The box edgelength is 18.856 A.  The minimum image periodic 
 COOR>REMARKS * boundary energy for this configuration using the TIP3P 
 COOR>REMARKS * potentials is -2150.6833 kcal/mol. 
 COOR>REMARKS 
 COOR>ATOM      1 OH2  WAT     1       2.531   0.596  -2.477        0.000 
 COOR>ATOM      2 H1   WAT     1       2.620   1.540  -2.609        0.000 
 CNSsolve>      do (segid=W000) (segid "    ") 
 Assuming literal string "W000"
 SELRPN:    648 atoms have been selected out of   2816
 CNSsolve>      coor sele=(segid W000) translate vector = ($xtrans $ytrans $ztrans) end 
 SELRPN:    648 atoms have been selected out of   2816
 COOR: using atom subset.
 COOR: translation vector =(   -48.738000   24.352000  -13.154000 )
 COOR: selected coordinates translated
 CNSsolve> 
 CNSsolve>      ! all new water oxygens 
 CNSsolve>      ident (store1) (segid W000 and name oh2) 
 SELRPN:    216 atoms have been selected out of   2816
 CNSsolve>      ! all new water oxygens close to a protein heavy atom 
 CNSsolve>      ident (store2) (store1 and (not (resn WAT or resn HOH or resn TIP* or resn ANI or resn DAN or resn XAN or resn DUM or resn SHA or hydro)) around $pw_dist) 
 SELRPN:      0 atoms have been selected out of   2816
 CNSsolve>      ! all new water oxygens close to old water oxygens 
 CNSsolve>      ident (store3) (store1 and (segid wat# and not hydro) around $water_diam) 
 SELRPN:      0 atoms have been selected out of   2816
 CNSsolve>      ! all new water oxygens further than thickness away from a protein heavy atom 
 CNSsolve>      ident (store4) (store1 and not (not (resn WAT or resn HOH or resn TIP* or resn ANI or resn DAN or resn XAN or resn DUM or resn SHA or hydro)) around $thickness) 
 SELRPN:    215 atoms have been selected out of   2816
 CNSsolve>      delete sele= (byres (store2 or store3 or store4)) end 
 SELRPN:    645 atoms have been selected out of   2816
 Status of internal molecular topology database:
 -> NATOM=       2171(MAXA=     1000000)  NBOND=       2113(MAXB=     1000000)
 -> NTHETA=      3350(MAXT=     2000000)  NGRP=         702(MAXGRP=   1000000)
 -> NPHI=          22(MAXP=     2000000)  NIMPHI=      1110(MAXIMP=   1000000)
 -> NNB=          150(MAXNB=    1000000) 
 CNSsolve> 
 CNSsolve> 
 CNSsolve>      ! give waters unique segid name 
 CNSsolve>      eval ($segid= "W" 
 Expression=             + encode($xcount) + encode($ycount) + encode($zcount)) 
 EVALUATE: symbol $SEGID set to "W131" (string)
 CNSsolve>      do (segid = $segid) (segid W000) 
 SELRPN:      3 atoms have been selected out of   2171
 CNSsolve> 
 CNSsolve>    end loop wat3 
 CNSsolve>    while ($ztrans < $zmtran) loop wat3 
 NEXTCD: condition evaluated as true
 CNSsolve>      eval ($zcount=$zcount+1) 
 EVALUATE: symbol $ZCOUNT set to    2.00000     (real)
 CNSsolve>      eval ($ztrans = $ztrans + $boxlength) 
 EVALUATE: symbol $ZTRANS set to    5.70200     (real)
 CNSsolve> 
 CNSsolve> 
 CNSsolve>      segment 
 SEGMENT>        name="    " 
 SEGMENT>        chain 
 CHAIN>          coordinates @@RUN:protocols/boxtyp20.pdb 
 ASSFIL: file boxtyp20.pdb opened.
 COOR>REMARKS *****  CHARMM water box from Charlie Brooks. ******** 
 COOR>REMARKS * This is a box of 216 3-site water molecules in the experimental 
 COOR>REMARKS * geometry.  It was constructed from an equilibrated 
 COOR>REMARKS * configuration of TIP3P (3-site water model of Jorgenson) 
 COOR>REMARKS * waters at 1 atm pressure and a density of 0.0334 molecules/A**-3. 
 COOR>REMARKS * The box edgelength is 18.856 A.  The minimum image periodic 
 COOR>REMARKS * boundary energy for this configuration using the TIP3P 
 COOR>REMARKS * potentials is -2150.6833 kcal/mol. 
 COOR>REMARKS 
 COOR>ATOM      1 OH2  WAT     1       2.531   0.596  -2.477        0.000 
 SEGMNT-info: chain termination due to END keyword.   216 residues were inserted into segid "    "
 CHAIN>        end 
 SEGMENT>      end 
 Status of internal molecular topology database:
 -> NATOM=       2819(MAXA=     1000000)  NBOND=       2545(MAXB=     1000000)
 -> NTHETA=      3566(MAXT=     2000000)  NGRP=         918(MAXGRP=   1000000)
 -> NPHI=          22(MAXP=     2000000)  NIMPHI=      1110(MAXIMP=   1000000)
 -> NNB=          150(MAXNB=    1000000) 
 CNSsolve>      coor @@RUN:protocols/boxtyp20.pdb 
 ASSFIL: file boxtyp20.pdb opened.
 COOR>REMARKS *****  CHARMM water box from Charlie Brooks. ******** 
 COOR>REMARKS * This is a box of 216 3-site water molecules in the experimental 
 COOR>REMARKS * geometry.  It was constructed from an equilibrated 
 COOR>REMARKS * configuration of TIP3P (3-site water model of Jorgenson) 
 COOR>REMARKS * waters at 1 atm pressure and a density of 0.0334 molecules/A**-3. 
 COOR>REMARKS * The box edgelength is 18.856 A.  The minimum image periodic 
 COOR>REMARKS * boundary energy for this configuration using the TIP3P 
 COOR>REMARKS * potentials is -2150.6833 kcal/mol. 
 COOR>REMARKS 
 COOR>ATOM      1 OH2  WAT     1       2.531   0.596  -2.477        0.000 
 COOR>ATOM      2 H1   WAT     1       2.620   1.540  -2.609        0.000 
 CNSsolve>      do (segid=W000) (segid "    ") 
 Assuming literal string "W000"
 SELRPN:    648 atoms have been selected out of   2819
 CNSsolve>      coor sele=(segid W000) translate vector = ($xtrans $ytrans $ztrans) end 
 SELRPN:    648 atoms have been selected out of   2819
 COOR: using atom subset.
 COOR: translation vector =(   -48.738000   24.352000    5.702000 )
 COOR: selected coordinates translated
 CNSsolve> 
 CNSsolve>      ! all new water oxygens 
 CNSsolve>      ident (store1) (segid W000 and name oh2) 
 SELRPN:    216 atoms have been selected out of   2819
 CNSsolve>      ! all new water oxygens close to a protein heavy atom 
 CNSsolve>      ident (store2) (store1 and (not (resn WAT or resn HOH or resn TIP* or resn ANI or resn DAN or resn XAN or resn DUM or resn SHA or hydro)) around $pw_dist) 
 SELRPN:      0 atoms have been selected out of   2819
 CNSsolve>      ! all new water oxygens close to old water oxygens 
 CNSsolve>      ident (store3) (store1 and (segid wat# and not hydro) around $water_diam) 
 SELRPN:      0 atoms have been selected out of   2819
 CNSsolve>      ! all new water oxygens further than thickness away from a protein heavy atom 
 CNSsolve>      ident (store4) (store1 and not (not (resn WAT or resn HOH or resn TIP* or resn ANI or resn DAN or resn XAN or resn DUM or resn SHA or hydro)) around $thickness) 
 SELRPN:    213 atoms have been selected out of   2819
 CNSsolve>      delete sele= (byres (store2 or store3 or store4)) end 
 SELRPN:    639 atoms have been selected out of   2819
 Status of internal molecular topology database:
 -> NATOM=       2180(MAXA=     1000000)  NBOND=       2119(MAXB=     1000000)
 -> NTHETA=      3353(MAXT=     2000000)  NGRP=         705(MAXGRP=   1000000)
 -> NPHI=          22(MAXP=     2000000)  NIMPHI=      1110(MAXIMP=   1000000)
 -> NNB=          150(MAXNB=    1000000) 
 CNSsolve> 
 CNSsolve> 
 CNSsolve>      ! give waters unique segid name 
 CNSsolve>      eval ($segid= "W" 
 Expression=             + encode($xcount) + encode($ycount) + encode($zcount)) 
 EVALUATE: symbol $SEGID set to "W132" (string)
 CNSsolve>      do (segid = $segid) (segid W000) 
 SELRPN:      9 atoms have been selected out of   2180
 CNSsolve> 
 CNSsolve>    end loop wat3 
 CNSsolve>    while ($ztrans < $zmtran) loop wat3 
 NEXTCD: condition evaluated as true
 CNSsolve>      eval ($zcount=$zcount+1) 
 EVALUATE: symbol $ZCOUNT set to    3.00000     (real)
 CNSsolve>      eval ($ztrans = $ztrans + $boxlength) 
 EVALUATE: symbol $ZTRANS set to    24.5580     (real)
 CNSsolve> 
 CNSsolve> 
 CNSsolve>      segment 
 SEGMENT>        name="    " 
 SEGMENT>        chain 
 CHAIN>          coordinates @@RUN:protocols/boxtyp20.pdb 
 ASSFIL: file boxtyp20.pdb opened.
 COOR>REMARKS *****  CHARMM water box from Charlie Brooks. ******** 
 COOR>REMARKS * This is a box of 216 3-site water molecules in the experimental 
 COOR>REMARKS * geometry.  It was constructed from an equilibrated 
 COOR>REMARKS * configuration of TIP3P (3-site water model of Jorgenson) 
 COOR>REMARKS * waters at 1 atm pressure and a density of 0.0334 molecules/A**-3. 
 COOR>REMARKS * The box edgelength is 18.856 A.  The minimum image periodic 
 COOR>REMARKS * boundary energy for this configuration using the TIP3P 
 COOR>REMARKS * potentials is -2150.6833 kcal/mol. 
 COOR>REMARKS 
 COOR>ATOM      1 OH2  WAT     1       2.531   0.596  -2.477        0.000 
 SEGMNT-info: chain termination due to END keyword.   216 residues were inserted into segid "    "
 CHAIN>        end 
 SEGMENT>      end 
 Status of internal molecular topology database:
 -> NATOM=       2828(MAXA=     1000000)  NBOND=       2551(MAXB=     1000000)
 -> NTHETA=      3569(MAXT=     2000000)  NGRP=         921(MAXGRP=   1000000)
 -> NPHI=          22(MAXP=     2000000)  NIMPHI=      1110(MAXIMP=   1000000)
 -> NNB=          150(MAXNB=    1000000) 
 CNSsolve>      coor @@RUN:protocols/boxtyp20.pdb 
 ASSFIL: file boxtyp20.pdb opened.
 COOR>REMARKS *****  CHARMM water box from Charlie Brooks. ******** 
 COOR>REMARKS * This is a box of 216 3-site water molecules in the experimental 
 COOR>REMARKS * geometry.  It was constructed from an equilibrated 
 COOR>REMARKS * configuration of TIP3P (3-site water model of Jorgenson) 
 COOR>REMARKS * waters at 1 atm pressure and a density of 0.0334 molecules/A**-3. 
 COOR>REMARKS * The box edgelength is 18.856 A.  The minimum image periodic 
 COOR>REMARKS * boundary energy for this configuration using the TIP3P 
 COOR>REMARKS * potentials is -2150.6833 kcal/mol. 
 COOR>REMARKS 
 COOR>ATOM      1 OH2  WAT     1       2.531   0.596  -2.477        0.000 
 COOR>ATOM      2 H1   WAT     1       2.620   1.540  -2.609        0.000 
 CNSsolve>      do (segid=W000) (segid "    ") 
 Assuming literal string "W000"
 SELRPN:    648 atoms have been selected out of   2828
 CNSsolve>      coor sele=(segid W000) translate vector = ($xtrans $ytrans $ztrans) end 
 SELRPN:    648 atoms have been selected out of   2828
 COOR: using atom subset.
 COOR: translation vector =(   -48.738000   24.352000   24.558000 )
 COOR: selected coordinates translated
 CNSsolve> 
 CNSsolve>      ! all new water oxygens 
 CNSsolve>      ident (store1) (segid W000 and name oh2) 
 SELRPN:    216 atoms have been selected out of   2828
 CNSsolve>      ! all new water oxygens close to a protein heavy atom 
 CNSsolve>      ident (store2) (store1 and (not (resn WAT or resn HOH or resn TIP* or resn ANI or resn DAN or resn XAN or resn DUM or resn SHA or hydro)) around $pw_dist) 
 SELRPN:      0 atoms have been selected out of   2828
 CNSsolve>      ! all new water oxygens close to old water oxygens 
 CNSsolve>      ident (store3) (store1 and (segid wat# and not hydro) around $water_diam) 
 SELRPN:      0 atoms have been selected out of   2828
 CNSsolve>      ! all new water oxygens further than thickness away from a protein heavy atom 
 CNSsolve>      ident (store4) (store1 and not (not (resn WAT or resn HOH or resn TIP* or resn ANI or resn DAN or resn XAN or resn DUM or resn SHA or hydro)) around $thickness) 
 SELRPN:    216 atoms have been selected out of   2828
 CNSsolve>      delete sele= (byres (store2 or store3 or store4)) end 
 SELRPN:    648 atoms have been selected out of   2828
 Status of internal molecular topology database:
 -> NATOM=       2180(MAXA=     1000000)  NBOND=       2119(MAXB=     1000000)
 -> NTHETA=      3353(MAXT=     2000000)  NGRP=         705(MAXGRP=   1000000)
 -> NPHI=          22(MAXP=     2000000)  NIMPHI=      1110(MAXIMP=   1000000)
 -> NNB=          150(MAXNB=    1000000) 
 CNSsolve> 
 CNSsolve> 
 CNSsolve>      ! give waters unique segid name 
 CNSsolve>      eval ($segid= "W" 
 Expression=             + encode($xcount) + encode($ycount) + encode($zcount)) 
 EVALUATE: symbol $SEGID set to "W133" (string)
 CNSsolve>      do (segid = $segid) (segid W000) 
 SELRPN:      0 atoms have been selected out of   2180
 CNSsolve> 
 CNSsolve>    end loop wat3 
 CNSsolve>    while ($ztrans < $zmtran) loop wat3 
 NEXTCD: condition evaluated as false
 CNSsolve>      eval ($zcount=$zcount+1) 
 CNSsolve>      eval ($ztrans = $ztrans + $boxlength) 
 CNSsolve> 
 CNSsolve> 
 CNSsolve>      segment 
 CNSsolve>        name="    " 
 CNSsolve>        chain 
 CNSsolve>          coordinates @@RUN:protocols/boxtyp20.pdb 
 CNSsolve>        end 
 CNSsolve>      end 
 CNSsolve>      coor @@RUN:protocols/boxtyp20.pdb 
 CNSsolve>      do (segid=W000) (segid "    ") 
 CNSsolve>      coor sele=(segid W000) translate vector = ($xtrans $ytrans $ztrans) end 
 CNSsolve> 
 CNSsolve>      ! all new water oxygens 
 CNSsolve>      ident (store1) (segid W000 and name oh2) 
 CNSsolve>      ! all new water oxygens close to a protein heavy atom 
 CNSsolve>      ident (store2) (store1 and (not (resn WAT or resn HOH or resn TIP* or resn ANI or resn DAN or resn XAN or resn DUM or resn SHA or hydro)) around $pw_dist) 
 CNSsolve>      ! all new water oxygens close to old water oxygens 
 CNSsolve>      ident (store3) (store1 and (segid wat# and not hydro) around $water_diam) 
 CNSsolve>      ! all new water oxygens further than thickness away from a protein heavy atom 
 CNSsolve>      ident (store4) (store1 and not (not (resn WAT or resn HOH or resn TIP* or resn ANI or resn DAN or resn XAN or resn DUM or resn SHA or hydro)) around $thickness) 
 CNSsolve>      delete sele= (byres (store2 or store3 or store4)) end 
 CNSsolve> 
 CNSsolve> 
 CNSsolve>      ! give waters unique segid name 
 CNSsolve>      eval ($segid= "W" 
 CNSsolve>             + encode($xcount) + encode($ycount) + encode($zcount)) 
 CNSsolve>      do (segid = $segid) (segid W000) 
 CNSsolve> 
 CNSsolve>    end loop wat3 
 CNSsolve>  end loop wat2 
 CNSsolve>  while ($ytrans < $ymtran) loop wat2 
 NEXTCD: condition evaluated as false
 CNSsolve>    eval ($ycount=$ycount+1) 
 CNSsolve>    eval ($ytrans = $ytrans + $boxlength) 
 CNSsolve> 
 CNSsolve>    eval ($zcount=0) 
 CNSsolve>    eval ($ztrans = $zmin - $thickness - $water_diam - $boxlength/2 ) 
 CNSsolve>    while ($ztrans < $zmtran) loop wat3 
 CNSsolve>      eval ($zcount=$zcount+1) 
 CNSsolve>      eval ($ztrans = $ztrans + $boxlength) 
 CNSsolve> 
 CNSsolve> 
 CNSsolve>      segment 
 CNSsolve>        name="    " 
 CNSsolve>        chain 
 CNSsolve>          coordinates @@RUN:protocols/boxtyp20.pdb 
 CNSsolve>        end 
 CNSsolve>      end 
 CNSsolve>      coor @@RUN:protocols/boxtyp20.pdb 
 CNSsolve>      do (segid=W000) (segid "    ") 
 CNSsolve>      coor sele=(segid W000) translate vector = ($xtrans $ytrans $ztrans) end 
 CNSsolve> 
 CNSsolve>      ! all new water oxygens 
 CNSsolve>      ident (store1) (segid W000 and name oh2) 
 CNSsolve>      ! all new water oxygens close to a protein heavy atom 
 CNSsolve>      ident (store2) (store1 and (not (resn WAT or resn HOH or resn TIP* or resn ANI or resn DAN or resn XAN or resn DUM or resn SHA or hydro)) around $pw_dist) 
 CNSsolve>      ! all new water oxygens close to old water oxygens 
 CNSsolve>      ident (store3) (store1 and (segid wat# and not hydro) around $water_diam) 
 CNSsolve>      ! all new water oxygens further than thickness away from a protein heavy atom 
 CNSsolve>      ident (store4) (store1 and not (not (resn WAT or resn HOH or resn TIP* or resn ANI or resn DAN or resn XAN or resn DUM or resn SHA or hydro)) around $thickness) 
 CNSsolve>      delete sele= (byres (store2 or store3 or store4)) end 
 CNSsolve> 
 CNSsolve> 
 CNSsolve>      ! give waters unique segid name 
 CNSsolve>      eval ($segid= "W" 
 CNSsolve>             + encode($xcount) + encode($ycount) + encode($zcount)) 
 CNSsolve>      do (segid = $segid) (segid W000) 
 CNSsolve> 
 CNSsolve>    end loop wat3 
 CNSsolve>  end loop wat2 
 CNSsolve>end loop wat1 
 CNSsolve>while ($xtrans < $xmtran) loop wat1 
 NEXTCD: condition evaluated as true
 CNSsolve>  eval ($xcount=$xcount+1) 
 EVALUATE: symbol $XCOUNT set to    2.00000     (real)
 CNSsolve>  eval ($xtrans = $xtrans + $boxlength) 
 EVALUATE: symbol $XTRANS set to   -29.8820     (real)
 CNSsolve> 
 CNSsolve>  eval ($ycount=0) 
 EVALUATE: symbol $YCOUNT set to    0.00000     (real)
 CNSsolve>  eval ($ytrans = $ymin - $thickness - $water_diam - $boxlength/2 ) 
 EVALUATE: symbol $YTRANS set to   -32.2160     (real)
 CNSsolve>  while ($ytrans < $ymtran) loop wat2 
 NEXTCD: condition evaluated as true
 CNSsolve>    eval ($ycount=$ycount+1) 
 EVALUATE: symbol $YCOUNT set to    1.00000     (real)
 CNSsolve>    eval ($ytrans = $ytrans + $boxlength) 
 EVALUATE: symbol $YTRANS set to   -13.3600     (real)
 CNSsolve> 
 CNSsolve>    eval ($zcount=0) 
 EVALUATE: symbol $ZCOUNT set to    0.00000     (real)
 CNSsolve>    eval ($ztrans = $zmin - $thickness - $water_diam - $boxlength/2 ) 
 EVALUATE: symbol $ZTRANS set to   -32.0100     (real)
 CNSsolve>    while ($ztrans < $zmtran) loop wat3 
 NEXTCD: condition evaluated as true
 CNSsolve>      eval ($zcount=$zcount+1) 
 EVALUATE: symbol $ZCOUNT set to    1.00000     (real)
 CNSsolve>      eval ($ztrans = $ztrans + $boxlength) 
 EVALUATE: symbol $ZTRANS set to   -13.1540     (real)
 CNSsolve> 
 CNSsolve> 
 CNSsolve>      segment 
 SEGMENT>        name="    " 
 SEGMENT>        chain 
 CHAIN>          coordinates @@RUN:protocols/boxtyp20.pdb 
 ASSFIL: file boxtyp20.pdb opened.
 COOR>REMARKS *****  CHARMM water box from Charlie Brooks. ******** 
 COOR>REMARKS * This is a box of 216 3-site water molecules in the experimental 
 COOR>REMARKS * geometry.  It was constructed from an equilibrated 
 COOR>REMARKS * configuration of TIP3P (3-site water model of Jorgenson) 
 COOR>REMARKS * waters at 1 atm pressure and a density of 0.0334 molecules/A**-3. 
 COOR>REMARKS * The box edgelength is 18.856 A.  The minimum image periodic 
 COOR>REMARKS * boundary energy for this configuration using the TIP3P 
 COOR>REMARKS * potentials is -2150.6833 kcal/mol. 
 COOR>REMARKS 
 COOR>ATOM      1 OH2  WAT     1       2.531   0.596  -2.477        0.000 
 SEGMNT-info: chain termination due to END keyword.   216 residues were inserted into segid "    "
 CHAIN>        end 
 SEGMENT>      end 
 Status of internal molecular topology database:
 -> NATOM=       2828(MAXA=     1000000)  NBOND=       2551(MAXB=     1000000)
 -> NTHETA=      3569(MAXT=     2000000)  NGRP=         921(MAXGRP=   1000000)
 -> NPHI=          22(MAXP=     2000000)  NIMPHI=      1110(MAXIMP=   1000000)
 -> NNB=          150(MAXNB=    1000000) 
 CNSsolve>      coor @@RUN:protocols/boxtyp20.pdb 
 ASSFIL: file boxtyp20.pdb opened.
 COOR>REMARKS *****  CHARMM water box from Charlie Brooks. ******** 
 COOR>REMARKS * This is a box of 216 3-site water molecules in the experimental 
 COOR>REMARKS * geometry.  It was constructed from an equilibrated 
 COOR>REMARKS * configuration of TIP3P (3-site water model of Jorgenson) 
 COOR>REMARKS * waters at 1 atm pressure and a density of 0.0334 molecules/A**-3. 
 COOR>REMARKS * The box edgelength is 18.856 A.  The minimum image periodic 
 COOR>REMARKS * boundary energy for this configuration using the TIP3P 
 COOR>REMARKS * potentials is -2150.6833 kcal/mol. 
 COOR>REMARKS 
 COOR>ATOM      1 OH2  WAT     1       2.531   0.596  -2.477        0.000 
 COOR>ATOM      2 H1   WAT     1       2.620   1.540  -2.609        0.000 
 CNSsolve>      do (segid=W000) (segid "    ") 
 Assuming literal string "W000"
 SELRPN:    648 atoms have been selected out of   2828
 CNSsolve>      coor sele=(segid W000) translate vector = ($xtrans $ytrans $ztrans) end 
 SELRPN:    648 atoms have been selected out of   2828
 COOR: using atom subset.
 COOR: translation vector =(   -29.882000  -13.360000  -13.154000 )
 COOR: selected coordinates translated
 CNSsolve> 
 CNSsolve>      ! all new water oxygens 
 CNSsolve>      ident (store1) (segid W000 and name oh2) 
 SELRPN:    216 atoms have been selected out of   2828
 CNSsolve>      ! all new water oxygens close to a protein heavy atom 
 CNSsolve>      ident (store2) (store1 and (not (resn WAT or resn HOH or resn TIP* or resn ANI or resn DAN or resn XAN or resn DUM or resn SHA or hydro)) around $pw_dist) 
 SELRPN:      5 atoms have been selected out of   2828
 CNSsolve>      ! all new water oxygens close to old water oxygens 
 CNSsolve>      ident (store3) (store1 and (segid wat# and not hydro) around $water_diam) 
 SELRPN:      0 atoms have been selected out of   2828
 CNSsolve>      ! all new water oxygens further than thickness away from a protein heavy atom 
 CNSsolve>      ident (store4) (store1 and not (not (resn WAT or resn HOH or resn TIP* or resn ANI or resn DAN or resn XAN or resn DUM or resn SHA or hydro)) around $thickness) 
 SELRPN:    157 atoms have been selected out of   2828
 CNSsolve>      delete sele= (byres (store2 or store3 or store4)) end 
 SELRPN:    486 atoms have been selected out of   2828
 Status of internal molecular topology database:
 -> NATOM=       2342(MAXA=     1000000)  NBOND=       2227(MAXB=     1000000)
 -> NTHETA=      3407(MAXT=     2000000)  NGRP=         759(MAXGRP=   1000000)
 -> NPHI=          22(MAXP=     2000000)  NIMPHI=      1110(MAXIMP=   1000000)
 -> NNB=          150(MAXNB=    1000000) 
 CNSsolve> 
 CNSsolve> 
 CNSsolve>      ! give waters unique segid name 
 CNSsolve>      eval ($segid= "W" 
 Expression=             + encode($xcount) + encode($ycount) + encode($zcount)) 
 EVALUATE: symbol $SEGID set to "W211" (string)
 CNSsolve>      do (segid = $segid) (segid W000) 
 SELRPN:    162 atoms have been selected out of   2342
 CNSsolve> 
 CNSsolve>    end loop wat3 
 CNSsolve>    while ($ztrans < $zmtran) loop wat3 
 NEXTCD: condition evaluated as true
 CNSsolve>      eval ($zcount=$zcount+1) 
 EVALUATE: symbol $ZCOUNT set to    2.00000     (real)
 CNSsolve>      eval ($ztrans = $ztrans + $boxlength) 
 EVALUATE: symbol $ZTRANS set to    5.70200     (real)
 CNSsolve> 
 CNSsolve> 
 CNSsolve>      segment 
 SEGMENT>        name="    " 
 SEGMENT>        chain 
 CHAIN>          coordinates @@RUN:protocols/boxtyp20.pdb 
 ASSFIL: file boxtyp20.pdb opened.
 COOR>REMARKS *****  CHARMM water box from Charlie Brooks. ******** 
 COOR>REMARKS * This is a box of 216 3-site water molecules in the experimental 
 COOR>REMARKS * geometry.  It was constructed from an equilibrated 
 COOR>REMARKS * configuration of TIP3P (3-site water model of Jorgenson) 
 COOR>REMARKS * waters at 1 atm pressure and a density of 0.0334 molecules/A**-3. 
 COOR>REMARKS * The box edgelength is 18.856 A.  The minimum image periodic 
 COOR>REMARKS * boundary energy for this configuration using the TIP3P 
 COOR>REMARKS * potentials is -2150.6833 kcal/mol. 
 COOR>REMARKS 
 COOR>ATOM      1 OH2  WAT     1       2.531   0.596  -2.477        0.000 
 SEGMNT-info: chain termination due to END keyword.   216 residues were inserted into segid "    "
 CHAIN>        end 
 SEGMENT>      end 
 Status of internal molecular topology database:
 -> NATOM=       2990(MAXA=     1000000)  NBOND=       2659(MAXB=     1000000)
 -> NTHETA=      3623(MAXT=     2000000)  NGRP=         975(MAXGRP=   1000000)
 -> NPHI=          22(MAXP=     2000000)  NIMPHI=      1110(MAXIMP=   1000000)
 -> NNB=          150(MAXNB=    1000000) 
 CNSsolve>      coor @@RUN:protocols/boxtyp20.pdb 
 ASSFIL: file boxtyp20.pdb opened.
 COOR>REMARKS *****  CHARMM water box from Charlie Brooks. ******** 
 COOR>REMARKS * This is a box of 216 3-site water molecules in the experimental 
 COOR>REMARKS * geometry.  It was constructed from an equilibrated 
 COOR>REMARKS * configuration of TIP3P (3-site water model of Jorgenson) 
 COOR>REMARKS * waters at 1 atm pressure and a density of 0.0334 molecules/A**-3. 
 COOR>REMARKS * The box edgelength is 18.856 A.  The minimum image periodic 
 COOR>REMARKS * boundary energy for this configuration using the TIP3P 
 COOR>REMARKS * potentials is -2150.6833 kcal/mol. 
 COOR>REMARKS 
 COOR>ATOM      1 OH2  WAT     1       2.531   0.596  -2.477        0.000 
 COOR>ATOM      2 H1   WAT     1       2.620   1.540  -2.609        0.000 
 CNSsolve>      do (segid=W000) (segid "    ") 
 Assuming literal string "W000"
 SELRPN:    648 atoms have been selected out of   2990
 CNSsolve>      coor sele=(segid W000) translate vector = ($xtrans $ytrans $ztrans) end 
 SELRPN:    648 atoms have been selected out of   2990
 COOR: using atom subset.
 COOR: translation vector =(   -29.882000  -13.360000    5.702000 )
 COOR: selected coordinates translated
 CNSsolve> 
 CNSsolve>      ! all new water oxygens 
 CNSsolve>      ident (store1) (segid W000 and name oh2) 
 SELRPN:    216 atoms have been selected out of   2990
 CNSsolve>      ! all new water oxygens close to a protein heavy atom 
 CNSsolve>      ident (store2) (store1 and (not (resn WAT or resn HOH or resn TIP* or resn ANI or resn DAN or resn XAN or resn DUM or resn SHA or hydro)) around $pw_dist) 
 SELRPN:     27 atoms have been selected out of   2990
 CNSsolve>      ! all new water oxygens close to old water oxygens 
 CNSsolve>      ident (store3) (store1 and (segid wat# and not hydro) around $water_diam) 
 SELRPN:      0 atoms have been selected out of   2990
 CNSsolve>      ! all new water oxygens further than thickness away from a protein heavy atom 
 CNSsolve>      ident (store4) (store1 and not (not (resn WAT or resn HOH or resn TIP* or resn ANI or resn DAN or resn XAN or resn DUM or resn SHA or hydro)) around $thickness) 
 SELRPN:    100 atoms have been selected out of   2990
 CNSsolve>      delete sele= (byres (store2 or store3 or store4)) end 
 SELRPN:    381 atoms have been selected out of   2990
 Status of internal molecular topology database:
 -> NATOM=       2609(MAXA=     1000000)  NBOND=       2405(MAXB=     1000000)
 -> NTHETA=      3496(MAXT=     2000000)  NGRP=         848(MAXGRP=   1000000)
 -> NPHI=          22(MAXP=     2000000)  NIMPHI=      1110(MAXIMP=   1000000)
 -> NNB=          150(MAXNB=    1000000) 
 CNSsolve> 
 CNSsolve> 
 CNSsolve>      ! give waters unique segid name 
 CNSsolve>      eval ($segid= "W" 
 Expression=             + encode($xcount) + encode($ycount) + encode($zcount)) 
 EVALUATE: symbol $SEGID set to "W212" (string)
 CNSsolve>      do (segid = $segid) (segid W000) 
 SELRPN:    267 atoms have been selected out of   2609
 CNSsolve> 
 CNSsolve>    end loop wat3 
 CNSsolve>    while ($ztrans < $zmtran) loop wat3 
 NEXTCD: condition evaluated as true
 CNSsolve>      eval ($zcount=$zcount+1) 
 EVALUATE: symbol $ZCOUNT set to    3.00000     (real)
 CNSsolve>      eval ($ztrans = $ztrans + $boxlength) 
 EVALUATE: symbol $ZTRANS set to    24.5580     (real)
 CNSsolve> 
 CNSsolve> 
 CNSsolve>      segment 
 SEGMENT>        name="    " 
 SEGMENT>        chain 
 CHAIN>          coordinates @@RUN:protocols/boxtyp20.pdb 
 ASSFIL: file boxtyp20.pdb opened.
 COOR>REMARKS *****  CHARMM water box from Charlie Brooks. ******** 
 COOR>REMARKS * This is a box of 216 3-site water molecules in the experimental 
 COOR>REMARKS * geometry.  It was constructed from an equilibrated 
 COOR>REMARKS * configuration of TIP3P (3-site water model of Jorgenson) 
 COOR>REMARKS * waters at 1 atm pressure and a density of 0.0334 molecules/A**-3. 
 COOR>REMARKS * The box edgelength is 18.856 A.  The minimum image periodic 
 COOR>REMARKS * boundary energy for this configuration using the TIP3P 
 COOR>REMARKS * potentials is -2150.6833 kcal/mol. 
 COOR>REMARKS 
 COOR>ATOM      1 OH2  WAT     1       2.531   0.596  -2.477        0.000 
 SEGMNT-info: chain termination due to END keyword.   216 residues were inserted into segid "    "
 CHAIN>        end 
 SEGMENT>      end 
 Status of internal molecular topology database:
 -> NATOM=       3257(MAXA=     1000000)  NBOND=       2837(MAXB=     1000000)
 -> NTHETA=      3712(MAXT=     2000000)  NGRP=        1064(MAXGRP=   1000000)
 -> NPHI=          22(MAXP=     2000000)  NIMPHI=      1110(MAXIMP=   1000000)
 -> NNB=          150(MAXNB=    1000000) 
 CNSsolve>      coor @@RUN:protocols/boxtyp20.pdb 
 ASSFIL: file boxtyp20.pdb opened.
 COOR>REMARKS *****  CHARMM water box from Charlie Brooks. ******** 
 COOR>REMARKS * This is a box of 216 3-site water molecules in the experimental 
 COOR>REMARKS * geometry.  It was constructed from an equilibrated 
 COOR>REMARKS * configuration of TIP3P (3-site water model of Jorgenson) 
 COOR>REMARKS * waters at 1 atm pressure and a density of 0.0334 molecules/A**-3. 
 COOR>REMARKS * The box edgelength is 18.856 A.  The minimum image periodic 
 COOR>REMARKS * boundary energy for this configuration using the TIP3P 
 COOR>REMARKS * potentials is -2150.6833 kcal/mol. 
 COOR>REMARKS 
 COOR>ATOM      1 OH2  WAT     1       2.531   0.596  -2.477        0.000 
 COOR>ATOM      2 H1   WAT     1       2.620   1.540  -2.609        0.000 
 CNSsolve>      do (segid=W000) (segid "    ") 
 Assuming literal string "W000"
 SELRPN:    648 atoms have been selected out of   3257
 CNSsolve>      coor sele=(segid W000) translate vector = ($xtrans $ytrans $ztrans) end 
 SELRPN:    648 atoms have been selected out of   3257
 COOR: using atom subset.
 COOR: translation vector =(   -29.882000  -13.360000   24.558000 )
 COOR: selected coordinates translated
 CNSsolve> 
 CNSsolve>      ! all new water oxygens 
 CNSsolve>      ident (store1) (segid W000 and name oh2) 
 SELRPN:    216 atoms have been selected out of   3257
 CNSsolve>      ! all new water oxygens close to a protein heavy atom 
 CNSsolve>      ident (store2) (store1 and (not (resn WAT or resn HOH or resn TIP* or resn ANI or resn DAN or resn XAN or resn DUM or resn SHA or hydro)) around $pw_dist) 
 SELRPN:      0 atoms have been selected out of   3257
 CNSsolve>      ! all new water oxygens close to old water oxygens 
 CNSsolve>      ident (store3) (store1 and (segid wat# and not hydro) around $water_diam) 
 SELRPN:      0 atoms have been selected out of   3257
 CNSsolve>      ! all new water oxygens further than thickness away from a protein heavy atom 
 CNSsolve>      ident (store4) (store1 and not (not (resn WAT or resn HOH or resn TIP* or resn ANI or resn DAN or resn XAN or resn DUM or resn SHA or hydro)) around $thickness) 
 SELRPN:    206 atoms have been selected out of   3257
 CNSsolve>      delete sele= (byres (store2 or store3 or store4)) end 
 SELRPN:    618 atoms have been selected out of   3257
 Status of internal molecular topology database:
 -> NATOM=       2639(MAXA=     1000000)  NBOND=       2425(MAXB=     1000000)
 -> NTHETA=      3506(MAXT=     2000000)  NGRP=         858(MAXGRP=   1000000)
 -> NPHI=          22(MAXP=     2000000)  NIMPHI=      1110(MAXIMP=   1000000)
 -> NNB=          150(MAXNB=    1000000) 
 CNSsolve> 
 CNSsolve> 
 CNSsolve>      ! give waters unique segid name 
 CNSsolve>      eval ($segid= "W" 
 Expression=             + encode($xcount) + encode($ycount) + encode($zcount)) 
 EVALUATE: symbol $SEGID set to "W213" (string)
 CNSsolve>      do (segid = $segid) (segid W000) 
 SELRPN:     30 atoms have been selected out of   2639
 CNSsolve> 
 CNSsolve>    end loop wat3 
 CNSsolve>    while ($ztrans < $zmtran) loop wat3 
 NEXTCD: condition evaluated as false
 CNSsolve>      eval ($zcount=$zcount+1) 
 CNSsolve>      eval ($ztrans = $ztrans + $boxlength) 
 CNSsolve> 
 CNSsolve> 
 CNSsolve>      segment 
 CNSsolve>        name="    " 
 CNSsolve>        chain 
 CNSsolve>          coordinates @@RUN:protocols/boxtyp20.pdb 
 CNSsolve>        end 
 CNSsolve>      end 
 CNSsolve>      coor @@RUN:protocols/boxtyp20.pdb 
 CNSsolve>      do (segid=W000) (segid "    ") 
 CNSsolve>      coor sele=(segid W000) translate vector = ($xtrans $ytrans $ztrans) end 
 CNSsolve> 
 CNSsolve>      ! all new water oxygens 
 CNSsolve>      ident (store1) (segid W000 and name oh2) 
 CNSsolve>      ! all new water oxygens close to a protein heavy atom 
 CNSsolve>      ident (store2) (store1 and (not (resn WAT or resn HOH or resn TIP* or resn ANI or resn DAN or resn XAN or resn DUM or resn SHA or hydro)) around $pw_dist) 
 CNSsolve>      ! all new water oxygens close to old water oxygens 
 CNSsolve>      ident (store3) (store1 and (segid wat# and not hydro) around $water_diam) 
 CNSsolve>      ! all new water oxygens further than thickness away from a protein heavy atom 
 CNSsolve>      ident (store4) (store1 and not (not (resn WAT or resn HOH or resn TIP* or resn ANI or resn DAN or resn XAN or resn DUM or resn SHA or hydro)) around $thickness) 
 CNSsolve>      delete sele= (byres (store2 or store3 or store4)) end 
 CNSsolve> 
 CNSsolve> 
 CNSsolve>      ! give waters unique segid name 
 CNSsolve>      eval ($segid= "W" 
 CNSsolve>             + encode($xcount) + encode($ycount) + encode($zcount)) 
 CNSsolve>      do (segid = $segid) (segid W000) 
 CNSsolve> 
 CNSsolve>    end loop wat3 
 CNSsolve>  end loop wat2 
 CNSsolve>  while ($ytrans < $ymtran) loop wat2 
 NEXTCD: condition evaluated as true
 CNSsolve>    eval ($ycount=$ycount+1) 
 EVALUATE: symbol $YCOUNT set to    2.00000     (real)
 CNSsolve>    eval ($ytrans = $ytrans + $boxlength) 
 EVALUATE: symbol $YTRANS set to    5.49600     (real)
 CNSsolve> 
 CNSsolve>    eval ($zcount=0) 
 EVALUATE: symbol $ZCOUNT set to    0.00000     (real)
 CNSsolve>    eval ($ztrans = $zmin - $thickness - $water_diam - $boxlength/2 ) 
 EVALUATE: symbol $ZTRANS set to   -32.0100     (real)
 CNSsolve>    while ($ztrans < $zmtran) loop wat3 
 NEXTCD: condition evaluated as true
 CNSsolve>      eval ($zcount=$zcount+1) 
 EVALUATE: symbol $ZCOUNT set to    1.00000     (real)
 CNSsolve>      eval ($ztrans = $ztrans + $boxlength) 
 EVALUATE: symbol $ZTRANS set to   -13.1540     (real)
 CNSsolve> 
 CNSsolve> 
 CNSsolve>      segment 
 SEGMENT>        name="    " 
 SEGMENT>        chain 
 CHAIN>          coordinates @@RUN:protocols/boxtyp20.pdb 
 ASSFIL: file boxtyp20.pdb opened.
 COOR>REMARKS *****  CHARMM water box from Charlie Brooks. ******** 
 COOR>REMARKS * This is a box of 216 3-site water molecules in the experimental 
 COOR>REMARKS * geometry.  It was constructed from an equilibrated 
 COOR>REMARKS * configuration of TIP3P (3-site water model of Jorgenson) 
 COOR>REMARKS * waters at 1 atm pressure and a density of 0.0334 molecules/A**-3. 
 COOR>REMARKS * The box edgelength is 18.856 A.  The minimum image periodic 
 COOR>REMARKS * boundary energy for this configuration using the TIP3P 
 COOR>REMARKS * potentials is -2150.6833 kcal/mol. 
 COOR>REMARKS 
 COOR>ATOM      1 OH2  WAT     1       2.531   0.596  -2.477        0.000 
 SEGMNT-info: chain termination due to END keyword.   216 residues were inserted into segid "    "
 CHAIN>        end 
 SEGMENT>      end 
 Status of internal molecular topology database:
 -> NATOM=       3287(MAXA=     1000000)  NBOND=       2857(MAXB=     1000000)
 -> NTHETA=      3722(MAXT=     2000000)  NGRP=        1074(MAXGRP=   1000000)
 -> NPHI=          22(MAXP=     2000000)  NIMPHI=      1110(MAXIMP=   1000000)
 -> NNB=          150(MAXNB=    1000000) 
 CNSsolve>      coor @@RUN:protocols/boxtyp20.pdb 
 ASSFIL: file boxtyp20.pdb opened.
 COOR>REMARKS *****  CHARMM water box from Charlie Brooks. ******** 
 COOR>REMARKS * This is a box of 216 3-site water molecules in the experimental 
 COOR>REMARKS * geometry.  It was constructed from an equilibrated 
 COOR>REMARKS * configuration of TIP3P (3-site water model of Jorgenson) 
 COOR>REMARKS * waters at 1 atm pressure and a density of 0.0334 molecules/A**-3. 
 COOR>REMARKS * The box edgelength is 18.856 A.  The minimum image periodic 
 COOR>REMARKS * boundary energy for this configuration using the TIP3P 
 COOR>REMARKS * potentials is -2150.6833 kcal/mol. 
 COOR>REMARKS 
 COOR>ATOM      1 OH2  WAT     1       2.531   0.596  -2.477        0.000 
 COOR>ATOM      2 H1   WAT     1       2.620   1.540  -2.609        0.000 
 CNSsolve>      do (segid=W000) (segid "    ") 
 Assuming literal string "W000"
 SELRPN:    648 atoms have been selected out of   3287
 CNSsolve>      coor sele=(segid W000) translate vector = ($xtrans $ytrans $ztrans) end 
 SELRPN:    648 atoms have been selected out of   3287
 COOR: using atom subset.
 COOR: translation vector =(   -29.882000    5.496000  -13.154000 )
 COOR: selected coordinates translated
 CNSsolve> 
 CNSsolve>      ! all new water oxygens 
 CNSsolve>      ident (store1) (segid W000 and name oh2) 
 SELRPN:    216 atoms have been selected out of   3287
 CNSsolve>      ! all new water oxygens close to a protein heavy atom 
 CNSsolve>      ident (store2) (store1 and (not (resn WAT or resn HOH or resn TIP* or resn ANI or resn DAN or resn XAN or resn DUM or resn SHA or hydro)) around $pw_dist) 
 SELRPN:     19 atoms have been selected out of   3287
 CNSsolve>      ! all new water oxygens close to old water oxygens 
 CNSsolve>      ident (store3) (store1 and (segid wat# and not hydro) around $water_diam) 
 SELRPN:      0 atoms have been selected out of   3287
 CNSsolve>      ! all new water oxygens further than thickness away from a protein heavy atom 
 CNSsolve>      ident (store4) (store1 and not (not (resn WAT or resn HOH or resn TIP* or resn ANI or resn DAN or resn XAN or resn DUM or resn SHA or hydro)) around $thickness) 
 SELRPN:    101 atoms have been selected out of   3287
 CNSsolve>      delete sele= (byres (store2 or store3 or store4)) end 
 SELRPN:    360 atoms have been selected out of   3287
 Status of internal molecular topology database:
 -> NATOM=       2927(MAXA=     1000000)  NBOND=       2617(MAXB=     1000000)
 -> NTHETA=      3602(MAXT=     2000000)  NGRP=         954(MAXGRP=   1000000)
 -> NPHI=          22(MAXP=     2000000)  NIMPHI=      1110(MAXIMP=   1000000)
 -> NNB=          150(MAXNB=    1000000) 
 CNSsolve> 
 CNSsolve> 
 CNSsolve>      ! give waters unique segid name 
 CNSsolve>      eval ($segid= "W" 
 Expression=             + encode($xcount) + encode($ycount) + encode($zcount)) 
 EVALUATE: symbol $SEGID set to "W221" (string)
 CNSsolve>      do (segid = $segid) (segid W000) 
 SELRPN:    288 atoms have been selected out of   2927
 CNSsolve> 
 CNSsolve>    end loop wat3 
 CNSsolve>    while ($ztrans < $zmtran) loop wat3 
 NEXTCD: condition evaluated as true
 CNSsolve>      eval ($zcount=$zcount+1) 
 EVALUATE: symbol $ZCOUNT set to    2.00000     (real)
 CNSsolve>      eval ($ztrans = $ztrans + $boxlength) 
 EVALUATE: symbol $ZTRANS set to    5.70200     (real)
 CNSsolve> 
 CNSsolve> 
 CNSsolve>      segment 
 SEGMENT>        name="    " 
 SEGMENT>        chain 
 CHAIN>          coordinates @@RUN:protocols/boxtyp20.pdb 
 ASSFIL: file boxtyp20.pdb opened.
 COOR>REMARKS *****  CHARMM water box from Charlie Brooks. ******** 
 COOR>REMARKS * This is a box of 216 3-site water molecules in the experimental 
 COOR>REMARKS * geometry.  It was constructed from an equilibrated 
 COOR>REMARKS * configuration of TIP3P (3-site water model of Jorgenson) 
 COOR>REMARKS * waters at 1 atm pressure and a density of 0.0334 molecules/A**-3. 
 COOR>REMARKS * The box edgelength is 18.856 A.  The minimum image periodic 
 COOR>REMARKS * boundary energy for this configuration using the TIP3P 
 COOR>REMARKS * potentials is -2150.6833 kcal/mol. 
 COOR>REMARKS 
 COOR>ATOM      1 OH2  WAT     1       2.531   0.596  -2.477        0.000 
 SEGMNT-info: chain termination due to END keyword.   216 residues were inserted into segid "    "
 CHAIN>        end 
 SEGMENT>      end 
 Status of internal molecular topology database:
 -> NATOM=       3575(MAXA=     1000000)  NBOND=       3049(MAXB=     1000000)
 -> NTHETA=      3818(MAXT=     2000000)  NGRP=        1170(MAXGRP=   1000000)
 -> NPHI=          22(MAXP=     2000000)  NIMPHI=      1110(MAXIMP=   1000000)
 -> NNB=          150(MAXNB=    1000000) 
 CNSsolve>      coor @@RUN:protocols/boxtyp20.pdb 
 ASSFIL: file boxtyp20.pdb opened.
 COOR>REMARKS *****  CHARMM water box from Charlie Brooks. ******** 
 COOR>REMARKS * This is a box of 216 3-site water molecules in the experimental 
 COOR>REMARKS * geometry.  It was constructed from an equilibrated 
 COOR>REMARKS * configuration of TIP3P (3-site water model of Jorgenson) 
 COOR>REMARKS * waters at 1 atm pressure and a density of 0.0334 molecules/A**-3. 
 COOR>REMARKS * The box edgelength is 18.856 A.  The minimum image periodic 
 COOR>REMARKS * boundary energy for this configuration using the TIP3P 
 COOR>REMARKS * potentials is -2150.6833 kcal/mol. 
 COOR>REMARKS 
 COOR>ATOM      1 OH2  WAT     1       2.531   0.596  -2.477        0.000 
 COOR>ATOM      2 H1   WAT     1       2.620   1.540  -2.609        0.000 
 CNSsolve>      do (segid=W000) (segid "    ") 
 Assuming literal string "W000"
 SELRPN:    648 atoms have been selected out of   3575
 CNSsolve>      coor sele=(segid W000) translate vector = ($xtrans $ytrans $ztrans) end 
 SELRPN:    648 atoms have been selected out of   3575
 COOR: using atom subset.
 COOR: translation vector =(   -29.882000    5.496000    5.702000 )
 COOR: selected coordinates translated
 CNSsolve> 
 CNSsolve>      ! all new water oxygens 
 CNSsolve>      ident (store1) (segid W000 and name oh2) 
 SELRPN:    216 atoms have been selected out of   3575
 CNSsolve>      ! all new water oxygens close to a protein heavy atom 
 CNSsolve>      ident (store2) (store1 and (not (resn WAT or resn HOH or resn TIP* or resn ANI or resn DAN or resn XAN or resn DUM or resn SHA or hydro)) around $pw_dist) 
 SELRPN:     67 atoms have been selected out of   3575
 CNSsolve>      ! all new water oxygens close to old water oxygens 
 CNSsolve>      ident (store3) (store1 and (segid wat# and not hydro) around $water_diam) 
 SELRPN:      0 atoms have been selected out of   3575
 CNSsolve>      ! all new water oxygens further than thickness away from a protein heavy atom 
 CNSsolve>      ident (store4) (store1 and not (not (resn WAT or resn HOH or resn TIP* or resn ANI or resn DAN or resn XAN or resn DUM or resn SHA or hydro)) around $thickness) 
 SELRPN:     19 atoms have been selected out of   3575
 CNSsolve>      delete sele= (byres (store2 or store3 or store4)) end 
 SELRPN:    258 atoms have been selected out of   3575
 Status of internal molecular topology database:
 -> NATOM=       3317(MAXA=     1000000)  NBOND=       2877(MAXB=     1000000)
 -> NTHETA=      3732(MAXT=     2000000)  NGRP=        1084(MAXGRP=   1000000)
 -> NPHI=          22(MAXP=     2000000)  NIMPHI=      1110(MAXIMP=   1000000)
 -> NNB=          150(MAXNB=    1000000) 
 CNSsolve> 
 CNSsolve> 
 CNSsolve>      ! give waters unique segid name 
 CNSsolve>      eval ($segid= "W" 
 Expression=             + encode($xcount) + encode($ycount) + encode($zcount)) 
 EVALUATE: symbol $SEGID set to "W222" (string)
 CNSsolve>      do (segid = $segid) (segid W000) 
 SELRPN:    390 atoms have been selected out of   3317
 CNSsolve> 
 CNSsolve>    end loop wat3 
 CNSsolve>    while ($ztrans < $zmtran) loop wat3 
 NEXTCD: condition evaluated as true
 CNSsolve>      eval ($zcount=$zcount+1) 
 EVALUATE: symbol $ZCOUNT set to    3.00000     (real)
 CNSsolve>      eval ($ztrans = $ztrans + $boxlength) 
 EVALUATE: symbol $ZTRANS set to    24.5580     (real)
 CNSsolve> 
 CNSsolve> 
 CNSsolve>      segment 
 SEGMENT>        name="    " 
 SEGMENT>        chain 
 CHAIN>          coordinates @@RUN:protocols/boxtyp20.pdb 
 ASSFIL: file boxtyp20.pdb opened.
 COOR>REMARKS *****  CHARMM water box from Charlie Brooks. ******** 
 COOR>REMARKS * This is a box of 216 3-site water molecules in the experimental 
 COOR>REMARKS * geometry.  It was constructed from an equilibrated 
 COOR>REMARKS * configuration of TIP3P (3-site water model of Jorgenson) 
 COOR>REMARKS * waters at 1 atm pressure and a density of 0.0334 molecules/A**-3. 
 COOR>REMARKS * The box edgelength is 18.856 A.  The minimum image periodic 
 COOR>REMARKS * boundary energy for this configuration using the TIP3P 
 COOR>REMARKS * potentials is -2150.6833 kcal/mol. 
 COOR>REMARKS 
 COOR>ATOM      1 OH2  WAT     1       2.531   0.596  -2.477        0.000 
 SEGMNT-info: chain termination due to END keyword.   216 residues were inserted into segid "    "
 CHAIN>        end 
 SEGMENT>      end 
 Status of internal molecular topology database:
 -> NATOM=       3965(MAXA=     1000000)  NBOND=       3309(MAXB=     1000000)
 -> NTHETA=      3948(MAXT=     2000000)  NGRP=        1300(MAXGRP=   1000000)
 -> NPHI=          22(MAXP=     2000000)  NIMPHI=      1110(MAXIMP=   1000000)
 -> NNB=          150(MAXNB=    1000000) 
 CNSsolve>      coor @@RUN:protocols/boxtyp20.pdb 
 ASSFIL: file boxtyp20.pdb opened.
 COOR>REMARKS *****  CHARMM water box from Charlie Brooks. ******** 
 COOR>REMARKS * This is a box of 216 3-site water molecules in the experimental 
 COOR>REMARKS * geometry.  It was constructed from an equilibrated 
 COOR>REMARKS * configuration of TIP3P (3-site water model of Jorgenson) 
 COOR>REMARKS * waters at 1 atm pressure and a density of 0.0334 molecules/A**-3. 
 COOR>REMARKS * The box edgelength is 18.856 A.  The minimum image periodic 
 COOR>REMARKS * boundary energy for this configuration using the TIP3P 
 COOR>REMARKS * potentials is -2150.6833 kcal/mol. 
 COOR>REMARKS 
 COOR>ATOM      1 OH2  WAT     1       2.531   0.596  -2.477        0.000 
 COOR>ATOM      2 H1   WAT     1       2.620   1.540  -2.609        0.000 
 CNSsolve>      do (segid=W000) (segid "    ") 
 Assuming literal string "W000"
 SELRPN:    648 atoms have been selected out of   3965
 CNSsolve>      coor sele=(segid W000) translate vector = ($xtrans $ytrans $ztrans) end 
 SELRPN:    648 atoms have been selected out of   3965
 COOR: using atom subset.
 COOR: translation vector =(   -29.882000    5.496000   24.558000 )
 COOR: selected coordinates translated
 CNSsolve> 
 CNSsolve>      ! all new water oxygens 
 CNSsolve>      ident (store1) (segid W000 and name oh2) 
 SELRPN:    216 atoms have been selected out of   3965
 CNSsolve>      ! all new water oxygens close to a protein heavy atom 
 CNSsolve>      ident (store2) (store1 and (not (resn WAT or resn HOH or resn TIP* or resn ANI or resn DAN or resn XAN or resn DUM or resn SHA or hydro)) around $pw_dist) 
 SELRPN:      0 atoms have been selected out of   3965
 CNSsolve>      ! all new water oxygens close to old water oxygens 
 CNSsolve>      ident (store3) (store1 and (segid wat# and not hydro) around $water_diam) 
 SELRPN:      0 atoms have been selected out of   3965
 CNSsolve>      ! all new water oxygens further than thickness away from a protein heavy atom 
 CNSsolve>      ident (store4) (store1 and not (not (resn WAT or resn HOH or resn TIP* or resn ANI or resn DAN or resn XAN or resn DUM or resn SHA or hydro)) around $thickness) 
 SELRPN:    200 atoms have been selected out of   3965
 CNSsolve>      delete sele= (byres (store2 or store3 or store4)) end 
 SELRPN:    600 atoms have been selected out of   3965
 Status of internal molecular topology database:
 -> NATOM=       3365(MAXA=     1000000)  NBOND=       2909(MAXB=     1000000)
 -> NTHETA=      3748(MAXT=     2000000)  NGRP=        1100(MAXGRP=   1000000)
 -> NPHI=          22(MAXP=     2000000)  NIMPHI=      1110(MAXIMP=   1000000)
 -> NNB=          150(MAXNB=    1000000) 
 CNSsolve> 
 CNSsolve> 
 CNSsolve>      ! give waters unique segid name 
 CNSsolve>      eval ($segid= "W" 
 Expression=             + encode($xcount) + encode($ycount) + encode($zcount)) 
 EVALUATE: symbol $SEGID set to "W223" (string)
 CNSsolve>      do (segid = $segid) (segid W000) 
 SELRPN:     48 atoms have been selected out of   3365
 CNSsolve> 
 CNSsolve>    end loop wat3 
 CNSsolve>    while ($ztrans < $zmtran) loop wat3 
 NEXTCD: condition evaluated as false
 CNSsolve>      eval ($zcount=$zcount+1) 
 CNSsolve>      eval ($ztrans = $ztrans + $boxlength) 
 CNSsolve> 
 CNSsolve> 
 CNSsolve>      segment 
 CNSsolve>        name="    " 
 CNSsolve>        chain 
 CNSsolve>          coordinates @@RUN:protocols/boxtyp20.pdb 
 CNSsolve>        end 
 CNSsolve>      end 
 CNSsolve>      coor @@RUN:protocols/boxtyp20.pdb 
 CNSsolve>      do (segid=W000) (segid "    ") 
 CNSsolve>      coor sele=(segid W000) translate vector = ($xtrans $ytrans $ztrans) end 
 CNSsolve> 
 CNSsolve>      ! all new water oxygens 
 CNSsolve>      ident (store1) (segid W000 and name oh2) 
 CNSsolve>      ! all new water oxygens close to a protein heavy atom 
 CNSsolve>      ident (store2) (store1 and (not (resn WAT or resn HOH or resn TIP* or resn ANI or resn DAN or resn XAN or resn DUM or resn SHA or hydro)) around $pw_dist) 
 CNSsolve>      ! all new water oxygens close to old water oxygens 
 CNSsolve>      ident (store3) (store1 and (segid wat# and not hydro) around $water_diam) 
 CNSsolve>      ! all new water oxygens further than thickness away from a protein heavy atom 
 CNSsolve>      ident (store4) (store1 and not (not (resn WAT or resn HOH or resn TIP* or resn ANI or resn DAN or resn XAN or resn DUM or resn SHA or hydro)) around $thickness) 
 CNSsolve>      delete sele= (byres (store2 or store3 or store4)) end 
 CNSsolve> 
 CNSsolve> 
 CNSsolve>      ! give waters unique segid name 
 CNSsolve>      eval ($segid= "W" 
 CNSsolve>             + encode($xcount) + encode($ycount) + encode($zcount)) 
 CNSsolve>      do (segid = $segid) (segid W000) 
 CNSsolve> 
 CNSsolve>    end loop wat3 
 CNSsolve>  end loop wat2 
 CNSsolve>  while ($ytrans < $ymtran) loop wat2 
 NEXTCD: condition evaluated as true
 CNSsolve>    eval ($ycount=$ycount+1) 
 EVALUATE: symbol $YCOUNT set to    3.00000     (real)
 CNSsolve>    eval ($ytrans = $ytrans + $boxlength) 
 EVALUATE: symbol $YTRANS set to    24.3520     (real)
 CNSsolve> 
 CNSsolve>    eval ($zcount=0) 
 EVALUATE: symbol $ZCOUNT set to    0.00000     (real)
 CNSsolve>    eval ($ztrans = $zmin - $thickness - $water_diam - $boxlength/2 ) 
 EVALUATE: symbol $ZTRANS set to   -32.0100     (real)
 CNSsolve>    while ($ztrans < $zmtran) loop wat3 
 NEXTCD: condition evaluated as true
 CNSsolve>      eval ($zcount=$zcount+1) 
 EVALUATE: symbol $ZCOUNT set to    1.00000     (real)
 CNSsolve>      eval ($ztrans = $ztrans + $boxlength) 
 EVALUATE: symbol $ZTRANS set to   -13.1540     (real)
 CNSsolve> 
 CNSsolve> 
 CNSsolve>      segment 
 SEGMENT>        name="    " 
 SEGMENT>        chain 
 CHAIN>          coordinates @@RUN:protocols/boxtyp20.pdb 
 ASSFIL: file boxtyp20.pdb opened.
 COOR>REMARKS *****  CHARMM water box from Charlie Brooks. ******** 
 COOR>REMARKS * This is a box of 216 3-site water molecules in the experimental 
 COOR>REMARKS * geometry.  It was constructed from an equilibrated 
 COOR>REMARKS * configuration of TIP3P (3-site water model of Jorgenson) 
 COOR>REMARKS * waters at 1 atm pressure and a density of 0.0334 molecules/A**-3. 
 COOR>REMARKS * The box edgelength is 18.856 A.  The minimum image periodic 
 COOR>REMARKS * boundary energy for this configuration using the TIP3P 
 COOR>REMARKS * potentials is -2150.6833 kcal/mol. 
 COOR>REMARKS 
 COOR>ATOM      1 OH2  WAT     1       2.531   0.596  -2.477        0.000 
 SEGMNT-info: chain termination due to END keyword.   216 residues were inserted into segid "    "
 CHAIN>        end 
 SEGMENT>      end 
 Status of internal molecular topology database:
 -> NATOM=       4013(MAXA=     1000000)  NBOND=       3341(MAXB=     1000000)
 -> NTHETA=      3964(MAXT=     2000000)  NGRP=        1316(MAXGRP=   1000000)
 -> NPHI=          22(MAXP=     2000000)  NIMPHI=      1110(MAXIMP=   1000000)
 -> NNB=          150(MAXNB=    1000000) 
 CNSsolve>      coor @@RUN:protocols/boxtyp20.pdb 
 ASSFIL: file boxtyp20.pdb opened.
 COOR>REMARKS *****  CHARMM water box from Charlie Brooks. ******** 
 COOR>REMARKS * This is a box of 216 3-site water molecules in the experimental 
 COOR>REMARKS * geometry.  It was constructed from an equilibrated 
 COOR>REMARKS * configuration of TIP3P (3-site water model of Jorgenson) 
 COOR>REMARKS * waters at 1 atm pressure and a density of 0.0334 molecules/A**-3. 
 COOR>REMARKS * The box edgelength is 18.856 A.  The minimum image periodic 
 COOR>REMARKS * boundary energy for this configuration using the TIP3P 
 COOR>REMARKS * potentials is -2150.6833 kcal/mol. 
 COOR>REMARKS 
 COOR>ATOM      1 OH2  WAT     1       2.531   0.596  -2.477        0.000 
 COOR>ATOM      2 H1   WAT     1       2.620   1.540  -2.609        0.000 
 CNSsolve>      do (segid=W000) (segid "    ") 
 Assuming literal string "W000"
 SELRPN:    648 atoms have been selected out of   4013
 CNSsolve>      coor sele=(segid W000) translate vector = ($xtrans $ytrans $ztrans) end 
 SELRPN:    648 atoms have been selected out of   4013
 COOR: using atom subset.
 COOR: translation vector =(   -29.882000   24.352000  -13.154000 )
 COOR: selected coordinates translated
 CNSsolve> 
 CNSsolve>      ! all new water oxygens 
 CNSsolve>      ident (store1) (segid W000 and name oh2) 
 SELRPN:    216 atoms have been selected out of   4013
 CNSsolve>      ! all new water oxygens close to a protein heavy atom 
 CNSsolve>      ident (store2) (store1 and (not (resn WAT or resn HOH or resn TIP* or resn ANI or resn DAN or resn XAN or resn DUM or resn SHA or hydro)) around $pw_dist) 
 SELRPN:      0 atoms have been selected out of   4013
 CNSsolve>      ! all new water oxygens close to old water oxygens 
 CNSsolve>      ident (store3) (store1 and (segid wat# and not hydro) around $water_diam) 
 SELRPN:      0 atoms have been selected out of   4013
 CNSsolve>      ! all new water oxygens further than thickness away from a protein heavy atom 
 CNSsolve>      ident (store4) (store1 and not (not (resn WAT or resn HOH or resn TIP* or resn ANI or resn DAN or resn XAN or resn DUM or resn SHA or hydro)) around $thickness) 
 SELRPN:    214 atoms have been selected out of   4013
 CNSsolve>      delete sele= (byres (store2 or store3 or store4)) end 
 SELRPN:    642 atoms have been selected out of   4013
 Status of internal molecular topology database:
 -> NATOM=       3371(MAXA=     1000000)  NBOND=       2913(MAXB=     1000000)
 -> NTHETA=      3750(MAXT=     2000000)  NGRP=        1102(MAXGRP=   1000000)
 -> NPHI=          22(MAXP=     2000000)  NIMPHI=      1110(MAXIMP=   1000000)
 -> NNB=          150(MAXNB=    1000000) 
 CNSsolve> 
 CNSsolve> 
 CNSsolve>      ! give waters unique segid name 
 CNSsolve>      eval ($segid= "W" 
 Expression=             + encode($xcount) + encode($ycount) + encode($zcount)) 
 EVALUATE: symbol $SEGID set to "W231" (string)
 CNSsolve>      do (segid = $segid) (segid W000) 
 SELRPN:      6 atoms have been selected out of   3371
 CNSsolve> 
 CNSsolve>    end loop wat3 
 CNSsolve>    while ($ztrans < $zmtran) loop wat3 
 NEXTCD: condition evaluated as true
 CNSsolve>      eval ($zcount=$zcount+1) 
 EVALUATE: symbol $ZCOUNT set to    2.00000     (real)
 CNSsolve>      eval ($ztrans = $ztrans + $boxlength) 
 EVALUATE: symbol $ZTRANS set to    5.70200     (real)
 CNSsolve> 
 CNSsolve> 
 CNSsolve>      segment 
 SEGMENT>        name="    " 
 SEGMENT>        chain 
 CHAIN>          coordinates @@RUN:protocols/boxtyp20.pdb 
 ASSFIL: file boxtyp20.pdb opened.
 COOR>REMARKS *****  CHARMM water box from Charlie Brooks. ******** 
 COOR>REMARKS * This is a box of 216 3-site water molecules in the experimental 
 COOR>REMARKS * geometry.  It was constructed from an equilibrated 
 COOR>REMARKS * configuration of TIP3P (3-site water model of Jorgenson) 
 COOR>REMARKS * waters at 1 atm pressure and a density of 0.0334 molecules/A**-3. 
 COOR>REMARKS * The box edgelength is 18.856 A.  The minimum image periodic 
 COOR>REMARKS * boundary energy for this configuration using the TIP3P 
 COOR>REMARKS * potentials is -2150.6833 kcal/mol. 
 COOR>REMARKS 
 COOR>ATOM      1 OH2  WAT     1       2.531   0.596  -2.477        0.000 
 SEGMNT-info: chain termination due to END keyword.   216 residues were inserted into segid "    "
 CHAIN>        end 
 SEGMENT>      end 
 Status of internal molecular topology database:
 -> NATOM=       4019(MAXA=     1000000)  NBOND=       3345(MAXB=     1000000)
 -> NTHETA=      3966(MAXT=     2000000)  NGRP=        1318(MAXGRP=   1000000)
 -> NPHI=          22(MAXP=     2000000)  NIMPHI=      1110(MAXIMP=   1000000)
 -> NNB=          150(MAXNB=    1000000) 
 CNSsolve>      coor @@RUN:protocols/boxtyp20.pdb 
 ASSFIL: file boxtyp20.pdb opened.
 COOR>REMARKS *****  CHARMM water box from Charlie Brooks. ******** 
 COOR>REMARKS * This is a box of 216 3-site water molecules in the experimental 
 COOR>REMARKS * geometry.  It was constructed from an equilibrated 
 COOR>REMARKS * configuration of TIP3P (3-site water model of Jorgenson) 
 COOR>REMARKS * waters at 1 atm pressure and a density of 0.0334 molecules/A**-3. 
 COOR>REMARKS * The box edgelength is 18.856 A.  The minimum image periodic 
 COOR>REMARKS * boundary energy for this configuration using the TIP3P 
 COOR>REMARKS * potentials is -2150.6833 kcal/mol. 
 COOR>REMARKS 
 COOR>ATOM      1 OH2  WAT     1       2.531   0.596  -2.477        0.000 
 COOR>ATOM      2 H1   WAT     1       2.620   1.540  -2.609        0.000 
 CNSsolve>      do (segid=W000) (segid "    ") 
 Assuming literal string "W000"
 SELRPN:    648 atoms have been selected out of   4019
 CNSsolve>      coor sele=(segid W000) translate vector = ($xtrans $ytrans $ztrans) end 
 SELRPN:    648 atoms have been selected out of   4019
 COOR: using atom subset.
 COOR: translation vector =(   -29.882000   24.352000    5.702000 )
 COOR: selected coordinates translated
 CNSsolve> 
 CNSsolve>      ! all new water oxygens 
 CNSsolve>      ident (store1) (segid W000 and name oh2) 
 SELRPN:    216 atoms have been selected out of   4019
 CNSsolve>      ! all new water oxygens close to a protein heavy atom 
 CNSsolve>      ident (store2) (store1 and (not (resn WAT or resn HOH or resn TIP* or resn ANI or resn DAN or resn XAN or resn DUM or resn SHA or hydro)) around $pw_dist) 
 SELRPN:      0 atoms have been selected out of   4019
 CNSsolve>      ! all new water oxygens close to old water oxygens 
 CNSsolve>      ident (store3) (store1 and (segid wat# and not hydro) around $water_diam) 
 SELRPN:      0 atoms have been selected out of   4019
 CNSsolve>      ! all new water oxygens further than thickness away from a protein heavy atom 
 CNSsolve>      ident (store4) (store1 and not (not (resn WAT or resn HOH or resn TIP* or resn ANI or resn DAN or resn XAN or resn DUM or resn SHA or hydro)) around $thickness) 
 SELRPN:    208 atoms have been selected out of   4019
 CNSsolve>      delete sele= (byres (store2 or store3 or store4)) end 
 SELRPN:    624 atoms have been selected out of   4019
 Status of internal molecular topology database:
 -> NATOM=       3395(MAXA=     1000000)  NBOND=       2929(MAXB=     1000000)
 -> NTHETA=      3758(MAXT=     2000000)  NGRP=        1110(MAXGRP=   1000000)
 -> NPHI=          22(MAXP=     2000000)  NIMPHI=      1110(MAXIMP=   1000000)
 -> NNB=          150(MAXNB=    1000000) 
 CNSsolve> 
 CNSsolve> 
 CNSsolve>      ! give waters unique segid name 
 CNSsolve>      eval ($segid= "W" 
 Expression=             + encode($xcount) + encode($ycount) + encode($zcount)) 
 EVALUATE: symbol $SEGID set to "W232" (string)
 CNSsolve>      do (segid = $segid) (segid W000) 
 SELRPN:     24 atoms have been selected out of   3395
 CNSsolve> 
 CNSsolve>    end loop wat3 
 CNSsolve>    while ($ztrans < $zmtran) loop wat3 
 NEXTCD: condition evaluated as true
 CNSsolve>      eval ($zcount=$zcount+1) 
 EVALUATE: symbol $ZCOUNT set to    3.00000     (real)
 CNSsolve>      eval ($ztrans = $ztrans + $boxlength) 
 EVALUATE: symbol $ZTRANS set to    24.5580     (real)
 CNSsolve> 
 CNSsolve> 
 CNSsolve>      segment 
 SEGMENT>        name="    " 
 SEGMENT>        chain 
 CHAIN>          coordinates @@RUN:protocols/boxtyp20.pdb 
 ASSFIL: file boxtyp20.pdb opened.
 COOR>REMARKS *****  CHARMM water box from Charlie Brooks. ******** 
 COOR>REMARKS * This is a box of 216 3-site water molecules in the experimental 
 COOR>REMARKS * geometry.  It was constructed from an equilibrated 
 COOR>REMARKS * configuration of TIP3P (3-site water model of Jorgenson) 
 COOR>REMARKS * waters at 1 atm pressure and a density of 0.0334 molecules/A**-3. 
 COOR>REMARKS * The box edgelength is 18.856 A.  The minimum image periodic 
 COOR>REMARKS * boundary energy for this configuration using the TIP3P 
 COOR>REMARKS * potentials is -2150.6833 kcal/mol. 
 COOR>REMARKS 
 COOR>ATOM      1 OH2  WAT     1       2.531   0.596  -2.477        0.000 
 SEGMNT-info: chain termination due to END keyword.   216 residues were inserted into segid "    "
 CHAIN>        end 
 SEGMENT>      end 
 Status of internal molecular topology database:
 -> NATOM=       4043(MAXA=     1000000)  NBOND=       3361(MAXB=     1000000)
 -> NTHETA=      3974(MAXT=     2000000)  NGRP=        1326(MAXGRP=   1000000)
 -> NPHI=          22(MAXP=     2000000)  NIMPHI=      1110(MAXIMP=   1000000)
 -> NNB=          150(MAXNB=    1000000) 
 CNSsolve>      coor @@RUN:protocols/boxtyp20.pdb 
 ASSFIL: file boxtyp20.pdb opened.
 COOR>REMARKS *****  CHARMM water box from Charlie Brooks. ******** 
 COOR>REMARKS * This is a box of 216 3-site water molecules in the experimental 
 COOR>REMARKS * geometry.  It was constructed from an equilibrated 
 COOR>REMARKS * configuration of TIP3P (3-site water model of Jorgenson) 
 COOR>REMARKS * waters at 1 atm pressure and a density of 0.0334 molecules/A**-3. 
 COOR>REMARKS * The box edgelength is 18.856 A.  The minimum image periodic 
 COOR>REMARKS * boundary energy for this configuration using the TIP3P 
 COOR>REMARKS * potentials is -2150.6833 kcal/mol. 
 COOR>REMARKS 
 COOR>ATOM      1 OH2  WAT     1       2.531   0.596  -2.477        0.000 
 COOR>ATOM      2 H1   WAT     1       2.620   1.540  -2.609        0.000 
 CNSsolve>      do (segid=W000) (segid "    ") 
 Assuming literal string "W000"
 SELRPN:    648 atoms have been selected out of   4043
 CNSsolve>      coor sele=(segid W000) translate vector = ($xtrans $ytrans $ztrans) end 
 SELRPN:    648 atoms have been selected out of   4043
 COOR: using atom subset.
 COOR: translation vector =(   -29.882000   24.352000   24.558000 )
 COOR: selected coordinates translated
 CNSsolve> 
 CNSsolve>      ! all new water oxygens 
 CNSsolve>      ident (store1) (segid W000 and name oh2) 
 SELRPN:    216 atoms have been selected out of   4043
 CNSsolve>      ! all new water oxygens close to a protein heavy atom 
 CNSsolve>      ident (store2) (store1 and (not (resn WAT or resn HOH or resn TIP* or resn ANI or resn DAN or resn XAN or resn DUM or resn SHA or hydro)) around $pw_dist) 
 SELRPN:      0 atoms have been selected out of   4043
 CNSsolve>      ! all new water oxygens close to old water oxygens 
 CNSsolve>      ident (store3) (store1 and (segid wat# and not hydro) around $water_diam) 
 SELRPN:      0 atoms have been selected out of   4043
 CNSsolve>      ! all new water oxygens further than thickness away from a protein heavy atom 
 CNSsolve>      ident (store4) (store1 and not (not (resn WAT or resn HOH or resn TIP* or resn ANI or resn DAN or resn XAN or resn DUM or resn SHA or hydro)) around $thickness) 
 SELRPN:    216 atoms have been selected out of   4043
 CNSsolve>      delete sele= (byres (store2 or store3 or store4)) end 
 SELRPN:    648 atoms have been selected out of   4043
 Status of internal molecular topology database:
 -> NATOM=       3395(MAXA=     1000000)  NBOND=       2929(MAXB=     1000000)
 -> NTHETA=      3758(MAXT=     2000000)  NGRP=        1110(MAXGRP=   1000000)
 -> NPHI=          22(MAXP=     2000000)  NIMPHI=      1110(MAXIMP=   1000000)
 -> NNB=          150(MAXNB=    1000000) 
 CNSsolve> 
 CNSsolve> 
 CNSsolve>      ! give waters unique segid name 
 CNSsolve>      eval ($segid= "W" 
 Expression=             + encode($xcount) + encode($ycount) + encode($zcount)) 
 EVALUATE: symbol $SEGID set to "W233" (string)
 CNSsolve>      do (segid = $segid) (segid W000) 
 SELRPN:      0 atoms have been selected out of   3395
 CNSsolve> 
 CNSsolve>    end loop wat3 
 CNSsolve>    while ($ztrans < $zmtran) loop wat3 
 NEXTCD: condition evaluated as false
 CNSsolve>      eval ($zcount=$zcount+1) 
 CNSsolve>      eval ($ztrans = $ztrans + $boxlength) 
 CNSsolve> 
 CNSsolve> 
 CNSsolve>      segment 
 CNSsolve>        name="    " 
 CNSsolve>        chain 
 CNSsolve>          coordinates @@RUN:protocols/boxtyp20.pdb 
 CNSsolve>        end 
 CNSsolve>      end 
 CNSsolve>      coor @@RUN:protocols/boxtyp20.pdb 
 CNSsolve>      do (segid=W000) (segid "    ") 
 CNSsolve>      coor sele=(segid W000) translate vector = ($xtrans $ytrans $ztrans) end 
 CNSsolve> 
 CNSsolve>      ! all new water oxygens 
 CNSsolve>      ident (store1) (segid W000 and name oh2) 
 CNSsolve>      ! all new water oxygens close to a protein heavy atom 
 CNSsolve>      ident (store2) (store1 and (not (resn WAT or resn HOH or resn TIP* or resn ANI or resn DAN or resn XAN or resn DUM or resn SHA or hydro)) around $pw_dist) 
 CNSsolve>      ! all new water oxygens close to old water oxygens 
 CNSsolve>      ident (store3) (store1 and (segid wat# and not hydro) around $water_diam) 
 CNSsolve>      ! all new water oxygens further than thickness away from a protein heavy atom 
 CNSsolve>      ident (store4) (store1 and not (not (resn WAT or resn HOH or resn TIP* or resn ANI or resn DAN or resn XAN or resn DUM or resn SHA or hydro)) around $thickness) 
 CNSsolve>      delete sele= (byres (store2 or store3 or store4)) end 
 CNSsolve> 
 CNSsolve> 
 CNSsolve>      ! give waters unique segid name 
 CNSsolve>      eval ($segid= "W" 
 CNSsolve>             + encode($xcount) + encode($ycount) + encode($zcount)) 
 CNSsolve>      do (segid = $segid) (segid W000) 
 CNSsolve> 
 CNSsolve>    end loop wat3 
 CNSsolve>  end loop wat2 
 CNSsolve>  while ($ytrans < $ymtran) loop wat2 
 NEXTCD: condition evaluated as false
 CNSsolve>    eval ($ycount=$ycount+1) 
 CNSsolve>    eval ($ytrans = $ytrans + $boxlength) 
 CNSsolve> 
 CNSsolve>    eval ($zcount=0) 
 CNSsolve>    eval ($ztrans = $zmin - $thickness - $water_diam - $boxlength/2 ) 
 CNSsolve>    while ($ztrans < $zmtran) loop wat3 
 CNSsolve>      eval ($zcount=$zcount+1) 
 CNSsolve>      eval ($ztrans = $ztrans + $boxlength) 
 CNSsolve> 
 CNSsolve> 
 CNSsolve>      segment 
 CNSsolve>        name="    " 
 CNSsolve>        chain 
 CNSsolve>          coordinates @@RUN:protocols/boxtyp20.pdb 
 CNSsolve>        end 
 CNSsolve>      end 
 CNSsolve>      coor @@RUN:protocols/boxtyp20.pdb 
 CNSsolve>      do (segid=W000) (segid "    ") 
 CNSsolve>      coor sele=(segid W000) translate vector = ($xtrans $ytrans $ztrans) end 
 CNSsolve> 
 CNSsolve>      ! all new water oxygens 
 CNSsolve>      ident (store1) (segid W000 and name oh2) 
 CNSsolve>      ! all new water oxygens close to a protein heavy atom 
 CNSsolve>      ident (store2) (store1 and (not (resn WAT or resn HOH or resn TIP* or resn ANI or resn DAN or resn XAN or resn DUM or resn SHA or hydro)) around $pw_dist) 
 CNSsolve>      ! all new water oxygens close to old water oxygens 
 CNSsolve>      ident (store3) (store1 and (segid wat# and not hydro) around $water_diam) 
 CNSsolve>      ! all new water oxygens further than thickness away from a protein heavy atom 
 CNSsolve>      ident (store4) (store1 and not (not (resn WAT or resn HOH or resn TIP* or resn ANI or resn DAN or resn XAN or resn DUM or resn SHA or hydro)) around $thickness) 
 CNSsolve>      delete sele= (byres (store2 or store3 or store4)) end 
 CNSsolve> 
 CNSsolve> 
 CNSsolve>      ! give waters unique segid name 
 CNSsolve>      eval ($segid= "W" 
 CNSsolve>             + encode($xcount) + encode($ycount) + encode($zcount)) 
 CNSsolve>      do (segid = $segid) (segid W000) 
 CNSsolve> 
 CNSsolve>    end loop wat3 
 CNSsolve>  end loop wat2 
 CNSsolve>end loop wat1 
 CNSsolve>while ($xtrans < $xmtran) loop wat1 
 NEXTCD: condition evaluated as true
 CNSsolve>  eval ($xcount=$xcount+1) 
 EVALUATE: symbol $XCOUNT set to    3.00000     (real)
 CNSsolve>  eval ($xtrans = $xtrans + $boxlength) 
 EVALUATE: symbol $XTRANS set to   -11.0260     (real)
 CNSsolve> 
 CNSsolve>  eval ($ycount=0) 
 EVALUATE: symbol $YCOUNT set to    0.00000     (real)
 CNSsolve>  eval ($ytrans = $ymin - $thickness - $water_diam - $boxlength/2 ) 
 EVALUATE: symbol $YTRANS set to   -32.2160     (real)
 CNSsolve>  while ($ytrans < $ymtran) loop wat2 
 NEXTCD: condition evaluated as true
 CNSsolve>    eval ($ycount=$ycount+1) 
 EVALUATE: symbol $YCOUNT set to    1.00000     (real)
 CNSsolve>    eval ($ytrans = $ytrans + $boxlength) 
 EVALUATE: symbol $YTRANS set to   -13.3600     (real)
 CNSsolve> 
 CNSsolve>    eval ($zcount=0) 
 EVALUATE: symbol $ZCOUNT set to    0.00000     (real)
 CNSsolve>    eval ($ztrans = $zmin - $thickness - $water_diam - $boxlength/2 ) 
 EVALUATE: symbol $ZTRANS set to   -32.0100     (real)
 CNSsolve>    while ($ztrans < $zmtran) loop wat3 
 NEXTCD: condition evaluated as true
 CNSsolve>      eval ($zcount=$zcount+1) 
 EVALUATE: symbol $ZCOUNT set to    1.00000     (real)
 CNSsolve>      eval ($ztrans = $ztrans + $boxlength) 
 EVALUATE: symbol $ZTRANS set to   -13.1540     (real)
 CNSsolve> 
 CNSsolve> 
 CNSsolve>      segment 
 SEGMENT>        name="    " 
 SEGMENT>        chain 
 CHAIN>          coordinates @@RUN:protocols/boxtyp20.pdb 
 ASSFIL: file boxtyp20.pdb opened.
 COOR>REMARKS *****  CHARMM water box from Charlie Brooks. ******** 
 COOR>REMARKS * This is a box of 216 3-site water molecules in the experimental 
 COOR>REMARKS * geometry.  It was constructed from an equilibrated 
 COOR>REMARKS * configuration of TIP3P (3-site water model of Jorgenson) 
 COOR>REMARKS * waters at 1 atm pressure and a density of 0.0334 molecules/A**-3. 
 COOR>REMARKS * The box edgelength is 18.856 A.  The minimum image periodic 
 COOR>REMARKS * boundary energy for this configuration using the TIP3P 
 COOR>REMARKS * potentials is -2150.6833 kcal/mol. 
 COOR>REMARKS 
 COOR>ATOM      1 OH2  WAT     1       2.531   0.596  -2.477        0.000 
 SEGMNT-info: chain termination due to END keyword.   216 residues were inserted into segid "    "
 CHAIN>        end 
 SEGMENT>      end 
 Status of internal molecular topology database:
 -> NATOM=       4043(MAXA=     1000000)  NBOND=       3361(MAXB=     1000000)
 -> NTHETA=      3974(MAXT=     2000000)  NGRP=        1326(MAXGRP=   1000000)
 -> NPHI=          22(MAXP=     2000000)  NIMPHI=      1110(MAXIMP=   1000000)
 -> NNB=          150(MAXNB=    1000000) 
 CNSsolve>      coor @@RUN:protocols/boxtyp20.pdb 
 ASSFIL: file boxtyp20.pdb opened.
 COOR>REMARKS *****  CHARMM water box from Charlie Brooks. ******** 
 COOR>REMARKS * This is a box of 216 3-site water molecules in the experimental 
 COOR>REMARKS * geometry.  It was constructed from an equilibrated 
 COOR>REMARKS * configuration of TIP3P (3-site water model of Jorgenson) 
 COOR>REMARKS * waters at 1 atm pressure and a density of 0.0334 molecules/A**-3. 
 COOR>REMARKS * The box edgelength is 18.856 A.  The minimum image periodic 
 COOR>REMARKS * boundary energy for this configuration using the TIP3P 
 COOR>REMARKS * potentials is -2150.6833 kcal/mol. 
 COOR>REMARKS 
 COOR>ATOM      1 OH2  WAT     1       2.531   0.596  -2.477        0.000 
 COOR>ATOM      2 H1   WAT     1       2.620   1.540  -2.609        0.000 
 CNSsolve>      do (segid=W000) (segid "    ") 
 Assuming literal string "W000"
 SELRPN:    648 atoms have been selected out of   4043
 CNSsolve>      coor sele=(segid W000) translate vector = ($xtrans $ytrans $ztrans) end 
 SELRPN:    648 atoms have been selected out of   4043
 COOR: using atom subset.
 COOR: translation vector =(   -11.026000  -13.360000  -13.154000 )
 COOR: selected coordinates translated
 CNSsolve> 
 CNSsolve>      ! all new water oxygens 
 CNSsolve>      ident (store1) (segid W000 and name oh2) 
 SELRPN:    216 atoms have been selected out of   4043
 CNSsolve>      ! all new water oxygens close to a protein heavy atom 
 CNSsolve>      ident (store2) (store1 and (not (resn WAT or resn HOH or resn TIP* or resn ANI or resn DAN or resn XAN or resn DUM or resn SHA or hydro)) around $pw_dist) 
 SELRPN:      7 atoms have been selected out of   4043
 CNSsolve>      ! all new water oxygens close to old water oxygens 
 CNSsolve>      ident (store3) (store1 and (segid wat# and not hydro) around $water_diam) 
 SELRPN:      0 atoms have been selected out of   4043
 CNSsolve>      ! all new water oxygens further than thickness away from a protein heavy atom 
 CNSsolve>      ident (store4) (store1 and not (not (resn WAT or resn HOH or resn TIP* or resn ANI or resn DAN or resn XAN or resn DUM or resn SHA or hydro)) around $thickness) 
 SELRPN:    151 atoms have been selected out of   4043
 CNSsolve>      delete sele= (byres (store2 or store3 or store4)) end 
 SELRPN:    474 atoms have been selected out of   4043
 Status of internal molecular topology database:
 -> NATOM=       3569(MAXA=     1000000)  NBOND=       3045(MAXB=     1000000)
 -> NTHETA=      3816(MAXT=     2000000)  NGRP=        1168(MAXGRP=   1000000)
 -> NPHI=          22(MAXP=     2000000)  NIMPHI=      1110(MAXIMP=   1000000)
 -> NNB=          150(MAXNB=    1000000) 
 CNSsolve> 
 CNSsolve> 
 CNSsolve>      ! give waters unique segid name 
 CNSsolve>      eval ($segid= "W" 
 Expression=             + encode($xcount) + encode($ycount) + encode($zcount)) 
 EVALUATE: symbol $SEGID set to "W311" (string)
 CNSsolve>      do (segid = $segid) (segid W000) 
 SELRPN:    174 atoms have been selected out of   3569
 CNSsolve> 
 CNSsolve>    end loop wat3 
 CNSsolve>    while ($ztrans < $zmtran) loop wat3 
 NEXTCD: condition evaluated as true
 CNSsolve>      eval ($zcount=$zcount+1) 
 EVALUATE: symbol $ZCOUNT set to    2.00000     (real)
 CNSsolve>      eval ($ztrans = $ztrans + $boxlength) 
 EVALUATE: symbol $ZTRANS set to    5.70200     (real)
 CNSsolve> 
 CNSsolve> 
 CNSsolve>      segment 
 SEGMENT>        name="    " 
 SEGMENT>        chain 
 CHAIN>          coordinates @@RUN:protocols/boxtyp20.pdb 
 ASSFIL: file boxtyp20.pdb opened.
 COOR>REMARKS *****  CHARMM water box from Charlie Brooks. ******** 
 COOR>REMARKS * This is a box of 216 3-site water molecules in the experimental 
 COOR>REMARKS * geometry.  It was constructed from an equilibrated 
 COOR>REMARKS * configuration of TIP3P (3-site water model of Jorgenson) 
 COOR>REMARKS * waters at 1 atm pressure and a density of 0.0334 molecules/A**-3. 
 COOR>REMARKS * The box edgelength is 18.856 A.  The minimum image periodic 
 COOR>REMARKS * boundary energy for this configuration using the TIP3P 
 COOR>REMARKS * potentials is -2150.6833 kcal/mol. 
 COOR>REMARKS 
 COOR>ATOM      1 OH2  WAT     1       2.531   0.596  -2.477        0.000 
 SEGMNT-info: chain termination due to END keyword.   216 residues were inserted into segid "    "
 CHAIN>        end 
 SEGMENT>      end 
 Status of internal molecular topology database:
 -> NATOM=       4217(MAXA=     1000000)  NBOND=       3477(MAXB=     1000000)
 -> NTHETA=      4032(MAXT=     2000000)  NGRP=        1384(MAXGRP=   1000000)
 -> NPHI=          22(MAXP=     2000000)  NIMPHI=      1110(MAXIMP=   1000000)
 -> NNB=          150(MAXNB=    1000000) 
 CNSsolve>      coor @@RUN:protocols/boxtyp20.pdb 
 ASSFIL: file boxtyp20.pdb opened.
 COOR>REMARKS *****  CHARMM water box from Charlie Brooks. ******** 
 COOR>REMARKS * This is a box of 216 3-site water molecules in the experimental 
 COOR>REMARKS * geometry.  It was constructed from an equilibrated 
 COOR>REMARKS * configuration of TIP3P (3-site water model of Jorgenson) 
 COOR>REMARKS * waters at 1 atm pressure and a density of 0.0334 molecules/A**-3. 
 COOR>REMARKS * The box edgelength is 18.856 A.  The minimum image periodic 
 COOR>REMARKS * boundary energy for this configuration using the TIP3P 
 COOR>REMARKS * potentials is -2150.6833 kcal/mol. 
 COOR>REMARKS 
 COOR>ATOM      1 OH2  WAT     1       2.531   0.596  -2.477        0.000 
 COOR>ATOM      2 H1   WAT     1       2.620   1.540  -2.609        0.000 
 CNSsolve>      do (segid=W000) (segid "    ") 
 Assuming literal string "W000"
 SELRPN:    648 atoms have been selected out of   4217
 CNSsolve>      coor sele=(segid W000) translate vector = ($xtrans $ytrans $ztrans) end 
 SELRPN:    648 atoms have been selected out of   4217
 COOR: using atom subset.
 COOR: translation vector =(   -11.026000  -13.360000    5.702000 )
 COOR: selected coordinates translated
 CNSsolve> 
 CNSsolve>      ! all new water oxygens 
 CNSsolve>      ident (store1) (segid W000 and name oh2) 
 SELRPN:    216 atoms have been selected out of   4217
 CNSsolve>      ! all new water oxygens close to a protein heavy atom 
 CNSsolve>      ident (store2) (store1 and (not (resn WAT or resn HOH or resn TIP* or resn ANI or resn DAN or resn XAN or resn DUM or resn SHA or hydro)) around $pw_dist) 
 SELRPN:     23 atoms have been selected out of   4217
 CNSsolve>      ! all new water oxygens close to old water oxygens 
 CNSsolve>      ident (store3) (store1 and (segid wat# and not hydro) around $water_diam) 
 SELRPN:      0 atoms have been selected out of   4217
 CNSsolve>      ! all new water oxygens further than thickness away from a protein heavy atom 
 CNSsolve>      ident (store4) (store1 and not (not (resn WAT or resn HOH or resn TIP* or resn ANI or resn DAN or resn XAN or resn DUM or resn SHA or hydro)) around $thickness) 
 SELRPN:     98 atoms have been selected out of   4217
 CNSsolve>      delete sele= (byres (store2 or store3 or store4)) end 
 SELRPN:    363 atoms have been selected out of   4217
 Status of internal molecular topology database:
 -> NATOM=       3854(MAXA=     1000000)  NBOND=       3235(MAXB=     1000000)
 -> NTHETA=      3911(MAXT=     2000000)  NGRP=        1263(MAXGRP=   1000000)
 -> NPHI=          22(MAXP=     2000000)  NIMPHI=      1110(MAXIMP=   1000000)
 -> NNB=          150(MAXNB=    1000000) 
 CNSsolve> 
 CNSsolve> 
 CNSsolve>      ! give waters unique segid name 
 CNSsolve>      eval ($segid= "W" 
 Expression=             + encode($xcount) + encode($ycount) + encode($zcount)) 
 EVALUATE: symbol $SEGID set to "W312" (string)
 CNSsolve>      do (segid = $segid) (segid W000) 
 SELRPN:    285 atoms have been selected out of   3854
 CNSsolve> 
 CNSsolve>    end loop wat3 
 CNSsolve>    while ($ztrans < $zmtran) loop wat3 
 NEXTCD: condition evaluated as true
 CNSsolve>      eval ($zcount=$zcount+1) 
 EVALUATE: symbol $ZCOUNT set to    3.00000     (real)
 CNSsolve>      eval ($ztrans = $ztrans + $boxlength) 
 EVALUATE: symbol $ZTRANS set to    24.5580     (real)
 CNSsolve> 
 CNSsolve> 
 CNSsolve>      segment 
 SEGMENT>        name="    " 
 SEGMENT>        chain 
 CHAIN>          coordinates @@RUN:protocols/boxtyp20.pdb 
 ASSFIL: file boxtyp20.pdb opened.
 COOR>REMARKS *****  CHARMM water box from Charlie Brooks. ******** 
 COOR>REMARKS * This is a box of 216 3-site water molecules in the experimental 
 COOR>REMARKS * geometry.  It was constructed from an equilibrated 
 COOR>REMARKS * configuration of TIP3P (3-site water model of Jorgenson) 
 COOR>REMARKS * waters at 1 atm pressure and a density of 0.0334 molecules/A**-3. 
 COOR>REMARKS * The box edgelength is 18.856 A.  The minimum image periodic 
 COOR>REMARKS * boundary energy for this configuration using the TIP3P 
 COOR>REMARKS * potentials is -2150.6833 kcal/mol. 
 COOR>REMARKS 
 COOR>ATOM      1 OH2  WAT     1       2.531   0.596  -2.477        0.000 
 SEGMNT-info: chain termination due to END keyword.   216 residues were inserted into segid "    "
 CHAIN>        end 
 SEGMENT>      end 
 Status of internal molecular topology database:
 -> NATOM=       4502(MAXA=     1000000)  NBOND=       3667(MAXB=     1000000)
 -> NTHETA=      4127(MAXT=     2000000)  NGRP=        1479(MAXGRP=   1000000)
 -> NPHI=          22(MAXP=     2000000)  NIMPHI=      1110(MAXIMP=   1000000)
 -> NNB=          150(MAXNB=    1000000) 
 CNSsolve>      coor @@RUN:protocols/boxtyp20.pdb 
 ASSFIL: file boxtyp20.pdb opened.
 COOR>REMARKS *****  CHARMM water box from Charlie Brooks. ******** 
 COOR>REMARKS * This is a box of 216 3-site water molecules in the experimental 
 COOR>REMARKS * geometry.  It was constructed from an equilibrated 
 COOR>REMARKS * configuration of TIP3P (3-site water model of Jorgenson) 
 COOR>REMARKS * waters at 1 atm pressure and a density of 0.0334 molecules/A**-3. 
 COOR>REMARKS * The box edgelength is 18.856 A.  The minimum image periodic 
 COOR>REMARKS * boundary energy for this configuration using the TIP3P 
 COOR>REMARKS * potentials is -2150.6833 kcal/mol. 
 COOR>REMARKS 
 COOR>ATOM      1 OH2  WAT     1       2.531   0.596  -2.477        0.000 
 COOR>ATOM      2 H1   WAT     1       2.620   1.540  -2.609        0.000 
 CNSsolve>      do (segid=W000) (segid "    ") 
 Assuming literal string "W000"
 SELRPN:    648 atoms have been selected out of   4502
 CNSsolve>      coor sele=(segid W000) translate vector = ($xtrans $ytrans $ztrans) end 
 SELRPN:    648 atoms have been selected out of   4502
 COOR: using atom subset.
 COOR: translation vector =(   -11.026000  -13.360000   24.558000 )
 COOR: selected coordinates translated
 CNSsolve> 
 CNSsolve>      ! all new water oxygens 
 CNSsolve>      ident (store1) (segid W000 and name oh2) 
 SELRPN:    216 atoms have been selected out of   4502
 CNSsolve>      ! all new water oxygens close to a protein heavy atom 
 CNSsolve>      ident (store2) (store1 and (not (resn WAT or resn HOH or resn TIP* or resn ANI or resn DAN or resn XAN or resn DUM or resn SHA or hydro)) around $pw_dist) 
 SELRPN:      0 atoms have been selected out of   4502
 CNSsolve>      ! all new water oxygens close to old water oxygens 
 CNSsolve>      ident (store3) (store1 and (segid wat# and not hydro) around $water_diam) 
 SELRPN:      0 atoms have been selected out of   4502
 CNSsolve>      ! all new water oxygens further than thickness away from a protein heavy atom 
 CNSsolve>      ident (store4) (store1 and not (not (resn WAT or resn HOH or resn TIP* or resn ANI or resn DAN or resn XAN or resn DUM or resn SHA or hydro)) around $thickness) 
 SELRPN:    214 atoms have been selected out of   4502
 CNSsolve>      delete sele= (byres (store2 or store3 or store4)) end 
 SELRPN:    642 atoms have been selected out of   4502
 Status of internal molecular topology database:
 -> NATOM=       3860(MAXA=     1000000)  NBOND=       3239(MAXB=     1000000)
 -> NTHETA=      3913(MAXT=     2000000)  NGRP=        1265(MAXGRP=   1000000)
 -> NPHI=          22(MAXP=     2000000)  NIMPHI=      1110(MAXIMP=   1000000)
 -> NNB=          150(MAXNB=    1000000) 
 CNSsolve> 
 CNSsolve> 
 CNSsolve>      ! give waters unique segid name 
 CNSsolve>      eval ($segid= "W" 
 Expression=             + encode($xcount) + encode($ycount) + encode($zcount)) 
 EVALUATE: symbol $SEGID set to "W313" (string)
 CNSsolve>      do (segid = $segid) (segid W000) 
 SELRPN:      6 atoms have been selected out of   3860
 CNSsolve> 
 CNSsolve>    end loop wat3 
 CNSsolve>    while ($ztrans < $zmtran) loop wat3 
 NEXTCD: condition evaluated as false
 CNSsolve>      eval ($zcount=$zcount+1) 
 CNSsolve>      eval ($ztrans = $ztrans + $boxlength) 
 CNSsolve> 
 CNSsolve> 
 CNSsolve>      segment 
 CNSsolve>        name="    " 
 CNSsolve>        chain 
 CNSsolve>          coordinates @@RUN:protocols/boxtyp20.pdb 
 CNSsolve>        end 
 CNSsolve>      end 
 CNSsolve>      coor @@RUN:protocols/boxtyp20.pdb 
 CNSsolve>      do (segid=W000) (segid "    ") 
 CNSsolve>      coor sele=(segid W000) translate vector = ($xtrans $ytrans $ztrans) end 
 CNSsolve> 
 CNSsolve>      ! all new water oxygens 
 CNSsolve>      ident (store1) (segid W000 and name oh2) 
 CNSsolve>      ! all new water oxygens close to a protein heavy atom 
 CNSsolve>      ident (store2) (store1 and (not (resn WAT or resn HOH or resn TIP* or resn ANI or resn DAN or resn XAN or resn DUM or resn SHA or hydro)) around $pw_dist) 
 CNSsolve>      ! all new water oxygens close to old water oxygens 
 CNSsolve>      ident (store3) (store1 and (segid wat# and not hydro) around $water_diam) 
 CNSsolve>      ! all new water oxygens further than thickness away from a protein heavy atom 
 CNSsolve>      ident (store4) (store1 and not (not (resn WAT or resn HOH or resn TIP* or resn ANI or resn DAN or resn XAN or resn DUM or resn SHA or hydro)) around $thickness) 
 CNSsolve>      delete sele= (byres (store2 or store3 or store4)) end 
 CNSsolve> 
 CNSsolve> 
 CNSsolve>      ! give waters unique segid name 
 CNSsolve>      eval ($segid= "W" 
 CNSsolve>             + encode($xcount) + encode($ycount) + encode($zcount)) 
 CNSsolve>      do (segid = $segid) (segid W000) 
 CNSsolve> 
 CNSsolve>    end loop wat3 
 CNSsolve>  end loop wat2 
 CNSsolve>  while ($ytrans < $ymtran) loop wat2 
 NEXTCD: condition evaluated as true
 CNSsolve>    eval ($ycount=$ycount+1) 
 EVALUATE: symbol $YCOUNT set to    2.00000     (real)
 CNSsolve>    eval ($ytrans = $ytrans + $boxlength) 
 EVALUATE: symbol $YTRANS set to    5.49600     (real)
 CNSsolve> 
 CNSsolve>    eval ($zcount=0) 
 EVALUATE: symbol $ZCOUNT set to    0.00000     (real)
 CNSsolve>    eval ($ztrans = $zmin - $thickness - $water_diam - $boxlength/2 ) 
 EVALUATE: symbol $ZTRANS set to   -32.0100     (real)
 CNSsolve>    while ($ztrans < $zmtran) loop wat3 
 NEXTCD: condition evaluated as true
 CNSsolve>      eval ($zcount=$zcount+1) 
 EVALUATE: symbol $ZCOUNT set to    1.00000     (real)
 CNSsolve>      eval ($ztrans = $ztrans + $boxlength) 
 EVALUATE: symbol $ZTRANS set to   -13.1540     (real)
 CNSsolve> 
 CNSsolve> 
 CNSsolve>      segment 
 SEGMENT>        name="    " 
 SEGMENT>        chain 
 CHAIN>          coordinates @@RUN:protocols/boxtyp20.pdb 
 ASSFIL: file boxtyp20.pdb opened.
 COOR>REMARKS *****  CHARMM water box from Charlie Brooks. ******** 
 COOR>REMARKS * This is a box of 216 3-site water molecules in the experimental 
 COOR>REMARKS * geometry.  It was constructed from an equilibrated 
 COOR>REMARKS * configuration of TIP3P (3-site water model of Jorgenson) 
 COOR>REMARKS * waters at 1 atm pressure and a density of 0.0334 molecules/A**-3. 
 COOR>REMARKS * The box edgelength is 18.856 A.  The minimum image periodic 
 COOR>REMARKS * boundary energy for this configuration using the TIP3P 
 COOR>REMARKS * potentials is -2150.6833 kcal/mol. 
 COOR>REMARKS 
 COOR>ATOM      1 OH2  WAT     1       2.531   0.596  -2.477        0.000 
 SEGMNT-info: chain termination due to END keyword.   216 residues were inserted into segid "    "
 CHAIN>        end 
 SEGMENT>      end 
 Status of internal molecular topology database:
 -> NATOM=       4508(MAXA=     1000000)  NBOND=       3671(MAXB=     1000000)
 -> NTHETA=      4129(MAXT=     2000000)  NGRP=        1481(MAXGRP=   1000000)
 -> NPHI=          22(MAXP=     2000000)  NIMPHI=      1110(MAXIMP=   1000000)
 -> NNB=          150(MAXNB=    1000000) 
 CNSsolve>      coor @@RUN:protocols/boxtyp20.pdb 
 ASSFIL: file boxtyp20.pdb opened.
 COOR>REMARKS *****  CHARMM water box from Charlie Brooks. ******** 
 COOR>REMARKS * This is a box of 216 3-site water molecules in the experimental 
 COOR>REMARKS * geometry.  It was constructed from an equilibrated 
 COOR>REMARKS * configuration of TIP3P (3-site water model of Jorgenson) 
 COOR>REMARKS * waters at 1 atm pressure and a density of 0.0334 molecules/A**-3. 
 COOR>REMARKS * The box edgelength is 18.856 A.  The minimum image periodic 
 COOR>REMARKS * boundary energy for this configuration using the TIP3P 
 COOR>REMARKS * potentials is -2150.6833 kcal/mol. 
 COOR>REMARKS 
 COOR>ATOM      1 OH2  WAT     1       2.531   0.596  -2.477        0.000 
 COOR>ATOM      2 H1   WAT     1       2.620   1.540  -2.609        0.000 
 CNSsolve>      do (segid=W000) (segid "    ") 
 Assuming literal string "W000"
 SELRPN:    648 atoms have been selected out of   4508
 CNSsolve>      coor sele=(segid W000) translate vector = ($xtrans $ytrans $ztrans) end 
 SELRPN:    648 atoms have been selected out of   4508
 COOR: using atom subset.
 COOR: translation vector =(   -11.026000    5.496000  -13.154000 )
 COOR: selected coordinates translated
 CNSsolve> 
 CNSsolve>      ! all new water oxygens 
 CNSsolve>      ident (store1) (segid W000 and name oh2) 
 SELRPN:    216 atoms have been selected out of   4508
 CNSsolve>      ! all new water oxygens close to a protein heavy atom 
 CNSsolve>      ident (store2) (store1 and (not (resn WAT or resn HOH or resn TIP* or resn ANI or resn DAN or resn XAN or resn DUM or resn SHA or hydro)) around $pw_dist) 
 SELRPN:     33 atoms have been selected out of   4508
 CNSsolve>      ! all new water oxygens close to old water oxygens 
 CNSsolve>      ident (store3) (store1 and (segid wat# and not hydro) around $water_diam) 
 SELRPN:      0 atoms have been selected out of   4508
 CNSsolve>      ! all new water oxygens further than thickness away from a protein heavy atom 
 CNSsolve>      ident (store4) (store1 and not (not (resn WAT or resn HOH or resn TIP* or resn ANI or resn DAN or resn XAN or resn DUM or resn SHA or hydro)) around $thickness) 
 SELRPN:     77 atoms have been selected out of   4508
 CNSsolve>      delete sele= (byres (store2 or store3 or store4)) end 
 SELRPN:    330 atoms have been selected out of   4508
 Status of internal molecular topology database:
 -> NATOM=       4178(MAXA=     1000000)  NBOND=       3451(MAXB=     1000000)
 -> NTHETA=      4019(MAXT=     2000000)  NGRP=        1371(MAXGRP=   1000000)
 -> NPHI=          22(MAXP=     2000000)  NIMPHI=      1110(MAXIMP=   1000000)
 -> NNB=          150(MAXNB=    1000000) 
 CNSsolve> 
 CNSsolve> 
 CNSsolve>      ! give waters unique segid name 
 CNSsolve>      eval ($segid= "W" 
 Expression=             + encode($xcount) + encode($ycount) + encode($zcount)) 
 EVALUATE: symbol $SEGID set to "W321" (string)
 CNSsolve>      do (segid = $segid) (segid W000) 
 SELRPN:    318 atoms have been selected out of   4178
 CNSsolve> 
 CNSsolve>    end loop wat3 
 CNSsolve>    while ($ztrans < $zmtran) loop wat3 
 NEXTCD: condition evaluated as true
 CNSsolve>      eval ($zcount=$zcount+1) 
 EVALUATE: symbol $ZCOUNT set to    2.00000     (real)
 CNSsolve>      eval ($ztrans = $ztrans + $boxlength) 
 EVALUATE: symbol $ZTRANS set to    5.70200     (real)
 CNSsolve> 
 CNSsolve> 
 CNSsolve>      segment 
 SEGMENT>        name="    " 
 SEGMENT>        chain 
 CHAIN>          coordinates @@RUN:protocols/boxtyp20.pdb 
 ASSFIL: file boxtyp20.pdb opened.
 COOR>REMARKS *****  CHARMM water box from Charlie Brooks. ******** 
 COOR>REMARKS * This is a box of 216 3-site water molecules in the experimental 
 COOR>REMARKS * geometry.  It was constructed from an equilibrated 
 COOR>REMARKS * configuration of TIP3P (3-site water model of Jorgenson) 
 COOR>REMARKS * waters at 1 atm pressure and a density of 0.0334 molecules/A**-3. 
 COOR>REMARKS * The box edgelength is 18.856 A.  The minimum image periodic 
 COOR>REMARKS * boundary energy for this configuration using the TIP3P 
 COOR>REMARKS * potentials is -2150.6833 kcal/mol. 
 COOR>REMARKS 
 COOR>ATOM      1 OH2  WAT     1       2.531   0.596  -2.477        0.000 
 SEGMNT-info: chain termination due to END keyword.   216 residues were inserted into segid "    "
 CHAIN>        end 
 SEGMENT>      end 
 Status of internal molecular topology database:
 -> NATOM=       4826(MAXA=     1000000)  NBOND=       3883(MAXB=     1000000)
 -> NTHETA=      4235(MAXT=     2000000)  NGRP=        1587(MAXGRP=   1000000)
 -> NPHI=          22(MAXP=     2000000)  NIMPHI=      1110(MAXIMP=   1000000)
 -> NNB=          150(MAXNB=    1000000) 
 CNSsolve>      coor @@RUN:protocols/boxtyp20.pdb 
 ASSFIL: file boxtyp20.pdb opened.
 COOR>REMARKS *****  CHARMM water box from Charlie Brooks. ******** 
 COOR>REMARKS * This is a box of 216 3-site water molecules in the experimental 
 COOR>REMARKS * geometry.  It was constructed from an equilibrated 
 COOR>REMARKS * configuration of TIP3P (3-site water model of Jorgenson) 
 COOR>REMARKS * waters at 1 atm pressure and a density of 0.0334 molecules/A**-3. 
 COOR>REMARKS * The box edgelength is 18.856 A.  The minimum image periodic 
 COOR>REMARKS * boundary energy for this configuration using the TIP3P 
 COOR>REMARKS * potentials is -2150.6833 kcal/mol. 
 COOR>REMARKS 
 COOR>ATOM      1 OH2  WAT     1       2.531   0.596  -2.477        0.000 
 COOR>ATOM      2 H1   WAT     1       2.620   1.540  -2.609        0.000 
 CNSsolve>      do (segid=W000) (segid "    ") 
 Assuming literal string "W000"
 SELRPN:    648 atoms have been selected out of   4826
 CNSsolve>      coor sele=(segid W000) translate vector = ($xtrans $ytrans $ztrans) end 
 SELRPN:    648 atoms have been selected out of   4826
 COOR: using atom subset.
 COOR: translation vector =(   -11.026000    5.496000    5.702000 )
 COOR: selected coordinates translated
 CNSsolve> 
 CNSsolve>      ! all new water oxygens 
 CNSsolve>      ident (store1) (segid W000 and name oh2) 
 SELRPN:    216 atoms have been selected out of   4826
 CNSsolve>      ! all new water oxygens close to a protein heavy atom 
 CNSsolve>      ident (store2) (store1 and (not (resn WAT or resn HOH or resn TIP* or resn ANI or resn DAN or resn XAN or resn DUM or resn SHA or hydro)) around $pw_dist) 
 SELRPN:     74 atoms have been selected out of   4826
 CNSsolve>      ! all new water oxygens close to old water oxygens 
 CNSsolve>      ident (store3) (store1 and (segid wat# and not hydro) around $water_diam) 
 SELRPN:      0 atoms have been selected out of   4826
 CNSsolve>      ! all new water oxygens further than thickness away from a protein heavy atom 
 CNSsolve>      ident (store4) (store1 and not (not (resn WAT or resn HOH or resn TIP* or resn ANI or resn DAN or resn XAN or resn DUM or resn SHA or hydro)) around $thickness) 
 SELRPN:     11 atoms have been selected out of   4826
 CNSsolve>      delete sele= (byres (store2 or store3 or store4)) end 
 SELRPN:    255 atoms have been selected out of   4826
 Status of internal molecular topology database:
 -> NATOM=       4571(MAXA=     1000000)  NBOND=       3713(MAXB=     1000000)
 -> NTHETA=      4150(MAXT=     2000000)  NGRP=        1502(MAXGRP=   1000000)
 -> NPHI=          22(MAXP=     2000000)  NIMPHI=      1110(MAXIMP=   1000000)
 -> NNB=          150(MAXNB=    1000000) 
 CNSsolve> 
 CNSsolve> 
 CNSsolve>      ! give waters unique segid name 
 CNSsolve>      eval ($segid= "W" 
 Expression=             + encode($xcount) + encode($ycount) + encode($zcount)) 
 EVALUATE: symbol $SEGID set to "W322" (string)
 CNSsolve>      do (segid = $segid) (segid W000) 
 SELRPN:    393 atoms have been selected out of   4571
 CNSsolve> 
 CNSsolve>    end loop wat3 
 CNSsolve>    while ($ztrans < $zmtran) loop wat3 
 NEXTCD: condition evaluated as true
 CNSsolve>      eval ($zcount=$zcount+1) 
 EVALUATE: symbol $ZCOUNT set to    3.00000     (real)
 CNSsolve>      eval ($ztrans = $ztrans + $boxlength) 
 EVALUATE: symbol $ZTRANS set to    24.5580     (real)
 CNSsolve> 
 CNSsolve> 
 CNSsolve>      segment 
 SEGMENT>        name="    " 
 SEGMENT>        chain 
 CHAIN>          coordinates @@RUN:protocols/boxtyp20.pdb 
 ASSFIL: file boxtyp20.pdb opened.
 COOR>REMARKS *****  CHARMM water box from Charlie Brooks. ******** 
 COOR>REMARKS * This is a box of 216 3-site water molecules in the experimental 
 COOR>REMARKS * geometry.  It was constructed from an equilibrated 
 COOR>REMARKS * configuration of TIP3P (3-site water model of Jorgenson) 
 COOR>REMARKS * waters at 1 atm pressure and a density of 0.0334 molecules/A**-3. 
 COOR>REMARKS * The box edgelength is 18.856 A.  The minimum image periodic 
 COOR>REMARKS * boundary energy for this configuration using the TIP3P 
 COOR>REMARKS * potentials is -2150.6833 kcal/mol. 
 COOR>REMARKS 
 COOR>ATOM      1 OH2  WAT     1       2.531   0.596  -2.477        0.000 
 SEGMNT-info: chain termination due to END keyword.   216 residues were inserted into segid "    "
 CHAIN>        end 
 SEGMENT>      end 
 Status of internal molecular topology database:
 -> NATOM=       5219(MAXA=     1000000)  NBOND=       4145(MAXB=     1000000)
 -> NTHETA=      4366(MAXT=     2000000)  NGRP=        1718(MAXGRP=   1000000)
 -> NPHI=          22(MAXP=     2000000)  NIMPHI=      1110(MAXIMP=   1000000)
 -> NNB=          150(MAXNB=    1000000) 
 CNSsolve>      coor @@RUN:protocols/boxtyp20.pdb 
 ASSFIL: file boxtyp20.pdb opened.
 COOR>REMARKS *****  CHARMM water box from Charlie Brooks. ******** 
 COOR>REMARKS * This is a box of 216 3-site water molecules in the experimental 
 COOR>REMARKS * geometry.  It was constructed from an equilibrated 
 COOR>REMARKS * configuration of TIP3P (3-site water model of Jorgenson) 
 COOR>REMARKS * waters at 1 atm pressure and a density of 0.0334 molecules/A**-3. 
 COOR>REMARKS * The box edgelength is 18.856 A.  The minimum image periodic 
 COOR>REMARKS * boundary energy for this configuration using the TIP3P 
 COOR>REMARKS * potentials is -2150.6833 kcal/mol. 
 COOR>REMARKS 
 COOR>ATOM      1 OH2  WAT     1       2.531   0.596  -2.477        0.000 
 COOR>ATOM      2 H1   WAT     1       2.620   1.540  -2.609        0.000 
 CNSsolve>      do (segid=W000) (segid "    ") 
 Assuming literal string "W000"
 SELRPN:    648 atoms have been selected out of   5219
 CNSsolve>      coor sele=(segid W000) translate vector = ($xtrans $ytrans $ztrans) end 
 SELRPN:    648 atoms have been selected out of   5219
 COOR: using atom subset.
 COOR: translation vector =(   -11.026000    5.496000   24.558000 )
 COOR: selected coordinates translated
 CNSsolve> 
 CNSsolve>      ! all new water oxygens 
 CNSsolve>      ident (store1) (segid W000 and name oh2) 
 SELRPN:    216 atoms have been selected out of   5219
 CNSsolve>      ! all new water oxygens close to a protein heavy atom 
 CNSsolve>      ident (store2) (store1 and (not (resn WAT or resn HOH or resn TIP* or resn ANI or resn DAN or resn XAN or resn DUM or resn SHA or hydro)) around $pw_dist) 
 SELRPN:      0 atoms have been selected out of   5219
 CNSsolve>      ! all new water oxygens close to old water oxygens 
 CNSsolve>      ident (store3) (store1 and (segid wat# and not hydro) around $water_diam) 
 SELRPN:      0 atoms have been selected out of   5219
 CNSsolve>      ! all new water oxygens further than thickness away from a protein heavy atom 
 CNSsolve>      ident (store4) (store1 and not (not (resn WAT or resn HOH or resn TIP* or resn ANI or resn DAN or resn XAN or resn DUM or resn SHA or hydro)) around $thickness) 
 SELRPN:    205 atoms have been selected out of   5219
 CNSsolve>      delete sele= (byres (store2 or store3 or store4)) end 
 SELRPN:    615 atoms have been selected out of   5219
 Status of internal molecular topology database:
 -> NATOM=       4604(MAXA=     1000000)  NBOND=       3735(MAXB=     1000000)
 -> NTHETA=      4161(MAXT=     2000000)  NGRP=        1513(MAXGRP=   1000000)
 -> NPHI=          22(MAXP=     2000000)  NIMPHI=      1110(MAXIMP=   1000000)
 -> NNB=          150(MAXNB=    1000000) 
 CNSsolve> 
 CNSsolve> 
 CNSsolve>      ! give waters unique segid name 
 CNSsolve>      eval ($segid= "W" 
 Expression=             + encode($xcount) + encode($ycount) + encode($zcount)) 
 EVALUATE: symbol $SEGID set to "W323" (string)
 CNSsolve>      do (segid = $segid) (segid W000) 
 SELRPN:     33 atoms have been selected out of   4604
 CNSsolve> 
 CNSsolve>    end loop wat3 
 CNSsolve>    while ($ztrans < $zmtran) loop wat3 
 NEXTCD: condition evaluated as false
 CNSsolve>      eval ($zcount=$zcount+1) 
 CNSsolve>      eval ($ztrans = $ztrans + $boxlength) 
 CNSsolve> 
 CNSsolve> 
 CNSsolve>      segment 
 CNSsolve>        name="    " 
 CNSsolve>        chain 
 CNSsolve>          coordinates @@RUN:protocols/boxtyp20.pdb 
 CNSsolve>        end 
 CNSsolve>      end 
 CNSsolve>      coor @@RUN:protocols/boxtyp20.pdb 
 CNSsolve>      do (segid=W000) (segid "    ") 
 CNSsolve>      coor sele=(segid W000) translate vector = ($xtrans $ytrans $ztrans) end 
 CNSsolve> 
 CNSsolve>      ! all new water oxygens 
 CNSsolve>      ident (store1) (segid W000 and name oh2) 
 CNSsolve>      ! all new water oxygens close to a protein heavy atom 
 CNSsolve>      ident (store2) (store1 and (not (resn WAT or resn HOH or resn TIP* or resn ANI or resn DAN or resn XAN or resn DUM or resn SHA or hydro)) around $pw_dist) 
 CNSsolve>      ! all new water oxygens close to old water oxygens 
 CNSsolve>      ident (store3) (store1 and (segid wat# and not hydro) around $water_diam) 
 CNSsolve>      ! all new water oxygens further than thickness away from a protein heavy atom 
 CNSsolve>      ident (store4) (store1 and not (not (resn WAT or resn HOH or resn TIP* or resn ANI or resn DAN or resn XAN or resn DUM or resn SHA or hydro)) around $thickness) 
 CNSsolve>      delete sele= (byres (store2 or store3 or store4)) end 
 CNSsolve> 
 CNSsolve> 
 CNSsolve>      ! give waters unique segid name 
 CNSsolve>      eval ($segid= "W" 
 CNSsolve>             + encode($xcount) + encode($ycount) + encode($zcount)) 
 CNSsolve>      do (segid = $segid) (segid W000) 
 CNSsolve> 
 CNSsolve>    end loop wat3 
 CNSsolve>  end loop wat2 
 CNSsolve>  while ($ytrans < $ymtran) loop wat2 
 NEXTCD: condition evaluated as true
 CNSsolve>    eval ($ycount=$ycount+1) 
 EVALUATE: symbol $YCOUNT set to    3.00000     (real)
 CNSsolve>    eval ($ytrans = $ytrans + $boxlength) 
 EVALUATE: symbol $YTRANS set to    24.3520     (real)
 CNSsolve> 
 CNSsolve>    eval ($zcount=0) 
 EVALUATE: symbol $ZCOUNT set to    0.00000     (real)
 CNSsolve>    eval ($ztrans = $zmin - $thickness - $water_diam - $boxlength/2 ) 
 EVALUATE: symbol $ZTRANS set to   -32.0100     (real)
 CNSsolve>    while ($ztrans < $zmtran) loop wat3 
 NEXTCD: condition evaluated as true
 CNSsolve>      eval ($zcount=$zcount+1) 
 EVALUATE: symbol $ZCOUNT set to    1.00000     (real)
 CNSsolve>      eval ($ztrans = $ztrans + $boxlength) 
 EVALUATE: symbol $ZTRANS set to   -13.1540     (real)
 CNSsolve> 
 CNSsolve> 
 CNSsolve>      segment 
 SEGMENT>        name="    " 
 SEGMENT>        chain 
 CHAIN>          coordinates @@RUN:protocols/boxtyp20.pdb 
 ASSFIL: file boxtyp20.pdb opened.
 COOR>REMARKS *****  CHARMM water box from Charlie Brooks. ******** 
 COOR>REMARKS * This is a box of 216 3-site water molecules in the experimental 
 COOR>REMARKS * geometry.  It was constructed from an equilibrated 
 COOR>REMARKS * configuration of TIP3P (3-site water model of Jorgenson) 
 COOR>REMARKS * waters at 1 atm pressure and a density of 0.0334 molecules/A**-3. 
 COOR>REMARKS * The box edgelength is 18.856 A.  The minimum image periodic 
 COOR>REMARKS * boundary energy for this configuration using the TIP3P 
 COOR>REMARKS * potentials is -2150.6833 kcal/mol. 
 COOR>REMARKS 
 COOR>ATOM      1 OH2  WAT     1       2.531   0.596  -2.477        0.000 
 SEGMNT-info: chain termination due to END keyword.   216 residues were inserted into segid "    "
 CHAIN>        end 
 SEGMENT>      end 
 Status of internal molecular topology database:
 -> NATOM=       5252(MAXA=     1000000)  NBOND=       4167(MAXB=     1000000)
 -> NTHETA=      4377(MAXT=     2000000)  NGRP=        1729(MAXGRP=   1000000)
 -> NPHI=          22(MAXP=     2000000)  NIMPHI=      1110(MAXIMP=   1000000)
 -> NNB=          150(MAXNB=    1000000) 
 CNSsolve>      coor @@RUN:protocols/boxtyp20.pdb 
 ASSFIL: file boxtyp20.pdb opened.
 COOR>REMARKS *****  CHARMM water box from Charlie Brooks. ******** 
 COOR>REMARKS * This is a box of 216 3-site water molecules in the experimental 
 COOR>REMARKS * geometry.  It was constructed from an equilibrated 
 COOR>REMARKS * configuration of TIP3P (3-site water model of Jorgenson) 
 COOR>REMARKS * waters at 1 atm pressure and a density of 0.0334 molecules/A**-3. 
 COOR>REMARKS * The box edgelength is 18.856 A.  The minimum image periodic 
 COOR>REMARKS * boundary energy for this configuration using the TIP3P 
 COOR>REMARKS * potentials is -2150.6833 kcal/mol. 
 COOR>REMARKS 
 COOR>ATOM      1 OH2  WAT     1       2.531   0.596  -2.477        0.000 
 COOR>ATOM      2 H1   WAT     1       2.620   1.540  -2.609        0.000 
 CNSsolve>      do (segid=W000) (segid "    ") 
 Assuming literal string "W000"
 SELRPN:    648 atoms have been selected out of   5252
 CNSsolve>      coor sele=(segid W000) translate vector = ($xtrans $ytrans $ztrans) end 
 SELRPN:    648 atoms have been selected out of   5252
 COOR: using atom subset.
 COOR: translation vector =(   -11.026000   24.352000  -13.154000 )
 COOR: selected coordinates translated
 CNSsolve> 
 CNSsolve>      ! all new water oxygens 
 CNSsolve>      ident (store1) (segid W000 and name oh2) 
 SELRPN:    216 atoms have been selected out of   5252
 CNSsolve>      ! all new water oxygens close to a protein heavy atom 
 CNSsolve>      ident (store2) (store1 and (not (resn WAT or resn HOH or resn TIP* or resn ANI or resn DAN or resn XAN or resn DUM or resn SHA or hydro)) around $pw_dist) 
 SELRPN:      0 atoms have been selected out of   5252
 CNSsolve>      ! all new water oxygens close to old water oxygens 
 CNSsolve>      ident (store3) (store1 and (segid wat# and not hydro) around $water_diam) 
 SELRPN:      0 atoms have been selected out of   5252
 CNSsolve>      ! all new water oxygens further than thickness away from a protein heavy atom 
 CNSsolve>      ident (store4) (store1 and not (not (resn WAT or resn HOH or resn TIP* or resn ANI or resn DAN or resn XAN or resn DUM or resn SHA or hydro)) around $thickness) 
 SELRPN:    209 atoms have been selected out of   5252
 CNSsolve>      delete sele= (byres (store2 or store3 or store4)) end 
 SELRPN:    627 atoms have been selected out of   5252
 Status of internal molecular topology database:
 -> NATOM=       4625(MAXA=     1000000)  NBOND=       3749(MAXB=     1000000)
 -> NTHETA=      4168(MAXT=     2000000)  NGRP=        1520(MAXGRP=   1000000)
 -> NPHI=          22(MAXP=     2000000)  NIMPHI=      1110(MAXIMP=   1000000)
 -> NNB=          150(MAXNB=    1000000) 
 CNSsolve> 
 CNSsolve> 
 CNSsolve>      ! give waters unique segid name 
 CNSsolve>      eval ($segid= "W" 
 Expression=             + encode($xcount) + encode($ycount) + encode($zcount)) 
 EVALUATE: symbol $SEGID set to "W331" (string)
 CNSsolve>      do (segid = $segid) (segid W000) 
 SELRPN:     21 atoms have been selected out of   4625
 CNSsolve> 
 CNSsolve>    end loop wat3 
 CNSsolve>    while ($ztrans < $zmtran) loop wat3 
 NEXTCD: condition evaluated as true
 CNSsolve>      eval ($zcount=$zcount+1) 
 EVALUATE: symbol $ZCOUNT set to    2.00000     (real)
 CNSsolve>      eval ($ztrans = $ztrans + $boxlength) 
 EVALUATE: symbol $ZTRANS set to    5.70200     (real)
 CNSsolve> 
 CNSsolve> 
 CNSsolve>      segment 
 SEGMENT>        name="    " 
 SEGMENT>        chain 
 CHAIN>          coordinates @@RUN:protocols/boxtyp20.pdb 
 ASSFIL: file boxtyp20.pdb opened.
 COOR>REMARKS *****  CHARMM water box from Charlie Brooks. ******** 
 COOR>REMARKS * This is a box of 216 3-site water molecules in the experimental 
 COOR>REMARKS * geometry.  It was constructed from an equilibrated 
 COOR>REMARKS * configuration of TIP3P (3-site water model of Jorgenson) 
 COOR>REMARKS * waters at 1 atm pressure and a density of 0.0334 molecules/A**-3. 
 COOR>REMARKS * The box edgelength is 18.856 A.  The minimum image periodic 
 COOR>REMARKS * boundary energy for this configuration using the TIP3P 
 COOR>REMARKS * potentials is -2150.6833 kcal/mol. 
 COOR>REMARKS 
 COOR>ATOM      1 OH2  WAT     1       2.531   0.596  -2.477        0.000 
 SEGMNT-info: chain termination due to END keyword.   216 residues were inserted into segid "    "
 CHAIN>        end 
 SEGMENT>      end 
 Status of internal molecular topology database:
 -> NATOM=       5273(MAXA=     1000000)  NBOND=       4181(MAXB=     1000000)
 -> NTHETA=      4384(MAXT=     2000000)  NGRP=        1736(MAXGRP=   1000000)
 -> NPHI=          22(MAXP=     2000000)  NIMPHI=      1110(MAXIMP=   1000000)
 -> NNB=          150(MAXNB=    1000000) 
 CNSsolve>      coor @@RUN:protocols/boxtyp20.pdb 
 ASSFIL: file boxtyp20.pdb opened.
 COOR>REMARKS *****  CHARMM water box from Charlie Brooks. ******** 
 COOR>REMARKS * This is a box of 216 3-site water molecules in the experimental 
 COOR>REMARKS * geometry.  It was constructed from an equilibrated 
 COOR>REMARKS * configuration of TIP3P (3-site water model of Jorgenson) 
 COOR>REMARKS * waters at 1 atm pressure and a density of 0.0334 molecules/A**-3. 
 COOR>REMARKS * The box edgelength is 18.856 A.  The minimum image periodic 
 COOR>REMARKS * boundary energy for this configuration using the TIP3P 
 COOR>REMARKS * potentials is -2150.6833 kcal/mol. 
 COOR>REMARKS 
 COOR>ATOM      1 OH2  WAT     1       2.531   0.596  -2.477        0.000 
 COOR>ATOM      2 H1   WAT     1       2.620   1.540  -2.609        0.000 
 CNSsolve>      do (segid=W000) (segid "    ") 
 Assuming literal string "W000"
 SELRPN:    648 atoms have been selected out of   5273
 CNSsolve>      coor sele=(segid W000) translate vector = ($xtrans $ytrans $ztrans) end 
 SELRPN:    648 atoms have been selected out of   5273
 COOR: using atom subset.
 COOR: translation vector =(   -11.026000   24.352000    5.702000 )
 COOR: selected coordinates translated
 CNSsolve> 
 CNSsolve>      ! all new water oxygens 
 CNSsolve>      ident (store1) (segid W000 and name oh2) 
 SELRPN:    216 atoms have been selected out of   5273
 CNSsolve>      ! all new water oxygens close to a protein heavy atom 
 CNSsolve>      ident (store2) (store1 and (not (resn WAT or resn HOH or resn TIP* or resn ANI or resn DAN or resn XAN or resn DUM or resn SHA or hydro)) around $pw_dist) 
 SELRPN:      0 atoms have been selected out of   5273
 CNSsolve>      ! all new water oxygens close to old water oxygens 
 CNSsolve>      ident (store3) (store1 and (segid wat# and not hydro) around $water_diam) 
 SELRPN:      0 atoms have been selected out of   5273
 CNSsolve>      ! all new water oxygens further than thickness away from a protein heavy atom 
 CNSsolve>      ident (store4) (store1 and not (not (resn WAT or resn HOH or resn TIP* or resn ANI or resn DAN or resn XAN or resn DUM or resn SHA or hydro)) around $thickness) 
 SELRPN:    198 atoms have been selected out of   5273
 CNSsolve>      delete sele= (byres (store2 or store3 or store4)) end 
 SELRPN:    594 atoms have been selected out of   5273
 Status of internal molecular topology database:
 -> NATOM=       4679(MAXA=     1000000)  NBOND=       3785(MAXB=     1000000)
 -> NTHETA=      4186(MAXT=     2000000)  NGRP=        1538(MAXGRP=   1000000)
 -> NPHI=          22(MAXP=     2000000)  NIMPHI=      1110(MAXIMP=   1000000)
 -> NNB=          150(MAXNB=    1000000) 
 CNSsolve> 
 CNSsolve> 
 CNSsolve>      ! give waters unique segid name 
 CNSsolve>      eval ($segid= "W" 
 Expression=             + encode($xcount) + encode($ycount) + encode($zcount)) 
 EVALUATE: symbol $SEGID set to "W332" (string)
 CNSsolve>      do (segid = $segid) (segid W000) 
 SELRPN:     54 atoms have been selected out of   4679
 CNSsolve> 
 CNSsolve>    end loop wat3 
 CNSsolve>    while ($ztrans < $zmtran) loop wat3 
 NEXTCD: condition evaluated as true
 CNSsolve>      eval ($zcount=$zcount+1) 
 EVALUATE: symbol $ZCOUNT set to    3.00000     (real)
 CNSsolve>      eval ($ztrans = $ztrans + $boxlength) 
 EVALUATE: symbol $ZTRANS set to    24.5580     (real)
 CNSsolve> 
 CNSsolve> 
 CNSsolve>      segment 
 SEGMENT>        name="    " 
 SEGMENT>        chain 
 CHAIN>          coordinates @@RUN:protocols/boxtyp20.pdb 
 ASSFIL: file boxtyp20.pdb opened.
 COOR>REMARKS *****  CHARMM water box from Charlie Brooks. ******** 
 COOR>REMARKS * This is a box of 216 3-site water molecules in the experimental 
 COOR>REMARKS * geometry.  It was constructed from an equilibrated 
 COOR>REMARKS * configuration of TIP3P (3-site water model of Jorgenson) 
 COOR>REMARKS * waters at 1 atm pressure and a density of 0.0334 molecules/A**-3. 
 COOR>REMARKS * The box edgelength is 18.856 A.  The minimum image periodic 
 COOR>REMARKS * boundary energy for this configuration using the TIP3P 
 COOR>REMARKS * potentials is -2150.6833 kcal/mol. 
 COOR>REMARKS 
 COOR>ATOM      1 OH2  WAT     1       2.531   0.596  -2.477        0.000 
 SEGMNT-info: chain termination due to END keyword.   216 residues were inserted into segid "    "
 CHAIN>        end 
 SEGMENT>      end 
 Status of internal molecular topology database:
 -> NATOM=       5327(MAXA=     1000000)  NBOND=       4217(MAXB=     1000000)
 -> NTHETA=      4402(MAXT=     2000000)  NGRP=        1754(MAXGRP=   1000000)
 -> NPHI=          22(MAXP=     2000000)  NIMPHI=      1110(MAXIMP=   1000000)
 -> NNB=          150(MAXNB=    1000000) 
 CNSsolve>      coor @@RUN:protocols/boxtyp20.pdb 
 ASSFIL: file boxtyp20.pdb opened.
 COOR>REMARKS *****  CHARMM water box from Charlie Brooks. ******** 
 COOR>REMARKS * This is a box of 216 3-site water molecules in the experimental 
 COOR>REMARKS * geometry.  It was constructed from an equilibrated 
 COOR>REMARKS * configuration of TIP3P (3-site water model of Jorgenson) 
 COOR>REMARKS * waters at 1 atm pressure and a density of 0.0334 molecules/A**-3. 
 COOR>REMARKS * The box edgelength is 18.856 A.  The minimum image periodic 
 COOR>REMARKS * boundary energy for this configuration using the TIP3P 
 COOR>REMARKS * potentials is -2150.6833 kcal/mol. 
 COOR>REMARKS 
 COOR>ATOM      1 OH2  WAT     1       2.531   0.596  -2.477        0.000 
 COOR>ATOM      2 H1   WAT     1       2.620   1.540  -2.609        0.000 
 CNSsolve>      do (segid=W000) (segid "    ") 
 Assuming literal string "W000"
 SELRPN:    648 atoms have been selected out of   5327
 CNSsolve>      coor sele=(segid W000) translate vector = ($xtrans $ytrans $ztrans) end 
 SELRPN:    648 atoms have been selected out of   5327
 COOR: using atom subset.
 COOR: translation vector =(   -11.026000   24.352000   24.558000 )
 COOR: selected coordinates translated
 CNSsolve> 
 CNSsolve>      ! all new water oxygens 
 CNSsolve>      ident (store1) (segid W000 and name oh2) 
 SELRPN:    216 atoms have been selected out of   5327
 CNSsolve>      ! all new water oxygens close to a protein heavy atom 
 CNSsolve>      ident (store2) (store1 and (not (resn WAT or resn HOH or resn TIP* or resn ANI or resn DAN or resn XAN or resn DUM or resn SHA or hydro)) around $pw_dist) 
 SELRPN:      0 atoms have been selected out of   5327
 CNSsolve>      ! all new water oxygens close to old water oxygens 
 CNSsolve>      ident (store3) (store1 and (segid wat# and not hydro) around $water_diam) 
 SELRPN:      0 atoms have been selected out of   5327
 CNSsolve>      ! all new water oxygens further than thickness away from a protein heavy atom 
 CNSsolve>      ident (store4) (store1 and not (not (resn WAT or resn HOH or resn TIP* or resn ANI or resn DAN or resn XAN or resn DUM or resn SHA or hydro)) around $thickness) 
 SELRPN:    216 atoms have been selected out of   5327
 CNSsolve>      delete sele= (byres (store2 or store3 or store4)) end 
 SELRPN:    648 atoms have been selected out of   5327
 Status of internal molecular topology database:
 -> NATOM=       4679(MAXA=     1000000)  NBOND=       3785(MAXB=     1000000)
 -> NTHETA=      4186(MAXT=     2000000)  NGRP=        1538(MAXGRP=   1000000)
 -> NPHI=          22(MAXP=     2000000)  NIMPHI=      1110(MAXIMP=   1000000)
 -> NNB=          150(MAXNB=    1000000) 
 CNSsolve> 
 CNSsolve> 
 CNSsolve>      ! give waters unique segid name 
 CNSsolve>      eval ($segid= "W" 
 Expression=             + encode($xcount) + encode($ycount) + encode($zcount)) 
 EVALUATE: symbol $SEGID set to "W333" (string)
 CNSsolve>      do (segid = $segid) (segid W000) 
 SELRPN:      0 atoms have been selected out of   4679
 CNSsolve> 
 CNSsolve>    end loop wat3 
 CNSsolve>    while ($ztrans < $zmtran) loop wat3 
 NEXTCD: condition evaluated as false
 CNSsolve>      eval ($zcount=$zcount+1) 
 CNSsolve>      eval ($ztrans = $ztrans + $boxlength) 
 CNSsolve> 
 CNSsolve> 
 CNSsolve>      segment 
 CNSsolve>        name="    " 
 CNSsolve>        chain 
 CNSsolve>          coordinates @@RUN:protocols/boxtyp20.pdb 
 CNSsolve>        end 
 CNSsolve>      end 
 CNSsolve>      coor @@RUN:protocols/boxtyp20.pdb 
 CNSsolve>      do (segid=W000) (segid "    ") 
 CNSsolve>      coor sele=(segid W000) translate vector = ($xtrans $ytrans $ztrans) end 
 CNSsolve> 
 CNSsolve>      ! all new water oxygens 
 CNSsolve>      ident (store1) (segid W000 and name oh2) 
 CNSsolve>      ! all new water oxygens close to a protein heavy atom 
 CNSsolve>      ident (store2) (store1 and (not (resn WAT or resn HOH or resn TIP* or resn ANI or resn DAN or resn XAN or resn DUM or resn SHA or hydro)) around $pw_dist) 
 CNSsolve>      ! all new water oxygens close to old water oxygens 
 CNSsolve>      ident (store3) (store1 and (segid wat# and not hydro) around $water_diam) 
 CNSsolve>      ! all new water oxygens further than thickness away from a protein heavy atom 
 CNSsolve>      ident (store4) (store1 and not (not (resn WAT or resn HOH or resn TIP* or resn ANI or resn DAN or resn XAN or resn DUM or resn SHA or hydro)) around $thickness) 
 CNSsolve>      delete sele= (byres (store2 or store3 or store4)) end 
 CNSsolve> 
 CNSsolve> 
 CNSsolve>      ! give waters unique segid name 
 CNSsolve>      eval ($segid= "W" 
 CNSsolve>             + encode($xcount) + encode($ycount) + encode($zcount)) 
 CNSsolve>      do (segid = $segid) (segid W000) 
 CNSsolve> 
 CNSsolve>    end loop wat3 
 CNSsolve>  end loop wat2 
 CNSsolve>  while ($ytrans < $ymtran) loop wat2 
 NEXTCD: condition evaluated as false
 CNSsolve>    eval ($ycount=$ycount+1) 
 CNSsolve>    eval ($ytrans = $ytrans + $boxlength) 
 CNSsolve> 
 CNSsolve>    eval ($zcount=0) 
 CNSsolve>    eval ($ztrans = $zmin - $thickness - $water_diam - $boxlength/2 ) 
 CNSsolve>    while ($ztrans < $zmtran) loop wat3 
 CNSsolve>      eval ($zcount=$zcount+1) 
 CNSsolve>      eval ($ztrans = $ztrans + $boxlength) 
 CNSsolve> 
 CNSsolve> 
 CNSsolve>      segment 
 CNSsolve>        name="    " 
 CNSsolve>        chain 
 CNSsolve>          coordinates @@RUN:protocols/boxtyp20.pdb 
 CNSsolve>        end 
 CNSsolve>      end 
 CNSsolve>      coor @@RUN:protocols/boxtyp20.pdb 
 CNSsolve>      do (segid=W000) (segid "    ") 
 CNSsolve>      coor sele=(segid W000) translate vector = ($xtrans $ytrans $ztrans) end 
 CNSsolve> 
 CNSsolve>      ! all new water oxygens 
 CNSsolve>      ident (store1) (segid W000 and name oh2) 
 CNSsolve>      ! all new water oxygens close to a protein heavy atom 
 CNSsolve>      ident (store2) (store1 and (not (resn WAT or resn HOH or resn TIP* or resn ANI or resn DAN or resn XAN or resn DUM or resn SHA or hydro)) around $pw_dist) 
 CNSsolve>      ! all new water oxygens close to old water oxygens 
 CNSsolve>      ident (store3) (store1 and (segid wat# and not hydro) around $water_diam) 
 CNSsolve>      ! all new water oxygens further than thickness away from a protein heavy atom 
 CNSsolve>      ident (store4) (store1 and not (not (resn WAT or resn HOH or resn TIP* or resn ANI or resn DAN or resn XAN or resn DUM or resn SHA or hydro)) around $thickness) 
 CNSsolve>      delete sele= (byres (store2 or store3 or store4)) end 
 CNSsolve> 
 CNSsolve> 
 CNSsolve>      ! give waters unique segid name 
 CNSsolve>      eval ($segid= "W" 
 CNSsolve>             + encode($xcount) + encode($ycount) + encode($zcount)) 
 CNSsolve>      do (segid = $segid) (segid W000) 
 CNSsolve> 
 CNSsolve>    end loop wat3 
 CNSsolve>  end loop wat2 
 CNSsolve>end loop wat1 
 CNSsolve>while ($xtrans < $xmtran) loop wat1 
 NEXTCD: condition evaluated as true
 CNSsolve>  eval ($xcount=$xcount+1) 
 EVALUATE: symbol $XCOUNT set to    4.00000     (real)
 CNSsolve>  eval ($xtrans = $xtrans + $boxlength) 
 EVALUATE: symbol $XTRANS set to    7.83000     (real)
 CNSsolve> 
 CNSsolve>  eval ($ycount=0) 
 EVALUATE: symbol $YCOUNT set to    0.00000     (real)
 CNSsolve>  eval ($ytrans = $ymin - $thickness - $water_diam - $boxlength/2 ) 
 EVALUATE: symbol $YTRANS set to   -32.2160     (real)
 CNSsolve>  while ($ytrans < $ymtran) loop wat2 
 NEXTCD: condition evaluated as true
 CNSsolve>    eval ($ycount=$ycount+1) 
 EVALUATE: symbol $YCOUNT set to    1.00000     (real)
 CNSsolve>    eval ($ytrans = $ytrans + $boxlength) 
 EVALUATE: symbol $YTRANS set to   -13.3600     (real)
 CNSsolve> 
 CNSsolve>    eval ($zcount=0) 
 EVALUATE: symbol $ZCOUNT set to    0.00000     (real)
 CNSsolve>    eval ($ztrans = $zmin - $thickness - $water_diam - $boxlength/2 ) 
 EVALUATE: symbol $ZTRANS set to   -32.0100     (real)
 CNSsolve>    while ($ztrans < $zmtran) loop wat3 
 NEXTCD: condition evaluated as true
 CNSsolve>      eval ($zcount=$zcount+1) 
 EVALUATE: symbol $ZCOUNT set to    1.00000     (real)
 CNSsolve>      eval ($ztrans = $ztrans + $boxlength) 
 EVALUATE: symbol $ZTRANS set to   -13.1540     (real)
 CNSsolve> 
 CNSsolve> 
 CNSsolve>      segment 
 SEGMENT>        name="    " 
 SEGMENT>        chain 
 CHAIN>          coordinates @@RUN:protocols/boxtyp20.pdb 
 ASSFIL: file boxtyp20.pdb opened.
 COOR>REMARKS *****  CHARMM water box from Charlie Brooks. ******** 
 COOR>REMARKS * This is a box of 216 3-site water molecules in the experimental 
 COOR>REMARKS * geometry.  It was constructed from an equilibrated 
 COOR>REMARKS * configuration of TIP3P (3-site water model of Jorgenson) 
 COOR>REMARKS * waters at 1 atm pressure and a density of 0.0334 molecules/A**-3. 
 COOR>REMARKS * The box edgelength is 18.856 A.  The minimum image periodic 
 COOR>REMARKS * boundary energy for this configuration using the TIP3P 
 COOR>REMARKS * potentials is -2150.6833 kcal/mol. 
 COOR>REMARKS 
 COOR>ATOM      1 OH2  WAT     1       2.531   0.596  -2.477        0.000 
 SEGMNT-info: chain termination due to END keyword.   216 residues were inserted into segid "    "
 CHAIN>        end 
 SEGMENT>      end 
 Status of internal molecular topology database:
 -> NATOM=       5327(MAXA=     1000000)  NBOND=       4217(MAXB=     1000000)
 -> NTHETA=      4402(MAXT=     2000000)  NGRP=        1754(MAXGRP=   1000000)
 -> NPHI=          22(MAXP=     2000000)  NIMPHI=      1110(MAXIMP=   1000000)
 -> NNB=          150(MAXNB=    1000000) 
 CNSsolve>      coor @@RUN:protocols/boxtyp20.pdb 
 ASSFIL: file boxtyp20.pdb opened.
 COOR>REMARKS *****  CHARMM water box from Charlie Brooks. ******** 
 COOR>REMARKS * This is a box of 216 3-site water molecules in the experimental 
 COOR>REMARKS * geometry.  It was constructed from an equilibrated 
 COOR>REMARKS * configuration of TIP3P (3-site water model of Jorgenson) 
 COOR>REMARKS * waters at 1 atm pressure and a density of 0.0334 molecules/A**-3. 
 COOR>REMARKS * The box edgelength is 18.856 A.  The minimum image periodic 
 COOR>REMARKS * boundary energy for this configuration using the TIP3P 
 COOR>REMARKS * potentials is -2150.6833 kcal/mol. 
 COOR>REMARKS 
 COOR>ATOM      1 OH2  WAT     1       2.531   0.596  -2.477        0.000 
 COOR>ATOM      2 H1   WAT     1       2.620   1.540  -2.609        0.000 
 CNSsolve>      do (segid=W000) (segid "    ") 
 Assuming literal string "W000"
 SELRPN:    648 atoms have been selected out of   5327
 CNSsolve>      coor sele=(segid W000) translate vector = ($xtrans $ytrans $ztrans) end 
 SELRPN:    648 atoms have been selected out of   5327
 COOR: using atom subset.
 COOR: translation vector =(     7.830000  -13.360000  -13.154000 )
 COOR: selected coordinates translated
 CNSsolve> 
 CNSsolve>      ! all new water oxygens 
 CNSsolve>      ident (store1) (segid W000 and name oh2) 
 SELRPN:    216 atoms have been selected out of   5327
 CNSsolve>      ! all new water oxygens close to a protein heavy atom 
 CNSsolve>      ident (store2) (store1 and (not (resn WAT or resn HOH or resn TIP* or resn ANI or resn DAN or resn XAN or resn DUM or resn SHA or hydro)) around $pw_dist) 
 SELRPN:     17 atoms have been selected out of   5327
 CNSsolve>      ! all new water oxygens close to old water oxygens 
 CNSsolve>      ident (store3) (store1 and (segid wat# and not hydro) around $water_diam) 
 SELRPN:      0 atoms have been selected out of   5327
 CNSsolve>      ! all new water oxygens further than thickness away from a protein heavy atom 
 CNSsolve>      ident (store4) (store1 and not (not (resn WAT or resn HOH or resn TIP* or resn ANI or resn DAN or resn XAN or resn DUM or resn SHA or hydro)) around $thickness) 
 SELRPN:    131 atoms have been selected out of   5327
 CNSsolve>      delete sele= (byres (store2 or store3 or store4)) end 
 SELRPN:    444 atoms have been selected out of   5327
 Status of internal molecular topology database:
 -> NATOM=       4883(MAXA=     1000000)  NBOND=       3921(MAXB=     1000000)
 -> NTHETA=      4254(MAXT=     2000000)  NGRP=        1606(MAXGRP=   1000000)
 -> NPHI=          22(MAXP=     2000000)  NIMPHI=      1110(MAXIMP=   1000000)
 -> NNB=          150(MAXNB=    1000000) 
 CNSsolve> 
 CNSsolve> 
 CNSsolve>      ! give waters unique segid name 
 CNSsolve>      eval ($segid= "W" 
 Expression=             + encode($xcount) + encode($ycount) + encode($zcount)) 
 EVALUATE: symbol $SEGID set to "W411" (string)
 CNSsolve>      do (segid = $segid) (segid W000) 
 SELRPN:    204 atoms have been selected out of   4883
 CNSsolve> 
 CNSsolve>    end loop wat3 
 CNSsolve>    while ($ztrans < $zmtran) loop wat3 
 NEXTCD: condition evaluated as true
 CNSsolve>      eval ($zcount=$zcount+1) 
 EVALUATE: symbol $ZCOUNT set to    2.00000     (real)
 CNSsolve>      eval ($ztrans = $ztrans + $boxlength) 
 EVALUATE: symbol $ZTRANS set to    5.70200     (real)
 CNSsolve> 
 CNSsolve> 
 CNSsolve>      segment 
 SEGMENT>        name="    " 
 SEGMENT>        chain 
 CHAIN>          coordinates @@RUN:protocols/boxtyp20.pdb 
 ASSFIL: file boxtyp20.pdb opened.
 COOR>REMARKS *****  CHARMM water box from Charlie Brooks. ******** 
 COOR>REMARKS * This is a box of 216 3-site water molecules in the experimental 
 COOR>REMARKS * geometry.  It was constructed from an equilibrated 
 COOR>REMARKS * configuration of TIP3P (3-site water model of Jorgenson) 
 COOR>REMARKS * waters at 1 atm pressure and a density of 0.0334 molecules/A**-3. 
 COOR>REMARKS * The box edgelength is 18.856 A.  The minimum image periodic 
 COOR>REMARKS * boundary energy for this configuration using the TIP3P 
 COOR>REMARKS * potentials is -2150.6833 kcal/mol. 
 COOR>REMARKS 
 COOR>ATOM      1 OH2  WAT     1       2.531   0.596  -2.477        0.000 
 SEGMNT-info: chain termination due to END keyword.   216 residues were inserted into segid "    "
 CHAIN>        end 
 SEGMENT>      end 
 Status of internal molecular topology database:
 -> NATOM=       5531(MAXA=     1000000)  NBOND=       4353(MAXB=     1000000)
 -> NTHETA=      4470(MAXT=     2000000)  NGRP=        1822(MAXGRP=   1000000)
 -> NPHI=          22(MAXP=     2000000)  NIMPHI=      1110(MAXIMP=   1000000)
 -> NNB=          150(MAXNB=    1000000) 
 CNSsolve>      coor @@RUN:protocols/boxtyp20.pdb 
 ASSFIL: file boxtyp20.pdb opened.
 COOR>REMARKS *****  CHARMM water box from Charlie Brooks. ******** 
 COOR>REMARKS * This is a box of 216 3-site water molecules in the experimental 
 COOR>REMARKS * geometry.  It was constructed from an equilibrated 
 COOR>REMARKS * configuration of TIP3P (3-site water model of Jorgenson) 
 COOR>REMARKS * waters at 1 atm pressure and a density of 0.0334 molecules/A**-3. 
 COOR>REMARKS * The box edgelength is 18.856 A.  The minimum image periodic 
 COOR>REMARKS * boundary energy for this configuration using the TIP3P 
 COOR>REMARKS * potentials is -2150.6833 kcal/mol. 
 COOR>REMARKS 
 COOR>ATOM      1 OH2  WAT     1       2.531   0.596  -2.477        0.000 
 COOR>ATOM      2 H1   WAT     1       2.620   1.540  -2.609        0.000 
 CNSsolve>      do (segid=W000) (segid "    ") 
 Assuming literal string "W000"
 SELRPN:    648 atoms have been selected out of   5531
 CNSsolve>      coor sele=(segid W000) translate vector = ($xtrans $ytrans $ztrans) end 
 SELRPN:    648 atoms have been selected out of   5531
 COOR: using atom subset.
 COOR: translation vector =(     7.830000  -13.360000    5.702000 )
 COOR: selected coordinates translated
 CNSsolve> 
 CNSsolve>      ! all new water oxygens 
 CNSsolve>      ident (store1) (segid W000 and name oh2) 
 SELRPN:    216 atoms have been selected out of   5531
 CNSsolve>      ! all new water oxygens close to a protein heavy atom 
 CNSsolve>      ident (store2) (store1 and (not (resn WAT or resn HOH or resn TIP* or resn ANI or resn DAN or resn XAN or resn DUM or resn SHA or hydro)) around $pw_dist) 
 SELRPN:     47 atoms have been selected out of   5531
 CNSsolve>      ! all new water oxygens close to old water oxygens 
 CNSsolve>      ident (store3) (store1 and (segid wat# and not hydro) around $water_diam) 
 SELRPN:      0 atoms have been selected out of   5531
 CNSsolve>      ! all new water oxygens further than thickness away from a protein heavy atom 
 CNSsolve>      ident (store4) (store1 and not (not (resn WAT or resn HOH or resn TIP* or resn ANI or resn DAN or resn XAN or resn DUM or resn SHA or hydro)) around $thickness) 
 SELRPN:     70 atoms have been selected out of   5531
 CNSsolve>      delete sele= (byres (store2 or store3 or store4)) end 
 SELRPN:    351 atoms have been selected out of   5531
 Status of internal molecular topology database:
 -> NATOM=       5180(MAXA=     1000000)  NBOND=       4119(MAXB=     1000000)
 -> NTHETA=      4353(MAXT=     2000000)  NGRP=        1705(MAXGRP=   1000000)
 -> NPHI=          22(MAXP=     2000000)  NIMPHI=      1110(MAXIMP=   1000000)
 -> NNB=          150(MAXNB=    1000000) 
 CNSsolve> 
 CNSsolve> 
 CNSsolve>      ! give waters unique segid name 
 CNSsolve>      eval ($segid= "W" 
 Expression=             + encode($xcount) + encode($ycount) + encode($zcount)) 
 EVALUATE: symbol $SEGID set to "W412" (string)
 CNSsolve>      do (segid = $segid) (segid W000) 
 SELRPN:    297 atoms have been selected out of   5180
 CNSsolve> 
 CNSsolve>    end loop wat3 
 CNSsolve>    while ($ztrans < $zmtran) loop wat3 
 NEXTCD: condition evaluated as true
 CNSsolve>      eval ($zcount=$zcount+1) 
 EVALUATE: symbol $ZCOUNT set to    3.00000     (real)
 CNSsolve>      eval ($ztrans = $ztrans + $boxlength) 
 EVALUATE: symbol $ZTRANS set to    24.5580     (real)
 CNSsolve> 
 CNSsolve> 
 CNSsolve>      segment 
 SEGMENT>        name="    " 
 SEGMENT>        chain 
 CHAIN>          coordinates @@RUN:protocols/boxtyp20.pdb 
 ASSFIL: file boxtyp20.pdb opened.
 COOR>REMARKS *****  CHARMM water box from Charlie Brooks. ******** 
 COOR>REMARKS * This is a box of 216 3-site water molecules in the experimental 
 COOR>REMARKS * geometry.  It was constructed from an equilibrated 
 COOR>REMARKS * configuration of TIP3P (3-site water model of Jorgenson) 
 COOR>REMARKS * waters at 1 atm pressure and a density of 0.0334 molecules/A**-3. 
 COOR>REMARKS * The box edgelength is 18.856 A.  The minimum image periodic 
 COOR>REMARKS * boundary energy for this configuration using the TIP3P 
 COOR>REMARKS * potentials is -2150.6833 kcal/mol. 
 COOR>REMARKS 
 COOR>ATOM      1 OH2  WAT     1       2.531   0.596  -2.477        0.000 
 SEGMNT-info: chain termination due to END keyword.   216 residues were inserted into segid "    "
 CHAIN>        end 
 SEGMENT>      end 
 Status of internal molecular topology database:
 -> NATOM=       5828(MAXA=     1000000)  NBOND=       4551(MAXB=     1000000)
 -> NTHETA=      4569(MAXT=     2000000)  NGRP=        1921(MAXGRP=   1000000)
 -> NPHI=          22(MAXP=     2000000)  NIMPHI=      1110(MAXIMP=   1000000)
 -> NNB=          150(MAXNB=    1000000) 
 CNSsolve>      coor @@RUN:protocols/boxtyp20.pdb 
 ASSFIL: file boxtyp20.pdb opened.
 COOR>REMARKS *****  CHARMM water box from Charlie Brooks. ******** 
 COOR>REMARKS * This is a box of 216 3-site water molecules in the experimental 
 COOR>REMARKS * geometry.  It was constructed from an equilibrated 
 COOR>REMARKS * configuration of TIP3P (3-site water model of Jorgenson) 
 COOR>REMARKS * waters at 1 atm pressure and a density of 0.0334 molecules/A**-3. 
 COOR>REMARKS * The box edgelength is 18.856 A.  The minimum image periodic 
 COOR>REMARKS * boundary energy for this configuration using the TIP3P 
 COOR>REMARKS * potentials is -2150.6833 kcal/mol. 
 COOR>REMARKS 
 COOR>ATOM      1 OH2  WAT     1       2.531   0.596  -2.477        0.000 
 COOR>ATOM      2 H1   WAT     1       2.620   1.540  -2.609        0.000 
 CNSsolve>      do (segid=W000) (segid "    ") 
 Assuming literal string "W000"
 SELRPN:    648 atoms have been selected out of   5828
 CNSsolve>      coor sele=(segid W000) translate vector = ($xtrans $ytrans $ztrans) end 
 SELRPN:    648 atoms have been selected out of   5828
 COOR: using atom subset.
 COOR: translation vector =(     7.830000  -13.360000   24.558000 )
 COOR: selected coordinates translated
 CNSsolve> 
 CNSsolve>      ! all new water oxygens 
 CNSsolve>      ident (store1) (segid W000 and name oh2) 
 SELRPN:    216 atoms have been selected out of   5828
 CNSsolve>      ! all new water oxygens close to a protein heavy atom 
 CNSsolve>      ident (store2) (store1 and (not (resn WAT or resn HOH or resn TIP* or resn ANI or resn DAN or resn XAN or resn DUM or resn SHA or hydro)) around $pw_dist) 
 SELRPN:      0 atoms have been selected out of   5828
 CNSsolve>      ! all new water oxygens close to old water oxygens 
 CNSsolve>      ident (store3) (store1 and (segid wat# and not hydro) around $water_diam) 
 SELRPN:      0 atoms have been selected out of   5828
 CNSsolve>      ! all new water oxygens further than thickness away from a protein heavy atom 
 CNSsolve>      ident (store4) (store1 and not (not (resn WAT or resn HOH or resn TIP* or resn ANI or resn DAN or resn XAN or resn DUM or resn SHA or hydro)) around $thickness) 
 SELRPN:    202 atoms have been selected out of   5828
 CNSsolve>      delete sele= (byres (store2 or store3 or store4)) end 
 SELRPN:    606 atoms have been selected out of   5828
 Status of internal molecular topology database:
 -> NATOM=       5222(MAXA=     1000000)  NBOND=       4147(MAXB=     1000000)
 -> NTHETA=      4367(MAXT=     2000000)  NGRP=        1719(MAXGRP=   1000000)
 -> NPHI=          22(MAXP=     2000000)  NIMPHI=      1110(MAXIMP=   1000000)
 -> NNB=          150(MAXNB=    1000000) 
 CNSsolve> 
 CNSsolve> 
 CNSsolve>      ! give waters unique segid name 
 CNSsolve>      eval ($segid= "W" 
 Expression=             + encode($xcount) + encode($ycount) + encode($zcount)) 
 EVALUATE: symbol $SEGID set to "W413" (string)
 CNSsolve>      do (segid = $segid) (segid W000) 
 SELRPN:     42 atoms have been selected out of   5222
 CNSsolve> 
 CNSsolve>    end loop wat3 
 CNSsolve>    while ($ztrans < $zmtran) loop wat3 
 NEXTCD: condition evaluated as false
 CNSsolve>      eval ($zcount=$zcount+1) 
 CNSsolve>      eval ($ztrans = $ztrans + $boxlength) 
 CNSsolve> 
 CNSsolve> 
 CNSsolve>      segment 
 CNSsolve>        name="    " 
 CNSsolve>        chain 
 CNSsolve>          coordinates @@RUN:protocols/boxtyp20.pdb 
 CNSsolve>        end 
 CNSsolve>      end 
 CNSsolve>      coor @@RUN:protocols/boxtyp20.pdb 
 CNSsolve>      do (segid=W000) (segid "    ") 
 CNSsolve>      coor sele=(segid W000) translate vector = ($xtrans $ytrans $ztrans) end 
 CNSsolve> 
 CNSsolve>      ! all new water oxygens 
 CNSsolve>      ident (store1) (segid W000 and name oh2) 
 CNSsolve>      ! all new water oxygens close to a protein heavy atom 
 CNSsolve>      ident (store2) (store1 and (not (resn WAT or resn HOH or resn TIP* or resn ANI or resn DAN or resn XAN or resn DUM or resn SHA or hydro)) around $pw_dist) 
 CNSsolve>      ! all new water oxygens close to old water oxygens 
 CNSsolve>      ident (store3) (store1 and (segid wat# and not hydro) around $water_diam) 
 CNSsolve>      ! all new water oxygens further than thickness away from a protein heavy atom 
 CNSsolve>      ident (store4) (store1 and not (not (resn WAT or resn HOH or resn TIP* or resn ANI or resn DAN or resn XAN or resn DUM or resn SHA or hydro)) around $thickness) 
 CNSsolve>      delete sele= (byres (store2 or store3 or store4)) end 
 CNSsolve> 
 CNSsolve> 
 CNSsolve>      ! give waters unique segid name 
 CNSsolve>      eval ($segid= "W" 
 CNSsolve>             + encode($xcount) + encode($ycount) + encode($zcount)) 
 CNSsolve>      do (segid = $segid) (segid W000) 
 CNSsolve> 
 CNSsolve>    end loop wat3 
 CNSsolve>  end loop wat2 
 CNSsolve>  while ($ytrans < $ymtran) loop wat2 
 NEXTCD: condition evaluated as true
 CNSsolve>    eval ($ycount=$ycount+1) 
 EVALUATE: symbol $YCOUNT set to    2.00000     (real)
 CNSsolve>    eval ($ytrans = $ytrans + $boxlength) 
 EVALUATE: symbol $YTRANS set to    5.49600     (real)
 CNSsolve> 
 CNSsolve>    eval ($zcount=0) 
 EVALUATE: symbol $ZCOUNT set to    0.00000     (real)
 CNSsolve>    eval ($ztrans = $zmin - $thickness - $water_diam - $boxlength/2 ) 
 EVALUATE: symbol $ZTRANS set to   -32.0100     (real)
 CNSsolve>    while ($ztrans < $zmtran) loop wat3 
 NEXTCD: condition evaluated as true
 CNSsolve>      eval ($zcount=$zcount+1) 
 EVALUATE: symbol $ZCOUNT set to    1.00000     (real)
 CNSsolve>      eval ($ztrans = $ztrans + $boxlength) 
 EVALUATE: symbol $ZTRANS set to   -13.1540     (real)
 CNSsolve> 
 CNSsolve> 
 CNSsolve>      segment 
 SEGMENT>        name="    " 
 SEGMENT>        chain 
 CHAIN>          coordinates @@RUN:protocols/boxtyp20.pdb 
 ASSFIL: file boxtyp20.pdb opened.
 COOR>REMARKS *****  CHARMM water box from Charlie Brooks. ******** 
 COOR>REMARKS * This is a box of 216 3-site water molecules in the experimental 
 COOR>REMARKS * geometry.  It was constructed from an equilibrated 
 COOR>REMARKS * configuration of TIP3P (3-site water model of Jorgenson) 
 COOR>REMARKS * waters at 1 atm pressure and a density of 0.0334 molecules/A**-3. 
 COOR>REMARKS * The box edgelength is 18.856 A.  The minimum image periodic 
 COOR>REMARKS * boundary energy for this configuration using the TIP3P 
 COOR>REMARKS * potentials is -2150.6833 kcal/mol. 
 COOR>REMARKS 
 COOR>ATOM      1 OH2  WAT     1       2.531   0.596  -2.477        0.000 
 SEGMNT-info: chain termination due to END keyword.   216 residues were inserted into segid "    "
 CHAIN>        end 
 SEGMENT>      end 
 Status of internal molecular topology database:
 -> NATOM=       5870(MAXA=     1000000)  NBOND=       4579(MAXB=     1000000)
 -> NTHETA=      4583(MAXT=     2000000)  NGRP=        1935(MAXGRP=   1000000)
 -> NPHI=          22(MAXP=     2000000)  NIMPHI=      1110(MAXIMP=   1000000)
 -> NNB=          150(MAXNB=    1000000) 
 CNSsolve>      coor @@RUN:protocols/boxtyp20.pdb 
 ASSFIL: file boxtyp20.pdb opened.
 COOR>REMARKS *****  CHARMM water box from Charlie Brooks. ******** 
 COOR>REMARKS * This is a box of 216 3-site water molecules in the experimental 
 COOR>REMARKS * geometry.  It was constructed from an equilibrated 
 COOR>REMARKS * configuration of TIP3P (3-site water model of Jorgenson) 
 COOR>REMARKS * waters at 1 atm pressure and a density of 0.0334 molecules/A**-3. 
 COOR>REMARKS * The box edgelength is 18.856 A.  The minimum image periodic 
 COOR>REMARKS * boundary energy for this configuration using the TIP3P 
 COOR>REMARKS * potentials is -2150.6833 kcal/mol. 
 COOR>REMARKS 
 COOR>ATOM      1 OH2  WAT     1       2.531   0.596  -2.477        0.000 
 COOR>ATOM      2 H1   WAT     1       2.620   1.540  -2.609        0.000 
 CNSsolve>      do (segid=W000) (segid "    ") 
 Assuming literal string "W000"
 SELRPN:    648 atoms have been selected out of   5870
 CNSsolve>      coor sele=(segid W000) translate vector = ($xtrans $ytrans $ztrans) end 
 SELRPN:    648 atoms have been selected out of   5870
 COOR: using atom subset.
 COOR: translation vector =(     7.830000    5.496000  -13.154000 )
 COOR: selected coordinates translated
 CNSsolve> 
 CNSsolve>      ! all new water oxygens 
 CNSsolve>      ident (store1) (segid W000 and name oh2) 
 SELRPN:    216 atoms have been selected out of   5870
 CNSsolve>      ! all new water oxygens close to a protein heavy atom 
 CNSsolve>      ident (store2) (store1 and (not (resn WAT or resn HOH or resn TIP* or resn ANI or resn DAN or resn XAN or resn DUM or resn SHA or hydro)) around $pw_dist) 
 SELRPN:     34 atoms have been selected out of   5870
 CNSsolve>      ! all new water oxygens close to old water oxygens 
 CNSsolve>      ident (store3) (store1 and (segid wat# and not hydro) around $water_diam) 
 SELRPN:      0 atoms have been selected out of   5870
 CNSsolve>      ! all new water oxygens further than thickness away from a protein heavy atom 
 CNSsolve>      ident (store4) (store1 and not (not (resn WAT or resn HOH or resn TIP* or resn ANI or resn DAN or resn XAN or resn DUM or resn SHA or hydro)) around $thickness) 
 SELRPN:     82 atoms have been selected out of   5870
 CNSsolve>      delete sele= (byres (store2 or store3 or store4)) end 
 SELRPN:    348 atoms have been selected out of   5870
 Status of internal molecular topology database:
 -> NATOM=       5522(MAXA=     1000000)  NBOND=       4347(MAXB=     1000000)
 -> NTHETA=      4467(MAXT=     2000000)  NGRP=        1819(MAXGRP=   1000000)
 -> NPHI=          22(MAXP=     2000000)  NIMPHI=      1110(MAXIMP=   1000000)
 -> NNB=          150(MAXNB=    1000000) 
 CNSsolve> 
 CNSsolve> 
 CNSsolve>      ! give waters unique segid name 
 CNSsolve>      eval ($segid= "W" 
 Expression=             + encode($xcount) + encode($ycount) + encode($zcount)) 
 EVALUATE: symbol $SEGID set to "W421" (string)
 CNSsolve>      do (segid = $segid) (segid W000) 
 SELRPN:    300 atoms have been selected out of   5522
 CNSsolve> 
 CNSsolve>    end loop wat3 
 CNSsolve>    while ($ztrans < $zmtran) loop wat3 
 NEXTCD: condition evaluated as true
 CNSsolve>      eval ($zcount=$zcount+1) 
 EVALUATE: symbol $ZCOUNT set to    2.00000     (real)
 CNSsolve>      eval ($ztrans = $ztrans + $boxlength) 
 EVALUATE: symbol $ZTRANS set to    5.70200     (real)
 CNSsolve> 
 CNSsolve> 
 CNSsolve>      segment 
 SEGMENT>        name="    " 
 SEGMENT>        chain 
 CHAIN>          coordinates @@RUN:protocols/boxtyp20.pdb 
 ASSFIL: file boxtyp20.pdb opened.
 COOR>REMARKS *****  CHARMM water box from Charlie Brooks. ******** 
 COOR>REMARKS * This is a box of 216 3-site water molecules in the experimental 
 COOR>REMARKS * geometry.  It was constructed from an equilibrated 
 COOR>REMARKS * configuration of TIP3P (3-site water model of Jorgenson) 
 COOR>REMARKS * waters at 1 atm pressure and a density of 0.0334 molecules/A**-3. 
 COOR>REMARKS * The box edgelength is 18.856 A.  The minimum image periodic 
 COOR>REMARKS * boundary energy for this configuration using the TIP3P 
 COOR>REMARKS * potentials is -2150.6833 kcal/mol. 
 COOR>REMARKS 
 COOR>ATOM      1 OH2  WAT     1       2.531   0.596  -2.477        0.000 
 SEGMNT-info: chain termination due to END keyword.   216 residues were inserted into segid "    "
 CHAIN>        end 
 SEGMENT>      end 
 Status of internal molecular topology database:
 -> NATOM=       6170(MAXA=     1000000)  NBOND=       4779(MAXB=     1000000)
 -> NTHETA=      4683(MAXT=     2000000)  NGRP=        2035(MAXGRP=   1000000)
 -> NPHI=          22(MAXP=     2000000)  NIMPHI=      1110(MAXIMP=   1000000)
 -> NNB=          150(MAXNB=    1000000) 
 CNSsolve>      coor @@RUN:protocols/boxtyp20.pdb 
 ASSFIL: file boxtyp20.pdb opened.
 COOR>REMARKS *****  CHARMM water box from Charlie Brooks. ******** 
 COOR>REMARKS * This is a box of 216 3-site water molecules in the experimental 
 COOR>REMARKS * geometry.  It was constructed from an equilibrated 
 COOR>REMARKS * configuration of TIP3P (3-site water model of Jorgenson) 
 COOR>REMARKS * waters at 1 atm pressure and a density of 0.0334 molecules/A**-3. 
 COOR>REMARKS * The box edgelength is 18.856 A.  The minimum image periodic 
 COOR>REMARKS * boundary energy for this configuration using the TIP3P 
 COOR>REMARKS * potentials is -2150.6833 kcal/mol. 
 COOR>REMARKS 
 COOR>ATOM      1 OH2  WAT     1       2.531   0.596  -2.477        0.000 
 COOR>ATOM      2 H1   WAT     1       2.620   1.540  -2.609        0.000 
 CNSsolve>      do (segid=W000) (segid "    ") 
 Assuming literal string "W000"
 SELRPN:    648 atoms have been selected out of   6170
 CNSsolve>      coor sele=(segid W000) translate vector = ($xtrans $ytrans $ztrans) end 
 SELRPN:    648 atoms have been selected out of   6170
 COOR: using atom subset.
 COOR: translation vector =(     7.830000    5.496000    5.702000 )
 COOR: selected coordinates translated
 CNSsolve> 
 CNSsolve>      ! all new water oxygens 
 CNSsolve>      ident (store1) (segid W000 and name oh2) 
 SELRPN:    216 atoms have been selected out of   6170
 CNSsolve>      ! all new water oxygens close to a protein heavy atom 
 CNSsolve>      ident (store2) (store1 and (not (resn WAT or resn HOH or resn TIP* or resn ANI or resn DAN or resn XAN or resn DUM or resn SHA or hydro)) around $pw_dist) 
 SELRPN:     71 atoms have been selected out of   6170
 CNSsolve>      ! all new water oxygens close to old water oxygens 
 CNSsolve>      ident (store3) (store1 and (segid wat# and not hydro) around $water_diam) 
 SELRPN:      0 atoms have been selected out of   6170
 CNSsolve>      ! all new water oxygens further than thickness away from a protein heavy atom 
 CNSsolve>      ident (store4) (store1 and not (not (resn WAT or resn HOH or resn TIP* or resn ANI or resn DAN or resn XAN or resn DUM or resn SHA or hydro)) around $thickness) 
 SELRPN:     16 atoms have been selected out of   6170
 CNSsolve>      delete sele= (byres (store2 or store3 or store4)) end 
 SELRPN:    261 atoms have been selected out of   6170
 Status of internal molecular topology database:
 -> NATOM=       5909(MAXA=     1000000)  NBOND=       4605(MAXB=     1000000)
 -> NTHETA=      4596(MAXT=     2000000)  NGRP=        1948(MAXGRP=   1000000)
 -> NPHI=          22(MAXP=     2000000)  NIMPHI=      1110(MAXIMP=   1000000)
 -> NNB=          150(MAXNB=    1000000) 
 CNSsolve> 
 CNSsolve> 
 CNSsolve>      ! give waters unique segid name 
 CNSsolve>      eval ($segid= "W" 
 Expression=             + encode($xcount) + encode($ycount) + encode($zcount)) 
 EVALUATE: symbol $SEGID set to "W422" (string)
 CNSsolve>      do (segid = $segid) (segid W000) 
 SELRPN:    387 atoms have been selected out of   5909
 CNSsolve> 
 CNSsolve>    end loop wat3 
 CNSsolve>    while ($ztrans < $zmtran) loop wat3 
 NEXTCD: condition evaluated as true
 CNSsolve>      eval ($zcount=$zcount+1) 
 EVALUATE: symbol $ZCOUNT set to    3.00000     (real)
 CNSsolve>      eval ($ztrans = $ztrans + $boxlength) 
 EVALUATE: symbol $ZTRANS set to    24.5580     (real)
 CNSsolve> 
 CNSsolve> 
 CNSsolve>      segment 
 SEGMENT>        name="    " 
 SEGMENT>        chain 
 CHAIN>          coordinates @@RUN:protocols/boxtyp20.pdb 
 ASSFIL: file boxtyp20.pdb opened.
 COOR>REMARKS *****  CHARMM water box from Charlie Brooks. ******** 
 COOR>REMARKS * This is a box of 216 3-site water molecules in the experimental 
 COOR>REMARKS * geometry.  It was constructed from an equilibrated 
 COOR>REMARKS * configuration of TIP3P (3-site water model of Jorgenson) 
 COOR>REMARKS * waters at 1 atm pressure and a density of 0.0334 molecules/A**-3. 
 COOR>REMARKS * The box edgelength is 18.856 A.  The minimum image periodic 
 COOR>REMARKS * boundary energy for this configuration using the TIP3P 
 COOR>REMARKS * potentials is -2150.6833 kcal/mol. 
 COOR>REMARKS 
 COOR>ATOM      1 OH2  WAT     1       2.531   0.596  -2.477        0.000 
 SEGMNT-info: chain termination due to END keyword.   216 residues were inserted into segid "    "
 CHAIN>        end 
 SEGMENT>      end 
 Status of internal molecular topology database:
 -> NATOM=       6557(MAXA=     1000000)  NBOND=       5037(MAXB=     1000000)
 -> NTHETA=      4812(MAXT=     2000000)  NGRP=        2164(MAXGRP=   1000000)
 -> NPHI=          22(MAXP=     2000000)  NIMPHI=      1110(MAXIMP=   1000000)
 -> NNB=          150(MAXNB=    1000000) 
 CNSsolve>      coor @@RUN:protocols/boxtyp20.pdb 
 ASSFIL: file boxtyp20.pdb opened.
 COOR>REMARKS *****  CHARMM water box from Charlie Brooks. ******** 
 COOR>REMARKS * This is a box of 216 3-site water molecules in the experimental 
 COOR>REMARKS * geometry.  It was constructed from an equilibrated 
 COOR>REMARKS * configuration of TIP3P (3-site water model of Jorgenson) 
 COOR>REMARKS * waters at 1 atm pressure and a density of 0.0334 molecules/A**-3. 
 COOR>REMARKS * The box edgelength is 18.856 A.  The minimum image periodic 
 COOR>REMARKS * boundary energy for this configuration using the TIP3P 
 COOR>REMARKS * potentials is -2150.6833 kcal/mol. 
 COOR>REMARKS 
 COOR>ATOM      1 OH2  WAT     1       2.531   0.596  -2.477        0.000 
 COOR>ATOM      2 H1   WAT     1       2.620   1.540  -2.609        0.000 
 CNSsolve>      do (segid=W000) (segid "    ") 
 Assuming literal string "W000"
 SELRPN:    648 atoms have been selected out of   6557
 CNSsolve>      coor sele=(segid W000) translate vector = ($xtrans $ytrans $ztrans) end 
 SELRPN:    648 atoms have been selected out of   6557
 COOR: using atom subset.
 COOR: translation vector =(     7.830000    5.496000   24.558000 )
 COOR: selected coordinates translated
 CNSsolve> 
 CNSsolve>      ! all new water oxygens 
 CNSsolve>      ident (store1) (segid W000 and name oh2) 
 SELRPN:    216 atoms have been selected out of   6557
 CNSsolve>      ! all new water oxygens close to a protein heavy atom 
 CNSsolve>      ident (store2) (store1 and (not (resn WAT or resn HOH or resn TIP* or resn ANI or resn DAN or resn XAN or resn DUM or resn SHA or hydro)) around $pw_dist) 
 SELRPN:      0 atoms have been selected out of   6557
 CNSsolve>      ! all new water oxygens close to old water oxygens 
 CNSsolve>      ident (store3) (store1 and (segid wat# and not hydro) around $water_diam) 
 SELRPN:      0 atoms have been selected out of   6557
 CNSsolve>      ! all new water oxygens further than thickness away from a protein heavy atom 
 CNSsolve>      ident (store4) (store1 and not (not (resn WAT or resn HOH or resn TIP* or resn ANI or resn DAN or resn XAN or resn DUM or resn SHA or hydro)) around $thickness) 
 SELRPN:    204 atoms have been selected out of   6557
 CNSsolve>      delete sele= (byres (store2 or store3 or store4)) end 
 SELRPN:    612 atoms have been selected out of   6557
 Status of internal molecular topology database:
 -> NATOM=       5945(MAXA=     1000000)  NBOND=       4629(MAXB=     1000000)
 -> NTHETA=      4608(MAXT=     2000000)  NGRP=        1960(MAXGRP=   1000000)
 -> NPHI=          22(MAXP=     2000000)  NIMPHI=      1110(MAXIMP=   1000000)
 -> NNB=          150(MAXNB=    1000000) 
 CNSsolve> 
 CNSsolve> 
 CNSsolve>      ! give waters unique segid name 
 CNSsolve>      eval ($segid= "W" 
 Expression=             + encode($xcount) + encode($ycount) + encode($zcount)) 
 EVALUATE: symbol $SEGID set to "W423" (string)
 CNSsolve>      do (segid = $segid) (segid W000) 
 SELRPN:     36 atoms have been selected out of   5945
 CNSsolve> 
 CNSsolve>    end loop wat3 
 CNSsolve>    while ($ztrans < $zmtran) loop wat3 
 NEXTCD: condition evaluated as false
 CNSsolve>      eval ($zcount=$zcount+1) 
 CNSsolve>      eval ($ztrans = $ztrans + $boxlength) 
 CNSsolve> 
 CNSsolve> 
 CNSsolve>      segment 
 CNSsolve>        name="    " 
 CNSsolve>        chain 
 CNSsolve>          coordinates @@RUN:protocols/boxtyp20.pdb 
 CNSsolve>        end 
 CNSsolve>      end 
 CNSsolve>      coor @@RUN:protocols/boxtyp20.pdb 
 CNSsolve>      do (segid=W000) (segid "    ") 
 CNSsolve>      coor sele=(segid W000) translate vector = ($xtrans $ytrans $ztrans) end 
 CNSsolve> 
 CNSsolve>      ! all new water oxygens 
 CNSsolve>      ident (store1) (segid W000 and name oh2) 
 CNSsolve>      ! all new water oxygens close to a protein heavy atom 
 CNSsolve>      ident (store2) (store1 and (not (resn WAT or resn HOH or resn TIP* or resn ANI or resn DAN or resn XAN or resn DUM or resn SHA or hydro)) around $pw_dist) 
 CNSsolve>      ! all new water oxygens close to old water oxygens 
 CNSsolve>      ident (store3) (store1 and (segid wat# and not hydro) around $water_diam) 
 CNSsolve>      ! all new water oxygens further than thickness away from a protein heavy atom 
 CNSsolve>      ident (store4) (store1 and not (not (resn WAT or resn HOH or resn TIP* or resn ANI or resn DAN or resn XAN or resn DUM or resn SHA or hydro)) around $thickness) 
 CNSsolve>      delete sele= (byres (store2 or store3 or store4)) end 
 CNSsolve> 
 CNSsolve> 
 CNSsolve>      ! give waters unique segid name 
 CNSsolve>      eval ($segid= "W" 
 CNSsolve>             + encode($xcount) + encode($ycount) + encode($zcount)) 
 CNSsolve>      do (segid = $segid) (segid W000) 
 CNSsolve> 
 CNSsolve>    end loop wat3 
 CNSsolve>  end loop wat2 
 CNSsolve>  while ($ytrans < $ymtran) loop wat2 
 NEXTCD: condition evaluated as true
 CNSsolve>    eval ($ycount=$ycount+1) 
 EVALUATE: symbol $YCOUNT set to    3.00000     (real)
 CNSsolve>    eval ($ytrans = $ytrans + $boxlength) 
 EVALUATE: symbol $YTRANS set to    24.3520     (real)
 CNSsolve> 
 CNSsolve>    eval ($zcount=0) 
 EVALUATE: symbol $ZCOUNT set to    0.00000     (real)
 CNSsolve>    eval ($ztrans = $zmin - $thickness - $water_diam - $boxlength/2 ) 
 EVALUATE: symbol $ZTRANS set to   -32.0100     (real)
 CNSsolve>    while ($ztrans < $zmtran) loop wat3 
 NEXTCD: condition evaluated as true
 CNSsolve>      eval ($zcount=$zcount+1) 
 EVALUATE: symbol $ZCOUNT set to    1.00000     (real)
 CNSsolve>      eval ($ztrans = $ztrans + $boxlength) 
 EVALUATE: symbol $ZTRANS set to   -13.1540     (real)
 CNSsolve> 
 CNSsolve> 
 CNSsolve>      segment 
 SEGMENT>        name="    " 
 SEGMENT>        chain 
 CHAIN>          coordinates @@RUN:protocols/boxtyp20.pdb 
 ASSFIL: file boxtyp20.pdb opened.
 COOR>REMARKS *****  CHARMM water box from Charlie Brooks. ******** 
 COOR>REMARKS * This is a box of 216 3-site water molecules in the experimental 
 COOR>REMARKS * geometry.  It was constructed from an equilibrated 
 COOR>REMARKS * configuration of TIP3P (3-site water model of Jorgenson) 
 COOR>REMARKS * waters at 1 atm pressure and a density of 0.0334 molecules/A**-3. 
 COOR>REMARKS * The box edgelength is 18.856 A.  The minimum image periodic 
 COOR>REMARKS * boundary energy for this configuration using the TIP3P 
 COOR>REMARKS * potentials is -2150.6833 kcal/mol. 
 COOR>REMARKS 
 COOR>ATOM      1 OH2  WAT     1       2.531   0.596  -2.477        0.000 
 SEGMNT-info: chain termination due to END keyword.   216 residues were inserted into segid "    "
 CHAIN>        end 
 SEGMENT>      end 
 Status of internal molecular topology database:
 -> NATOM=       6593(MAXA=     1000000)  NBOND=       5061(MAXB=     1000000)
 -> NTHETA=      4824(MAXT=     2000000)  NGRP=        2176(MAXGRP=   1000000)
 -> NPHI=          22(MAXP=     2000000)  NIMPHI=      1110(MAXIMP=   1000000)
 -> NNB=          150(MAXNB=    1000000) 
 CNSsolve>      coor @@RUN:protocols/boxtyp20.pdb 
 ASSFIL: file boxtyp20.pdb opened.
 COOR>REMARKS *****  CHARMM water box from Charlie Brooks. ******** 
 COOR>REMARKS * This is a box of 216 3-site water molecules in the experimental 
 COOR>REMARKS * geometry.  It was constructed from an equilibrated 
 COOR>REMARKS * configuration of TIP3P (3-site water model of Jorgenson) 
 COOR>REMARKS * waters at 1 atm pressure and a density of 0.0334 molecules/A**-3. 
 COOR>REMARKS * The box edgelength is 18.856 A.  The minimum image periodic 
 COOR>REMARKS * boundary energy for this configuration using the TIP3P 
 COOR>REMARKS * potentials is -2150.6833 kcal/mol. 
 COOR>REMARKS 
 COOR>ATOM      1 OH2  WAT     1       2.531   0.596  -2.477        0.000 
 COOR>ATOM      2 H1   WAT     1       2.620   1.540  -2.609        0.000 
 CNSsolve>      do (segid=W000) (segid "    ") 
 Assuming literal string "W000"
 SELRPN:    648 atoms have been selected out of   6593
 CNSsolve>      coor sele=(segid W000) translate vector = ($xtrans $ytrans $ztrans) end 
 SELRPN:    648 atoms have been selected out of   6593
 COOR: using atom subset.
 COOR: translation vector =(     7.830000   24.352000  -13.154000 )
 COOR: selected coordinates translated
 CNSsolve> 
 CNSsolve>      ! all new water oxygens 
 CNSsolve>      ident (store1) (segid W000 and name oh2) 
 SELRPN:    216 atoms have been selected out of   6593
 CNSsolve>      ! all new water oxygens close to a protein heavy atom 
 CNSsolve>      ident (store2) (store1 and (not (resn WAT or resn HOH or resn TIP* or resn ANI or resn DAN or resn XAN or resn DUM or resn SHA or hydro)) around $pw_dist) 
 SELRPN:      0 atoms have been selected out of   6593
 CNSsolve>      ! all new water oxygens close to old water oxygens 
 CNSsolve>      ident (store3) (store1 and (segid wat# and not hydro) around $water_diam) 
 SELRPN:      0 atoms have been selected out of   6593
 CNSsolve>      ! all new water oxygens further than thickness away from a protein heavy atom 
 CNSsolve>      ident (store4) (store1 and not (not (resn WAT or resn HOH or resn TIP* or resn ANI or resn DAN or resn XAN or resn DUM or resn SHA or hydro)) around $thickness) 
 SELRPN:    211 atoms have been selected out of   6593
 CNSsolve>      delete sele= (byres (store2 or store3 or store4)) end 
 SELRPN:    633 atoms have been selected out of   6593
 Status of internal molecular topology database:
 -> NATOM=       5960(MAXA=     1000000)  NBOND=       4639(MAXB=     1000000)
 -> NTHETA=      4613(MAXT=     2000000)  NGRP=        1965(MAXGRP=   1000000)
 -> NPHI=          22(MAXP=     2000000)  NIMPHI=      1110(MAXIMP=   1000000)
 -> NNB=          150(MAXNB=    1000000) 
 CNSsolve> 
 CNSsolve> 
 CNSsolve>      ! give waters unique segid name 
 CNSsolve>      eval ($segid= "W" 
 Expression=             + encode($xcount) + encode($ycount) + encode($zcount)) 
 EVALUATE: symbol $SEGID set to "W431" (string)
 CNSsolve>      do (segid = $segid) (segid W000) 
 SELRPN:     15 atoms have been selected out of   5960
 CNSsolve> 
 CNSsolve>    end loop wat3 
 CNSsolve>    while ($ztrans < $zmtran) loop wat3 
 NEXTCD: condition evaluated as true
 CNSsolve>      eval ($zcount=$zcount+1) 
 EVALUATE: symbol $ZCOUNT set to    2.00000     (real)
 CNSsolve>      eval ($ztrans = $ztrans + $boxlength) 
 EVALUATE: symbol $ZTRANS set to    5.70200     (real)
 CNSsolve> 
 CNSsolve> 
 CNSsolve>      segment 
 SEGMENT>        name="    " 
 SEGMENT>        chain 
 CHAIN>          coordinates @@RUN:protocols/boxtyp20.pdb 
 ASSFIL: file boxtyp20.pdb opened.
 COOR>REMARKS *****  CHARMM water box from Charlie Brooks. ******** 
 COOR>REMARKS * This is a box of 216 3-site water molecules in the experimental 
 COOR>REMARKS * geometry.  It was constructed from an equilibrated 
 COOR>REMARKS * configuration of TIP3P (3-site water model of Jorgenson) 
 COOR>REMARKS * waters at 1 atm pressure and a density of 0.0334 molecules/A**-3. 
 COOR>REMARKS * The box edgelength is 18.856 A.  The minimum image periodic 
 COOR>REMARKS * boundary energy for this configuration using the TIP3P 
 COOR>REMARKS * potentials is -2150.6833 kcal/mol. 
 COOR>REMARKS 
 COOR>ATOM      1 OH2  WAT     1       2.531   0.596  -2.477        0.000 
 SEGMNT-info: chain termination due to END keyword.   216 residues were inserted into segid "    "
 CHAIN>        end 
 SEGMENT>      end 
 Status of internal molecular topology database:
 -> NATOM=       6608(MAXA=     1000000)  NBOND=       5071(MAXB=     1000000)
 -> NTHETA=      4829(MAXT=     2000000)  NGRP=        2181(MAXGRP=   1000000)
 -> NPHI=          22(MAXP=     2000000)  NIMPHI=      1110(MAXIMP=   1000000)
 -> NNB=          150(MAXNB=    1000000) 
 CNSsolve>      coor @@RUN:protocols/boxtyp20.pdb 
 ASSFIL: file boxtyp20.pdb opened.
 COOR>REMARKS *****  CHARMM water box from Charlie Brooks. ******** 
 COOR>REMARKS * This is a box of 216 3-site water molecules in the experimental 
 COOR>REMARKS * geometry.  It was constructed from an equilibrated 
 COOR>REMARKS * configuration of TIP3P (3-site water model of Jorgenson) 
 COOR>REMARKS * waters at 1 atm pressure and a density of 0.0334 molecules/A**-3. 
 COOR>REMARKS * The box edgelength is 18.856 A.  The minimum image periodic 
 COOR>REMARKS * boundary energy for this configuration using the TIP3P 
 COOR>REMARKS * potentials is -2150.6833 kcal/mol. 
 COOR>REMARKS 
 COOR>ATOM      1 OH2  WAT     1       2.531   0.596  -2.477        0.000 
 COOR>ATOM      2 H1   WAT     1       2.620   1.540  -2.609        0.000 
 CNSsolve>      do (segid=W000) (segid "    ") 
 Assuming literal string "W000"
 SELRPN:    648 atoms have been selected out of   6608
 CNSsolve>      coor sele=(segid W000) translate vector = ($xtrans $ytrans $ztrans) end 
 SELRPN:    648 atoms have been selected out of   6608
 COOR: using atom subset.
 COOR: translation vector =(     7.830000   24.352000    5.702000 )
 COOR: selected coordinates translated
 CNSsolve> 
 CNSsolve>      ! all new water oxygens 
 CNSsolve>      ident (store1) (segid W000 and name oh2) 
 SELRPN:    216 atoms have been selected out of   6608
 CNSsolve>      ! all new water oxygens close to a protein heavy atom 
 CNSsolve>      ident (store2) (store1 and (not (resn WAT or resn HOH or resn TIP* or resn ANI or resn DAN or resn XAN or resn DUM or resn SHA or hydro)) around $pw_dist) 
 SELRPN:      0 atoms have been selected out of   6608
 CNSsolve>      ! all new water oxygens close to old water oxygens 
 CNSsolve>      ident (store3) (store1 and (segid wat# and not hydro) around $water_diam) 
 SELRPN:      0 atoms have been selected out of   6608
 CNSsolve>      ! all new water oxygens further than thickness away from a protein heavy atom 
 CNSsolve>      ident (store4) (store1 and not (not (resn WAT or resn HOH or resn TIP* or resn ANI or resn DAN or resn XAN or resn DUM or resn SHA or hydro)) around $thickness) 
 SELRPN:    201 atoms have been selected out of   6608
 CNSsolve>      delete sele= (byres (store2 or store3 or store4)) end 
 SELRPN:    603 atoms have been selected out of   6608
 Status of internal molecular topology database:
 -> NATOM=       6005(MAXA=     1000000)  NBOND=       4669(MAXB=     1000000)
 -> NTHETA=      4628(MAXT=     2000000)  NGRP=        1980(MAXGRP=   1000000)
 -> NPHI=          22(MAXP=     2000000)  NIMPHI=      1110(MAXIMP=   1000000)
 -> NNB=          150(MAXNB=    1000000) 
 CNSsolve> 
 CNSsolve> 
 CNSsolve>      ! give waters unique segid name 
 CNSsolve>      eval ($segid= "W" 
 Expression=             + encode($xcount) + encode($ycount) + encode($zcount)) 
 EVALUATE: symbol $SEGID set to "W432" (string)
 CNSsolve>      do (segid = $segid) (segid W000) 
 SELRPN:     45 atoms have been selected out of   6005
 CNSsolve> 
 CNSsolve>    end loop wat3 
 CNSsolve>    while ($ztrans < $zmtran) loop wat3 
 NEXTCD: condition evaluated as true
 CNSsolve>      eval ($zcount=$zcount+1) 
 EVALUATE: symbol $ZCOUNT set to    3.00000     (real)
 CNSsolve>      eval ($ztrans = $ztrans + $boxlength) 
 EVALUATE: symbol $ZTRANS set to    24.5580     (real)
 CNSsolve> 
 CNSsolve> 
 CNSsolve>      segment 
 SEGMENT>        name="    " 
 SEGMENT>        chain 
 CHAIN>          coordinates @@RUN:protocols/boxtyp20.pdb 
 ASSFIL: file boxtyp20.pdb opened.
 COOR>REMARKS *****  CHARMM water box from Charlie Brooks. ******** 
 COOR>REMARKS * This is a box of 216 3-site water molecules in the experimental 
 COOR>REMARKS * geometry.  It was constructed from an equilibrated 
 COOR>REMARKS * configuration of TIP3P (3-site water model of Jorgenson) 
 COOR>REMARKS * waters at 1 atm pressure and a density of 0.0334 molecules/A**-3. 
 COOR>REMARKS * The box edgelength is 18.856 A.  The minimum image periodic 
 COOR>REMARKS * boundary energy for this configuration using the TIP3P 
 COOR>REMARKS * potentials is -2150.6833 kcal/mol. 
 COOR>REMARKS 
 COOR>ATOM      1 OH2  WAT     1       2.531   0.596  -2.477        0.000 
 SEGMNT-info: chain termination due to END keyword.   216 residues were inserted into segid "    "
 CHAIN>        end 
 SEGMENT>      end 
 Status of internal molecular topology database:
 -> NATOM=       6653(MAXA=     1000000)  NBOND=       5101(MAXB=     1000000)
 -> NTHETA=      4844(MAXT=     2000000)  NGRP=        2196(MAXGRP=   1000000)
 -> NPHI=          22(MAXP=     2000000)  NIMPHI=      1110(MAXIMP=   1000000)
 -> NNB=          150(MAXNB=    1000000) 
 CNSsolve>      coor @@RUN:protocols/boxtyp20.pdb 
 ASSFIL: file boxtyp20.pdb opened.
 COOR>REMARKS *****  CHARMM water box from Charlie Brooks. ******** 
 COOR>REMARKS * This is a box of 216 3-site water molecules in the experimental 
 COOR>REMARKS * geometry.  It was constructed from an equilibrated 
 COOR>REMARKS * configuration of TIP3P (3-site water model of Jorgenson) 
 COOR>REMARKS * waters at 1 atm pressure and a density of 0.0334 molecules/A**-3. 
 COOR>REMARKS * The box edgelength is 18.856 A.  The minimum image periodic 
 COOR>REMARKS * boundary energy for this configuration using the TIP3P 
 COOR>REMARKS * potentials is -2150.6833 kcal/mol. 
 COOR>REMARKS 
 COOR>ATOM      1 OH2  WAT     1       2.531   0.596  -2.477        0.000 
 COOR>ATOM      2 H1   WAT     1       2.620   1.540  -2.609        0.000 
 CNSsolve>      do (segid=W000) (segid "    ") 
 Assuming literal string "W000"
 SELRPN:    648 atoms have been selected out of   6653
 CNSsolve>      coor sele=(segid W000) translate vector = ($xtrans $ytrans $ztrans) end 
 SELRPN:    648 atoms have been selected out of   6653
 COOR: using atom subset.
 COOR: translation vector =(     7.830000   24.352000   24.558000 )
 COOR: selected coordinates translated
 CNSsolve> 
 CNSsolve>      ! all new water oxygens 
 CNSsolve>      ident (store1) (segid W000 and name oh2) 
 SELRPN:    216 atoms have been selected out of   6653
 CNSsolve>      ! all new water oxygens close to a protein heavy atom 
 CNSsolve>      ident (store2) (store1 and (not (resn WAT or resn HOH or resn TIP* or resn ANI or resn DAN or resn XAN or resn DUM or resn SHA or hydro)) around $pw_dist) 
 SELRPN:      0 atoms have been selected out of   6653
 CNSsolve>      ! all new water oxygens close to old water oxygens 
 CNSsolve>      ident (store3) (store1 and (segid wat# and not hydro) around $water_diam) 
 SELRPN:      0 atoms have been selected out of   6653
 CNSsolve>      ! all new water oxygens further than thickness away from a protein heavy atom 
 CNSsolve>      ident (store4) (store1 and not (not (resn WAT or resn HOH or resn TIP* or resn ANI or resn DAN or resn XAN or resn DUM or resn SHA or hydro)) around $thickness) 
 SELRPN:    216 atoms have been selected out of   6653
 CNSsolve>      delete sele= (byres (store2 or store3 or store4)) end 
 SELRPN:    648 atoms have been selected out of   6653
 Status of internal molecular topology database:
 -> NATOM=       6005(MAXA=     1000000)  NBOND=       4669(MAXB=     1000000)
 -> NTHETA=      4628(MAXT=     2000000)  NGRP=        1980(MAXGRP=   1000000)
 -> NPHI=          22(MAXP=     2000000)  NIMPHI=      1110(MAXIMP=   1000000)
 -> NNB=          150(MAXNB=    1000000) 
 CNSsolve> 
 CNSsolve> 
 CNSsolve>      ! give waters unique segid name 
 CNSsolve>      eval ($segid= "W" 
 Expression=             + encode($xcount) + encode($ycount) + encode($zcount)) 
 EVALUATE: symbol $SEGID set to "W433" (string)
 CNSsolve>      do (segid = $segid) (segid W000) 
 SELRPN:      0 atoms have been selected out of   6005
 CNSsolve> 
 CNSsolve>    end loop wat3 
 CNSsolve>    while ($ztrans < $zmtran) loop wat3 
 NEXTCD: condition evaluated as false
 CNSsolve>      eval ($zcount=$zcount+1) 
 CNSsolve>      eval ($ztrans = $ztrans + $boxlength) 
 CNSsolve> 
 CNSsolve> 
 CNSsolve>      segment 
 CNSsolve>        name="    " 
 CNSsolve>        chain 
 CNSsolve>          coordinates @@RUN:protocols/boxtyp20.pdb 
 CNSsolve>        end 
 CNSsolve>      end 
 CNSsolve>      coor @@RUN:protocols/boxtyp20.pdb 
 CNSsolve>      do (segid=W000) (segid "    ") 
 CNSsolve>      coor sele=(segid W000) translate vector = ($xtrans $ytrans $ztrans) end 
 CNSsolve> 
 CNSsolve>      ! all new water oxygens 
 CNSsolve>      ident (store1) (segid W000 and name oh2) 
 CNSsolve>      ! all new water oxygens close to a protein heavy atom 
 CNSsolve>      ident (store2) (store1 and (not (resn WAT or resn HOH or resn TIP* or resn ANI or resn DAN or resn XAN or resn DUM or resn SHA or hydro)) around $pw_dist) 
 CNSsolve>      ! all new water oxygens close to old water oxygens 
 CNSsolve>      ident (store3) (store1 and (segid wat# and not hydro) around $water_diam) 
 CNSsolve>      ! all new water oxygens further than thickness away from a protein heavy atom 
 CNSsolve>      ident (store4) (store1 and not (not (resn WAT or resn HOH or resn TIP* or resn ANI or resn DAN or resn XAN or resn DUM or resn SHA or hydro)) around $thickness) 
 CNSsolve>      delete sele= (byres (store2 or store3 or store4)) end 
 CNSsolve> 
 CNSsolve> 
 CNSsolve>      ! give waters unique segid name 
 CNSsolve>      eval ($segid= "W" 
 CNSsolve>             + encode($xcount) + encode($ycount) + encode($zcount)) 
 CNSsolve>      do (segid = $segid) (segid W000) 
 CNSsolve> 
 CNSsolve>    end loop wat3 
 CNSsolve>  end loop wat2 
 CNSsolve>  while ($ytrans < $ymtran) loop wat2 
 NEXTCD: condition evaluated as false
 CNSsolve>    eval ($ycount=$ycount+1) 
 CNSsolve>    eval ($ytrans = $ytrans + $boxlength) 
 CNSsolve> 
 CNSsolve>    eval ($zcount=0) 
 CNSsolve>    eval ($ztrans = $zmin - $thickness - $water_diam - $boxlength/2 ) 
 CNSsolve>    while ($ztrans < $zmtran) loop wat3 
 CNSsolve>      eval ($zcount=$zcount+1) 
 CNSsolve>      eval ($ztrans = $ztrans + $boxlength) 
 CNSsolve> 
 CNSsolve> 
 CNSsolve>      segment 
 CNSsolve>        name="    " 
 CNSsolve>        chain 
 CNSsolve>          coordinates @@RUN:protocols/boxtyp20.pdb 
 CNSsolve>        end 
 CNSsolve>      end 
 CNSsolve>      coor @@RUN:protocols/boxtyp20.pdb 
 CNSsolve>      do (segid=W000) (segid "    ") 
 CNSsolve>      coor sele=(segid W000) translate vector = ($xtrans $ytrans $ztrans) end 
 CNSsolve> 
 CNSsolve>      ! all new water oxygens 
 CNSsolve>      ident (store1) (segid W000 and name oh2) 
 CNSsolve>      ! all new water oxygens close to a protein heavy atom 
 CNSsolve>      ident (store2) (store1 and (not (resn WAT or resn HOH or resn TIP* or resn ANI or resn DAN or resn XAN or resn DUM or resn SHA or hydro)) around $pw_dist) 
 CNSsolve>      ! all new water oxygens close to old water oxygens 
 CNSsolve>      ident (store3) (store1 and (segid wat# and not hydro) around $water_diam) 
 CNSsolve>      ! all new water oxygens further than thickness away from a protein heavy atom 
 CNSsolve>      ident (store4) (store1 and not (not (resn WAT or resn HOH or resn TIP* or resn ANI or resn DAN or resn XAN or resn DUM or resn SHA or hydro)) around $thickness) 
 CNSsolve>      delete sele= (byres (store2 or store3 or store4)) end 
 CNSsolve> 
 CNSsolve> 
 CNSsolve>      ! give waters unique segid name 
 CNSsolve>      eval ($segid= "W" 
 CNSsolve>             + encode($xcount) + encode($ycount) + encode($zcount)) 
 CNSsolve>      do (segid = $segid) (segid W000) 
 CNSsolve> 
 CNSsolve>    end loop wat3 
 CNSsolve>  end loop wat2 
 CNSsolve>end loop wat1 
 CNSsolve>while ($xtrans < $xmtran) loop wat1 
 NEXTCD: condition evaluated as true
 CNSsolve>  eval ($xcount=$xcount+1) 
 EVALUATE: symbol $XCOUNT set to    5.00000     (real)
 CNSsolve>  eval ($xtrans = $xtrans + $boxlength) 
 EVALUATE: symbol $XTRANS set to    26.6860     (real)
 CNSsolve> 
 CNSsolve>  eval ($ycount=0) 
 EVALUATE: symbol $YCOUNT set to    0.00000     (real)
 CNSsolve>  eval ($ytrans = $ymin - $thickness - $water_diam - $boxlength/2 ) 
 EVALUATE: symbol $YTRANS set to   -32.2160     (real)
 CNSsolve>  while ($ytrans < $ymtran) loop wat2 
 NEXTCD: condition evaluated as true
 CNSsolve>    eval ($ycount=$ycount+1) 
 EVALUATE: symbol $YCOUNT set to    1.00000     (real)
 CNSsolve>    eval ($ytrans = $ytrans + $boxlength) 
 EVALUATE: symbol $YTRANS set to   -13.3600     (real)
 CNSsolve> 
 CNSsolve>    eval ($zcount=0) 
 EVALUATE: symbol $ZCOUNT set to    0.00000     (real)
 CNSsolve>    eval ($ztrans = $zmin - $thickness - $water_diam - $boxlength/2 ) 
 EVALUATE: symbol $ZTRANS set to   -32.0100     (real)
 CNSsolve>    while ($ztrans < $zmtran) loop wat3 
 NEXTCD: condition evaluated as true
 CNSsolve>      eval ($zcount=$zcount+1) 
 EVALUATE: symbol $ZCOUNT set to    1.00000     (real)
 CNSsolve>      eval ($ztrans = $ztrans + $boxlength) 
 EVALUATE: symbol $ZTRANS set to   -13.1540     (real)
 CNSsolve> 
 CNSsolve> 
 CNSsolve>      segment 
 SEGMENT>        name="    " 
 SEGMENT>        chain 
 CHAIN>          coordinates @@RUN:protocols/boxtyp20.pdb 
 ASSFIL: file boxtyp20.pdb opened.
 COOR>REMARKS *****  CHARMM water box from Charlie Brooks. ******** 
 COOR>REMARKS * This is a box of 216 3-site water molecules in the experimental 
 COOR>REMARKS * geometry.  It was constructed from an equilibrated 
 COOR>REMARKS * configuration of TIP3P (3-site water model of Jorgenson) 
 COOR>REMARKS * waters at 1 atm pressure and a density of 0.0334 molecules/A**-3. 
 COOR>REMARKS * The box edgelength is 18.856 A.  The minimum image periodic 
 COOR>REMARKS * boundary energy for this configuration using the TIP3P 
 COOR>REMARKS * potentials is -2150.6833 kcal/mol. 
 COOR>REMARKS 
 COOR>ATOM      1 OH2  WAT     1       2.531   0.596  -2.477        0.000 
 SEGMNT-info: chain termination due to END keyword.   216 residues were inserted into segid "    "
 CHAIN>        end 
 SEGMENT>      end 
 Status of internal molecular topology database:
 -> NATOM=       6653(MAXA=     1000000)  NBOND=       5101(MAXB=     1000000)
 -> NTHETA=      4844(MAXT=     2000000)  NGRP=        2196(MAXGRP=   1000000)
 -> NPHI=          22(MAXP=     2000000)  NIMPHI=      1110(MAXIMP=   1000000)
 -> NNB=          150(MAXNB=    1000000) 
 CNSsolve>      coor @@RUN:protocols/boxtyp20.pdb 
 ASSFIL: file boxtyp20.pdb opened.
 COOR>REMARKS *****  CHARMM water box from Charlie Brooks. ******** 
 COOR>REMARKS * This is a box of 216 3-site water molecules in the experimental 
 COOR>REMARKS * geometry.  It was constructed from an equilibrated 
 COOR>REMARKS * configuration of TIP3P (3-site water model of Jorgenson) 
 COOR>REMARKS * waters at 1 atm pressure and a density of 0.0334 molecules/A**-3. 
 COOR>REMARKS * The box edgelength is 18.856 A.  The minimum image periodic 
 COOR>REMARKS * boundary energy for this configuration using the TIP3P 
 COOR>REMARKS * potentials is -2150.6833 kcal/mol. 
 COOR>REMARKS 
 COOR>ATOM      1 OH2  WAT     1       2.531   0.596  -2.477        0.000 
 COOR>ATOM      2 H1   WAT     1       2.620   1.540  -2.609        0.000 
 CNSsolve>      do (segid=W000) (segid "    ") 
 Assuming literal string "W000"
 SELRPN:    648 atoms have been selected out of   6653
 CNSsolve>      coor sele=(segid W000) translate vector = ($xtrans $ytrans $ztrans) end 
 SELRPN:    648 atoms have been selected out of   6653
 COOR: using atom subset.
 COOR: translation vector =(    26.686000  -13.360000  -13.154000 )
 COOR: selected coordinates translated
 CNSsolve> 
 CNSsolve>      ! all new water oxygens 
 CNSsolve>      ident (store1) (segid W000 and name oh2) 
 SELRPN:    216 atoms have been selected out of   6653
 CNSsolve>      ! all new water oxygens close to a protein heavy atom 
 CNSsolve>      ident (store2) (store1 and (not (resn WAT or resn HOH or resn TIP* or resn ANI or resn DAN or resn XAN or resn DUM or resn SHA or hydro)) around $pw_dist) 
 SELRPN:      6 atoms have been selected out of   6653
 CNSsolve>      ! all new water oxygens close to old water oxygens 
 CNSsolve>      ident (store3) (store1 and (segid wat# and not hydro) around $water_diam) 
 SELRPN:      0 atoms have been selected out of   6653
 CNSsolve>      ! all new water oxygens further than thickness away from a protein heavy atom 
 CNSsolve>      ident (store4) (store1 and not (not (resn WAT or resn HOH or resn TIP* or resn ANI or resn DAN or resn XAN or resn DUM or resn SHA or hydro)) around $thickness) 
 SELRPN:    156 atoms have been selected out of   6653
 CNSsolve>      delete sele= (byres (store2 or store3 or store4)) end 
 SELRPN:    486 atoms have been selected out of   6653
 Status of internal molecular topology database:
 -> NATOM=       6167(MAXA=     1000000)  NBOND=       4777(MAXB=     1000000)
 -> NTHETA=      4682(MAXT=     2000000)  NGRP=        2034(MAXGRP=   1000000)
 -> NPHI=          22(MAXP=     2000000)  NIMPHI=      1110(MAXIMP=   1000000)
 -> NNB=          150(MAXNB=    1000000) 
 CNSsolve> 
 CNSsolve> 
 CNSsolve>      ! give waters unique segid name 
 CNSsolve>      eval ($segid= "W" 
 Expression=             + encode($xcount) + encode($ycount) + encode($zcount)) 
 EVALUATE: symbol $SEGID set to "W511" (string)
 CNSsolve>      do (segid = $segid) (segid W000) 
 SELRPN:    162 atoms have been selected out of   6167
 CNSsolve> 
 CNSsolve>    end loop wat3 
 CNSsolve>    while ($ztrans < $zmtran) loop wat3 
 NEXTCD: condition evaluated as true
 CNSsolve>      eval ($zcount=$zcount+1) 
 EVALUATE: symbol $ZCOUNT set to    2.00000     (real)
 CNSsolve>      eval ($ztrans = $ztrans + $boxlength) 
 EVALUATE: symbol $ZTRANS set to    5.70200     (real)
 CNSsolve> 
 CNSsolve> 
 CNSsolve>      segment 
 SEGMENT>        name="    " 
 SEGMENT>        chain 
 CHAIN>          coordinates @@RUN:protocols/boxtyp20.pdb 
 ASSFIL: file boxtyp20.pdb opened.
 COOR>REMARKS *****  CHARMM water box from Charlie Brooks. ******** 
 COOR>REMARKS * This is a box of 216 3-site water molecules in the experimental 
 COOR>REMARKS * geometry.  It was constructed from an equilibrated 
 COOR>REMARKS * configuration of TIP3P (3-site water model of Jorgenson) 
 COOR>REMARKS * waters at 1 atm pressure and a density of 0.0334 molecules/A**-3. 
 COOR>REMARKS * The box edgelength is 18.856 A.  The minimum image periodic 
 COOR>REMARKS * boundary energy for this configuration using the TIP3P 
 COOR>REMARKS * potentials is -2150.6833 kcal/mol. 
 COOR>REMARKS 
 COOR>ATOM      1 OH2  WAT     1       2.531   0.596  -2.477        0.000 
 SEGMNT-info: chain termination due to END keyword.   216 residues were inserted into segid "    "
 CHAIN>        end 
 SEGMENT>      end 
 Status of internal molecular topology database:
 -> NATOM=       6815(MAXA=     1000000)  NBOND=       5209(MAXB=     1000000)
 -> NTHETA=      4898(MAXT=     2000000)  NGRP=        2250(MAXGRP=   1000000)
 -> NPHI=          22(MAXP=     2000000)  NIMPHI=      1110(MAXIMP=   1000000)
 -> NNB=          150(MAXNB=    1000000) 
 CNSsolve>      coor @@RUN:protocols/boxtyp20.pdb 
 ASSFIL: file boxtyp20.pdb opened.
 COOR>REMARKS *****  CHARMM water box from Charlie Brooks. ******** 
 COOR>REMARKS * This is a box of 216 3-site water molecules in the experimental 
 COOR>REMARKS * geometry.  It was constructed from an equilibrated 
 COOR>REMARKS * configuration of TIP3P (3-site water model of Jorgenson) 
 COOR>REMARKS * waters at 1 atm pressure and a density of 0.0334 molecules/A**-3. 
 COOR>REMARKS * The box edgelength is 18.856 A.  The minimum image periodic 
 COOR>REMARKS * boundary energy for this configuration using the TIP3P 
 COOR>REMARKS * potentials is -2150.6833 kcal/mol. 
 COOR>REMARKS 
 COOR>ATOM      1 OH2  WAT     1       2.531   0.596  -2.477        0.000 
 COOR>ATOM      2 H1   WAT     1       2.620   1.540  -2.609        0.000 
 CNSsolve>      do (segid=W000) (segid "    ") 
 Assuming literal string "W000"
 SELRPN:    648 atoms have been selected out of   6815
 CNSsolve>      coor sele=(segid W000) translate vector = ($xtrans $ytrans $ztrans) end 
 SELRPN:    648 atoms have been selected out of   6815
 COOR: using atom subset.
 COOR: translation vector =(    26.686000  -13.360000    5.702000 )
 COOR: selected coordinates translated
 CNSsolve> 
 CNSsolve>      ! all new water oxygens 
 CNSsolve>      ident (store1) (segid W000 and name oh2) 
 SELRPN:    216 atoms have been selected out of   6815
 CNSsolve>      ! all new water oxygens close to a protein heavy atom 
 CNSsolve>      ident (store2) (store1 and (not (resn WAT or resn HOH or resn TIP* or resn ANI or resn DAN or resn XAN or resn DUM or resn SHA or hydro)) around $pw_dist) 
 SELRPN:     17 atoms have been selected out of   6815
 CNSsolve>      ! all new water oxygens close to old water oxygens 
 CNSsolve>      ident (store3) (store1 and (segid wat# and not hydro) around $water_diam) 
 SELRPN:      0 atoms have been selected out of   6815
 CNSsolve>      ! all new water oxygens further than thickness away from a protein heavy atom 
 CNSsolve>      ident (store4) (store1 and not (not (resn WAT or resn HOH or resn TIP* or resn ANI or resn DAN or resn XAN or resn DUM or resn SHA or hydro)) around $thickness) 
 SELRPN:    109 atoms have been selected out of   6815
 CNSsolve>      delete sele= (byres (store2 or store3 or store4)) end 
 SELRPN:    378 atoms have been selected out of   6815
 Status of internal molecular topology database:
 -> NATOM=       6437(MAXA=     1000000)  NBOND=       4957(MAXB=     1000000)
 -> NTHETA=      4772(MAXT=     2000000)  NGRP=        2124(MAXGRP=   1000000)
 -> NPHI=          22(MAXP=     2000000)  NIMPHI=      1110(MAXIMP=   1000000)
 -> NNB=          150(MAXNB=    1000000) 
 CNSsolve> 
 CNSsolve> 
 CNSsolve>      ! give waters unique segid name 
 CNSsolve>      eval ($segid= "W" 
 Expression=             + encode($xcount) + encode($ycount) + encode($zcount)) 
 EVALUATE: symbol $SEGID set to "W512" (string)
 CNSsolve>      do (segid = $segid) (segid W000) 
 SELRPN:    270 atoms have been selected out of   6437
 CNSsolve> 
 CNSsolve>    end loop wat3 
 CNSsolve>    while ($ztrans < $zmtran) loop wat3 
 NEXTCD: condition evaluated as true
 CNSsolve>      eval ($zcount=$zcount+1) 
 EVALUATE: symbol $ZCOUNT set to    3.00000     (real)
 CNSsolve>      eval ($ztrans = $ztrans + $boxlength) 
 EVALUATE: symbol $ZTRANS set to    24.5580     (real)
 CNSsolve> 
 CNSsolve> 
 CNSsolve>      segment 
 SEGMENT>        name="    " 
 SEGMENT>        chain 
 CHAIN>          coordinates @@RUN:protocols/boxtyp20.pdb 
 ASSFIL: file boxtyp20.pdb opened.
 COOR>REMARKS *****  CHARMM water box from Charlie Brooks. ******** 
 COOR>REMARKS * This is a box of 216 3-site water molecules in the experimental 
 COOR>REMARKS * geometry.  It was constructed from an equilibrated 
 COOR>REMARKS * configuration of TIP3P (3-site water model of Jorgenson) 
 COOR>REMARKS * waters at 1 atm pressure and a density of 0.0334 molecules/A**-3. 
 COOR>REMARKS * The box edgelength is 18.856 A.  The minimum image periodic 
 COOR>REMARKS * boundary energy for this configuration using the TIP3P 
 COOR>REMARKS * potentials is -2150.6833 kcal/mol. 
 COOR>REMARKS 
 COOR>ATOM      1 OH2  WAT     1       2.531   0.596  -2.477        0.000 
 SEGMNT-info: chain termination due to END keyword.   216 residues were inserted into segid "    "
 CHAIN>        end 
 SEGMENT>      end 
 Status of internal molecular topology database:
 -> NATOM=       7085(MAXA=     1000000)  NBOND=       5389(MAXB=     1000000)
 -> NTHETA=      4988(MAXT=     2000000)  NGRP=        2340(MAXGRP=   1000000)
 -> NPHI=          22(MAXP=     2000000)  NIMPHI=      1110(MAXIMP=   1000000)
 -> NNB=          150(MAXNB=    1000000) 
 CNSsolve>      coor @@RUN:protocols/boxtyp20.pdb 
 ASSFIL: file boxtyp20.pdb opened.
 COOR>REMARKS *****  CHARMM water box from Charlie Brooks. ******** 
 COOR>REMARKS * This is a box of 216 3-site water molecules in the experimental 
 COOR>REMARKS * geometry.  It was constructed from an equilibrated 
 COOR>REMARKS * configuration of TIP3P (3-site water model of Jorgenson) 
 COOR>REMARKS * waters at 1 atm pressure and a density of 0.0334 molecules/A**-3. 
 COOR>REMARKS * The box edgelength is 18.856 A.  The minimum image periodic 
 COOR>REMARKS * boundary energy for this configuration using the TIP3P 
 COOR>REMARKS * potentials is -2150.6833 kcal/mol. 
 COOR>REMARKS 
 COOR>ATOM      1 OH2  WAT     1       2.531   0.596  -2.477        0.000 
 COOR>ATOM      2 H1   WAT     1       2.620   1.540  -2.609        0.000 
 CNSsolve>      do (segid=W000) (segid "    ") 
 Assuming literal string "W000"
 SELRPN:    648 atoms have been selected out of   7085
 CNSsolve>      coor sele=(segid W000) translate vector = ($xtrans $ytrans $ztrans) end 
 SELRPN:    648 atoms have been selected out of   7085
 COOR: using atom subset.
 COOR: translation vector =(    26.686000  -13.360000   24.558000 )
 COOR: selected coordinates translated
 CNSsolve> 
 CNSsolve>      ! all new water oxygens 
 CNSsolve>      ident (store1) (segid W000 and name oh2) 
 SELRPN:    216 atoms have been selected out of   7085
 CNSsolve>      ! all new water oxygens close to a protein heavy atom 
 CNSsolve>      ident (store2) (store1 and (not (resn WAT or resn HOH or resn TIP* or resn ANI or resn DAN or resn XAN or resn DUM or resn SHA or hydro)) around $pw_dist) 
 SELRPN:      0 atoms have been selected out of   7085
 CNSsolve>      ! all new water oxygens close to old water oxygens 
 CNSsolve>      ident (store3) (store1 and (segid wat# and not hydro) around $water_diam) 
 SELRPN:      0 atoms have been selected out of   7085
 CNSsolve>      ! all new water oxygens further than thickness away from a protein heavy atom 
 CNSsolve>      ident (store4) (store1 and not (not (resn WAT or resn HOH or resn TIP* or resn ANI or resn DAN or resn XAN or resn DUM or resn SHA or hydro)) around $thickness) 
 SELRPN:    212 atoms have been selected out of   7085
 CNSsolve>      delete sele= (byres (store2 or store3 or store4)) end 
 SELRPN:    636 atoms have been selected out of   7085
 Status of internal molecular topology database:
 -> NATOM=       6449(MAXA=     1000000)  NBOND=       4965(MAXB=     1000000)
 -> NTHETA=      4776(MAXT=     2000000)  NGRP=        2128(MAXGRP=   1000000)
 -> NPHI=          22(MAXP=     2000000)  NIMPHI=      1110(MAXIMP=   1000000)
 -> NNB=          150(MAXNB=    1000000) 
 CNSsolve> 
 CNSsolve> 
 CNSsolve>      ! give waters unique segid name 
 CNSsolve>      eval ($segid= "W" 
 Expression=             + encode($xcount) + encode($ycount) + encode($zcount)) 
 EVALUATE: symbol $SEGID set to "W513" (string)
 CNSsolve>      do (segid = $segid) (segid W000) 
 SELRPN:     12 atoms have been selected out of   6449
 CNSsolve> 
 CNSsolve>    end loop wat3 
 CNSsolve>    while ($ztrans < $zmtran) loop wat3 
 NEXTCD: condition evaluated as false
 CNSsolve>      eval ($zcount=$zcount+1) 
 CNSsolve>      eval ($ztrans = $ztrans + $boxlength) 
 CNSsolve> 
 CNSsolve> 
 CNSsolve>      segment 
 CNSsolve>        name="    " 
 CNSsolve>        chain 
 CNSsolve>          coordinates @@RUN:protocols/boxtyp20.pdb 
 CNSsolve>        end 
 CNSsolve>      end 
 CNSsolve>      coor @@RUN:protocols/boxtyp20.pdb 
 CNSsolve>      do (segid=W000) (segid "    ") 
 CNSsolve>      coor sele=(segid W000) translate vector = ($xtrans $ytrans $ztrans) end 
 CNSsolve> 
 CNSsolve>      ! all new water oxygens 
 CNSsolve>      ident (store1) (segid W000 and name oh2) 
 CNSsolve>      ! all new water oxygens close to a protein heavy atom 
 CNSsolve>      ident (store2) (store1 and (not (resn WAT or resn HOH or resn TIP* or resn ANI or resn DAN or resn XAN or resn DUM or resn SHA or hydro)) around $pw_dist) 
 CNSsolve>      ! all new water oxygens close to old water oxygens 
 CNSsolve>      ident (store3) (store1 and (segid wat# and not hydro) around $water_diam) 
 CNSsolve>      ! all new water oxygens further than thickness away from a protein heavy atom 
 CNSsolve>      ident (store4) (store1 and not (not (resn WAT or resn HOH or resn TIP* or resn ANI or resn DAN or resn XAN or resn DUM or resn SHA or hydro)) around $thickness) 
 CNSsolve>      delete sele= (byres (store2 or store3 or store4)) end 
 CNSsolve> 
 CNSsolve> 
 CNSsolve>      ! give waters unique segid name 
 CNSsolve>      eval ($segid= "W" 
 CNSsolve>             + encode($xcount) + encode($ycount) + encode($zcount)) 
 CNSsolve>      do (segid = $segid) (segid W000) 
 CNSsolve> 
 CNSsolve>    end loop wat3 
 CNSsolve>  end loop wat2 
 CNSsolve>  while ($ytrans < $ymtran) loop wat2 
 NEXTCD: condition evaluated as true
 CNSsolve>    eval ($ycount=$ycount+1) 
 EVALUATE: symbol $YCOUNT set to    2.00000     (real)
 CNSsolve>    eval ($ytrans = $ytrans + $boxlength) 
 EVALUATE: symbol $YTRANS set to    5.49600     (real)
 CNSsolve> 
 CNSsolve>    eval ($zcount=0) 
 EVALUATE: symbol $ZCOUNT set to    0.00000     (real)
 CNSsolve>    eval ($ztrans = $zmin - $thickness - $water_diam - $boxlength/2 ) 
 EVALUATE: symbol $ZTRANS set to   -32.0100     (real)
 CNSsolve>    while ($ztrans < $zmtran) loop wat3 
 NEXTCD: condition evaluated as true
 CNSsolve>      eval ($zcount=$zcount+1) 
 EVALUATE: symbol $ZCOUNT set to    1.00000     (real)
 CNSsolve>      eval ($ztrans = $ztrans + $boxlength) 
 EVALUATE: symbol $ZTRANS set to   -13.1540     (real)
 CNSsolve> 
 CNSsolve> 
 CNSsolve>      segment 
 SEGMENT>        name="    " 
 SEGMENT>        chain 
 CHAIN>          coordinates @@RUN:protocols/boxtyp20.pdb 
 ASSFIL: file boxtyp20.pdb opened.
 COOR>REMARKS *****  CHARMM water box from Charlie Brooks. ******** 
 COOR>REMARKS * This is a box of 216 3-site water molecules in the experimental 
 COOR>REMARKS * geometry.  It was constructed from an equilibrated 
 COOR>REMARKS * configuration of TIP3P (3-site water model of Jorgenson) 
 COOR>REMARKS * waters at 1 atm pressure and a density of 0.0334 molecules/A**-3. 
 COOR>REMARKS * The box edgelength is 18.856 A.  The minimum image periodic 
 COOR>REMARKS * boundary energy for this configuration using the TIP3P 
 COOR>REMARKS * potentials is -2150.6833 kcal/mol. 
 COOR>REMARKS 
 COOR>ATOM      1 OH2  WAT     1       2.531   0.596  -2.477        0.000 
 SEGMNT-info: chain termination due to END keyword.   216 residues were inserted into segid "    "
 CHAIN>        end 
 SEGMENT>      end 
 Status of internal molecular topology database:
 -> NATOM=       7097(MAXA=     1000000)  NBOND=       5397(MAXB=     1000000)
 -> NTHETA=      4992(MAXT=     2000000)  NGRP=        2344(MAXGRP=   1000000)
 -> NPHI=          22(MAXP=     2000000)  NIMPHI=      1110(MAXIMP=   1000000)
 -> NNB=          150(MAXNB=    1000000) 
 CNSsolve>      coor @@RUN:protocols/boxtyp20.pdb 
 ASSFIL: file boxtyp20.pdb opened.
 COOR>REMARKS *****  CHARMM water box from Charlie Brooks. ******** 
 COOR>REMARKS * This is a box of 216 3-site water molecules in the experimental 
 COOR>REMARKS * geometry.  It was constructed from an equilibrated 
 COOR>REMARKS * configuration of TIP3P (3-site water model of Jorgenson) 
 COOR>REMARKS * waters at 1 atm pressure and a density of 0.0334 molecules/A**-3. 
 COOR>REMARKS * The box edgelength is 18.856 A.  The minimum image periodic 
 COOR>REMARKS * boundary energy for this configuration using the TIP3P 
 COOR>REMARKS * potentials is -2150.6833 kcal/mol. 
 COOR>REMARKS 
 COOR>ATOM      1 OH2  WAT     1       2.531   0.596  -2.477        0.000 
 COOR>ATOM      2 H1   WAT     1       2.620   1.540  -2.609        0.000 
 CNSsolve>      do (segid=W000) (segid "    ") 
 Assuming literal string "W000"
 SELRPN:    648 atoms have been selected out of   7097
 CNSsolve>      coor sele=(segid W000) translate vector = ($xtrans $ytrans $ztrans) end 
 SELRPN:    648 atoms have been selected out of   7097
 COOR: using atom subset.
 COOR: translation vector =(    26.686000    5.496000  -13.154000 )
 COOR: selected coordinates translated
 CNSsolve> 
 CNSsolve>      ! all new water oxygens 
 CNSsolve>      ident (store1) (segid W000 and name oh2) 
 SELRPN:    216 atoms have been selected out of   7097
 CNSsolve>      ! all new water oxygens close to a protein heavy atom 
 CNSsolve>      ident (store2) (store1 and (not (resn WAT or resn HOH or resn TIP* or resn ANI or resn DAN or resn XAN or resn DUM or resn SHA or hydro)) around $pw_dist) 
 SELRPN:     26 atoms have been selected out of   7097
 CNSsolve>      ! all new water oxygens close to old water oxygens 
 CNSsolve>      ident (store3) (store1 and (segid wat# and not hydro) around $water_diam) 
 SELRPN:      0 atoms have been selected out of   7097
 CNSsolve>      ! all new water oxygens further than thickness away from a protein heavy atom 
 CNSsolve>      ident (store4) (store1 and not (not (resn WAT or resn HOH or resn TIP* or resn ANI or resn DAN or resn XAN or resn DUM or resn SHA or hydro)) around $thickness) 
 SELRPN:     91 atoms have been selected out of   7097
 CNSsolve>      delete sele= (byres (store2 or store3 or store4)) end 
 SELRPN:    351 atoms have been selected out of   7097
 Status of internal molecular topology database:
 -> NATOM=       6746(MAXA=     1000000)  NBOND=       5163(MAXB=     1000000)
 -> NTHETA=      4875(MAXT=     2000000)  NGRP=        2227(MAXGRP=   1000000)
 -> NPHI=          22(MAXP=     2000000)  NIMPHI=      1110(MAXIMP=   1000000)
 -> NNB=          150(MAXNB=    1000000) 
 CNSsolve> 
 CNSsolve> 
 CNSsolve>      ! give waters unique segid name 
 CNSsolve>      eval ($segid= "W" 
 Expression=             + encode($xcount) + encode($ycount) + encode($zcount)) 
 EVALUATE: symbol $SEGID set to "W521" (string)
 CNSsolve>      do (segid = $segid) (segid W000) 
 SELRPN:    297 atoms have been selected out of   6746
 CNSsolve> 
 CNSsolve>    end loop wat3 
 CNSsolve>    while ($ztrans < $zmtran) loop wat3 
 NEXTCD: condition evaluated as true
 CNSsolve>      eval ($zcount=$zcount+1) 
 EVALUATE: symbol $ZCOUNT set to    2.00000     (real)
 CNSsolve>      eval ($ztrans = $ztrans + $boxlength) 
 EVALUATE: symbol $ZTRANS set to    5.70200     (real)
 CNSsolve> 
 CNSsolve> 
 CNSsolve>      segment 
 SEGMENT>        name="    " 
 SEGMENT>        chain 
 CHAIN>          coordinates @@RUN:protocols/boxtyp20.pdb 
 ASSFIL: file boxtyp20.pdb opened.
 COOR>REMARKS *****  CHARMM water box from Charlie Brooks. ******** 
 COOR>REMARKS * This is a box of 216 3-site water molecules in the experimental 
 COOR>REMARKS * geometry.  It was constructed from an equilibrated 
 COOR>REMARKS * configuration of TIP3P (3-site water model of Jorgenson) 
 COOR>REMARKS * waters at 1 atm pressure and a density of 0.0334 molecules/A**-3. 
 COOR>REMARKS * The box edgelength is 18.856 A.  The minimum image periodic 
 COOR>REMARKS * boundary energy for this configuration using the TIP3P 
 COOR>REMARKS * potentials is -2150.6833 kcal/mol. 
 COOR>REMARKS 
 COOR>ATOM      1 OH2  WAT     1       2.531   0.596  -2.477        0.000 
 SEGMNT-info: chain termination due to END keyword.   216 residues were inserted into segid "    "
 CHAIN>        end 
 SEGMENT>      end 
 Status of internal molecular topology database:
 -> NATOM=       7394(MAXA=     1000000)  NBOND=       5595(MAXB=     1000000)
 -> NTHETA=      5091(MAXT=     2000000)  NGRP=        2443(MAXGRP=   1000000)
 -> NPHI=          22(MAXP=     2000000)  NIMPHI=      1110(MAXIMP=   1000000)
 -> NNB=          150(MAXNB=    1000000) 
 CNSsolve>      coor @@RUN:protocols/boxtyp20.pdb 
 ASSFIL: file boxtyp20.pdb opened.
 COOR>REMARKS *****  CHARMM water box from Charlie Brooks. ******** 
 COOR>REMARKS * This is a box of 216 3-site water molecules in the experimental 
 COOR>REMARKS * geometry.  It was constructed from an equilibrated 
 COOR>REMARKS * configuration of TIP3P (3-site water model of Jorgenson) 
 COOR>REMARKS * waters at 1 atm pressure and a density of 0.0334 molecules/A**-3. 
 COOR>REMARKS * The box edgelength is 18.856 A.  The minimum image periodic 
 COOR>REMARKS * boundary energy for this configuration using the TIP3P 
 COOR>REMARKS * potentials is -2150.6833 kcal/mol. 
 COOR>REMARKS 
 COOR>ATOM      1 OH2  WAT     1       2.531   0.596  -2.477        0.000 
 COOR>ATOM      2 H1   WAT     1       2.620   1.540  -2.609        0.000 
 CNSsolve>      do (segid=W000) (segid "    ") 
 Assuming literal string "W000"
 SELRPN:    648 atoms have been selected out of   7394
 CNSsolve>      coor sele=(segid W000) translate vector = ($xtrans $ytrans $ztrans) end 
 SELRPN:    648 atoms have been selected out of   7394
 COOR: using atom subset.
 COOR: translation vector =(    26.686000    5.496000    5.702000 )
 COOR: selected coordinates translated
 CNSsolve> 
 CNSsolve>      ! all new water oxygens 
 CNSsolve>      ident (store1) (segid W000 and name oh2) 
 SELRPN:    216 atoms have been selected out of   7394
 CNSsolve>      ! all new water oxygens close to a protein heavy atom 
 CNSsolve>      ident (store2) (store1 and (not (resn WAT or resn HOH or resn TIP* or resn ANI or resn DAN or resn XAN or resn DUM or resn SHA or hydro)) around $pw_dist) 
 SELRPN:     82 atoms have been selected out of   7394
 CNSsolve>      ! all new water oxygens close to old water oxygens 
 CNSsolve>      ident (store3) (store1 and (segid wat# and not hydro) around $water_diam) 
 SELRPN:      0 atoms have been selected out of   7394
 CNSsolve>      ! all new water oxygens further than thickness away from a protein heavy atom 
 CNSsolve>      ident (store4) (store1 and not (not (resn WAT or resn HOH or resn TIP* or resn ANI or resn DAN or resn XAN or resn DUM or resn SHA or hydro)) around $thickness) 
 SELRPN:     10 atoms have been selected out of   7394
 CNSsolve>      delete sele= (byres (store2 or store3 or store4)) end 
 SELRPN:    276 atoms have been selected out of   7394
 Status of internal molecular topology database:
 -> NATOM=       7118(MAXA=     1000000)  NBOND=       5411(MAXB=     1000000)
 -> NTHETA=      4999(MAXT=     2000000)  NGRP=        2351(MAXGRP=   1000000)
 -> NPHI=          22(MAXP=     2000000)  NIMPHI=      1110(MAXIMP=   1000000)
 -> NNB=          150(MAXNB=    1000000) 
 CNSsolve> 
 CNSsolve> 
 CNSsolve>      ! give waters unique segid name 
 CNSsolve>      eval ($segid= "W" 
 Expression=             + encode($xcount) + encode($ycount) + encode($zcount)) 
 EVALUATE: symbol $SEGID set to "W522" (string)
 CNSsolve>      do (segid = $segid) (segid W000) 
 SELRPN:    372 atoms have been selected out of   7118
 CNSsolve> 
 CNSsolve>    end loop wat3 
 CNSsolve>    while ($ztrans < $zmtran) loop wat3 
 NEXTCD: condition evaluated as true
 CNSsolve>      eval ($zcount=$zcount+1) 
 EVALUATE: symbol $ZCOUNT set to    3.00000     (real)
 CNSsolve>      eval ($ztrans = $ztrans + $boxlength) 
 EVALUATE: symbol $ZTRANS set to    24.5580     (real)
 CNSsolve> 
 CNSsolve> 
 CNSsolve>      segment 
 SEGMENT>        name="    " 
 SEGMENT>        chain 
 CHAIN>          coordinates @@RUN:protocols/boxtyp20.pdb 
 ASSFIL: file boxtyp20.pdb opened.
 COOR>REMARKS *****  CHARMM water box from Charlie Brooks. ******** 
 COOR>REMARKS * This is a box of 216 3-site water molecules in the experimental 
 COOR>REMARKS * geometry.  It was constructed from an equilibrated 
 COOR>REMARKS * configuration of TIP3P (3-site water model of Jorgenson) 
 COOR>REMARKS * waters at 1 atm pressure and a density of 0.0334 molecules/A**-3. 
 COOR>REMARKS * The box edgelength is 18.856 A.  The minimum image periodic 
 COOR>REMARKS * boundary energy for this configuration using the TIP3P 
 COOR>REMARKS * potentials is -2150.6833 kcal/mol. 
 COOR>REMARKS 
 COOR>ATOM      1 OH2  WAT     1       2.531   0.596  -2.477        0.000 
 SEGMNT-info: chain termination due to END keyword.   216 residues were inserted into segid "    "
 CHAIN>        end 
 SEGMENT>      end 
 Status of internal molecular topology database:
 -> NATOM=       7766(MAXA=     1000000)  NBOND=       5843(MAXB=     1000000)
 -> NTHETA=      5215(MAXT=     2000000)  NGRP=        2567(MAXGRP=   1000000)
 -> NPHI=          22(MAXP=     2000000)  NIMPHI=      1110(MAXIMP=   1000000)
 -> NNB=          150(MAXNB=    1000000) 
 CNSsolve>      coor @@RUN:protocols/boxtyp20.pdb 
 ASSFIL: file boxtyp20.pdb opened.
 COOR>REMARKS *****  CHARMM water box from Charlie Brooks. ******** 
 COOR>REMARKS * This is a box of 216 3-site water molecules in the experimental 
 COOR>REMARKS * geometry.  It was constructed from an equilibrated 
 COOR>REMARKS * configuration of TIP3P (3-site water model of Jorgenson) 
 COOR>REMARKS * waters at 1 atm pressure and a density of 0.0334 molecules/A**-3. 
 COOR>REMARKS * The box edgelength is 18.856 A.  The minimum image periodic 
 COOR>REMARKS * boundary energy for this configuration using the TIP3P 
 COOR>REMARKS * potentials is -2150.6833 kcal/mol. 
 COOR>REMARKS 
 COOR>ATOM      1 OH2  WAT     1       2.531   0.596  -2.477        0.000 
 COOR>ATOM      2 H1   WAT     1       2.620   1.540  -2.609        0.000 
 CNSsolve>      do (segid=W000) (segid "    ") 
 Assuming literal string "W000"
 SELRPN:    648 atoms have been selected out of   7766
 CNSsolve>      coor sele=(segid W000) translate vector = ($xtrans $ytrans $ztrans) end 
 SELRPN:    648 atoms have been selected out of   7766
 COOR: using atom subset.
 COOR: translation vector =(    26.686000    5.496000   24.558000 )
 COOR: selected coordinates translated
 CNSsolve> 
 CNSsolve>      ! all new water oxygens 
 CNSsolve>      ident (store1) (segid W000 and name oh2) 
 SELRPN:    216 atoms have been selected out of   7766
 CNSsolve>      ! all new water oxygens close to a protein heavy atom 
 CNSsolve>      ident (store2) (store1 and (not (resn WAT or resn HOH or resn TIP* or resn ANI or resn DAN or resn XAN or resn DUM or resn SHA or hydro)) around $pw_dist) 
 SELRPN:      0 atoms have been selected out of   7766
 CNSsolve>      ! all new water oxygens close to old water oxygens 
 CNSsolve>      ident (store3) (store1 and (segid wat# and not hydro) around $water_diam) 
 SELRPN:      0 atoms have been selected out of   7766
 CNSsolve>      ! all new water oxygens further than thickness away from a protein heavy atom 
 CNSsolve>      ident (store4) (store1 and not (not (resn WAT or resn HOH or resn TIP* or resn ANI or resn DAN or resn XAN or resn DUM or resn SHA or hydro)) around $thickness) 
 SELRPN:    205 atoms have been selected out of   7766
 CNSsolve>      delete sele= (byres (store2 or store3 or store4)) end 
 SELRPN:    615 atoms have been selected out of   7766
 Status of internal molecular topology database:
 -> NATOM=       7151(MAXA=     1000000)  NBOND=       5433(MAXB=     1000000)
 -> NTHETA=      5010(MAXT=     2000000)  NGRP=        2362(MAXGRP=   1000000)
 -> NPHI=          22(MAXP=     2000000)  NIMPHI=      1110(MAXIMP=   1000000)
 -> NNB=          150(MAXNB=    1000000) 
 CNSsolve> 
 CNSsolve> 
 CNSsolve>      ! give waters unique segid name 
 CNSsolve>      eval ($segid= "W" 
 Expression=             + encode($xcount) + encode($ycount) + encode($zcount)) 
 EVALUATE: symbol $SEGID set to "W523" (string)
 CNSsolve>      do (segid = $segid) (segid W000) 
 SELRPN:     33 atoms have been selected out of   7151
 CNSsolve> 
 CNSsolve>    end loop wat3 
 CNSsolve>    while ($ztrans < $zmtran) loop wat3 
 NEXTCD: condition evaluated as false
 CNSsolve>      eval ($zcount=$zcount+1) 
 CNSsolve>      eval ($ztrans = $ztrans + $boxlength) 
 CNSsolve> 
 CNSsolve> 
 CNSsolve>      segment 
 CNSsolve>        name="    " 
 CNSsolve>        chain 
 CNSsolve>          coordinates @@RUN:protocols/boxtyp20.pdb 
 CNSsolve>        end 
 CNSsolve>      end 
 CNSsolve>      coor @@RUN:protocols/boxtyp20.pdb 
 CNSsolve>      do (segid=W000) (segid "    ") 
 CNSsolve>      coor sele=(segid W000) translate vector = ($xtrans $ytrans $ztrans) end 
 CNSsolve> 
 CNSsolve>      ! all new water oxygens 
 CNSsolve>      ident (store1) (segid W000 and name oh2) 
 CNSsolve>      ! all new water oxygens close to a protein heavy atom 
 CNSsolve>      ident (store2) (store1 and (not (resn WAT or resn HOH or resn TIP* or resn ANI or resn DAN or resn XAN or resn DUM or resn SHA or hydro)) around $pw_dist) 
 CNSsolve>      ! all new water oxygens close to old water oxygens 
 CNSsolve>      ident (store3) (store1 and (segid wat# and not hydro) around $water_diam) 
 CNSsolve>      ! all new water oxygens further than thickness away from a protein heavy atom 
 CNSsolve>      ident (store4) (store1 and not (not (resn WAT or resn HOH or resn TIP* or resn ANI or resn DAN or resn XAN or resn DUM or resn SHA or hydro)) around $thickness) 
 CNSsolve>      delete sele= (byres (store2 or store3 or store4)) end 
 CNSsolve> 
 CNSsolve> 
 CNSsolve>      ! give waters unique segid name 
 CNSsolve>      eval ($segid= "W" 
 CNSsolve>             + encode($xcount) + encode($ycount) + encode($zcount)) 
 CNSsolve>      do (segid = $segid) (segid W000) 
 CNSsolve> 
 CNSsolve>    end loop wat3 
 CNSsolve>  end loop wat2 
 CNSsolve>  while ($ytrans < $ymtran) loop wat2 
 NEXTCD: condition evaluated as true
 CNSsolve>    eval ($ycount=$ycount+1) 
 EVALUATE: symbol $YCOUNT set to    3.00000     (real)
 CNSsolve>    eval ($ytrans = $ytrans + $boxlength) 
 EVALUATE: symbol $YTRANS set to    24.3520     (real)
 CNSsolve> 
 CNSsolve>    eval ($zcount=0) 
 EVALUATE: symbol $ZCOUNT set to    0.00000     (real)
 CNSsolve>    eval ($ztrans = $zmin - $thickness - $water_diam - $boxlength/2 ) 
 EVALUATE: symbol $ZTRANS set to   -32.0100     (real)
 CNSsolve>    while ($ztrans < $zmtran) loop wat3 
 NEXTCD: condition evaluated as true
 CNSsolve>      eval ($zcount=$zcount+1) 
 EVALUATE: symbol $ZCOUNT set to    1.00000     (real)
 CNSsolve>      eval ($ztrans = $ztrans + $boxlength) 
 EVALUATE: symbol $ZTRANS set to   -13.1540     (real)
 CNSsolve> 
 CNSsolve> 
 CNSsolve>      segment 
 SEGMENT>        name="    " 
 SEGMENT>        chain 
 CHAIN>          coordinates @@RUN:protocols/boxtyp20.pdb 
 ASSFIL: file boxtyp20.pdb opened.
 COOR>REMARKS *****  CHARMM water box from Charlie Brooks. ******** 
 COOR>REMARKS * This is a box of 216 3-site water molecules in the experimental 
 COOR>REMARKS * geometry.  It was constructed from an equilibrated 
 COOR>REMARKS * configuration of TIP3P (3-site water model of Jorgenson) 
 COOR>REMARKS * waters at 1 atm pressure and a density of 0.0334 molecules/A**-3. 
 COOR>REMARKS * The box edgelength is 18.856 A.  The minimum image periodic 
 COOR>REMARKS * boundary energy for this configuration using the TIP3P 
 COOR>REMARKS * potentials is -2150.6833 kcal/mol. 
 COOR>REMARKS 
 COOR>ATOM      1 OH2  WAT     1       2.531   0.596  -2.477        0.000 
 SEGMNT-info: chain termination due to END keyword.   216 residues were inserted into segid "    "
 CHAIN>        end 
 SEGMENT>      end 
 Status of internal molecular topology database:
 -> NATOM=       7799(MAXA=     1000000)  NBOND=       5865(MAXB=     1000000)
 -> NTHETA=      5226(MAXT=     2000000)  NGRP=        2578(MAXGRP=   1000000)
 -> NPHI=          22(MAXP=     2000000)  NIMPHI=      1110(MAXIMP=   1000000)
 -> NNB=          150(MAXNB=    1000000) 
 CNSsolve>      coor @@RUN:protocols/boxtyp20.pdb 
 ASSFIL: file boxtyp20.pdb opened.
 COOR>REMARKS *****  CHARMM water box from Charlie Brooks. ******** 
 COOR>REMARKS * This is a box of 216 3-site water molecules in the experimental 
 COOR>REMARKS * geometry.  It was constructed from an equilibrated 
 COOR>REMARKS * configuration of TIP3P (3-site water model of Jorgenson) 
 COOR>REMARKS * waters at 1 atm pressure and a density of 0.0334 molecules/A**-3. 
 COOR>REMARKS * The box edgelength is 18.856 A.  The minimum image periodic 
 COOR>REMARKS * boundary energy for this configuration using the TIP3P 
 COOR>REMARKS * potentials is -2150.6833 kcal/mol. 
 COOR>REMARKS 
 COOR>ATOM      1 OH2  WAT     1       2.531   0.596  -2.477        0.000 
 COOR>ATOM      2 H1   WAT     1       2.620   1.540  -2.609        0.000 
 CNSsolve>      do (segid=W000) (segid "    ") 
 Assuming literal string "W000"
 SELRPN:    648 atoms have been selected out of   7799
 CNSsolve>      coor sele=(segid W000) translate vector = ($xtrans $ytrans $ztrans) end 
 SELRPN:    648 atoms have been selected out of   7799
 COOR: using atom subset.
 COOR: translation vector =(    26.686000   24.352000  -13.154000 )
 COOR: selected coordinates translated
 CNSsolve> 
 CNSsolve>      ! all new water oxygens 
 CNSsolve>      ident (store1) (segid W000 and name oh2) 
 SELRPN:    216 atoms have been selected out of   7799
 CNSsolve>      ! all new water oxygens close to a protein heavy atom 
 CNSsolve>      ident (store2) (store1 and (not (resn WAT or resn HOH or resn TIP* or resn ANI or resn DAN or resn XAN or resn DUM or resn SHA or hydro)) around $pw_dist) 
 SELRPN:      0 atoms have been selected out of   7799
 CNSsolve>      ! all new water oxygens close to old water oxygens 
 CNSsolve>      ident (store3) (store1 and (segid wat# and not hydro) around $water_diam) 
 SELRPN:      0 atoms have been selected out of   7799
 CNSsolve>      ! all new water oxygens further than thickness away from a protein heavy atom 
 CNSsolve>      ident (store4) (store1 and not (not (resn WAT or resn HOH or resn TIP* or resn ANI or resn DAN or resn XAN or resn DUM or resn SHA or hydro)) around $thickness) 
 SELRPN:    207 atoms have been selected out of   7799
 CNSsolve>      delete sele= (byres (store2 or store3 or store4)) end 
 SELRPN:    621 atoms have been selected out of   7799
 Status of internal molecular topology database:
 -> NATOM=       7178(MAXA=     1000000)  NBOND=       5451(MAXB=     1000000)
 -> NTHETA=      5019(MAXT=     2000000)  NGRP=        2371(MAXGRP=   1000000)
 -> NPHI=          22(MAXP=     2000000)  NIMPHI=      1110(MAXIMP=   1000000)
 -> NNB=          150(MAXNB=    1000000) 
 CNSsolve> 
 CNSsolve> 
 CNSsolve>      ! give waters unique segid name 
 CNSsolve>      eval ($segid= "W" 
 Expression=             + encode($xcount) + encode($ycount) + encode($zcount)) 
 EVALUATE: symbol $SEGID set to "W531" (string)
 CNSsolve>      do (segid = $segid) (segid W000) 
 SELRPN:     27 atoms have been selected out of   7178
 CNSsolve> 
 CNSsolve>    end loop wat3 
 CNSsolve>    while ($ztrans < $zmtran) loop wat3 
 NEXTCD: condition evaluated as true
 CNSsolve>      eval ($zcount=$zcount+1) 
 EVALUATE: symbol $ZCOUNT set to    2.00000     (real)
 CNSsolve>      eval ($ztrans = $ztrans + $boxlength) 
 EVALUATE: symbol $ZTRANS set to    5.70200     (real)
 CNSsolve> 
 CNSsolve> 
 CNSsolve>      segment 
 SEGMENT>        name="    " 
 SEGMENT>        chain 
 CHAIN>          coordinates @@RUN:protocols/boxtyp20.pdb 
 ASSFIL: file boxtyp20.pdb opened.
 COOR>REMARKS *****  CHARMM water box from Charlie Brooks. ******** 
 COOR>REMARKS * This is a box of 216 3-site water molecules in the experimental 
 COOR>REMARKS * geometry.  It was constructed from an equilibrated 
 COOR>REMARKS * configuration of TIP3P (3-site water model of Jorgenson) 
 COOR>REMARKS * waters at 1 atm pressure and a density of 0.0334 molecules/A**-3. 
 COOR>REMARKS * The box edgelength is 18.856 A.  The minimum image periodic 
 COOR>REMARKS * boundary energy for this configuration using the TIP3P 
 COOR>REMARKS * potentials is -2150.6833 kcal/mol. 
 COOR>REMARKS 
 COOR>ATOM      1 OH2  WAT     1       2.531   0.596  -2.477        0.000 
 SEGMNT-info: chain termination due to END keyword.   216 residues were inserted into segid "    "
 CHAIN>        end 
 SEGMENT>      end 
 Status of internal molecular topology database:
 -> NATOM=       7826(MAXA=     1000000)  NBOND=       5883(MAXB=     1000000)
 -> NTHETA=      5235(MAXT=     2000000)  NGRP=        2587(MAXGRP=   1000000)
 -> NPHI=          22(MAXP=     2000000)  NIMPHI=      1110(MAXIMP=   1000000)
 -> NNB=          150(MAXNB=    1000000) 
 CNSsolve>      coor @@RUN:protocols/boxtyp20.pdb 
 ASSFIL: file boxtyp20.pdb opened.
 COOR>REMARKS *****  CHARMM water box from Charlie Brooks. ******** 
 COOR>REMARKS * This is a box of 216 3-site water molecules in the experimental 
 COOR>REMARKS * geometry.  It was constructed from an equilibrated 
 COOR>REMARKS * configuration of TIP3P (3-site water model of Jorgenson) 
 COOR>REMARKS * waters at 1 atm pressure and a density of 0.0334 molecules/A**-3. 
 COOR>REMARKS * The box edgelength is 18.856 A.  The minimum image periodic 
 COOR>REMARKS * boundary energy for this configuration using the TIP3P 
 COOR>REMARKS * potentials is -2150.6833 kcal/mol. 
 COOR>REMARKS 
 COOR>ATOM      1 OH2  WAT     1       2.531   0.596  -2.477        0.000 
 COOR>ATOM      2 H1   WAT     1       2.620   1.540  -2.609        0.000 
 CNSsolve>      do (segid=W000) (segid "    ") 
 Assuming literal string "W000"
 SELRPN:    648 atoms have been selected out of   7826
 CNSsolve>      coor sele=(segid W000) translate vector = ($xtrans $ytrans $ztrans) end 
 SELRPN:    648 atoms have been selected out of   7826
 COOR: using atom subset.
 COOR: translation vector =(    26.686000   24.352000    5.702000 )
 COOR: selected coordinates translated
 CNSsolve> 
 CNSsolve>      ! all new water oxygens 
 CNSsolve>      ident (store1) (segid W000 and name oh2) 
 SELRPN:    216 atoms have been selected out of   7826
 CNSsolve>      ! all new water oxygens close to a protein heavy atom 
 CNSsolve>      ident (store2) (store1 and (not (resn WAT or resn HOH or resn TIP* or resn ANI or resn DAN or resn XAN or resn DUM or resn SHA or hydro)) around $pw_dist) 
 SELRPN:      0 atoms have been selected out of   7826
 CNSsolve>      ! all new water oxygens close to old water oxygens 
 CNSsolve>      ident (store3) (store1 and (segid wat# and not hydro) around $water_diam) 
 SELRPN:      0 atoms have been selected out of   7826
 CNSsolve>      ! all new water oxygens further than thickness away from a protein heavy atom 
 CNSsolve>      ident (store4) (store1 and not (not (resn WAT or resn HOH or resn TIP* or resn ANI or resn DAN or resn XAN or resn DUM or resn SHA or hydro)) around $thickness) 
 SELRPN:    194 atoms have been selected out of   7826
 CNSsolve>      delete sele= (byres (store2 or store3 or store4)) end 
 SELRPN:    582 atoms have been selected out of   7826
 Status of internal molecular topology database:
 -> NATOM=       7244(MAXA=     1000000)  NBOND=       5495(MAXB=     1000000)
 -> NTHETA=      5041(MAXT=     2000000)  NGRP=        2393(MAXGRP=   1000000)
 -> NPHI=          22(MAXP=     2000000)  NIMPHI=      1110(MAXIMP=   1000000)
 -> NNB=          150(MAXNB=    1000000) 
 CNSsolve> 
 CNSsolve> 
 CNSsolve>      ! give waters unique segid name 
 CNSsolve>      eval ($segid= "W" 
 Expression=             + encode($xcount) + encode($ycount) + encode($zcount)) 
 EVALUATE: symbol $SEGID set to "W532" (string)
 CNSsolve>      do (segid = $segid) (segid W000) 
 SELRPN:     66 atoms have been selected out of   7244
 CNSsolve> 
 CNSsolve>    end loop wat3 
 CNSsolve>    while ($ztrans < $zmtran) loop wat3 
 NEXTCD: condition evaluated as true
 CNSsolve>      eval ($zcount=$zcount+1) 
 EVALUATE: symbol $ZCOUNT set to    3.00000     (real)
 CNSsolve>      eval ($ztrans = $ztrans + $boxlength) 
 EVALUATE: symbol $ZTRANS set to    24.5580     (real)
 CNSsolve> 
 CNSsolve> 
 CNSsolve>      segment 
 SEGMENT>        name="    " 
 SEGMENT>        chain 
 CHAIN>          coordinates @@RUN:protocols/boxtyp20.pdb 
 ASSFIL: file boxtyp20.pdb opened.
 COOR>REMARKS *****  CHARMM water box from Charlie Brooks. ******** 
 COOR>REMARKS * This is a box of 216 3-site water molecules in the experimental 
 COOR>REMARKS * geometry.  It was constructed from an equilibrated 
 COOR>REMARKS * configuration of TIP3P (3-site water model of Jorgenson) 
 COOR>REMARKS * waters at 1 atm pressure and a density of 0.0334 molecules/A**-3. 
 COOR>REMARKS * The box edgelength is 18.856 A.  The minimum image periodic 
 COOR>REMARKS * boundary energy for this configuration using the TIP3P 
 COOR>REMARKS * potentials is -2150.6833 kcal/mol. 
 COOR>REMARKS 
 COOR>ATOM      1 OH2  WAT     1       2.531   0.596  -2.477        0.000 
 SEGMNT-info: chain termination due to END keyword.   216 residues were inserted into segid "    "
 CHAIN>        end 
 SEGMENT>      end 
 Status of internal molecular topology database:
 -> NATOM=       7892(MAXA=     1000000)  NBOND=       5927(MAXB=     1000000)
 -> NTHETA=      5257(MAXT=     2000000)  NGRP=        2609(MAXGRP=   1000000)
 -> NPHI=          22(MAXP=     2000000)  NIMPHI=      1110(MAXIMP=   1000000)
 -> NNB=          150(MAXNB=    1000000) 
 CNSsolve>      coor @@RUN:protocols/boxtyp20.pdb 
 ASSFIL: file boxtyp20.pdb opened.
 COOR>REMARKS *****  CHARMM water box from Charlie Brooks. ******** 
 COOR>REMARKS * This is a box of 216 3-site water molecules in the experimental 
 COOR>REMARKS * geometry.  It was constructed from an equilibrated 
 COOR>REMARKS * configuration of TIP3P (3-site water model of Jorgenson) 
 COOR>REMARKS * waters at 1 atm pressure and a density of 0.0334 molecules/A**-3. 
 COOR>REMARKS * The box edgelength is 18.856 A.  The minimum image periodic 
 COOR>REMARKS * boundary energy for this configuration using the TIP3P 
 COOR>REMARKS * potentials is -2150.6833 kcal/mol. 
 COOR>REMARKS 
 COOR>ATOM      1 OH2  WAT     1       2.531   0.596  -2.477        0.000 
 COOR>ATOM      2 H1   WAT     1       2.620   1.540  -2.609        0.000 
 CNSsolve>      do (segid=W000) (segid "    ") 
 Assuming literal string "W000"
 SELRPN:    648 atoms have been selected out of   7892
 CNSsolve>      coor sele=(segid W000) translate vector = ($xtrans $ytrans $ztrans) end 
 SELRPN:    648 atoms have been selected out of   7892
 COOR: using atom subset.
 COOR: translation vector =(    26.686000   24.352000   24.558000 )
 COOR: selected coordinates translated
 CNSsolve> 
 CNSsolve>      ! all new water oxygens 
 CNSsolve>      ident (store1) (segid W000 and name oh2) 
 SELRPN:    216 atoms have been selected out of   7892
 CNSsolve>      ! all new water oxygens close to a protein heavy atom 
 CNSsolve>      ident (store2) (store1 and (not (resn WAT or resn HOH or resn TIP* or resn ANI or resn DAN or resn XAN or resn DUM or resn SHA or hydro)) around $pw_dist) 
 SELRPN:      0 atoms have been selected out of   7892
 CNSsolve>      ! all new water oxygens close to old water oxygens 
 CNSsolve>      ident (store3) (store1 and (segid wat# and not hydro) around $water_diam) 
 SELRPN:      0 atoms have been selected out of   7892
 CNSsolve>      ! all new water oxygens further than thickness away from a protein heavy atom 
 CNSsolve>      ident (store4) (store1 and not (not (resn WAT or resn HOH or resn TIP* or resn ANI or resn DAN or resn XAN or resn DUM or resn SHA or hydro)) around $thickness) 
 SELRPN:    216 atoms have been selected out of   7892
 CNSsolve>      delete sele= (byres (store2 or store3 or store4)) end 
 SELRPN:    648 atoms have been selected out of   7892
 Status of internal molecular topology database:
 -> NATOM=       7244(MAXA=     1000000)  NBOND=       5495(MAXB=     1000000)
 -> NTHETA=      5041(MAXT=     2000000)  NGRP=        2393(MAXGRP=   1000000)
 -> NPHI=          22(MAXP=     2000000)  NIMPHI=      1110(MAXIMP=   1000000)
 -> NNB=          150(MAXNB=    1000000) 
 CNSsolve> 
 CNSsolve> 
 CNSsolve>      ! give waters unique segid name 
 CNSsolve>      eval ($segid= "W" 
 Expression=             + encode($xcount) + encode($ycount) + encode($zcount)) 
 EVALUATE: symbol $SEGID set to "W533" (string)
 CNSsolve>      do (segid = $segid) (segid W000) 
 SELRPN:      0 atoms have been selected out of   7244
 CNSsolve> 
 CNSsolve>    end loop wat3 
 CNSsolve>    while ($ztrans < $zmtran) loop wat3 
 NEXTCD: condition evaluated as false
 CNSsolve>      eval ($zcount=$zcount+1) 
 CNSsolve>      eval ($ztrans = $ztrans + $boxlength) 
 CNSsolve> 
 CNSsolve> 
 CNSsolve>      segment 
 CNSsolve>        name="    " 
 CNSsolve>        chain 
 CNSsolve>          coordinates @@RUN:protocols/boxtyp20.pdb 
 CNSsolve>        end 
 CNSsolve>      end 
 CNSsolve>      coor @@RUN:protocols/boxtyp20.pdb 
 CNSsolve>      do (segid=W000) (segid "    ") 
 CNSsolve>      coor sele=(segid W000) translate vector = ($xtrans $ytrans $ztrans) end 
 CNSsolve> 
 CNSsolve>      ! all new water oxygens 
 CNSsolve>      ident (store1) (segid W000 and name oh2) 
 CNSsolve>      ! all new water oxygens close to a protein heavy atom 
 CNSsolve>      ident (store2) (store1 and (not (resn WAT or resn HOH or resn TIP* or resn ANI or resn DAN or resn XAN or resn DUM or resn SHA or hydro)) around $pw_dist) 
 CNSsolve>      ! all new water oxygens close to old water oxygens 
 CNSsolve>      ident (store3) (store1 and (segid wat# and not hydro) around $water_diam) 
 CNSsolve>      ! all new water oxygens further than thickness away from a protein heavy atom 
 CNSsolve>      ident (store4) (store1 and not (not (resn WAT or resn HOH or resn TIP* or resn ANI or resn DAN or resn XAN or resn DUM or resn SHA or hydro)) around $thickness) 
 CNSsolve>      delete sele= (byres (store2 or store3 or store4)) end 
 CNSsolve> 
 CNSsolve> 
 CNSsolve>      ! give waters unique segid name 
 CNSsolve>      eval ($segid= "W" 
 CNSsolve>             + encode($xcount) + encode($ycount) + encode($zcount)) 
 CNSsolve>      do (segid = $segid) (segid W000) 
 CNSsolve> 
 CNSsolve>    end loop wat3 
 CNSsolve>  end loop wat2 
 CNSsolve>  while ($ytrans < $ymtran) loop wat2 
 NEXTCD: condition evaluated as false
 CNSsolve>    eval ($ycount=$ycount+1) 
 CNSsolve>    eval ($ytrans = $ytrans + $boxlength) 
 CNSsolve> 
 CNSsolve>    eval ($zcount=0) 
 CNSsolve>    eval ($ztrans = $zmin - $thickness - $water_diam - $boxlength/2 ) 
 CNSsolve>    while ($ztrans < $zmtran) loop wat3 
 CNSsolve>      eval ($zcount=$zcount+1) 
 CNSsolve>      eval ($ztrans = $ztrans + $boxlength) 
 CNSsolve> 
 CNSsolve> 
 CNSsolve>      segment 
 CNSsolve>        name="    " 
 CNSsolve>        chain 
 CNSsolve>          coordinates @@RUN:protocols/boxtyp20.pdb 
 CNSsolve>        end 
 CNSsolve>      end 
 CNSsolve>      coor @@RUN:protocols/boxtyp20.pdb 
 CNSsolve>      do (segid=W000) (segid "    ") 
 CNSsolve>      coor sele=(segid W000) translate vector = ($xtrans $ytrans $ztrans) end 
 CNSsolve> 
 CNSsolve>      ! all new water oxygens 
 CNSsolve>      ident (store1) (segid W000 and name oh2) 
 CNSsolve>      ! all new water oxygens close to a protein heavy atom 
 CNSsolve>      ident (store2) (store1 and (not (resn WAT or resn HOH or resn TIP* or resn ANI or resn DAN or resn XAN or resn DUM or resn SHA or hydro)) around $pw_dist) 
 CNSsolve>      ! all new water oxygens close to old water oxygens 
 CNSsolve>      ident (store3) (store1 and (segid wat# and not hydro) around $water_diam) 
 CNSsolve>      ! all new water oxygens further than thickness away from a protein heavy atom 
 CNSsolve>      ident (store4) (store1 and not (not (resn WAT or resn HOH or resn TIP* or resn ANI or resn DAN or resn XAN or resn DUM or resn SHA or hydro)) around $thickness) 
 CNSsolve>      delete sele= (byres (store2 or store3 or store4)) end 
 CNSsolve> 
 CNSsolve> 
 CNSsolve>      ! give waters unique segid name 
 CNSsolve>      eval ($segid= "W" 
 CNSsolve>             + encode($xcount) + encode($ycount) + encode($zcount)) 
 CNSsolve>      do (segid = $segid) (segid W000) 
 CNSsolve> 
 CNSsolve>    end loop wat3 
 CNSsolve>  end loop wat2 
 CNSsolve>end loop wat1 
 CNSsolve>while ($xtrans < $xmtran) loop wat1 
 NEXTCD: condition evaluated as true
 CNSsolve>  eval ($xcount=$xcount+1) 
 EVALUATE: symbol $XCOUNT set to    6.00000     (real)
 CNSsolve>  eval ($xtrans = $xtrans + $boxlength) 
 EVALUATE: symbol $XTRANS set to    45.5420     (real)
 CNSsolve> 
 CNSsolve>  eval ($ycount=0) 
 EVALUATE: symbol $YCOUNT set to    0.00000     (real)
 CNSsolve>  eval ($ytrans = $ymin - $thickness - $water_diam - $boxlength/2 ) 
 EVALUATE: symbol $YTRANS set to   -32.2160     (real)
 CNSsolve>  while ($ytrans < $ymtran) loop wat2 
 NEXTCD: condition evaluated as true
 CNSsolve>    eval ($ycount=$ycount+1) 
 EVALUATE: symbol $YCOUNT set to    1.00000     (real)
 CNSsolve>    eval ($ytrans = $ytrans + $boxlength) 
 EVALUATE: symbol $YTRANS set to   -13.3600     (real)
 CNSsolve> 
 CNSsolve>    eval ($zcount=0) 
 EVALUATE: symbol $ZCOUNT set to    0.00000     (real)
 CNSsolve>    eval ($ztrans = $zmin - $thickness - $water_diam - $boxlength/2 ) 
 EVALUATE: symbol $ZTRANS set to   -32.0100     (real)
 CNSsolve>    while ($ztrans < $zmtran) loop wat3 
 NEXTCD: condition evaluated as true
 CNSsolve>      eval ($zcount=$zcount+1) 
 EVALUATE: symbol $ZCOUNT set to    1.00000     (real)
 CNSsolve>      eval ($ztrans = $ztrans + $boxlength) 
 EVALUATE: symbol $ZTRANS set to   -13.1540     (real)
 CNSsolve> 
 CNSsolve> 
 CNSsolve>      segment 
 SEGMENT>        name="    " 
 SEGMENT>        chain 
 CHAIN>          coordinates @@RUN:protocols/boxtyp20.pdb 
 ASSFIL: file boxtyp20.pdb opened.
 COOR>REMARKS *****  CHARMM water box from Charlie Brooks. ******** 
 COOR>REMARKS * This is a box of 216 3-site water molecules in the experimental 
 COOR>REMARKS * geometry.  It was constructed from an equilibrated 
 COOR>REMARKS * configuration of TIP3P (3-site water model of Jorgenson) 
 COOR>REMARKS * waters at 1 atm pressure and a density of 0.0334 molecules/A**-3. 
 COOR>REMARKS * The box edgelength is 18.856 A.  The minimum image periodic 
 COOR>REMARKS * boundary energy for this configuration using the TIP3P 
 COOR>REMARKS * potentials is -2150.6833 kcal/mol. 
 COOR>REMARKS 
 COOR>ATOM      1 OH2  WAT     1       2.531   0.596  -2.477        0.000 
 SEGMNT-info: chain termination due to END keyword.   216 residues were inserted into segid "    "
 CHAIN>        end 
 SEGMENT>      end 
 Status of internal molecular topology database:
 -> NATOM=       7892(MAXA=     1000000)  NBOND=       5927(MAXB=     1000000)
 -> NTHETA=      5257(MAXT=     2000000)  NGRP=        2609(MAXGRP=   1000000)
 -> NPHI=          22(MAXP=     2000000)  NIMPHI=      1110(MAXIMP=   1000000)
 -> NNB=          150(MAXNB=    1000000) 
 CNSsolve>      coor @@RUN:protocols/boxtyp20.pdb 
 ASSFIL: file boxtyp20.pdb opened.
 COOR>REMARKS *****  CHARMM water box from Charlie Brooks. ******** 
 COOR>REMARKS * This is a box of 216 3-site water molecules in the experimental 
 COOR>REMARKS * geometry.  It was constructed from an equilibrated 
 COOR>REMARKS * configuration of TIP3P (3-site water model of Jorgenson) 
 COOR>REMARKS * waters at 1 atm pressure and a density of 0.0334 molecules/A**-3. 
 COOR>REMARKS * The box edgelength is 18.856 A.  The minimum image periodic 
 COOR>REMARKS * boundary energy for this configuration using the TIP3P 
 COOR>REMARKS * potentials is -2150.6833 kcal/mol. 
 COOR>REMARKS 
 COOR>ATOM      1 OH2  WAT     1       2.531   0.596  -2.477        0.000 
 COOR>ATOM      2 H1   WAT     1       2.620   1.540  -2.609        0.000 
 CNSsolve>      do (segid=W000) (segid "    ") 
 Assuming literal string "W000"
 SELRPN:    648 atoms have been selected out of   7892
 CNSsolve>      coor sele=(segid W000) translate vector = ($xtrans $ytrans $ztrans) end 
 SELRPN:    648 atoms have been selected out of   7892
 COOR: using atom subset.
 COOR: translation vector =(    45.542000  -13.360000  -13.154000 )
 COOR: selected coordinates translated
 CNSsolve> 
 CNSsolve>      ! all new water oxygens 
 CNSsolve>      ident (store1) (segid W000 and name oh2) 
 SELRPN:    216 atoms have been selected out of   7892
 CNSsolve>      ! all new water oxygens close to a protein heavy atom 
 CNSsolve>      ident (store2) (store1 and (not (resn WAT or resn HOH or resn TIP* or resn ANI or resn DAN or resn XAN or resn DUM or resn SHA or hydro)) around $pw_dist) 
 SELRPN:      3 atoms have been selected out of   7892
 CNSsolve>      ! all new water oxygens close to old water oxygens 
 CNSsolve>      ident (store3) (store1 and (segid wat# and not hydro) around $water_diam) 
 SELRPN:      0 atoms have been selected out of   7892
 CNSsolve>      ! all new water oxygens further than thickness away from a protein heavy atom 
 CNSsolve>      ident (store4) (store1 and not (not (resn WAT or resn HOH or resn TIP* or resn ANI or resn DAN or resn XAN or resn DUM or resn SHA or hydro)) around $thickness) 
 SELRPN:    188 atoms have been selected out of   7892
 CNSsolve>      delete sele= (byres (store2 or store3 or store4)) end 
 SELRPN:    573 atoms have been selected out of   7892
 Status of internal molecular topology database:
 -> NATOM=       7319(MAXA=     1000000)  NBOND=       5545(MAXB=     1000000)
 -> NTHETA=      5066(MAXT=     2000000)  NGRP=        2418(MAXGRP=   1000000)
 -> NPHI=          22(MAXP=     2000000)  NIMPHI=      1110(MAXIMP=   1000000)
 -> NNB=          150(MAXNB=    1000000) 
 CNSsolve> 
 CNSsolve> 
 CNSsolve>      ! give waters unique segid name 
 CNSsolve>      eval ($segid= "W" 
 Expression=             + encode($xcount) + encode($ycount) + encode($zcount)) 
 EVALUATE: symbol $SEGID set to "W611" (string)
 CNSsolve>      do (segid = $segid) (segid W000) 
 SELRPN:     75 atoms have been selected out of   7319
 CNSsolve> 
 CNSsolve>    end loop wat3 
 CNSsolve>    while ($ztrans < $zmtran) loop wat3 
 NEXTCD: condition evaluated as true
 CNSsolve>      eval ($zcount=$zcount+1) 
 EVALUATE: symbol $ZCOUNT set to    2.00000     (real)
 CNSsolve>      eval ($ztrans = $ztrans + $boxlength) 
 EVALUATE: symbol $ZTRANS set to    5.70200     (real)
 CNSsolve> 
 CNSsolve> 
 CNSsolve>      segment 
 SEGMENT>        name="    " 
 SEGMENT>        chain 
 CHAIN>          coordinates @@RUN:protocols/boxtyp20.pdb 
 ASSFIL: file boxtyp20.pdb opened.
 COOR>REMARKS *****  CHARMM water box from Charlie Brooks. ******** 
 COOR>REMARKS * This is a box of 216 3-site water molecules in the experimental 
 COOR>REMARKS * geometry.  It was constructed from an equilibrated 
 COOR>REMARKS * configuration of TIP3P (3-site water model of Jorgenson) 
 COOR>REMARKS * waters at 1 atm pressure and a density of 0.0334 molecules/A**-3. 
 COOR>REMARKS * The box edgelength is 18.856 A.  The minimum image periodic 
 COOR>REMARKS * boundary energy for this configuration using the TIP3P 
 COOR>REMARKS * potentials is -2150.6833 kcal/mol. 
 COOR>REMARKS 
 COOR>ATOM      1 OH2  WAT     1       2.531   0.596  -2.477        0.000 
 SEGMNT-info: chain termination due to END keyword.   216 residues were inserted into segid "    "
 CHAIN>        end 
 SEGMENT>      end 
 Status of internal molecular topology database:
 -> NATOM=       7967(MAXA=     1000000)  NBOND=       5977(MAXB=     1000000)
 -> NTHETA=      5282(MAXT=     2000000)  NGRP=        2634(MAXGRP=   1000000)
 -> NPHI=          22(MAXP=     2000000)  NIMPHI=      1110(MAXIMP=   1000000)
 -> NNB=          150(MAXNB=    1000000) 
 CNSsolve>      coor @@RUN:protocols/boxtyp20.pdb 
 ASSFIL: file boxtyp20.pdb opened.
 COOR>REMARKS *****  CHARMM water box from Charlie Brooks. ******** 
 COOR>REMARKS * This is a box of 216 3-site water molecules in the experimental 
 COOR>REMARKS * geometry.  It was constructed from an equilibrated 
 COOR>REMARKS * configuration of TIP3P (3-site water model of Jorgenson) 
 COOR>REMARKS * waters at 1 atm pressure and a density of 0.0334 molecules/A**-3. 
 COOR>REMARKS * The box edgelength is 18.856 A.  The minimum image periodic 
 COOR>REMARKS * boundary energy for this configuration using the TIP3P 
 COOR>REMARKS * potentials is -2150.6833 kcal/mol. 
 COOR>REMARKS 
 COOR>ATOM      1 OH2  WAT     1       2.531   0.596  -2.477        0.000 
 COOR>ATOM      2 H1   WAT     1       2.620   1.540  -2.609        0.000 
 CNSsolve>      do (segid=W000) (segid "    ") 
 Assuming literal string "W000"
 SELRPN:    648 atoms have been selected out of   7967
 CNSsolve>      coor sele=(segid W000) translate vector = ($xtrans $ytrans $ztrans) end 
 SELRPN:    648 atoms have been selected out of   7967
 COOR: using atom subset.
 COOR: translation vector =(    45.542000  -13.360000    5.702000 )
 COOR: selected coordinates translated
 CNSsolve> 
 CNSsolve>      ! all new water oxygens 
 CNSsolve>      ident (store1) (segid W000 and name oh2) 
 SELRPN:    216 atoms have been selected out of   7967
 CNSsolve>      ! all new water oxygens close to a protein heavy atom 
 CNSsolve>      ident (store2) (store1 and (not (resn WAT or resn HOH or resn TIP* or resn ANI or resn DAN or resn XAN or resn DUM or resn SHA or hydro)) around $pw_dist) 
 SELRPN:      6 atoms have been selected out of   7967
 CNSsolve>      ! all new water oxygens close to old water oxygens 
 CNSsolve>      ident (store3) (store1 and (segid wat# and not hydro) around $water_diam) 
 SELRPN:      0 atoms have been selected out of   7967
 CNSsolve>      ! all new water oxygens further than thickness away from a protein heavy atom 
 CNSsolve>      ident (store4) (store1 and not (not (resn WAT or resn HOH or resn TIP* or resn ANI or resn DAN or resn XAN or resn DUM or resn SHA or hydro)) around $thickness) 
 SELRPN:    167 atoms have been selected out of   7967
 CNSsolve>      delete sele= (byres (store2 or store3 or store4)) end 
 SELRPN:    519 atoms have been selected out of   7967
 Status of internal molecular topology database:
 -> NATOM=       7448(MAXA=     1000000)  NBOND=       5631(MAXB=     1000000)
 -> NTHETA=      5109(MAXT=     2000000)  NGRP=        2461(MAXGRP=   1000000)
 -> NPHI=          22(MAXP=     2000000)  NIMPHI=      1110(MAXIMP=   1000000)
 -> NNB=          150(MAXNB=    1000000) 
 CNSsolve> 
 CNSsolve> 
 CNSsolve>      ! give waters unique segid name 
 CNSsolve>      eval ($segid= "W" 
 Expression=             + encode($xcount) + encode($ycount) + encode($zcount)) 
 EVALUATE: symbol $SEGID set to "W612" (string)
 CNSsolve>      do (segid = $segid) (segid W000) 
 SELRPN:    129 atoms have been selected out of   7448
 CNSsolve> 
 CNSsolve>    end loop wat3 
 CNSsolve>    while ($ztrans < $zmtran) loop wat3 
 NEXTCD: condition evaluated as true
 CNSsolve>      eval ($zcount=$zcount+1) 
 EVALUATE: symbol $ZCOUNT set to    3.00000     (real)
 CNSsolve>      eval ($ztrans = $ztrans + $boxlength) 
 EVALUATE: symbol $ZTRANS set to    24.5580     (real)
 CNSsolve> 
 CNSsolve> 
 CNSsolve>      segment 
 SEGMENT>        name="    " 
 SEGMENT>        chain 
 CHAIN>          coordinates @@RUN:protocols/boxtyp20.pdb 
 ASSFIL: file boxtyp20.pdb opened.
 COOR>REMARKS *****  CHARMM water box from Charlie Brooks. ******** 
 COOR>REMARKS * This is a box of 216 3-site water molecules in the experimental 
 COOR>REMARKS * geometry.  It was constructed from an equilibrated 
 COOR>REMARKS * configuration of TIP3P (3-site water model of Jorgenson) 
 COOR>REMARKS * waters at 1 atm pressure and a density of 0.0334 molecules/A**-3. 
 COOR>REMARKS * The box edgelength is 18.856 A.  The minimum image periodic 
 COOR>REMARKS * boundary energy for this configuration using the TIP3P 
 COOR>REMARKS * potentials is -2150.6833 kcal/mol. 
 COOR>REMARKS 
 COOR>ATOM      1 OH2  WAT     1       2.531   0.596  -2.477        0.000 
 SEGMNT-info: chain termination due to END keyword.   216 residues were inserted into segid "    "
 CHAIN>        end 
 SEGMENT>      end 
 Status of internal molecular topology database:
 -> NATOM=       8096(MAXA=     1000000)  NBOND=       6063(MAXB=     1000000)
 -> NTHETA=      5325(MAXT=     2000000)  NGRP=        2677(MAXGRP=   1000000)
 -> NPHI=          22(MAXP=     2000000)  NIMPHI=      1110(MAXIMP=   1000000)
 -> NNB=          150(MAXNB=    1000000) 
 CNSsolve>      coor @@RUN:protocols/boxtyp20.pdb 
 ASSFIL: file boxtyp20.pdb opened.
 COOR>REMARKS *****  CHARMM water box from Charlie Brooks. ******** 
 COOR>REMARKS * This is a box of 216 3-site water molecules in the experimental 
 COOR>REMARKS * geometry.  It was constructed from an equilibrated 
 COOR>REMARKS * configuration of TIP3P (3-site water model of Jorgenson) 
 COOR>REMARKS * waters at 1 atm pressure and a density of 0.0334 molecules/A**-3. 
 COOR>REMARKS * The box edgelength is 18.856 A.  The minimum image periodic 
 COOR>REMARKS * boundary energy for this configuration using the TIP3P 
 COOR>REMARKS * potentials is -2150.6833 kcal/mol. 
 COOR>REMARKS 
 COOR>ATOM      1 OH2  WAT     1       2.531   0.596  -2.477        0.000 
 COOR>ATOM      2 H1   WAT     1       2.620   1.540  -2.609        0.000 
 CNSsolve>      do (segid=W000) (segid "    ") 
 Assuming literal string "W000"
 SELRPN:    648 atoms have been selected out of   8096
 CNSsolve>      coor sele=(segid W000) translate vector = ($xtrans $ytrans $ztrans) end 
 SELRPN:    648 atoms have been selected out of   8096
 COOR: using atom subset.
 COOR: translation vector =(    45.542000  -13.360000   24.558000 )
 COOR: selected coordinates translated
 CNSsolve> 
 CNSsolve>      ! all new water oxygens 
 CNSsolve>      ident (store1) (segid W000 and name oh2) 
 SELRPN:    216 atoms have been selected out of   8096
 CNSsolve>      ! all new water oxygens close to a protein heavy atom 
 CNSsolve>      ident (store2) (store1 and (not (resn WAT or resn HOH or resn TIP* or resn ANI or resn DAN or resn XAN or resn DUM or resn SHA or hydro)) around $pw_dist) 
 SELRPN:      0 atoms have been selected out of   8096
 CNSsolve>      ! all new water oxygens close to old water oxygens 
 CNSsolve>      ident (store3) (store1 and (segid wat# and not hydro) around $water_diam) 
 SELRPN:      0 atoms have been selected out of   8096
 CNSsolve>      ! all new water oxygens further than thickness away from a protein heavy atom 
 CNSsolve>      ident (store4) (store1 and not (not (resn WAT or resn HOH or resn TIP* or resn ANI or resn DAN or resn XAN or resn DUM or resn SHA or hydro)) around $thickness) 
 SELRPN:    216 atoms have been selected out of   8096
 CNSsolve>      delete sele= (byres (store2 or store3 or store4)) end 
 SELRPN:    648 atoms have been selected out of   8096
 Status of internal molecular topology database:
 -> NATOM=       7448(MAXA=     1000000)  NBOND=       5631(MAXB=     1000000)
 -> NTHETA=      5109(MAXT=     2000000)  NGRP=        2461(MAXGRP=   1000000)
 -> NPHI=          22(MAXP=     2000000)  NIMPHI=      1110(MAXIMP=   1000000)
 -> NNB=          150(MAXNB=    1000000) 
 CNSsolve> 
 CNSsolve> 
 CNSsolve>      ! give waters unique segid name 
 CNSsolve>      eval ($segid= "W" 
 Expression=             + encode($xcount) + encode($ycount) + encode($zcount)) 
 EVALUATE: symbol $SEGID set to "W613" (string)
 CNSsolve>      do (segid = $segid) (segid W000) 
 SELRPN:      0 atoms have been selected out of   7448
 CNSsolve> 
 CNSsolve>    end loop wat3 
 CNSsolve>    while ($ztrans < $zmtran) loop wat3 
 NEXTCD: condition evaluated as false
 CNSsolve>      eval ($zcount=$zcount+1) 
 CNSsolve>      eval ($ztrans = $ztrans + $boxlength) 
 CNSsolve> 
 CNSsolve> 
 CNSsolve>      segment 
 CNSsolve>        name="    " 
 CNSsolve>        chain 
 CNSsolve>          coordinates @@RUN:protocols/boxtyp20.pdb 
 CNSsolve>        end 
 CNSsolve>      end 
 CNSsolve>      coor @@RUN:protocols/boxtyp20.pdb 
 CNSsolve>      do (segid=W000) (segid "    ") 
 CNSsolve>      coor sele=(segid W000) translate vector = ($xtrans $ytrans $ztrans) end 
 CNSsolve> 
 CNSsolve>      ! all new water oxygens 
 CNSsolve>      ident (store1) (segid W000 and name oh2) 
 CNSsolve>      ! all new water oxygens close to a protein heavy atom 
 CNSsolve>      ident (store2) (store1 and (not (resn WAT or resn HOH or resn TIP* or resn ANI or resn DAN or resn XAN or resn DUM or resn SHA or hydro)) around $pw_dist) 
 CNSsolve>      ! all new water oxygens close to old water oxygens 
 CNSsolve>      ident (store3) (store1 and (segid wat# and not hydro) around $water_diam) 
 CNSsolve>      ! all new water oxygens further than thickness away from a protein heavy atom 
 CNSsolve>      ident (store4) (store1 and not (not (resn WAT or resn HOH or resn TIP* or resn ANI or resn DAN or resn XAN or resn DUM or resn SHA or hydro)) around $thickness) 
 CNSsolve>      delete sele= (byres (store2 or store3 or store4)) end 
 CNSsolve> 
 CNSsolve> 
 CNSsolve>      ! give waters unique segid name 
 CNSsolve>      eval ($segid= "W" 
 CNSsolve>             + encode($xcount) + encode($ycount) + encode($zcount)) 
 CNSsolve>      do (segid = $segid) (segid W000) 
 CNSsolve> 
 CNSsolve>    end loop wat3 
 CNSsolve>  end loop wat2 
 CNSsolve>  while ($ytrans < $ymtran) loop wat2 
 NEXTCD: condition evaluated as true
 CNSsolve>    eval ($ycount=$ycount+1) 
 EVALUATE: symbol $YCOUNT set to    2.00000     (real)
 CNSsolve>    eval ($ytrans = $ytrans + $boxlength) 
 EVALUATE: symbol $YTRANS set to    5.49600     (real)
 CNSsolve> 
 CNSsolve>    eval ($zcount=0) 
 EVALUATE: symbol $ZCOUNT set to    0.00000     (real)
 CNSsolve>    eval ($ztrans = $zmin - $thickness - $water_diam - $boxlength/2 ) 
 EVALUATE: symbol $ZTRANS set to   -32.0100     (real)
 CNSsolve>    while ($ztrans < $zmtran) loop wat3 
 NEXTCD: condition evaluated as true
 CNSsolve>      eval ($zcount=$zcount+1) 
 EVALUATE: symbol $ZCOUNT set to    1.00000     (real)
 CNSsolve>      eval ($ztrans = $ztrans + $boxlength) 
 EVALUATE: symbol $ZTRANS set to   -13.1540     (real)
 CNSsolve> 
 CNSsolve> 
 CNSsolve>      segment 
 SEGMENT>        name="    " 
 SEGMENT>        chain 
 CHAIN>          coordinates @@RUN:protocols/boxtyp20.pdb 
 ASSFIL: file boxtyp20.pdb opened.
 COOR>REMARKS *****  CHARMM water box from Charlie Brooks. ******** 
 COOR>REMARKS * This is a box of 216 3-site water molecules in the experimental 
 COOR>REMARKS * geometry.  It was constructed from an equilibrated 
 COOR>REMARKS * configuration of TIP3P (3-site water model of Jorgenson) 
 COOR>REMARKS * waters at 1 atm pressure and a density of 0.0334 molecules/A**-3. 
 COOR>REMARKS * The box edgelength is 18.856 A.  The minimum image periodic 
 COOR>REMARKS * boundary energy for this configuration using the TIP3P 
 COOR>REMARKS * potentials is -2150.6833 kcal/mol. 
 COOR>REMARKS 
 COOR>ATOM      1 OH2  WAT     1       2.531   0.596  -2.477        0.000 
 SEGMNT-info: chain termination due to END keyword.   216 residues were inserted into segid "    "
 CHAIN>        end 
 SEGMENT>      end 
 Status of internal molecular topology database:
 -> NATOM=       8096(MAXA=     1000000)  NBOND=       6063(MAXB=     1000000)
 -> NTHETA=      5325(MAXT=     2000000)  NGRP=        2677(MAXGRP=   1000000)
 -> NPHI=          22(MAXP=     2000000)  NIMPHI=      1110(MAXIMP=   1000000)
 -> NNB=          150(MAXNB=    1000000) 
 CNSsolve>      coor @@RUN:protocols/boxtyp20.pdb 
 ASSFIL: file boxtyp20.pdb opened.
 COOR>REMARKS *****  CHARMM water box from Charlie Brooks. ******** 
 COOR>REMARKS * This is a box of 216 3-site water molecules in the experimental 
 COOR>REMARKS * geometry.  It was constructed from an equilibrated 
 COOR>REMARKS * configuration of TIP3P (3-site water model of Jorgenson) 
 COOR>REMARKS * waters at 1 atm pressure and a density of 0.0334 molecules/A**-3. 
 COOR>REMARKS * The box edgelength is 18.856 A.  The minimum image periodic 
 COOR>REMARKS * boundary energy for this configuration using the TIP3P 
 COOR>REMARKS * potentials is -2150.6833 kcal/mol. 
 COOR>REMARKS 
 COOR>ATOM      1 OH2  WAT     1       2.531   0.596  -2.477        0.000 
 COOR>ATOM      2 H1   WAT     1       2.620   1.540  -2.609        0.000 
 CNSsolve>      do (segid=W000) (segid "    ") 
 Assuming literal string "W000"
 SELRPN:    648 atoms have been selected out of   8096
 CNSsolve>      coor sele=(segid W000) translate vector = ($xtrans $ytrans $ztrans) end 
 SELRPN:    648 atoms have been selected out of   8096
 COOR: using atom subset.
 COOR: translation vector =(    45.542000    5.496000  -13.154000 )
 COOR: selected coordinates translated
 CNSsolve> 
 CNSsolve>      ! all new water oxygens 
 CNSsolve>      ident (store1) (segid W000 and name oh2) 
 SELRPN:    216 atoms have been selected out of   8096
 CNSsolve>      ! all new water oxygens close to a protein heavy atom 
 CNSsolve>      ident (store2) (store1 and (not (resn WAT or resn HOH or resn TIP* or resn ANI or resn DAN or resn XAN or resn DUM or resn SHA or hydro)) around $pw_dist) 
 SELRPN:      1 atoms have been selected out of   8096
 CNSsolve>      ! all new water oxygens close to old water oxygens 
 CNSsolve>      ident (store3) (store1 and (segid wat# and not hydro) around $water_diam) 
 SELRPN:      0 atoms have been selected out of   8096
 CNSsolve>      ! all new water oxygens further than thickness away from a protein heavy atom 
 CNSsolve>      ident (store4) (store1 and not (not (resn WAT or resn HOH or resn TIP* or resn ANI or resn DAN or resn XAN or resn DUM or resn SHA or hydro)) around $thickness) 
 SELRPN:    186 atoms have been selected out of   8096
 CNSsolve>      delete sele= (byres (store2 or store3 or store4)) end 
 SELRPN:    561 atoms have been selected out of   8096
 Status of internal molecular topology database:
 -> NATOM=       7535(MAXA=     1000000)  NBOND=       5689(MAXB=     1000000)
 -> NTHETA=      5138(MAXT=     2000000)  NGRP=        2490(MAXGRP=   1000000)
 -> NPHI=          22(MAXP=     2000000)  NIMPHI=      1110(MAXIMP=   1000000)
 -> NNB=          150(MAXNB=    1000000) 
 CNSsolve> 
 CNSsolve> 
 CNSsolve>      ! give waters unique segid name 
 CNSsolve>      eval ($segid= "W" 
 Expression=             + encode($xcount) + encode($ycount) + encode($zcount)) 
 EVALUATE: symbol $SEGID set to "W621" (string)
 CNSsolve>      do (segid = $segid) (segid W000) 
 SELRPN:     87 atoms have been selected out of   7535
 CNSsolve> 
 CNSsolve>    end loop wat3 
 CNSsolve>    while ($ztrans < $zmtran) loop wat3 
 NEXTCD: condition evaluated as true
 CNSsolve>      eval ($zcount=$zcount+1) 
 EVALUATE: symbol $ZCOUNT set to    2.00000     (real)
 CNSsolve>      eval ($ztrans = $ztrans + $boxlength) 
 EVALUATE: symbol $ZTRANS set to    5.70200     (real)
 CNSsolve> 
 CNSsolve> 
 CNSsolve>      segment 
 SEGMENT>        name="    " 
 SEGMENT>        chain 
 CHAIN>          coordinates @@RUN:protocols/boxtyp20.pdb 
 ASSFIL: file boxtyp20.pdb opened.
 COOR>REMARKS *****  CHARMM water box from Charlie Brooks. ******** 
 COOR>REMARKS * This is a box of 216 3-site water molecules in the experimental 
 COOR>REMARKS * geometry.  It was constructed from an equilibrated 
 COOR>REMARKS * configuration of TIP3P (3-site water model of Jorgenson) 
 COOR>REMARKS * waters at 1 atm pressure and a density of 0.0334 molecules/A**-3. 
 COOR>REMARKS * The box edgelength is 18.856 A.  The minimum image periodic 
 COOR>REMARKS * boundary energy for this configuration using the TIP3P 
 COOR>REMARKS * potentials is -2150.6833 kcal/mol. 
 COOR>REMARKS 
 COOR>ATOM      1 OH2  WAT     1       2.531   0.596  -2.477        0.000 
 SEGMNT-info: chain termination due to END keyword.   216 residues were inserted into segid "    "
 CHAIN>        end 
 SEGMENT>      end 
 Status of internal molecular topology database:
 -> NATOM=       8183(MAXA=     1000000)  NBOND=       6121(MAXB=     1000000)
 -> NTHETA=      5354(MAXT=     2000000)  NGRP=        2706(MAXGRP=   1000000)
 -> NPHI=          22(MAXP=     2000000)  NIMPHI=      1110(MAXIMP=   1000000)
 -> NNB=          150(MAXNB=    1000000) 
 CNSsolve>      coor @@RUN:protocols/boxtyp20.pdb 
 ASSFIL: file boxtyp20.pdb opened.
 COOR>REMARKS *****  CHARMM water box from Charlie Brooks. ******** 
 COOR>REMARKS * This is a box of 216 3-site water molecules in the experimental 
 COOR>REMARKS * geometry.  It was constructed from an equilibrated 
 COOR>REMARKS * configuration of TIP3P (3-site water model of Jorgenson) 
 COOR>REMARKS * waters at 1 atm pressure and a density of 0.0334 molecules/A**-3. 
 COOR>REMARKS * The box edgelength is 18.856 A.  The minimum image periodic 
 COOR>REMARKS * boundary energy for this configuration using the TIP3P 
 COOR>REMARKS * potentials is -2150.6833 kcal/mol. 
 COOR>REMARKS 
 COOR>ATOM      1 OH2  WAT     1       2.531   0.596  -2.477        0.000 
 COOR>ATOM      2 H1   WAT     1       2.620   1.540  -2.609        0.000 
 CNSsolve>      do (segid=W000) (segid "    ") 
 Assuming literal string "W000"
 SELRPN:    648 atoms have been selected out of   8183
 CNSsolve>      coor sele=(segid W000) translate vector = ($xtrans $ytrans $ztrans) end 
 SELRPN:    648 atoms have been selected out of   8183
 COOR: using atom subset.
 COOR: translation vector =(    45.542000    5.496000    5.702000 )
 COOR: selected coordinates translated
 CNSsolve> 
 CNSsolve>      ! all new water oxygens 
 CNSsolve>      ident (store1) (segid W000 and name oh2) 
 SELRPN:    216 atoms have been selected out of   8183
 CNSsolve>      ! all new water oxygens close to a protein heavy atom 
 CNSsolve>      ident (store2) (store1 and (not (resn WAT or resn HOH or resn TIP* or resn ANI or resn DAN or resn XAN or resn DUM or resn SHA or hydro)) around $pw_dist) 
 SELRPN:     25 atoms have been selected out of   8183
 CNSsolve>      ! all new water oxygens close to old water oxygens 
 CNSsolve>      ident (store3) (store1 and (segid wat# and not hydro) around $water_diam) 
 SELRPN:      0 atoms have been selected out of   8183
 CNSsolve>      ! all new water oxygens further than thickness away from a protein heavy atom 
 CNSsolve>      ident (store4) (store1 and not (not (resn WAT or resn HOH or resn TIP* or resn ANI or resn DAN or resn XAN or resn DUM or resn SHA or hydro)) around $thickness) 
 SELRPN:    111 atoms have been selected out of   8183
 CNSsolve>      delete sele= (byres (store2 or store3 or store4)) end 
 SELRPN:    408 atoms have been selected out of   8183
 Status of internal molecular topology database:
 -> NATOM=       7775(MAXA=     1000000)  NBOND=       5849(MAXB=     1000000)
 -> NTHETA=      5218(MAXT=     2000000)  NGRP=        2570(MAXGRP=   1000000)
 -> NPHI=          22(MAXP=     2000000)  NIMPHI=      1110(MAXIMP=   1000000)
 -> NNB=          150(MAXNB=    1000000) 
 CNSsolve> 
 CNSsolve> 
 CNSsolve>      ! give waters unique segid name 
 CNSsolve>      eval ($segid= "W" 
 Expression=             + encode($xcount) + encode($ycount) + encode($zcount)) 
 EVALUATE: symbol $SEGID set to "W622" (string)
 CNSsolve>      do (segid = $segid) (segid W000) 
 SELRPN:    240 atoms have been selected out of   7775
 CNSsolve> 
 CNSsolve>    end loop wat3 
 CNSsolve>    while ($ztrans < $zmtran) loop wat3 
 NEXTCD: condition evaluated as true
 CNSsolve>      eval ($zcount=$zcount+1) 
 EVALUATE: symbol $ZCOUNT set to    3.00000     (real)
 CNSsolve>      eval ($ztrans = $ztrans + $boxlength) 
 EVALUATE: symbol $ZTRANS set to    24.5580     (real)
 CNSsolve> 
 CNSsolve> 
 CNSsolve>      segment 
 SEGMENT>        name="    " 
 SEGMENT>        chain 
 CHAIN>          coordinates @@RUN:protocols/boxtyp20.pdb 
 ASSFIL: file boxtyp20.pdb opened.
 COOR>REMARKS *****  CHARMM water box from Charlie Brooks. ******** 
 COOR>REMARKS * This is a box of 216 3-site water molecules in the experimental 
 COOR>REMARKS * geometry.  It was constructed from an equilibrated 
 COOR>REMARKS * configuration of TIP3P (3-site water model of Jorgenson) 
 COOR>REMARKS * waters at 1 atm pressure and a density of 0.0334 molecules/A**-3. 
 COOR>REMARKS * The box edgelength is 18.856 A.  The minimum image periodic 
 COOR>REMARKS * boundary energy for this configuration using the TIP3P 
 COOR>REMARKS * potentials is -2150.6833 kcal/mol. 
 COOR>REMARKS 
 COOR>ATOM      1 OH2  WAT     1       2.531   0.596  -2.477        0.000 
 SEGMNT-info: chain termination due to END keyword.   216 residues were inserted into segid "    "
 CHAIN>        end 
 SEGMENT>      end 
 Status of internal molecular topology database:
 -> NATOM=       8423(MAXA=     1000000)  NBOND=       6281(MAXB=     1000000)
 -> NTHETA=      5434(MAXT=     2000000)  NGRP=        2786(MAXGRP=   1000000)
 -> NPHI=          22(MAXP=     2000000)  NIMPHI=      1110(MAXIMP=   1000000)
 -> NNB=          150(MAXNB=    1000000) 
 CNSsolve>      coor @@RUN:protocols/boxtyp20.pdb 
 ASSFIL: file boxtyp20.pdb opened.
 COOR>REMARKS *****  CHARMM water box from Charlie Brooks. ******** 
 COOR>REMARKS * This is a box of 216 3-site water molecules in the experimental 
 COOR>REMARKS * geometry.  It was constructed from an equilibrated 
 COOR>REMARKS * configuration of TIP3P (3-site water model of Jorgenson) 
 COOR>REMARKS * waters at 1 atm pressure and a density of 0.0334 molecules/A**-3. 
 COOR>REMARKS * The box edgelength is 18.856 A.  The minimum image periodic 
 COOR>REMARKS * boundary energy for this configuration using the TIP3P 
 COOR>REMARKS * potentials is -2150.6833 kcal/mol. 
 COOR>REMARKS 
 COOR>ATOM      1 OH2  WAT     1       2.531   0.596  -2.477        0.000 
 COOR>ATOM      2 H1   WAT     1       2.620   1.540  -2.609        0.000 
 CNSsolve>      do (segid=W000) (segid "    ") 
 Assuming literal string "W000"
 SELRPN:    648 atoms have been selected out of   8423
 CNSsolve>      coor sele=(segid W000) translate vector = ($xtrans $ytrans $ztrans) end 
 SELRPN:    648 atoms have been selected out of   8423
 COOR: using atom subset.
 COOR: translation vector =(    45.542000    5.496000   24.558000 )
 COOR: selected coordinates translated
 CNSsolve> 
 CNSsolve>      ! all new water oxygens 
 CNSsolve>      ident (store1) (segid W000 and name oh2) 
 SELRPN:    216 atoms have been selected out of   8423
 CNSsolve>      ! all new water oxygens close to a protein heavy atom 
 CNSsolve>      ident (store2) (store1 and (not (resn WAT or resn HOH or resn TIP* or resn ANI or resn DAN or resn XAN or resn DUM or resn SHA or hydro)) around $pw_dist) 
 SELRPN:      0 atoms have been selected out of   8423
 CNSsolve>      ! all new water oxygens close to old water oxygens 
 CNSsolve>      ident (store3) (store1 and (segid wat# and not hydro) around $water_diam) 
 SELRPN:      0 atoms have been selected out of   8423
 CNSsolve>      ! all new water oxygens further than thickness away from a protein heavy atom 
 CNSsolve>      ident (store4) (store1 and not (not (resn WAT or resn HOH or resn TIP* or resn ANI or resn DAN or resn XAN or resn DUM or resn SHA or hydro)) around $thickness) 
 SELRPN:    215 atoms have been selected out of   8423
 CNSsolve>      delete sele= (byres (store2 or store3 or store4)) end 
 SELRPN:    645 atoms have been selected out of   8423
 Status of internal molecular topology database:
 -> NATOM=       7778(MAXA=     1000000)  NBOND=       5851(MAXB=     1000000)
 -> NTHETA=      5219(MAXT=     2000000)  NGRP=        2571(MAXGRP=   1000000)
 -> NPHI=          22(MAXP=     2000000)  NIMPHI=      1110(MAXIMP=   1000000)
 -> NNB=          150(MAXNB=    1000000) 
 CNSsolve> 
 CNSsolve> 
 CNSsolve>      ! give waters unique segid name 
 CNSsolve>      eval ($segid= "W" 
 Expression=             + encode($xcount) + encode($ycount) + encode($zcount)) 
 EVALUATE: symbol $SEGID set to "W623" (string)
 CNSsolve>      do (segid = $segid) (segid W000) 
 SELRPN:      3 atoms have been selected out of   7778
 CNSsolve> 
 CNSsolve>    end loop wat3 
 CNSsolve>    while ($ztrans < $zmtran) loop wat3 
 NEXTCD: condition evaluated as false
 CNSsolve>      eval ($zcount=$zcount+1) 
 CNSsolve>      eval ($ztrans = $ztrans + $boxlength) 
 CNSsolve> 
 CNSsolve> 
 CNSsolve>      segment 
 CNSsolve>        name="    " 
 CNSsolve>        chain 
 CNSsolve>          coordinates @@RUN:protocols/boxtyp20.pdb 
 CNSsolve>        end 
 CNSsolve>      end 
 CNSsolve>      coor @@RUN:protocols/boxtyp20.pdb 
 CNSsolve>      do (segid=W000) (segid "    ") 
 CNSsolve>      coor sele=(segid W000) translate vector = ($xtrans $ytrans $ztrans) end 
 CNSsolve> 
 CNSsolve>      ! all new water oxygens 
 CNSsolve>      ident (store1) (segid W000 and name oh2) 
 CNSsolve>      ! all new water oxygens close to a protein heavy atom 
 CNSsolve>      ident (store2) (store1 and (not (resn WAT or resn HOH or resn TIP* or resn ANI or resn DAN or resn XAN or resn DUM or resn SHA or hydro)) around $pw_dist) 
 CNSsolve>      ! all new water oxygens close to old water oxygens 
 CNSsolve>      ident (store3) (store1 and (segid wat# and not hydro) around $water_diam) 
 CNSsolve>      ! all new water oxygens further than thickness away from a protein heavy atom 
 CNSsolve>      ident (store4) (store1 and not (not (resn WAT or resn HOH or resn TIP* or resn ANI or resn DAN or resn XAN or resn DUM or resn SHA or hydro)) around $thickness) 
 CNSsolve>      delete sele= (byres (store2 or store3 or store4)) end 
 CNSsolve> 
 CNSsolve> 
 CNSsolve>      ! give waters unique segid name 
 CNSsolve>      eval ($segid= "W" 
 CNSsolve>             + encode($xcount) + encode($ycount) + encode($zcount)) 
 CNSsolve>      do (segid = $segid) (segid W000) 
 CNSsolve> 
 CNSsolve>    end loop wat3 
 CNSsolve>  end loop wat2 
 CNSsolve>  while ($ytrans < $ymtran) loop wat2 
 NEXTCD: condition evaluated as true
 CNSsolve>    eval ($ycount=$ycount+1) 
 EVALUATE: symbol $YCOUNT set to    3.00000     (real)
 CNSsolve>    eval ($ytrans = $ytrans + $boxlength) 
 EVALUATE: symbol $YTRANS set to    24.3520     (real)
 CNSsolve> 
 CNSsolve>    eval ($zcount=0) 
 EVALUATE: symbol $ZCOUNT set to    0.00000     (real)
 CNSsolve>    eval ($ztrans = $zmin - $thickness - $water_diam - $boxlength/2 ) 
 EVALUATE: symbol $ZTRANS set to   -32.0100     (real)
 CNSsolve>    while ($ztrans < $zmtran) loop wat3 
 NEXTCD: condition evaluated as true
 CNSsolve>      eval ($zcount=$zcount+1) 
 EVALUATE: symbol $ZCOUNT set to    1.00000     (real)
 CNSsolve>      eval ($ztrans = $ztrans + $boxlength) 
 EVALUATE: symbol $ZTRANS set to   -13.1540     (real)
 CNSsolve> 
 CNSsolve> 
 CNSsolve>      segment 
 SEGMENT>        name="    " 
 SEGMENT>        chain 
 CHAIN>          coordinates @@RUN:protocols/boxtyp20.pdb 
 ASSFIL: file boxtyp20.pdb opened.
 COOR>REMARKS *****  CHARMM water box from Charlie Brooks. ******** 
 COOR>REMARKS * This is a box of 216 3-site water molecules in the experimental 
 COOR>REMARKS * geometry.  It was constructed from an equilibrated 
 COOR>REMARKS * configuration of TIP3P (3-site water model of Jorgenson) 
 COOR>REMARKS * waters at 1 atm pressure and a density of 0.0334 molecules/A**-3. 
 COOR>REMARKS * The box edgelength is 18.856 A.  The minimum image periodic 
 COOR>REMARKS * boundary energy for this configuration using the TIP3P 
 COOR>REMARKS * potentials is -2150.6833 kcal/mol. 
 COOR>REMARKS 
 COOR>ATOM      1 OH2  WAT     1       2.531   0.596  -2.477        0.000 
 SEGMNT-info: chain termination due to END keyword.   216 residues were inserted into segid "    "
 CHAIN>        end 
 SEGMENT>      end 
 Status of internal molecular topology database:
 -> NATOM=       8426(MAXA=     1000000)  NBOND=       6283(MAXB=     1000000)
 -> NTHETA=      5435(MAXT=     2000000)  NGRP=        2787(MAXGRP=   1000000)
 -> NPHI=          22(MAXP=     2000000)  NIMPHI=      1110(MAXIMP=   1000000)
 -> NNB=          150(MAXNB=    1000000) 
 CNSsolve>      coor @@RUN:protocols/boxtyp20.pdb 
 ASSFIL: file boxtyp20.pdb opened.
 COOR>REMARKS *****  CHARMM water box from Charlie Brooks. ******** 
 COOR>REMARKS * This is a box of 216 3-site water molecules in the experimental 
 COOR>REMARKS * geometry.  It was constructed from an equilibrated 
 COOR>REMARKS * configuration of TIP3P (3-site water model of Jorgenson) 
 COOR>REMARKS * waters at 1 atm pressure and a density of 0.0334 molecules/A**-3. 
 COOR>REMARKS * The box edgelength is 18.856 A.  The minimum image periodic 
 COOR>REMARKS * boundary energy for this configuration using the TIP3P 
 COOR>REMARKS * potentials is -2150.6833 kcal/mol. 
 COOR>REMARKS 
 COOR>ATOM      1 OH2  WAT     1       2.531   0.596  -2.477        0.000 
 COOR>ATOM      2 H1   WAT     1       2.620   1.540  -2.609        0.000 
 CNSsolve>      do (segid=W000) (segid "    ") 
 Assuming literal string "W000"
 SELRPN:    648 atoms have been selected out of   8426
 CNSsolve>      coor sele=(segid W000) translate vector = ($xtrans $ytrans $ztrans) end 
 SELRPN:    648 atoms have been selected out of   8426
 COOR: using atom subset.
 COOR: translation vector =(    45.542000   24.352000  -13.154000 )
 COOR: selected coordinates translated
 CNSsolve> 
 CNSsolve>      ! all new water oxygens 
 CNSsolve>      ident (store1) (segid W000 and name oh2) 
 SELRPN:    216 atoms have been selected out of   8426
 CNSsolve>      ! all new water oxygens close to a protein heavy atom 
 CNSsolve>      ident (store2) (store1 and (not (resn WAT or resn HOH or resn TIP* or resn ANI or resn DAN or resn XAN or resn DUM or resn SHA or hydro)) around $pw_dist) 
 SELRPN:      0 atoms have been selected out of   8426
 CNSsolve>      ! all new water oxygens close to old water oxygens 
 CNSsolve>      ident (store3) (store1 and (segid wat# and not hydro) around $water_diam) 
 SELRPN:      0 atoms have been selected out of   8426
 CNSsolve>      ! all new water oxygens further than thickness away from a protein heavy atom 
 CNSsolve>      ident (store4) (store1 and not (not (resn WAT or resn HOH or resn TIP* or resn ANI or resn DAN or resn XAN or resn DUM or resn SHA or hydro)) around $thickness) 
 SELRPN:    216 atoms have been selected out of   8426
 CNSsolve>      delete sele= (byres (store2 or store3 or store4)) end 
 SELRPN:    648 atoms have been selected out of   8426
 Status of internal molecular topology database:
 -> NATOM=       7778(MAXA=     1000000)  NBOND=       5851(MAXB=     1000000)
 -> NTHETA=      5219(MAXT=     2000000)  NGRP=        2571(MAXGRP=   1000000)
 -> NPHI=          22(MAXP=     2000000)  NIMPHI=      1110(MAXIMP=   1000000)
 -> NNB=          150(MAXNB=    1000000) 
 CNSsolve> 
 CNSsolve> 
 CNSsolve>      ! give waters unique segid name 
 CNSsolve>      eval ($segid= "W" 
 Expression=             + encode($xcount) + encode($ycount) + encode($zcount)) 
 EVALUATE: symbol $SEGID set to "W631" (string)
 CNSsolve>      do (segid = $segid) (segid W000) 
 SELRPN:      0 atoms have been selected out of   7778
 CNSsolve> 
 CNSsolve>    end loop wat3 
 CNSsolve>    while ($ztrans < $zmtran) loop wat3 
 NEXTCD: condition evaluated as true
 CNSsolve>      eval ($zcount=$zcount+1) 
 EVALUATE: symbol $ZCOUNT set to    2.00000     (real)
 CNSsolve>      eval ($ztrans = $ztrans + $boxlength) 
 EVALUATE: symbol $ZTRANS set to    5.70200     (real)
 CNSsolve> 
 CNSsolve> 
 CNSsolve>      segment 
 SEGMENT>        name="    " 
 SEGMENT>        chain 
 CHAIN>          coordinates @@RUN:protocols/boxtyp20.pdb 
 ASSFIL: file boxtyp20.pdb opened.
 COOR>REMARKS *****  CHARMM water box from Charlie Brooks. ******** 
 COOR>REMARKS * This is a box of 216 3-site water molecules in the experimental 
 COOR>REMARKS * geometry.  It was constructed from an equilibrated 
 COOR>REMARKS * configuration of TIP3P (3-site water model of Jorgenson) 
 COOR>REMARKS * waters at 1 atm pressure and a density of 0.0334 molecules/A**-3. 
 COOR>REMARKS * The box edgelength is 18.856 A.  The minimum image periodic 
 COOR>REMARKS * boundary energy for this configuration using the TIP3P 
 COOR>REMARKS * potentials is -2150.6833 kcal/mol. 
 COOR>REMARKS 
 COOR>ATOM      1 OH2  WAT     1       2.531   0.596  -2.477        0.000 
 SEGMNT-info: chain termination due to END keyword.   216 residues were inserted into segid "    "
 CHAIN>        end 
 SEGMENT>      end 
 Status of internal molecular topology database:
 -> NATOM=       8426(MAXA=     1000000)  NBOND=       6283(MAXB=     1000000)
 -> NTHETA=      5435(MAXT=     2000000)  NGRP=        2787(MAXGRP=   1000000)
 -> NPHI=          22(MAXP=     2000000)  NIMPHI=      1110(MAXIMP=   1000000)
 -> NNB=          150(MAXNB=    1000000) 
 CNSsolve>      coor @@RUN:protocols/boxtyp20.pdb 
 ASSFIL: file boxtyp20.pdb opened.
 COOR>REMARKS *****  CHARMM water box from Charlie Brooks. ******** 
 COOR>REMARKS * This is a box of 216 3-site water molecules in the experimental 
 COOR>REMARKS * geometry.  It was constructed from an equilibrated 
 COOR>REMARKS * configuration of TIP3P (3-site water model of Jorgenson) 
 COOR>REMARKS * waters at 1 atm pressure and a density of 0.0334 molecules/A**-3. 
 COOR>REMARKS * The box edgelength is 18.856 A.  The minimum image periodic 
 COOR>REMARKS * boundary energy for this configuration using the TIP3P 
 COOR>REMARKS * potentials is -2150.6833 kcal/mol. 
 COOR>REMARKS 
 COOR>ATOM      1 OH2  WAT     1       2.531   0.596  -2.477        0.000 
 COOR>ATOM      2 H1   WAT     1       2.620   1.540  -2.609        0.000 
 CNSsolve>      do (segid=W000) (segid "    ") 
 Assuming literal string "W000"
 SELRPN:    648 atoms have been selected out of   8426
 CNSsolve>      coor sele=(segid W000) translate vector = ($xtrans $ytrans $ztrans) end 
 SELRPN:    648 atoms have been selected out of   8426
 COOR: using atom subset.
 COOR: translation vector =(    45.542000   24.352000    5.702000 )
 COOR: selected coordinates translated
 CNSsolve> 
 CNSsolve>      ! all new water oxygens 
 CNSsolve>      ident (store1) (segid W000 and name oh2) 
 SELRPN:    216 atoms have been selected out of   8426
 CNSsolve>      ! all new water oxygens close to a protein heavy atom 
 CNSsolve>      ident (store2) (store1 and (not (resn WAT or resn HOH or resn TIP* or resn ANI or resn DAN or resn XAN or resn DUM or resn SHA or hydro)) around $pw_dist) 
 SELRPN:      0 atoms have been selected out of   8426
 CNSsolve>      ! all new water oxygens close to old water oxygens 
 CNSsolve>      ident (store3) (store1 and (segid wat# and not hydro) around $water_diam) 
 SELRPN:      0 atoms have been selected out of   8426
 CNSsolve>      ! all new water oxygens further than thickness away from a protein heavy atom 
 CNSsolve>      ident (store4) (store1 and not (not (resn WAT or resn HOH or resn TIP* or resn ANI or resn DAN or resn XAN or resn DUM or resn SHA or hydro)) around $thickness) 
 SELRPN:    216 atoms have been selected out of   8426
 CNSsolve>      delete sele= (byres (store2 or store3 or store4)) end 
 SELRPN:    648 atoms have been selected out of   8426
 Status of internal molecular topology database:
 -> NATOM=       7778(MAXA=     1000000)  NBOND=       5851(MAXB=     1000000)
 -> NTHETA=      5219(MAXT=     2000000)  NGRP=        2571(MAXGRP=   1000000)
 -> NPHI=          22(MAXP=     2000000)  NIMPHI=      1110(MAXIMP=   1000000)
 -> NNB=          150(MAXNB=    1000000) 
 CNSsolve> 
 CNSsolve> 
 CNSsolve>      ! give waters unique segid name 
 CNSsolve>      eval ($segid= "W" 
 Expression=             + encode($xcount) + encode($ycount) + encode($zcount)) 
 EVALUATE: symbol $SEGID set to "W632" (string)
 CNSsolve>      do (segid = $segid) (segid W000) 
 SELRPN:      0 atoms have been selected out of   7778
 CNSsolve> 
 CNSsolve>    end loop wat3 
 CNSsolve>    while ($ztrans < $zmtran) loop wat3 
 NEXTCD: condition evaluated as true
 CNSsolve>      eval ($zcount=$zcount+1) 
 EVALUATE: symbol $ZCOUNT set to    3.00000     (real)
 CNSsolve>      eval ($ztrans = $ztrans + $boxlength) 
 EVALUATE: symbol $ZTRANS set to    24.5580     (real)
 CNSsolve> 
 CNSsolve> 
 CNSsolve>      segment 
 SEGMENT>        name="    " 
 SEGMENT>        chain 
 CHAIN>          coordinates @@RUN:protocols/boxtyp20.pdb 
 ASSFIL: file boxtyp20.pdb opened.
 COOR>REMARKS *****  CHARMM water box from Charlie Brooks. ******** 
 COOR>REMARKS * This is a box of 216 3-site water molecules in the experimental 
 COOR>REMARKS * geometry.  It was constructed from an equilibrated 
 COOR>REMARKS * configuration of TIP3P (3-site water model of Jorgenson) 
 COOR>REMARKS * waters at 1 atm pressure and a density of 0.0334 molecules/A**-3. 
 COOR>REMARKS * The box edgelength is 18.856 A.  The minimum image periodic 
 COOR>REMARKS * boundary energy for this configuration using the TIP3P 
 COOR>REMARKS * potentials is -2150.6833 kcal/mol. 
 COOR>REMARKS 
 COOR>ATOM      1 OH2  WAT     1       2.531   0.596  -2.477        0.000 
 SEGMNT-info: chain termination due to END keyword.   216 residues were inserted into segid "    "
 CHAIN>        end 
 SEGMENT>      end 
 Status of internal molecular topology database:
 -> NATOM=       8426(MAXA=     1000000)  NBOND=       6283(MAXB=     1000000)
 -> NTHETA=      5435(MAXT=     2000000)  NGRP=        2787(MAXGRP=   1000000)
 -> NPHI=          22(MAXP=     2000000)  NIMPHI=      1110(MAXIMP=   1000000)
 -> NNB=          150(MAXNB=    1000000) 
 CNSsolve>      coor @@RUN:protocols/boxtyp20.pdb 
 ASSFIL: file boxtyp20.pdb opened.
 COOR>REMARKS *****  CHARMM water box from Charlie Brooks. ******** 
 COOR>REMARKS * This is a box of 216 3-site water molecules in the experimental 
 COOR>REMARKS * geometry.  It was constructed from an equilibrated 
 COOR>REMARKS * configuration of TIP3P (3-site water model of Jorgenson) 
 COOR>REMARKS * waters at 1 atm pressure and a density of 0.0334 molecules/A**-3. 
 COOR>REMARKS * The box edgelength is 18.856 A.  The minimum image periodic 
 COOR>REMARKS * boundary energy for this configuration using the TIP3P 
 COOR>REMARKS * potentials is -2150.6833 kcal/mol. 
 COOR>REMARKS 
 COOR>ATOM      1 OH2  WAT     1       2.531   0.596  -2.477        0.000 
 COOR>ATOM      2 H1   WAT     1       2.620   1.540  -2.609        0.000 
 CNSsolve>      do (segid=W000) (segid "    ") 
 Assuming literal string "W000"
 SELRPN:    648 atoms have been selected out of   8426
 CNSsolve>      coor sele=(segid W000) translate vector = ($xtrans $ytrans $ztrans) end 
 SELRPN:    648 atoms have been selected out of   8426
 COOR: using atom subset.
 COOR: translation vector =(    45.542000   24.352000   24.558000 )
 COOR: selected coordinates translated
 CNSsolve> 
 CNSsolve>      ! all new water oxygens 
 CNSsolve>      ident (store1) (segid W000 and name oh2) 
 SELRPN:    216 atoms have been selected out of   8426
 CNSsolve>      ! all new water oxygens close to a protein heavy atom 
 CNSsolve>      ident (store2) (store1 and (not (resn WAT or resn HOH or resn TIP* or resn ANI or resn DAN or resn XAN or resn DUM or resn SHA or hydro)) around $pw_dist) 
 SELRPN:      0 atoms have been selected out of   8426
 CNSsolve>      ! all new water oxygens close to old water oxygens 
 CNSsolve>      ident (store3) (store1 and (segid wat# and not hydro) around $water_diam) 
 SELRPN:      0 atoms have been selected out of   8426
 CNSsolve>      ! all new water oxygens further than thickness away from a protein heavy atom 
 CNSsolve>      ident (store4) (store1 and not (not (resn WAT or resn HOH or resn TIP* or resn ANI or resn DAN or resn XAN or resn DUM or resn SHA or hydro)) around $thickness) 
 SELRPN:    216 atoms have been selected out of   8426
 CNSsolve>      delete sele= (byres (store2 or store3 or store4)) end 
 SELRPN:    648 atoms have been selected out of   8426
 Status of internal molecular topology database:
 -> NATOM=       7778(MAXA=     1000000)  NBOND=       5851(MAXB=     1000000)
 -> NTHETA=      5219(MAXT=     2000000)  NGRP=        2571(MAXGRP=   1000000)
 -> NPHI=          22(MAXP=     2000000)  NIMPHI=      1110(MAXIMP=   1000000)
 -> NNB=          150(MAXNB=    1000000) 
 CNSsolve> 
 CNSsolve> 
 CNSsolve>      ! give waters unique segid name 
 CNSsolve>      eval ($segid= "W" 
 Expression=             + encode($xcount) + encode($ycount) + encode($zcount)) 
 EVALUATE: symbol $SEGID set to "W633" (string)
 CNSsolve>      do (segid = $segid) (segid W000) 
 SELRPN:      0 atoms have been selected out of   7778
 CNSsolve> 
 CNSsolve>    end loop wat3 
 CNSsolve>    while ($ztrans < $zmtran) loop wat3 
 NEXTCD: condition evaluated as false
 CNSsolve>      eval ($zcount=$zcount+1) 
 CNSsolve>      eval ($ztrans = $ztrans + $boxlength) 
 CNSsolve> 
 CNSsolve> 
 CNSsolve>      segment 
 CNSsolve>        name="    " 
 CNSsolve>        chain 
 CNSsolve>          coordinates @@RUN:protocols/boxtyp20.pdb 
 CNSsolve>        end 
 CNSsolve>      end 
 CNSsolve>      coor @@RUN:protocols/boxtyp20.pdb 
 CNSsolve>      do (segid=W000) (segid "    ") 
 CNSsolve>      coor sele=(segid W000) translate vector = ($xtrans $ytrans $ztrans) end 
 CNSsolve> 
 CNSsolve>      ! all new water oxygens 
 CNSsolve>      ident (store1) (segid W000 and name oh2) 
 CNSsolve>      ! all new water oxygens close to a protein heavy atom 
 CNSsolve>      ident (store2) (store1 and (not (resn WAT or resn HOH or resn TIP* or resn ANI or resn DAN or resn XAN or resn DUM or resn SHA or hydro)) around $pw_dist) 
 CNSsolve>      ! all new water oxygens close to old water oxygens 
 CNSsolve>      ident (store3) (store1 and (segid wat# and not hydro) around $water_diam) 
 CNSsolve>      ! all new water oxygens further than thickness away from a protein heavy atom 
 CNSsolve>      ident (store4) (store1 and not (not (resn WAT or resn HOH or resn TIP* or resn ANI or resn DAN or resn XAN or resn DUM or resn SHA or hydro)) around $thickness) 
 CNSsolve>      delete sele= (byres (store2 or store3 or store4)) end 
 CNSsolve> 
 CNSsolve> 
 CNSsolve>      ! give waters unique segid name 
 CNSsolve>      eval ($segid= "W" 
 CNSsolve>             + encode($xcount) + encode($ycount) + encode($zcount)) 
 CNSsolve>      do (segid = $segid) (segid W000) 
 CNSsolve> 
 CNSsolve>    end loop wat3 
 CNSsolve>  end loop wat2 
 CNSsolve>  while ($ytrans < $ymtran) loop wat2 
 NEXTCD: condition evaluated as false
 CNSsolve>    eval ($ycount=$ycount+1) 
 CNSsolve>    eval ($ytrans = $ytrans + $boxlength) 
 CNSsolve> 
 CNSsolve>    eval ($zcount=0) 
 CNSsolve>    eval ($ztrans = $zmin - $thickness - $water_diam - $boxlength/2 ) 
 CNSsolve>    while ($ztrans < $zmtran) loop wat3 
 CNSsolve>      eval ($zcount=$zcount+1) 
 CNSsolve>      eval ($ztrans = $ztrans + $boxlength) 
 CNSsolve> 
 CNSsolve> 
 CNSsolve>      segment 
 CNSsolve>        name="    " 
 CNSsolve>        chain 
 CNSsolve>          coordinates @@RUN:protocols/boxtyp20.pdb 
 CNSsolve>        end 
 CNSsolve>      end 
 CNSsolve>      coor @@RUN:protocols/boxtyp20.pdb 
 CNSsolve>      do (segid=W000) (segid "    ") 
 CNSsolve>      coor sele=(segid W000) translate vector = ($xtrans $ytrans $ztrans) end 
 CNSsolve> 
 CNSsolve>      ! all new water oxygens 
 CNSsolve>      ident (store1) (segid W000 and name oh2) 
 CNSsolve>      ! all new water oxygens close to a protein heavy atom 
 CNSsolve>      ident (store2) (store1 and (not (resn WAT or resn HOH or resn TIP* or resn ANI or resn DAN or resn XAN or resn DUM or resn SHA or hydro)) around $pw_dist) 
 CNSsolve>      ! all new water oxygens close to old water oxygens 
 CNSsolve>      ident (store3) (store1 and (segid wat# and not hydro) around $water_diam) 
 CNSsolve>      ! all new water oxygens further than thickness away from a protein heavy atom 
 CNSsolve>      ident (store4) (store1 and not (not (resn WAT or resn HOH or resn TIP* or resn ANI or resn DAN or resn XAN or resn DUM or resn SHA or hydro)) around $thickness) 
 CNSsolve>      delete sele= (byres (store2 or store3 or store4)) end 
 CNSsolve> 
 CNSsolve> 
 CNSsolve>      ! give waters unique segid name 
 CNSsolve>      eval ($segid= "W" 
 CNSsolve>             + encode($xcount) + encode($ycount) + encode($zcount)) 
 CNSsolve>      do (segid = $segid) (segid W000) 
 CNSsolve> 
 CNSsolve>    end loop wat3 
 CNSsolve>  end loop wat2 
 CNSsolve>end loop wat1 
 CNSsolve>while ($xtrans < $xmtran) loop wat1 
 NEXTCD: condition evaluated as false
 CNSsolve>  eval ($xcount=$xcount+1) 
 CNSsolve>  eval ($xtrans = $xtrans + $boxlength) 
 CNSsolve> 
 CNSsolve>  eval ($ycount=0) 
 CNSsolve>  eval ($ytrans = $ymin - $thickness - $water_diam - $boxlength/2 ) 
 CNSsolve>  while ($ytrans < $ymtran) loop wat2 
 CNSsolve>    eval ($ycount=$ycount+1) 
 CNSsolve>    eval ($ytrans = $ytrans + $boxlength) 
 CNSsolve> 
 CNSsolve>    eval ($zcount=0) 
 CNSsolve>    eval ($ztrans = $zmin - $thickness - $water_diam - $boxlength/2 ) 
 CNSsolve>    while ($ztrans < $zmtran) loop wat3 
 CNSsolve>      eval ($zcount=$zcount+1) 
 CNSsolve>      eval ($ztrans = $ztrans + $boxlength) 
 CNSsolve> 
 CNSsolve> 
 CNSsolve>      segment 
 CNSsolve>        name="    " 
 CNSsolve>        chain 
 CNSsolve>          coordinates @@RUN:protocols/boxtyp20.pdb 
 CNSsolve>        end 
 CNSsolve>      end 
 CNSsolve>      coor @@RUN:protocols/boxtyp20.pdb 
 CNSsolve>      do (segid=W000) (segid "    ") 
 CNSsolve>      coor sele=(segid W000) translate vector = ($xtrans $ytrans $ztrans) end 
 CNSsolve> 
 CNSsolve>      ! all new water oxygens 
 CNSsolve>      ident (store1) (segid W000 and name oh2) 
 CNSsolve>      ! all new water oxygens close to a protein heavy atom 
 CNSsolve>      ident (store2) (store1 and (not (resn WAT or resn HOH or resn TIP* or resn ANI or resn DAN or resn XAN or resn DUM or resn SHA or hydro)) around $pw_dist) 
 CNSsolve>      ! all new water oxygens close to old water oxygens 
 CNSsolve>      ident (store3) (store1 and (segid wat# and not hydro) around $water_diam) 
 CNSsolve>      ! all new water oxygens further than thickness away from a protein heavy atom 
 CNSsolve>      ident (store4) (store1 and not (not (resn WAT or resn HOH or resn TIP* or resn ANI or resn DAN or resn XAN or resn DUM or resn SHA or hydro)) around $thickness) 
 CNSsolve>      delete sele= (byres (store2 or store3 or store4)) end 
 CNSsolve> 
 CNSsolve> 
 CNSsolve>      ! give waters unique segid name 
 CNSsolve>      eval ($segid= "W" 
 CNSsolve>             + encode($xcount) + encode($ycount) + encode($zcount)) 
 CNSsolve>      do (segid = $segid) (segid W000) 
 CNSsolve> 
 CNSsolve>    end loop wat3 
 CNSsolve>  end loop wat2 
 CNSsolve>end loop wat1 
 CNSsolve> 
 CNSsolve>! now, give waters a unique resid so that we get the segid to play around with 
 CNSsolve>ident (store1) (all) 
 SELRPN:   7778 atoms have been selected out of   7778
 CNSsolve>show min (store1) (segid w*) 
 SELRPN:   6156 atoms have been selected out of   7778
 SHOW: minimum of selected elements =    1623.000000
 CNSsolve>do (store1 = store1 - $result + 1) (segid w*) 
 SELRPN:   6156 atoms have been selected out of   7778
 CNSsolve>do (resid = encode(int(store1/3 -0.1) +1)) (segid w* and not segid wat#) 
 SELRPN:   6156 atoms have been selected out of   7778
 CNSsolve>do (segid = $water) (segid w* and not segid wat#) 
 SELRPN:   6156 atoms have been selected out of   7778
 CNSsolve> 
 CNSsolve>! shave off any waters that left 
 CNSsolve>delete sele= (byres (name oh2 and segid W* and not (not (resn WAT or resn HOH or resn TIP* or resn ANI or resn DAN or resn XAN or resn DUM or resn SHA or hydro)) around $thickness)) end 
 SELRPN:      0 atoms have been selected out of   7778
 SCRATC-warning: STORe selections erased.
 Status of internal molecular topology database:
 -> NATOM=       7778(MAXA=     1000000)  NBOND=       5851(MAXB=     1000000)
 -> NTHETA=      5219(MAXT=     2000000)  NGRP=        2571(MAXGRP=   1000000)
 -> NPHI=          22(MAXP=     2000000)  NIMPHI=      1110(MAXIMP=   1000000)
 -> NNB=          150(MAXNB=    1000000) 
 CNSsolve> 
 CNSsolve>{* write out initial coordinates just for testing *} 
 CNSsolve>!   evaluate ($filename=$Filenames.fileroot+ encode($count)+ "wini.pdb") 
 CNSsolve>!   write coordinates format=pdbo sele= (all) output =$filename end 
 CNSsolve> 
 CNSsolve>      do (segid = "    ") (segid "PROT") 
 SELRPN:      0 atoms have been selected out of   7778
 CNSsolve>    end if 
 CNSsolve>  else 
 CNSsolve>    parameter nbonds eps=$Data.epsilon1 end end 
 CNSsolve>  end if 
 CNSsolve>end if 
 CNSsolve> 
 CNSsolve>set seed $seed end 
 CNSsolve>set message=normal echo=on end 
 CNSsolve>inline @RUN:protocols/read_data.cns 
 ASSFIL: file read_data.cns opened.
 CNSsolve>! read_data.cns 
 CNSsolve>!    Read the various restraints data 
 CNSsolve>! 
 CNSsolve>! *********************************************************************** 
 CNSsolve>! * Copyright 2003-2018 Alexandre Bonvin, Utrecht University.           * 
 CNSsolve>! * Originally adapted from Aria 1.2 from Nilges and Linge, EMBL.       * 
 CNSsolve>! * All rights reserved.                                                * 
 CNSsolve>! * This code is part of the HADDOCK software and governed by its       * 
 CNSsolve>! * license. Please see the LICENSE file that should have been included * 
 CNSsolve>! * as part of this package.                                            * 
 CNSsolve>! *********************************************************************** 
 CNSsolve>! 
 CNSsolve> 
 CNSsolve>!module(Iteration; Data; count;) 
 CNSsolve> 
 CNSsolve>!NOEs, hbonds 
 CNSsolve>noe 
 NOE>  reset 
 NOE>  nrestraints = 12000000     ! allocate space for NOEs 
 NOE: allocating space for ******* restraints.
 NOE>  ceiling 1000 
 NOE>end 
 CNSsolve> 
 CNSsolve>if ($Data.amb_lastit ge $Iteration) then 
 NEXTCD: condition evaluated as true
 CNSsolve>  if ($Data.amb_firstit le $Iteration)   then 
 NEXTCD: condition evaluated as true
 CNSsolve>     evaluate ($filenam0 = "NEWIT:ambig.tbl_" + encode($count)) 
 EVALUATE: symbol $FILENAM0 set to "NEWIT:ambig.tbl_1" (string)
 CNSsolve>     fileexist $filenam0 end 
 MISCOM: file does not exist
 CNSsolve>     if ($result eq false) then 
 NEXTCD: condition evaluated as true
 CNSsolve>       evaluate ($filenam0 = "NEWIT:ambig.tbl") 
 EVALUATE: symbol $FILENAM0 set to "NEWIT:ambig.tbl" (string)
 CNSsolve>     end if 
 CNSsolve>     noe class ambi @@$filenam0 end 
 ASSFIL: file ambig.tbl opened.
 NOE>! HADDOCK AIR restraints for 1st partner 
 NOE>! 
 NOE>assign ( resid 1  and segid A) 
 SELRPN:     32 atoms have been selected out of   7778
 SELRPN>       ( 
 SELRPN>        ( resid 16  and segid B) 
 SELRPN>     or 
 SELRPN>        ( resid 17  and segid B) 
 SELRPN>     or 
 SELRPN>        ( resid 18  and segid B) 
 SELRPN>     or 
 SELRPN>        ( resid 19  and segid B) 
 SELRPN>     or 
 SELRPN>        ( resid 20  and segid B) 
 SELRPN>     or 
 SELRPN>        ( resid 21  and segid B) 
 SELRPN>     or 
 SELRPN>        ( resid 22  and segid B) 
 SELRPN>     or 
 SELRPN>        ( resid 23  and segid B) 
 SELRPN>     or 
 SELRPN>        ( resid 24  and segid B) 
 SELRPN>     or 
 SELRPN>        ( resid 25  and segid B) 
 SELRPN>     or 
 SELRPN>        ( resid 26  and segid B) 
 SELRPN>     or 
 SELRPN>        ( resid 27  and segid B) 
 SELRPN>     or 
 SELRPN>        ( resid 28  and segid B) 
 SELRPN>     or 
 SELRPN>        ( resid 29  and segid B) 
 SELRPN>     or 
 SELRPN>        ( resid 30  and segid B) 
 SELRPN>     or 
 SELRPN>        ( resid 14  and segid B) 
 SELRPN>     or 
 SELRPN>        ( resid 15  and segid B) 
 SELRPN>     or 
 SELRPN>        ( resid 31  and segid B) 
 SELRPN>     or 
 SELRPN>        ( resid 32  and segid B) 
 SELRPN>     or 
 SELRPN>        ( resid 33  and segid B) 
 SELRPN>     or 
 SELRPN>        ( resid 34  and segid B) 
 SELRPN>     or 
 SELRPN>        ( resid 35  and segid B) 
 SELRPN>     or 
 SELRPN>        ( resid 36  and segid B) 
 SELRPN>     or 
 SELRPN>        ( resid 37  and segid B) 
 SELRPN>     or 
 SELRPN>        ( resid 38  and segid B) 
 SELRPN>     or 
 SELRPN>        ( resid 39  and segid B) 
 SELRPN>     or 
 SELRPN>        ( resid 40  and segid B) 
 SELRPN>     or 
 SELRPN>        ( resid 41  and segid B) 
 SELRPN>     or 
 SELRPN>        ( resid 42  and segid B) 
 SELRPN>       )  2.0 2.0 0.0 
 SELRPN:    927 atoms have been selected out of   7778
 NOE>! 
 NOE>! HADDOCK AIR restraints for 2nd partner 
 NOE>! 
 NOE>assign ( resid 16  and segid B) 
 SELRPN:     30 atoms have been selected out of   7778
 SELRPN>       ( 
 SELRPN>        ( resid 1  and segid A) 
 SELRPN>       )  2.0 2.0 0.0 
 SELRPN:     32 atoms have been selected out of   7778
 NOE>! 
 NOE>assign ( resid 17  and segid B) 
 SELRPN:     32 atoms have been selected out of   7778
 SELRPN>       ( 
 SELRPN>        ( resid 1  and segid A) 
 SELRPN>       )  2.0 2.0 0.0 
 SELRPN:     32 atoms have been selected out of   7778
 NOE>! 
 NOE>assign ( resid 18  and segid B) 
 SELRPN:     33 atoms have been selected out of   7778
 SELRPN>       ( 
 SELRPN>        ( resid 1  and segid A) 
 SELRPN>       )  2.0 2.0 0.0 
 SELRPN:     32 atoms have been selected out of   7778
 NOE>! 
 NOE>assign ( resid 19  and segid B) 
 SELRPN:     33 atoms have been selected out of   7778
 SELRPN>       ( 
 SELRPN>        ( resid 1  and segid A) 
 SELRPN>       )  2.0 2.0 0.0 
 SELRPN:     32 atoms have been selected out of   7778
 NOE>! 
 NOE>assign ( resid 20  and segid B) 
 SELRPN:     30 atoms have been selected out of   7778
 SELRPN>       ( 
 SELRPN>        ( resid 1  and segid A) 
 SELRPN>       )  2.0 2.0 0.0 
 SELRPN:     32 atoms have been selected out of   7778
 NOE>! 
 NOE>assign ( resid 21  and segid B) 
 SELRPN:     30 atoms have been selected out of   7778
 SELRPN>       ( 
 SELRPN>        ( resid 1  and segid A) 
 SELRPN>       )  2.0 2.0 0.0 
 SELRPN:     32 atoms have been selected out of   7778
 NOE>! 
 NOE>assign ( resid 22  and segid B) 
 SELRPN:     32 atoms have been selected out of   7778
 SELRPN>       ( 
 SELRPN>        ( resid 1  and segid A) 
 SELRPN>       )  2.0 2.0 0.0 
 SELRPN:     32 atoms have been selected out of   7778
 NOE>! 
 NOE>assign ( resid 23  and segid B) 
 SELRPN:     33 atoms have been selected out of   7778
 SELRPN>       ( 
 SELRPN>        ( resid 1  and segid A) 
 SELRPN>       )  2.0 2.0 0.0 
 SELRPN:     32 atoms have been selected out of   7778
 NOE>! 
 NOE>assign ( resid 24  and segid B) 
 SELRPN:     33 atoms have been selected out of   7778
 SELRPN>       ( 
 SELRPN>        ( resid 1  and segid A) 
 SELRPN>       )  2.0 2.0 0.0 
 SELRPN:     32 atoms have been selected out of   7778
 NOE>! 
 NOE>assign ( resid 25  and segid B) 
 SELRPN:     32 atoms have been selected out of   7778
 SELRPN>       ( 
 SELRPN>        ( resid 1  and segid A) 
 SELRPN>       )  2.0 2.0 0.0 
 SELRPN:     32 atoms have been selected out of   7778
 NOE>! 
 NOE>assign ( resid 26  and segid B) 
 SELRPN:     32 atoms have been selected out of   7778
 SELRPN>       ( 
 SELRPN>        ( resid 1  and segid A) 
 SELRPN>       )  2.0 2.0 0.0 
 SELRPN:     32 atoms have been selected out of   7778
 NOE>! 
 NOE>assign ( resid 27  and segid B) 
 SELRPN:     33 atoms have been selected out of   7778
 SELRPN>       ( 
 SELRPN>        ( resid 1  and segid A) 
 SELRPN>       )  2.0 2.0 0.0 
 SELRPN:     32 atoms have been selected out of   7778
 NOE>! 
 NOE>assign ( resid 28  and segid B) 
 SELRPN:     32 atoms have been selected out of   7778
 SELRPN>       ( 
 SELRPN>        ( resid 1  and segid A) 
 SELRPN>       )  2.0 2.0 0.0 
 SELRPN:     32 atoms have been selected out of   7778
 NOE>! 
 NOE>assign ( resid 29  and segid B) 
 SELRPN:     32 atoms have been selected out of   7778
 SELRPN>       ( 
 SELRPN>        ( resid 1  and segid A) 
 SELRPN>       )  2.0 2.0 0.0 
 SELRPN:     32 atoms have been selected out of   7778
 NOE>! 
 NOE>assign ( resid 30  and segid B) 
 SELRPN:     32 atoms have been selected out of   7778
 SELRPN>       ( 
 SELRPN>        ( resid 1  and segid A) 
 SELRPN>       )  2.0 2.0 0.0 
 SELRPN:     32 atoms have been selected out of   7778
 NOE> 
 NOE> end 
 CNSsolve>     if ($Data.noecv eq true) then 
 NEXTCD: condition evaluated as true
 CNSsolve>       noe part $Data.ncvpart end 
 For set   1 there are     3 distance restraints.
 For set   2 there are    13 distance restraints.
 CNSsolve>     end if 
 CNSsolve>  end if 
 CNSsolve>end if 
 CNSsolve> 
 CNSsolve>if ($Data.unamb_lastit ge $Iteration) then 
 NEXTCD: condition evaluated as true
 CNSsolve>  if ($Data.unamb_firstit le $Iteration) then 
 NEXTCD: condition evaluated as true
 CNSsolve>     noe class dist @@NEWIT:unambig.tbl end 
 ASSFIL: file unambig.tbl opened.
 CNSsolve>  end if 
 CNSsolve>end if 
 CNSsolve> 
 CNSsolve>if ($Data.hbond_lastit ge $Iteration) then 
 NEXTCD: condition evaluated as true
 CNSsolve>  if ($Data.hbond_firstit le $Iteration) then 
 NEXTCD: condition evaluated as true
 CNSsolve>    if ($Data.hbonds_on eq true) then 
 NEXTCD: condition evaluated as false
 CNSsolve>      noe class hbon @@RUN:data/hbonds/hbonds.tbl end 
 CNSsolve>    end if 
 CNSsolve>  end if 
 CNSsolve>end if 
 CNSsolve> 
 CNSsolve>noe 
 NOE>  averaging  * sum 
 NOE>  potential  * soft 
 NOE>  scale      * 1.0 
 NOE>  sqconstant * 1.0 
 NOE>  sqexponent * 2 
 NOE>  soexponent * 1 
 NOE>  rswitch    * 1.0 
 NOE>  sqoffset   * 0.0 
 NOE>  asymptote  * 2.0 
 NOE>  msoexponent * 1 
 NOE>  masymptote  * -0.1 
 NOE>  mrswitch    * 1.0 
 NOE>end 
 CNSsolve> 
 CNSsolve> 
 CNSsolve>!!!!!!!!!!!!!!!!!!!!!!!!!!!!!!!!!!!!!!!!!!!!!!!!!!!!!!!!!!!!!!!!!!!!!!!!!!!!!!! 
 CNSsolve>!dihedral restraints: 
 CNSsolve>restraints dihedral 
 DIHEDRAL>   reset 
 DIHEDRAL>   nassign 50000 
 RSTDIH: allocating space for   50000 assignments.
 DIHEDRAL>end 
 CNSsolve>if ($Data.cdih.on eq true) then 
 NEXTCD: condition evaluated as false
 CNSsolve>  restraints dihedral 
 CNSsolve>    @@RUN:data/dihedrals/dihedrals.tbl 
 CNSsolve>  end 
 CNSsolve>end if 
 CNSsolve> 
 CNSsolve>restraints dihedral ? end 
 Total number of dihedral angle restraints=     0
  overall scale =    1.0000
 Number of dihedral angle restraints=    0
 RMS deviation=   0.000
 CNSsolve> 
 CNSsolve>!!!!!!!!!!!!!!!!!!!!!!!!!!!!!!!!!!!!!!!!!!!!!!!!!!!!!!!!!!!!!!!!!!!!!!!!!!!!!!! 
 CNSsolve>!residual dipolar couplings: 
 CNSsolve> 
 CNSsolve>evaluate ($Data.flags.sani = false) 
 EVALUATE: symbol $DATA.FLAGS.SANI set to FALSE (logical)
 CNSsolve>evaluate ($Data.flags.xrdc = false) 
 EVALUATE: symbol $DATA.FLAGS.XRDC set to FALSE (logical)
 CNSsolve>evaluate ($Data.flags.xpcs = false) 
 EVALUATE: symbol $DATA.FLAGS.XPCS set to FALSE (logical)
 CNSsolve>evaluate ($Data.flags.dani = false) 
 EVALUATE: symbol $DATA.FLAGS.DANI set to FALSE (logical)
 CNSsolve>evaluate ($Data.flags.vean = false) 
 EVALUATE: symbol $DATA.FLAGS.VEAN set to FALSE (logical)
 CNSsolve>evaluate ($inisani=0) 
 EVALUATE: symbol $INISANI set to    0.00000     (real)
 CNSsolve>evaluate ($inixrdc=0) 
 EVALUATE: symbol $INIXRDC set to    0.00000     (real)
 CNSsolve>evaluate ($inixpcs=0) 
 EVALUATE: symbol $INIXPCS set to    0.00000     (real)
 CNSsolve>evaluate ($inidani=0) 
 EVALUATE: symbol $INIDANI set to    0.00000     (real)
 CNSsolve>evaluate ($inivean = 0) 
 EVALUATE: symbol $INIVEAN set to    0.00000     (real)
 CNSsolve> 
 CNSsolve>sani reset nres=5000 end 
SANI: Allocating space for    5000
number of constraints 
 CNSsolve>vean reset nres=10000 end 
 CNSsolve>xrdc reset nres=5000 end 
XDIPO_RDC: Allocating space for    5000number of restraints.
 CNSsolve>evaluate ($nrdc=1) 
 EVALUATE: symbol $NRDC set to    1.00000     (real)
 CNSsolve>while ($nrdc <= $Data.numrdc) loop rdc 
 NEXTCD: condition evaluated as false
 CNSsolve>  evaluate ($cln="rd"+encode($nrdc)) 
 CNSsolve>  if ($Data.rdc_lastit_$nrdc ge $Iteration) then 
 CNSsolve>    if ($Data.rdc_firstit_$nrdc le $Iteration) then 
 CNSsolve>      if ($Data.rdc_choice_$nrdc eq "SANI") then 
 CNSsolve>        evaluate ($Data.flags.sani = true) 
 CNSsolve>	evaluate ($restfile="RUN:data/rdcs/rdc"+encode($nrdc)+".tbl") 
 CNSsolve>        evaluate ($inisani=1) 
 CNSsolve>        sani 
 CNSsolve>          class $cln 
 CNSsolve>          force 0.0 
 CNSsolve>          potential square 
 CNSsolve>          @@$restfile 
 CNSsolve>        end 
 CNSsolve>      end if 
 CNSsolve>      if ($Data.rdc_choice_$nrdc eq "XRDC") then 
 CNSsolve>        evaluate ($Data.flags.xrdc = true) 
 CNSsolve>	evaluate ($restfile="RUN:data/rdcs/rdc"+encode($nrdc)+".tbl") 
 CNSsolve>        evaluate ($inixrdc=1) 
 CNSsolve>        xrdc 
 CNSsolve>          class $cln 
 CNSsolve>          force 0.0 
 CNSsolve>          @@$restfile 
 CNSsolve>        end 
 CNSsolve>      end if 
 CNSsolve>      if ($Data.rdc_choice_$nrdc eq "VANGLE") then 
 CNSsolve>        evaluate ($Data.flags.vean = true) 
 CNSsolve>	evaluate ($restfile="RUN:data/rdcs/rdc"+encode($nrdc)+".tbl") 
 CNSsolve>        evaluate ($inivean = 1) 
 CNSsolve>        if ($Data.rdc_firstIt_$nrdc le $Iteration) then 
 CNSsolve>          vean 
 CNSsolve>            class $cln 
 CNSsolve>            force 0.0 0.0 
 CNSsolve>            @@$restfile 
 CNSsolve>          end 
 CNSsolve>        end if 
 CNSsolve>      end if 
 CNSsolve>    end if 
 CNSsolve>  end if 
 CNSsolve>  evaluate ($nrdc = $nrdc + 1) 
 CNSsolve>end loop rdc 
 CNSsolve> 
 CNSsolve>evaluate ($tensread = false) 
 EVALUATE: symbol $TENSREAD set to FALSE (logical)
 CNSsolve>if ($Data.flags.xrdc = true) then 
 NEXTCD: condition evaluated as false
 CNSsolve>  noe 
 CNSsolve>    class tens 
 CNSsolve>    @@RUN:data/tensor/tensor.tbl 
 CNSsolve>    potential tens square 
 CNSsolve>    scale     tens 500.0 
 CNSsolve>  end 
 CNSsolve>  evaluate ($tensread = true) 
 CNSsolve>end if 
 CNSsolve> 
 CNSsolve>!!!!!!!!!!!!!!!!!!!!!!!!!!!!!!!!!!!!!!!!!!!!!!!!!!!!!!!!!!!!!!!!!!!!!!!!!!!!!!! 
 CNSsolve>!PCS restraints: 
 CNSsolve>xpcs reset nres=5000 end 
XDIPO_PCS: Allocating space for    5000number of restraints.
 CNSsolve>evaluate ($npcs=1) 
 EVALUATE: symbol $NPCS set to    1.00000     (real)
 CNSsolve>while ($npcs <= $Data.numpcs) loop pcs 
 NEXTCD: condition evaluated as false
 CNSsolve>  if ($Data.pcs_lastit_$npcs ge $Iteration) then 
 CNSsolve>    if ($Data.pcs_firstit_$npcs le $Iteration) then 
 CNSsolve>      if ($Data.pcs_choice_$npcs eq "XPCS") then 
 CNSsolve>        evaluate ($Data.flags.xpcs = true) 
 CNSsolve>	evaluate ($restfile="RUN:data/pcs/pcs"+encode($npcs)+".tbl") 
 CNSsolve>	evaluate ($cln="pc"+encode($npcs)) 
 CNSsolve>        evaluate ($inixpcs=1) 
 CNSsolve>        xpcs 
 CNSsolve>          class $cln 
 CNSsolve>          force 0.0 
 CNSsolve>          @@$restfile 
 CNSsolve>        end 
 CNSsolve>      end if 
 CNSsolve>    end if 
 CNSsolve>  end if 
 CNSsolve>  evaluate ($npcs= $npcs + 1) 
 CNSsolve>end loop pcs 
 CNSsolve> 
 CNSsolve>if ($Data.flags.xpcs = true) then 
 NEXTCD: condition evaluated as false
 CNSsolve>  if ($tensread eq FALSE) then 
 CNSsolve>    noe 
 CNSsolve>      class tens 
 CNSsolve>      @@RUN:data/tensor/tensor.tbl 
 CNSsolve>      potential tens square 
 CNSsolve>      scale     tens 500.0 
 CNSsolve>    end 
 CNSsolve>  end if 
 CNSsolve>end if 
 CNSsolve> 
 CNSsolve>!!!!!!!!!!!!!!!!!!!!!!!!!!!!!!!!!!!!!!!!!!!!!!!!!!!!!!!!!!!!!!!!!!!!!!!!!!!!!!! 
 CNSsolve>!DANI restraints: 
 CNSsolve> 
 CNSsolve>evaluate ($ndani=1) 
 EVALUATE: symbol $NDANI set to    1.00000     (real)
 CNSsolve>dani reset nres=5000 end 
DANI: Allocating space for    5000
number of constraints 
 CNSsolve>while ($ndani <= $Data.numdani) loop dani 
 NEXTCD: condition evaluated as false
 CNSsolve>  if ($Data.dan_lastit_$ndani ge $Iteration) then 
 CNSsolve>    if ($Data.dan_firstit_$ndani le $Iteration) then 
 CNSsolve>      if ($Data.dan_choice_$ndani eq "DANI") then 
 CNSsolve>        evaluate ($Data.flags.dani = true) 
 CNSsolve>	evaluate ($restfile="RUN:data/dani/dani"+encode($ndani)+".tbl") 
 CNSsolve>	evaluate ($cln="da"+encode($ndani)) 
 CNSsolve>        evaluate ($inidani=1) 
 CNSsolve>        dani 
 CNSsolve>          class $cln 
 CNSsolve>          force 0.0 
 CNSsolve>          potential square 
 CNSsolve>          @@$restfile 
 CNSsolve>        end 
 CNSsolve>      end if 
 CNSsolve>    end if 
 CNSsolve>  end if 
 CNSsolve>  evaluate ($ndani = $ndani + 1) 
 CNSsolve>end loop dani 
 CNSsolve> 
 CNSsolve>! read EM-data 
 CNSsolve>if ($data.flags.em = true) then 
 NEXTCD: condition evaluated as false
 CNSsolve>    @RUN:protocols/em_read_data.cns(data=$data;) 
 ASSFIL: file em_read_data.cns opened.
 CNSsolve>module (Data;) 
 CNSsolve>    {* 
 CNSsolve>    Module reads in the cryoEM data, supposed to be the CryoEM map. Since CNS 
 CNSsolve>    is mainly build for X-ray Crystallography and thus reciprocal space, 
 CNSsolve>    working in real space is a bit cumbersome. Therefor we first determine the 
 CNSsolve>    map size and such befor reading it in. The unit cell is determined first 
 CNSsolve>    and the resolution cutoff.  After that the FFT parameters can be determined 
 CNSsolve>    and space is generated for the reflections. 
 CNSsolve> 
 CNSsolve>    It follows with reading in the form factors for all the atoms. The arrays 
 CNSsolve>    FOBS, FCALC, FPART and MAP are allocated. The CryoEM map is read and the 
 CNSsolve>    target function is set, which is here the so called vector potential. The 
 CNSsolve>    vector potential is the reciprocal space variant of the cross correlation 
 CNSsolve>    between two maps. 
 CNSsolve> 
 CNSsolve>    Parameters 
 CNSsolve>    ---------- 
 CNSsolve>    Data : Data object 
 CNSsolve>        The Data object holds all the parameter for the CryoEM functionality 
 CNSsolve> 
 CNSsolve>    Notes 
 CNSsolve>    ----- 
 CNSsolve>    After the call of this module one is able to use the XREF energy flag at will. 
 CNSsolve> 
 CNSsolve>    Examples 
 CNSsolve>    -------- 
 CNSsolve>    >>> ! Use the XREF energy term 
 CNSsolve>    >>> @RUN:protocols/em_read_data.cns(Data=&Data;) 
 CNSsolve>    >>> flags include XREF end 
 CNSsolve>    *} 
 CNSsolve> 
 CNSsolve>    xray 
 CNSsolve>        ! Set unit cell parameters. The angles are implicitely assumed to be 90' 
 CNSsolve>        symmetry=(x, y, z) 
 CNSsolve>        a=&Data.em.xlength 
 CNSsolve>        b=&Data.em.ylength 
 CNSsolve>        c=&Data.em.zlength 
 CNSsolve> 
 CNSsolve>        ! set target resolution 
 CNSsolve>        mapresolution &Data.em.resolution 
 CNSsolve> 
 CNSsolve>        ! set up FFT 
 CNSsolve>        method=FFT 
 CNSsolve>        evaluate($voxelspacing = &Data.em.xlength / &Data.em.nx) 
 CNSsolve>        evaluate($gridsize = $voxelspacing/&Data.em.resolution) 
 CNSsolve>        fft 
 CNSsolve>            automemory=true 
 CNSsolve>            gridsize=$gridsize 
 CNSsolve>            bscale=100 
 CNSsolve>            elimit=9 
 CNSsolve>            prime=5 
 CNSsolve>        end 
 CNSsolve> 
 CNSsolve>        ! allocate space for the reflections. 
 CNSsolve>        generate 100000 &Data.em.resolution 
 CNSsolve>    end 
 CNSsolve> 
 CNSsolve>    xray 
 CNSsolve>        ! read in atomic form factors 
 CNSsolve>        @RUN:toppar/scatter.lib 
 ASSFIL: file scatter.lib opened.
 CNSsolve>! file libraries/xray/scatter.lib 
 CNSsolve>! Atomic scattering factors without anomalous contribution 
 CNSsolve>! Library for CNS 
 CNSsolve> 
 CNSsolve>! Authors: Paul Adams, Joe Jaeger, and Axel T. Brunger 
 CNSsolve> 
 CNSsolve>!BEWARE: 
 CNSsolve>!(1) element Cf (Californium) has to be referred to as Cff 
 CNSsolve>!(2) element Sm (Samarium) has to be referred to as Smm 
 CNSsolve>!(3) element Np (Neptunium) has to be referred to as Npp 
 CNSsolve>!(3) types of elements with ionic state (i.e., +/-) specifications have 
 CNSsolve>!    to be put in double quotes in selection statements. 
 CNSsolve> 
 CNSsolve>set message ? end 
 CNSsolve>evaluate ($message_old_sclib=$result) 
 CNSsolve>set echo ? end 
 CNSsolve>evaluate ($echo_old_sclib=$result) 
 CNSsolve>set echo=off message=off end 
 CNSsolve> 
 CNSsolve> checkversion 1.3 
 CNSsolve> 
 CNSsolve> 
 CNSsolve>SCATter ( chemical H* and not ( 
 CNSsolve>          chemical "He" or chemical "HE" or 
 CNSsolve>          chemical "Ho" or chemical "HO" or 
 CNSsolve>          chemical "Ho+3" or chemical "HO+3" or 
 CNSsolve>          chemical "Hf" or chemical "HF" or 
 CNSsolve>          chemical "Hf+4" or chemical "HF+4" or 
 CNSsolve>          chemical "Hg" or chemical "HG" or 
 CNSsolve>          chemical "Hg+1" or chemical "HG+1" or 
 CNSsolve>          chemical "Hg+2" or chemical "HG+2" )) 
 CNSsolve>  0.489918 20.6593 0.262003 7.74039 0.196767 49.5519 0.049879 2.20159 0.001305 
 CNSsolve>SCATter ( chemical "He" or chemical "HE" ) 
 CNSsolve>  0.8734 9.1037 0.6309 3.3568 0.3112 22.9276 0.178 0.9821 0.0064 
 CNSsolve>SCATter ( chemical "Li" or chemical "LI" ) 
 CNSsolve>  1.1282 3.9546 0.7508 1.0524 0.6175 85.3905 0.4653 168.261 0.0377 
 CNSsolve>SCATter ( chemical "Li+1" or chemical "LI+1" ) 
 CNSsolve>  0.6968 4.6237 0.7888 1.9557 0.3414 0.6316 0.1563 10.0953 0.0167 
 CNSsolve>SCATter ( chemical "Be" or chemical "BE" ) 
 CNSsolve>  1.5919 43.6427 1.1278 1.8623 0.5391 103.483 0.7029 0.542 0.0385 
 CNSsolve>SCATter ( chemical "Be+2" or chemical "BE+2" ) 
 CNSsolve>  6.2603 0.0027 0.8849 0.8313 0.7993 2.2758 0.1647 5.1146 -6.1092 
 CNSsolve>SCATter ( chemical "B" ) 
 CNSsolve>  2.0545 23.2185 1.3326 1.021 1.0979 60.3498 0.7068 0.1403 -0.1932 
 CNSsolve>SCATter ( chemical C* and not 
 CNSsolve>        ( chem "Ca" or chem "CA" or chem "Ca+2" or chem "CA+2" or 
 CNSsolve>          chem "Ce" or chem "CE" or chem "Ce+3" or chem "CE+3" or chem "Ce+4" or chem "CE+4" or 
 CNSsolve>          chem "Co" or chem "CO" or chem "Co+2" or chem "CO+2" or chem "Co+3" or chem "CO+3" or 
 CNSsolve>          chem "Cr" or chem "CR" or chem "Cr+2" or chem "CR+2" or chem "Cr+3" or chem "CR+3" or 
 CNSsolve>          chem "Cu" or chem "CU" or chem "Cu+1" or chem "CU+1" or chem "Cu+2" or chem "CU+2" or 
 CNSsolve>          chem "Cd" or chem "CD" or chem "Cd+2" or chem "CD+2" or 
 CNSsolve>          chem "Cs" or chem "CS" or chem "Cs+1" or chem "CS+1" or 
 CNSsolve>          chem "Cm" or chem "CM" or 
 CNSsolve>          chem "Cl" or chem "CL" or chem "Cl-1" or chem "CL-1" or 
 CNSsolve>          chem "Cff" or chem "CFF" or chem "Cval" or chem "CVAL" )) 
 CNSsolve>  2.31 20.8439 1.02 10.2075 1.5886 0.5687 0.865 51.6512 0.2156 
 CNSsolve>SCATter ( chemical "Cval" or chemical "CVAL" ) 
 CNSsolve>  2.26069 22.6907 1.56165 0.656665 1.05075 9.75618 0.839259 55.5949 0.286977 
 CNSsolve>SCATter ( chemical N* and not 
 CNSsolve>        ( chem "Ne" or chem "NE" or 
 CNSsolve>          chem "Na" or chem "NA" or chem "Na+1" or chem "NA+1" or 
 CNSsolve>          chem "Ni" or chem "NI" or chem "Ni+2" or chem "NI+2" or chem "Ni+3" or chem "NI+3" or 
 CNSsolve>          chem "Nb" or chem "NB" or chem "Nb+3" or chem "NB+3" or chem "Nb+5" or chem "NB+5" or 
 CNSsolve>          chem "Nd" or chem "ND" or chem "Nd+3" or chem "ND+3" or 
 CNSsolve>          chem "Npp" or chem "NPP" or chem "Np+3" or chem "NP+3" or chem "Np+4" or chem "NP+4" or 
 CNSsolve>          chem "Np+6" or chem "NP+6" )) 
 CNSsolve>  12.2126 0.0057 3.1322 9.8933 2.0125 28.9975 1.1663 0.5826 -11.529 
 CNSsolve>SCATter ( chemical O* and not ( chem "O-1" or chem "Os" or chem "OS" or chem "Os+4" or chem "OS+4" ) ) 
 CNSsolve>  3.0485 13.2771 2.2868 5.7011 1.5463 0.3239 0.867 32.9089 0.2508 
 CNSsolve>SCATter ( chemical "O-1" ) 
 CNSsolve>  4.1916 12.8573 1.63969 4.17236 1.52673 47.0179 -20.307 -0.01404 21.9412 
 CNSsolve>SCATter ( chemical "F" ) 
 CNSsolve>  3.5392 10.2825 2.6412 4.2944 1.517 0.2615 1.0243 26.1476 0.2776 
 CNSsolve>SCATter ( chemical "F-1" ) 
 CNSsolve>  3.6322 5.27756 3.51057 14.7353 1.26064 0.442258 0.940706 47.3437 0.653396 
 CNSsolve>SCATter ( chemical "Ne" or chemical "NE" ) 
 CNSsolve>  3.9553 8.4042 3.1125 3.4262 1.4546 0.2306 1.1251 21.7184 0.3515 
 CNSsolve>SCATter ( chemical "Na" or chemical "NA" ) 
 CNSsolve>  4.7626 3.285 3.1736 8.8422 1.2674 0.3136 1.1128 129.424 0.676 
 CNSsolve>SCATter ( chemical "Na+1" or chemical "NA+1" ) 
 CNSsolve>  3.2565 2.6671 3.9362 6.1153 1.3998 0.2001 1.0032 14.039 0.404 
 CNSsolve>SCATter ( chemical "Mg" or chemical "MG" ) 
 CNSsolve>  5.4204 2.8275 2.1735 79.2611 1.2269 0.3808 2.3073 7.1937 0.8584 
 CNSsolve>SCATter ( chemical "Mg+2" or chemical "MG+2" ) 
 CNSsolve>  3.4988 2.1676 3.8378 4.7542 1.3284 0.185 0.8497 10.1411 0.4853 
 CNSsolve>SCATter ( chemical "Al" or chemical "AL" ) 
 CNSsolve>  6.4202 3.0387 1.9002 0.7426 1.5936 31.5472 1.9646 85.0886 1.1151 
 CNSsolve>SCATter ( chemical "Al+3" or chemical "AL+3" ) 
 CNSsolve>  4.17448 1.93816 3.3876 4.14553 1.20296 0.228753 0.528137 8.28524 0.706786 
 CNSsolve>SCATter ( chemical "Si" or chemical "SI" ) 
 CNSsolve>  6.2915 2.4386 3.0353 32.3337 1.9891 0.6785 1.541 81.6937 1.1407 
 CNSsolve>SCATter ( chemical "Siv" or chemical "SIV" ) 
 CNSsolve>  5.66269 2.6652 3.07164 38.6634 2.62446 0.916946 1.3932 93.5458 1.24707 
 CNSsolve>SCATter ( chemical "Si+4" or chemical "SI+4" ) 
 CNSsolve>  4.43918 1.64167 3.20345 3.43757 1.19453 0.2149 0.41653 6.65365 0.746297 
 CNSsolve>SCATter ( chemical P* and not ( 
 CNSsolve>          chem "Pd" or chem "Pr" or chem "Pm" or chem "Pt" or 
 CNSsolve>          chem "Pb" or chem "Po" or chem "Pa" or chem "Pu" or 
 CNSsolve>          chem "PD" or chem "PR" or chem "PM" or chem "PT" or 
 CNSsolve>          chem "PB" or chem "PO" or chem "PA" or chem "PU" or 
 CNSsolve>          chem "Pr+3" or chem "PR+3" or 
 CNSsolve>          chem "Pr+4" or chem "PR+4" or 
 CNSsolve>          chem "Pm+3" or chem "PM+3" or 
 CNSsolve>          chem "Pt+2" or chem "PT+2" or 
 CNSsolve>          chem "Pt+4" or chem "PT+4" or 
 CNSsolve>          chem "Pb+2" or chem "PB+2" or 
 CNSsolve>          chem "Pb+4" or chem "PB+4" or 
 CNSsolve>          chem "Pu+3" or chem "PU+3" or 
 CNSsolve>          chem "Pu+4" or chem "PU+4" or 
 CNSsolve>          chem "Pu+6" or chem "PU+6" )) 
 CNSsolve>  6.4345 1.9067 4.1791 27.157 1.78 0.526 1.4908 68.1645 1.1149 
 CNSsolve>SCATter ( chemical S* and not ( 
 CNSsolve>          chem "Sc" or chem "SC" or chem "Sc+3" or chem "SC+3" or 
 CNSsolve>          chem "Se" or chem "SE" or 
 CNSsolve>          chem "Sr" or chem "SR" or chem "Sr+2" or chem "SR+2" or 
 CNSsolve>          chem "Sn" or chem "SN" or chem "Sn+2" or chem "SN+2" or chem "Sn+4" or chem "SN+4" or 
 CNSsolve>          chem "Sb" or chem "SB" or chem "Sb+3" or chem "SB+3" or chem "Sb+5" or chem "SB+5" or 
 CNSsolve>          chem "Smm" or chem "SMM" or chem "Sm+3" or chem "SM+3" or 
 CNSsolve>          chem "Si" or chem "SI" or chem "Si+4" or chem "SI+4"  )) 
 CNSsolve>  6.9053 1.4679 5.2034 22.2151 1.4379 0.2536 1.5863 56.172 0.8669 
 CNSsolve>SCATter ( chemical "Cl" or chemical "CL" ) 
 CNSsolve>  11.4604 0.0104 7.1964 1.1662 6.2556 18.5194 1.6455 47.7784 -9.5574 
 CNSsolve>SCATter ( chemical "Cl-1" or chemical "CL-1" ) 
 CNSsolve>  18.2915 0.0066 7.2084 1.1717 6.5337 19.5424 2.3386 60.4486 -16.378 
 CNSsolve>SCATter ( chemical "Ar" or chemical "AR" ) 
 CNSsolve>  7.4845 0.9072 6.7723 14.8407 0.6539 43.8983 1.6442 33.3929 1.4445 
 CNSsolve>SCATter ( chemical "K" ) 
 CNSsolve>  8.2186 12.7949 7.4398 0.7748 1.0519 213.187 0.8659 41.6841 1.4228 
 CNSsolve>SCATter ( chemical "K+1" ) 
 CNSsolve>  7.9578 12.6331 7.4917 0.7674 6.359 -0.002 1.1915 31.9128 -4.9978 
 CNSsolve>SCATter ( chemical "Ca" or chemical "CA" ) 
 CNSsolve>  8.6266 10.4421 7.3873 0.6599 1.5899 85.7484 1.0211 178.437 1.3751 
 CNSsolve>SCATter ( chemical "Ca+2" or chemical "CA+2" ) 
 CNSsolve>  15.6348 -0.0074 7.9518 0.6089 8.4372 10.3116 0.8537 25.9905 -14.875 
 CNSsolve>SCATter ( chemical "Sc" or chemical "SC" ) 
 CNSsolve>  9.189 9.0213 7.3679 0.5729 1.6409 136.108 1.468 51.3531 1.3329 
 CNSsolve>SCATter ( chemical "Sc+3" or chemical "SC+3" ) 
 CNSsolve>  13.4008 0.29854 8.0273 7.9629 1.65943 -0.28604 1.57936 16.0662 -6.6667 
 CNSsolve>SCATter ( chemical "Ti" or chemical "TI" ) 
 CNSsolve>  9.7595 7.8508 7.3558 0.5 1.6991 35.6338 1.9021 116.105 1.2807 
 CNSsolve>SCATter ( chemical "Ti+2" or chemical "TI+2" ) 
 CNSsolve>  9.11423 7.5243 7.62174 0.457585 2.2793 19.5361 0.087899 61.6558 0.897155 
 CNSsolve>SCATter ( chemical "Ti+3" or chemical "TI+3" ) 
 CNSsolve>  17.7344 0.22061 8.73816 7.04716 5.25691 -0.15762 1.92134 15.9768 -14.652 
 CNSsolve>SCATter ( chemical "Ti+4" or chemical "TI+4" ) 
 CNSsolve>  19.5114 0.178847 8.23473 6.67018 2.01341 -0.29263 1.5208 12.9464 -13.28 
 CNSsolve>SCATter ( chemical "V" ) 
 CNSsolve>  10.2971 6.8657 7.3511 0.4385 2.0703 26.8938 2.0571 102.478 1.2199 
 CNSsolve>SCATter ( chemical "V+2" ) 
 CNSsolve>  10.106 6.8818 7.3541 0.4409 2.2884 20.3004 0.0223 115.122 1.2298 
 CNSsolve>SCATter ( chemical "V+3" ) 
 CNSsolve>  9.43141 6.39535 7.7419 0.383349 2.15343 15.1908 0.016865 63.969 0.656565 
 CNSsolve>SCATter ( chemical "V+5" ) 
 CNSsolve>  15.6887 0.679003 8.14208 5.40135 2.03081 9.97278 -9.576 0.940464 1.7143 
 CNSsolve>SCATter ( chemical "Cr" or chemical "CR" ) 
 CNSsolve>  10.6406 6.1038 7.3537 0.392 3.324 20.2626 1.4922 98.7399 1.1832 
 CNSsolve>SCATter ( chemical "Cr+2" or chemical "CR+2" ) 
 CNSsolve>  9.54034 5.66078 7.7509 0.344261 3.58274 13.3075 0.509107 32.4224 0.616898 
 CNSsolve>SCATter ( chemical "Cr+3" or chemical "CR+3" ) 
 CNSsolve>  9.6809 5.59463 7.81136 0.334393 2.87603 12.8288 0.113575 32.8761 0.518275 
 CNSsolve>SCATter ( chemical "Mn" or chemical "MN" ) 
 CNSsolve>  11.2819 5.3409 7.3573 0.3432 3.0193 17.8674 2.2441 83.7543 1.0896 
 CNSsolve>SCATter ( chemical "Mn+2" or chemical "MN+2" ) 
 CNSsolve>  10.8061 5.2796 7.362 0.3435 3.5268 14.343 0.2184 41.3235 1.0874 
 CNSsolve>SCATter ( chemical "Mn+3" or chemical "MN+3" ) 
 CNSsolve>  9.84521 4.91797 7.87194 0.294393 3.56531 10.8171 0.323613 24.1281 0.393974 
 CNSsolve>SCATter ( chemical "Mn+4" or chemical "MN+4" ) 
 CNSsolve>  9.96253 4.8485 7.97057 0.283303 2.76067 10.4852 0.054447 27.573 0.251877 
 CNSsolve>SCATter ( chemical "Fe" or chemical "FE" ) 
 CNSsolve>  11.7695 4.7611 7.3573 0.3072 3.5222 15.3535 2.3045 76.8805 1.0369 
 CNSsolve>SCATter ( chemical "Fe+2" or chemical "FE+2" ) 
 CNSsolve>  11.0424 4.6538 7.374 0.3053 4.1346 12.0546 0.4399 31.2809 1.0097 
 CNSsolve>SCATter ( chemical "Fe+3" or chemical "FE+3" ) 
 CNSsolve>  11.1764 4.6147 7.3863 0.3005 3.3948 11.6729 0.0724 38.5566 0.9707 
 CNSsolve>SCATter ( chemical "Co" or chemical "CO" ) 
 CNSsolve>  12.2841 4.2791 7.3409 0.2784 4.0034 13.5359 2.3488 71.1692 1.0118 
 CNSsolve>SCATter ( chemical "Co+2" or chemical "CO+2" ) 
 CNSsolve>  11.2296 4.1231 7.3883 0.2726 4.7393 10.2443 0.7108 25.6466 0.9324 
 CNSsolve>SCATter ( chemical "Co+3" or chemical "CO+3" ) 
 CNSsolve>  10.338 3.90969 7.88173 0.238668 4.76795 8.35583 0.725591 18.3491 0.286667 
 CNSsolve>SCATter ( chemical "Ni" or chemical "NI" ) 
 CNSsolve>  12.8376 3.8785 7.292 0.2565 4.4438 12.1763 2.38 66.3421 1.0341 
 CNSsolve>SCATter ( chemical "Ni+2" or chemical "NI+2" ) 
 CNSsolve>  11.4166 3.6766 7.4005 0.2449 5.3442 8.873 0.9773 22.1626 0.8614 
 CNSsolve>SCATter ( chemical "Ni+3" or chemical "NI+3" ) 
 CNSsolve>  10.7806 3.5477 7.75868 0.22314 5.22746 7.64468 0.847114 16.9673 0.386044 
 CNSsolve>SCATter ( chemical "Cu" or chemical "CU" ) 
 CNSsolve>  13.338 3.5828 7.1676 0.247 5.6158 11.3966 1.6735 64.8126 1.191 
 CNSsolve>SCATter ( chemical "Cu+1" or chemical "CU+1" ) 
 CNSsolve>  11.9475 3.3669 7.3573 0.2274 6.2455 8.6625 1.5578 25.8487 0.89 
 CNSsolve>SCATter ( chemical "Cu+2" or chemical "CU+2" ) 
 CNSsolve>  11.8168 3.37484 7.11181 0.244078 5.78135 7.9876 1.14523 19.897 1.14431 
 CNSsolve>SCATter ( chemical "Zn" or chemical "ZN" ) 
 CNSsolve>  14.0743 3.2655 7.0318 0.2333 5.1652 10.3163 2.41 58.7097 1.3041 
 CNSsolve>SCATter ( chemical "Zn+2" or chemical "ZN+2" ) 
 CNSsolve>  11.9719 2.9946 7.3862 0.2031 6.4668 7.0826 1.394 18.0995 0.7807 
 CNSsolve>SCATter ( chemical "Ga" or chemical "GA" ) 
 CNSsolve>  15.2354 3.0669 6.7006 0.2412 4.3591 10.7805 2.9623 61.4135 1.7189 
 CNSsolve>SCATter ( chemical "Ga+3" or chemical "GA+3" ) 
 CNSsolve>  12.692 2.81262 6.69883 0.22789 6.06692 6.36441 1.0066 14.4122 1.53545 
 CNSsolve>SCATter ( chemical "Ge" or chemical "GE" ) 
 CNSsolve>  16.0816 2.8509 6.3747 0.2516 3.7068 11.4468 3.683 54.7625 2.1313 
 CNSsolve>SCATter ( chemical "Ge+4" or chemical "GE+4" ) 
 CNSsolve>  12.9172 2.53718 6.70003 0.205855 6.06791 5.47913 0.859041 11.603 1.45572 
 CNSsolve>SCATter ( chemical "As" or chemical "AS" ) 
 CNSsolve>  16.6723 2.6345 6.0701 0.2647 3.4313 12.9479 4.2779 47.7972 2.531 
 CNSsolve>SCATter ( chemical "Se" or chemical "SE" ) 
 CNSsolve>  17.0006 2.4098 5.8196 0.2726 3.9731 15.2372 4.3543 43.8163 2.8409 
 CNSsolve>SCATter ( chemical "Br" or chemical "BR" ) 
 CNSsolve>  17.1789 2.1723 5.2358 16.5796 5.6377 0.2609 3.9851 41.4328 2.9557 
 CNSsolve>SCATter ( chemical "Br-1" or chemical "BR-1" ) 
 CNSsolve>  17.1718 2.2059 6.3338 19.3345 5.5754 0.2871 3.7272 58.1535 3.1776 
 CNSsolve>SCATter ( chemical "Kr" or chemical "KR" ) 
 CNSsolve>  17.3555 1.9384 6.7286 16.5623 5.5493 0.2261 3.5375 39.3972 2.825 
 CNSsolve>SCATter ( chemical "Rb" or chemical "RB" ) 
 CNSsolve>  17.1784 1.7888 9.6435 17.3151 5.1399 0.2748 1.5292 164.934 3.4873 
 CNSsolve>SCATter ( chemical "Rb+1" or chemical "RB+1" ) 
 CNSsolve>  17.5816 1.7139 7.6598 14.7957 5.8981 0.1603 2.7817 31.2087 2.0782 
 CNSsolve>SCATter ( chemical "Sr" or chemical "SR" ) 
 CNSsolve>  17.5663 1.5564 9.8184 14.0988 5.422 0.1664 2.6694 132.376 2.5064 
 CNSsolve>SCATter ( chemical "Sr+2" or chemical "SR+2" ) 
 CNSsolve>  18.0874 1.4907 8.1373 12.6963 2.5654 24.5651 -34.193 -0.0138 41.4025 
 CNSsolve>SCATter ( chemical "Y" ) 
 CNSsolve>  17.776 1.4029 10.2946 12.8006 5.72629 0.125599 3.26588 104.354 1.91213 
 CNSsolve>SCATter ( chemical "Y+3" ) 
 CNSsolve>  17.9268 1.35417 9.1531 11.2145 1.76795 22.6599 -33.108 -0.01319 40.2602 
 CNSsolve>SCATter ( chemical "Zr" or chemical "ZR" ) 
 CNSsolve>  17.8765 1.27618 10.948 11.916 5.41732 0.117622 3.65721 87.6627 2.06929 
 CNSsolve>SCATter ( chemical "Zr+4" or chemical "ZR+4" ) 
 CNSsolve>  18.1668 1.2148 10.0562 10.1483 1.01118 21.6054 -2.6479 -0.10276 9.41454 
 CNSsolve>SCATter ( chemical "Nb" or chemical "NB" ) 
 CNSsolve>  17.6142 1.18865 12.0144 11.766 4.04183 0.204785 3.53346 69.7957 3.75591 
 CNSsolve>SCATter ( chemical "Nb+3" or chemical "NB+3" ) 
 CNSsolve>  19.8812 0.019175 18.0653 1.13305 11.0177 10.1621 1.94715 28.3389 -12.912 
 CNSsolve>SCATter ( chemical "Nb+5" or chemical "NB+5" ) 
 CNSsolve>  17.9163 1.12446 13.3417 0.028781 10.799 9.28206 0.337905 25.7228 -6.3934 
 CNSsolve>SCATter ( chemical "Mo" or chemical "MO" ) 
 CNSsolve>  3.7025 0.2772 17.2356 1.0958 12.8876 11.004 3.7429 61.6584 4.3875 
 CNSsolve>SCATter ( chemical "Mo+3" or chemical "MO+3" ) 
 CNSsolve>  21.1664 0.014734 18.2017 1.03031 11.7423 9.53659 2.30951 26.6307 -14.421 
 CNSsolve>SCATter ( chemical "Mo+5" or chemical "MO+5" ) 
 CNSsolve>  21.0149 0.014345 18.0992 1.02238 11.4632 8.78809 0.740625 23.3452 -14.316 
 CNSsolve>SCATter ( chemical "Mo+6" or chemical "MO+6" ) 
 CNSsolve>  17.8871 1.03649 11.175 8.48061 6.57891 0.058881 0 0 0.344941 
 CNSsolve>SCATter ( chemical "Tc" or chemical "TC" ) 
 CNSsolve>  19.1301 0.864132 11.0948 8.14487 4.64901 21.5707 2.71263 86.8472 5.40428 
 CNSsolve>SCATter ( chemical "Ru" or chemical "RU" ) 
 CNSsolve>  19.2674 0.80852 12.9182 8.43467 4.86337 24.7997 1.56756 94.2928 5.37874 
 CNSsolve>SCATter ( chemical "Ru+3" or chemical "RU+3" ) 
 CNSsolve>  18.5638 0.847329 13.2885 8.37164 9.32602 0.017662 3.00964 22.887 -3.1892 
 CNSsolve>SCATter ( chemical "Ru+4" or chemical "RU+4" ) 
 CNSsolve>  18.5003 0.844582 13.1787 8.12534 4.71304 0.36495 2.18535 20.8504 1.42357 
 CNSsolve>SCATter ( chemical "Rh" or chemical "RH" ) 
 CNSsolve>  19.2957 0.751536 14.3501 8.21758 4.73425 25.8749 1.28918 98.6062 5.328 
 CNSsolve>SCATter ( chemical "Rh+3" or chemical "RH+3" ) 
 CNSsolve>  18.8785 0.764252 14.1259 7.84438 3.32515 21.2487 -6.1989 -0.01036 11.8678 
 CNSsolve>SCATter ( chemical "Rh+4" or chemical "RH+4" ) 
 CNSsolve>  18.8545 0.760825 13.9806 7.62436 2.53464 19.3317 -5.6526 -0.0102 11.2835 
 CNSsolve>SCATter ( chemical "Pd" or chemical "PD" ) 
 CNSsolve>  19.3319 0.698655 15.5017 7.98929 5.29537 25.2052 0.605844 76.8986 5.26593 
 CNSsolve>SCATter ( chemical "Pd+2" or chemical "PD+2" ) 
 CNSsolve>  19.1701 0.696219 15.2096 7.55573 4.32234 22.5057 0 0 5.2916 
 CNSsolve>SCATter ( chemical "Pd+4" or chemical "PD+4" ) 
 CNSsolve>  19.2493 0.683839 14.79 7.14833 2.89289 17.9144 -7.9492 0.005127 13.0174 
 CNSsolve>SCATter ( chemical "Ag" or chemical "AG" ) 
 CNSsolve>  19.2808 0.6446 16.6885 7.4726 4.8045 24.6605 1.0463 99.8156 5.179 
 CNSsolve>SCATter ( chemical "Ag+1" or chemical "AG+1" ) 
 CNSsolve>  19.1812 0.646179 15.9719 7.19123 5.27475 21.7326 0.357534 66.1147 5.21572 
 CNSsolve>SCATter ( chemical "Ag+2" or chemical "AG+2" ) 
 CNSsolve>  19.1643 0.645643 16.2456 7.18544 4.3709 21.4072 0 0 5.21404 
 CNSsolve>SCATter ( chemical "Cd" or chemical "CD" ) 
 CNSsolve>  19.2214 0.5946 17.6444 6.9089 4.461 24.7008 1.6029 87.4825 5.0694 
 CNSsolve>SCATter ( chemical "Cd+2" or chemical "CD+2" ) 
 CNSsolve>  19.1514 0.597922 17.2535 6.80639 4.47128 20.2521 0 0 5.11937 
 CNSsolve>SCATter ( chemical "In" or chemical "IN" ) 
 CNSsolve>  19.1624 0.5476 18.5596 6.3776 4.2948 25.8499 2.0396 92.8029 4.9391 
 CNSsolve>SCATter ( chemical "In+3" or chemical "IN+3" ) 
 CNSsolve>  19.1045 0.551522 18.1108 6.3247 3.78897 17.3595 0 0 4.99635 
 CNSsolve>SCATter ( chemical "Sn" or chemical "SN" ) 
 CNSsolve>  19.1889 5.8303 19.1005 0.5031 4.4585 26.8909 2.4663 83.9571 4.7821 
 CNSsolve>SCATter ( chemical "Sn+2" or chemical "SN+2" ) 
 CNSsolve>  19.1094 0.5036 19.0548 5.8378 4.5648 23.3752 0.487 62.2061 4.7861 
 CNSsolve>SCATter ( chemical "Sn+4" or chemical "SN+4" ) 
 CNSsolve>  18.9333 5.764 19.7131 0.4655 3.4182 14.0049 0.0193 -0.7583 3.9182 
 CNSsolve>SCATter ( chemical "Sb" or chemical "SB" ) 
 CNSsolve>  19.6418 5.3034 19.0455 0.4607 5.0371 27.9074 2.6827 75.2825 4.5909 
 CNSsolve>SCATter ( chemical "Sb+3" or chemical "SB+3" ) 
 CNSsolve>  18.9755 0.467196 18.933 5.22126 5.10789 19.5902 0.288753 55.5113 4.69626 
 CNSsolve>SCATter ( chemical "Sb+5" or chemical "SB+5" ) 
 CNSsolve>  19.8685 5.44853 19.0302 0.467973 2.41253 14.1259 0 0 4.69263 
 CNSsolve>SCATter ( chemical "Te" or chemical "TE" ) 
 CNSsolve>  19.9644 4.81742 19.0138 0.420885 6.14487 28.5284 2.5239 70.8403 4.352 
 CNSsolve>SCATter ( chemical "I" or chemical "I5U" ) 
 CNSsolve>  20.1472 4.347 18.9949 0.3814 7.5138 27.766 2.2735 66.8776 4.0712 
 CNSsolve>SCATter ( chemical "I-1" ) 
 CNSsolve>  20.2332 4.3579 18.997 0.3815 7.8069 29.5259 2.8868 84.9304 4.0714 
 CNSsolve>SCATter ( chemical "Xe" or chemical "XE" ) 
 CNSsolve>  20.2933 3.9282 19.0298 0.344 8.9767 26.4659 1.99 64.2658 3.7118 
 CNSsolve>SCATter ( chemical "Cs" or chemical "CS" ) 
 CNSsolve>  20.3892 3.569 19.1062 0.3107 10.662 24.3879 1.4953 213.904 3.3352 
 CNSsolve>SCATter ( chemical "Cs+1" or chemical "CS+1" ) 
 CNSsolve>  20.3524 3.552 19.1278 0.3086 10.2821 23.7128 0.9615 59.4565 3.2791 
 CNSsolve>SCATter ( chemical "Ba" or chemical "BA" ) 
 CNSsolve>  20.3361 3.216 19.297 0.2756 10.888 20.2073 2.6959 167.202 2.7731 
 CNSsolve>SCATter ( chemical "Ba+2" or chemical "BA+2" ) 
 CNSsolve>  20.1807 3.21367 19.1136 0.28331 10.9054 20.0558 0.77634 51.746 3.02902 
 CNSsolve>SCATter ( chemical "La" or chemical "LA" ) 
 CNSsolve>  20.578 2.94817 19.599 0.244475 11.3727 18.7726 3.28719 133.124 2.14678 
 CNSsolve>SCATter ( chemical "La+3" or chemical "LA+3" ) 
 CNSsolve>  20.2489 2.9207 19.3763 0.250698 11.6323 17.8211 0.336048 54.9453 2.4086 
 CNSsolve>SCATter ( chemical "Ce" or chemical "CE" ) 
 CNSsolve>  21.1671 2.81219 19.7695 0.226836 11.8513 17.6083 3.33049 127.113 1.86264 
 CNSsolve>SCATter ( chemical "Ce+3" or chemical "CE+3" ) 
 CNSsolve>  20.8036 2.77691 19.559 0.23154 11.9369 16.5408 0.612376 43.1692 2.09013 
 CNSsolve>SCATter ( chemical "Ce+4" or chemical "CE+4" ) 
 CNSsolve>  20.3235 2.65941 19.8186 0.21885 12.1233 15.7992 0.144583 62.2355 1.5918 
 CNSsolve>SCATter ( chemical "Pr" or chemical "PR" ) 
 CNSsolve>  22.044 2.77393 19.6697 0.222087 12.3856 16.7669 2.82428 143.644 2.0583 
 CNSsolve>SCATter ( chemical "Pr+3" or chemical "PR+3" ) 
 CNSsolve>  21.3727 2.6452 19.7491 0.214299 12.1329 15.323 0.97518 36.4065 1.77132 
 CNSsolve>SCATter ( chemical "Pr+4" or chemical "PR+4" ) 
 CNSsolve>  20.9413 2.54467 20.0539 0.202481 12.4668 14.8137 0.296689 45.4643 1.24285 
 CNSsolve>SCATter ( chemical "Nd" or chemical "ND" ) 
 CNSsolve>  22.6845 2.66248 19.6847 0.210628 12.774 15.885 2.85137 137.903 1.98486 
 CNSsolve>SCATter ( chemical "Nd+3" or chemical "ND+3" ) 
 CNSsolve>  21.961 2.52722 19.9339 0.199237 12.12 14.1783 1.51031 30.8717 1.47588 
 CNSsolve>SCATter ( chemical "Pm" or chemical "PM" ) 
 CNSsolve>  23.3405 2.5627 19.6095 0.202088 13.1235 15.1009 2.87516 132.721 2.02876 
 CNSsolve>SCATter ( chemical "Pm+3" or chemical "PM+3" ) 
 CNSsolve>  22.5527 2.4174 20.1108 0.185769 12.0671 13.1275 2.07492 27.4491 1.19499 
 CNSsolve>SCATter ( chemical "Smm" or chemical "SMM" ) 
 CNSsolve>  24.0042 2.47274 19.4258 0.196451 13.4396 14.3996 2.89604 128.007 2.20963 
 CNSsolve>SCATter ( chemical "Sm+3" or chemical "SM+3" ) 
 CNSsolve>  23.1504 2.31641 20.2599 0.174081 11.9202 12.1571 2.71488 24.8242 0.954586 
 CNSsolve>SCATter ( chemical "Eu" or chemical "EU" ) 
 CNSsolve>  24.6274 2.3879 19.0886 0.1942 13.7603 13.7546 2.9227 123.174 2.5745 
 CNSsolve>SCATter ( chemical "Eu+2" or chemical "EU+2" ) 
 CNSsolve>  24.0063 2.27783 19.9504 0.17353 11.8034 11.6096 3.87243 26.5156 1.36389 
 CNSsolve>SCATter ( chemical "Eu+3" or chemical "EU+3" ) 
 CNSsolve>  23.7497 2.22258 20.3745 0.16394 11.8509 11.311 3.26503 22.9966 0.759344 
 CNSsolve>SCATter ( chemical "Gd" or chemical "GD" ) 
 CNSsolve>  25.0709 2.25341 19.0798 0.181951 13.8518 12.9331 3.54545 101.398 2.4196 
 CNSsolve>SCATter ( chemical "Gd+3" or chemical "GD+3" ) 
 CNSsolve>  24.3466 2.13553 20.4208 0.155525 11.8708 10.5782 3.7149 21.7029 0.645089 
 CNSsolve>SCATter ( chemical "Tb" or chemical "TB" ) 
 CNSsolve>  25.8976 2.24256 18.2185 0.196143 14.3167 12.6648 2.95354 115.362 3.58324 
 CNSsolve>SCATter ( chemical "Tb+3" or chemical "TB+3" ) 
 CNSsolve>  24.9559 2.05601 20.3271 0.149525 12.2471 10.0499 3.773 21.2773 0.691967 
 CNSsolve>SCATter ( chemical "Dy" or chemical "DY" ) 
 CNSsolve>  26.507 2.1802 17.6383 0.202172 14.5596 12.1899 2.96577 111.874 4.29728 
 CNSsolve>SCATter ( chemical "Dy+3" or chemical "DY+3" ) 
 CNSsolve>  25.5395 1.9804 20.2861 0.143384 11.9812 9.34972 4.50073 19.581 0.68969 
 CNSsolve>SCATter ( chemical "Ho" or chemical "HO" ) 
 CNSsolve>  26.9049 2.07051 17.294 0.19794 14.5583 11.4407 3.63837 92.6566 4.56796 
 CNSsolve>SCATter ( chemical "Ho+3" or chemical "HO+3" ) 
 CNSsolve>  26.1296 1.91072 20.0994 0.139358 11.9788 8.80018 4.93676 18.5908 0.852795 
 CNSsolve>SCATter ( chemical "Er" or chemical "ER" ) 
 CNSsolve>  27.6563 2.07356 16.4285 0.223545 14.9779 11.3604 2.98233 105.703 5.92046 
 CNSsolve>SCATter ( chemical "Er+3" or chemical "ER+3" ) 
 CNSsolve>  26.722 1.84659 19.7748 0.13729 12.1506 8.36225 5.17379 17.8974 1.17613 
 CNSsolve>SCATter ( chemical "Tm" or chemical "TM" ) 
 CNSsolve>  28.1819 2.02859 15.8851 0.238849 15.1542 10.9975 2.98706 102.961 6.75621 
 CNSsolve>SCATter ( chemical "Tm+3" or chemical "TM+3" ) 
 CNSsolve>  27.3083 1.78711 19.332 0.136974 12.3339 7.96778 5.38348 17.2922 1.63929 
 CNSsolve>SCATter ( chemical "Yb" or chemical "YB" ) 
 CNSsolve>  28.6641 1.9889 15.4345 0.257119 15.3087 10.6647 2.98963 100.417 7.56672 
 CNSsolve>SCATter ( chemical "Yb+2" or chemical "YB+2" ) 
 CNSsolve>  28.1209 1.78503 17.6817 0.15997 13.3335 8.18304 5.14657 20.39 3.70983 
 CNSsolve>SCATter ( chemical "Yb+3" or chemical "YB+3" ) 
 CNSsolve>  27.8917 1.73272 18.7614 0.13879 12.6072 7.64412 5.47647 16.8153 2.26001 
 CNSsolve>SCATter ( chemical "Lu" or chemical "LU" ) 
 CNSsolve>  28.9476 1.90182 15.2208 9.98519 15.1 0.261033 3.71601 84.3298 7.97628 
 CNSsolve>SCATter ( chemical "Lu+3" or chemical "LU+3" ) 
 CNSsolve>  28.4628 1.68216 18.121 0.142292 12.8429 7.33727 5.59415 16.3535 2.97573 
 CNSsolve>SCATter ( chemical "Hf" or chemical "HF" ) 
 CNSsolve>  29.144 1.83262 15.1726 9.5999 14.7586 0.275116 4.30013 72.029 8.58154 
 CNSsolve>SCATter ( chemical "Hf+4" or chemical "HF+4" ) 
 CNSsolve>  28.8131 1.59136 18.4601 0.128903 12.7285 6.76232 5.59927 14.0366 2.39699 
 CNSsolve>SCATter ( chemical "Ta" or chemical "TA" ) 
 CNSsolve>  29.2024 1.77333 15.2293 9.37046 14.5135 0.295977 4.76492 63.3644 9.24354 
 CNSsolve>SCATter ( chemical "Ta+5" or chemical "TA+5" ) 
 CNSsolve>  29.1587 1.50711 18.8407 0.116741 12.8268 6.31524 5.38695 12.4244 1.78555 
 CNSsolve>SCATter ( chemical "W" ) 
 CNSsolve>  29.0818 1.72029 15.43 9.2259 14.4327 0.321703 5.11982 57.056 9.8875 
 CNSsolve>SCATter ( chemical "W+6" ) 
 CNSsolve>  29.4936 1.42755 19.3763 0.104621 13.0544 5.93667 5.06412 11.1972 1.01074 
 CNSsolve>SCATter ( chemical "Re" or chemical "RE" ) 
 CNSsolve>  28.7621 1.67191 15.7189 9.09227 14.5564 0.3505 5.44174 52.0861 10.472 
 CNSsolve>SCATter ( chemical "Os" or chemical "OS" ) 
 CNSsolve>  28.1894 1.62903 16.155 8.97948 14.9305 0.382661 5.67589 48.1647 11.0005 
 CNSsolve>SCATter ( chemical "Os+4" or chemical "OS+4" ) 
 CNSsolve>  30.419 1.37113 15.2637 6.84706 14.7458 0.165191 5.06795 18.003 6.49804 
 CNSsolve>SCATter ( chemical "Ir" or chemical "IR" ) 
 CNSsolve>  27.3049 1.59279 16.7296 8.86553 15.6115 0.417916 5.83377 45.0011 11.4722 
 CNSsolve>SCATter ( chemical "Ir+3" or chemical "IR+3" ) 
 CNSsolve>  30.4156 1.34323 15.862 7.10909 13.6145 0.204633 5.82008 20.3254 8.27903 
 CNSsolve>SCATter ( chemical "Ir+4" or chemical "IR+4" ) 
 CNSsolve>  30.7058 1.30923 15.5512 6.71983 14.2326 0.167252 5.53672 17.4911 6.96824 
 CNSsolve>SCATter ( chemical "Pt" or chemical "PT" ) 
 CNSsolve>  27.0059 1.51293 17.7639 8.81174 15.7131 0.424593 5.7837 38.6103 11.6883 
 CNSsolve>SCATter ( chemical "Pt+2" or chemical "PT+2" ) 
 CNSsolve>  29.8429 1.32927 16.7224 7.38979 13.2153 0.263297 6.35234 22.9426 9.85329 
 CNSsolve>SCATter ( chemical "Pt+4" or chemical "PT+4" ) 
 CNSsolve>  30.9612 1.24813 15.9829 6.60834 13.7348 0.16864 5.92034 16.9392 7.39534 
 CNSsolve>SCATter ( chemical "Au" or chemical "AU" ) 
 CNSsolve>  16.8819 0.4611 18.5913 8.6216 25.5582 1.4826 5.86 36.3956 12.0658 
 CNSsolve>SCATter ( chemical "Au+1" or chemical "AU+1" ) 
 CNSsolve>  28.0109 1.35321 17.8204 7.7395 14.3359 0.356752 6.58077 26.4043 11.2299 
 CNSsolve>SCATter ( chemical "Au+3" or chemical "AU+3" ) 
 CNSsolve>  30.6886 1.2199 16.9029 6.82872 12.7801 0.212867 6.52354 18.659 9.0968 
 CNSsolve>SCATter ( chemical "Hg" or chemical "HG" ) 
 CNSsolve>  20.6809 0.545 19.0417 8.4484 21.6575 1.5729 5.9676 38.3246 12.6089 
 CNSsolve>SCATter ( chemical "Hg+1" or chemical "HG+1" ) 
 CNSsolve>  25.0853 1.39507 18.4973 7.65105 16.8883 0.443378 6.48216 28.2262 12.0205 
 CNSsolve>SCATter ( chemical "Hg+2" or chemical "HG+2" ) 
 CNSsolve>  29.5641 1.21152 18.06 7.05639 12.8374 0.284738 6.89912 20.7482 10.6268 
 CNSsolve>SCATter ( chemical "Tl" or chemical "TL" ) 
 CNSsolve>  27.5446 0.65515 19.1584 8.70751 15.538 1.96347 5.52593 45.8149 13.1746 
 CNSsolve>SCATter ( chemical "Tl+1" or chemical "TL+1" ) 
 CNSsolve>  21.3985 1.4711 20.4723 0.517394 18.7478 7.43463 6.82847 28.8482 12.5258 
 CNSsolve>SCATter ( chemical "Tl+3" or chemical "TL+3" ) 
 CNSsolve>  30.8695 1.1008 18.3841 6.53852 11.9328 0.219074 7.00574 17.2114 9.8027 
 CNSsolve>SCATter ( chemical "Pb" or chemical "PB" ) 
 CNSsolve>  31.0617 0.6902 13.0637 2.3576 18.442 8.618 5.9696 47.2579 13.4118 
 CNSsolve>SCATter ( chemical "Pb+2" or chemical "PB+2" ) 
 CNSsolve>  21.7886 1.3366 19.5682 0.488383 19.1406 6.7727 7.01107 23.8132 12.4734 
 CNSsolve>SCATter ( chemical "Pb+4" or chemical "PB+4" ) 
 CNSsolve>  32.1244 1.00566 18.8003 6.10926 12.0175 0.147041 6.96886 14.714 8.08428 
 CNSsolve>SCATter ( chemical "Bi" or chemical "BI" ) 
 CNSsolve>  33.3689 0.704 12.951 2.9238 16.5877 8.7937 6.4692 48.0093 13.5782 
 CNSsolve>SCATter ( chemical "Bi+3" or chemical "BI+3" ) 
 CNSsolve>  21.8053 1.2356 19.5026 6.24149 19.1053 0.469999 7.10295 20.3185 12.4711 
 CNSsolve>SCATter ( chemical "Bi+5" or chemical "BI+5" ) 
 CNSsolve>  33.5364 0.91654 25.0946 0.39042 19.2497 5.71414 6.91555 12.8285 -6.7994 
 CNSsolve>SCATter ( chemical "Po" or chemical "PO" ) 
 CNSsolve>  34.6726 0.700999 15.4733 3.55078 13.1138 9.55642 7.02588 47.0045 13.677 
 CNSsolve>SCATter ( chemical "At" or chemical "AT" ) 
 CNSsolve>  35.3163 0.68587 19.0211 3.97458 9.49887 11.3824 7.42518 45.4715 13.7108 
 CNSsolve>SCATter ( chemical "Rn" or chemical "RN" ) 
 CNSsolve>  35.5631 0.6631 21.2816 4.0691 8.0037 14.0422 7.4433 44.2473 13.6905 
 CNSsolve>SCATter ( chemical "Fr" or chemical "FR" ) 
 CNSsolve>  35.9299 0.646453 23.0547 4.17619 12.1439 23.1052 2.11253 150.645 13.7247 
 CNSsolve>SCATter ( chemical "Ra" or chemical "RA" ) 
 CNSsolve>  35.763 0.616341 22.9064 3.87135 12.4739 19.9887 3.21097 142.325 13.6211 
 CNSsolve>SCATter ( chemical "Ra+2" or chemical "RA+2" ) 
 CNSsolve>  35.215 0.604909 21.67 3.5767 7.91342 12.601 7.65078 29.8436 13.5431 
 CNSsolve>SCATter ( chemical "Ac" or chemical "AC" ) 
 CNSsolve>  35.6597 0.589092 23.1032 3.65155 12.5977 18.599 4.08655 117.02 13.5266 
 CNSsolve>SCATter ( chemical "Ac+3" or chemical "AC+3" ) 
 CNSsolve>  35.1736 0.579689 22.1112 3.41437 8.19216 12.9187 7.05545 25.9443 13.4637 
 CNSsolve>SCATter ( chemical "Th" or chemical "TH" ) 
 CNSsolve>  35.5645 0.563359 23.4219 3.46204 12.7473 17.8309 4.80703 99.1722 13.4314 
 CNSsolve>SCATter ( chemical "Th+4" or chemical "TH+4" ) 
 CNSsolve>  35.1007 0.555054 22.4418 3.24498 9.78554 13.4661 5.29444 23.9533 13.376 
 CNSsolve>SCATter ( chemical "Pa" or chemical "PA" ) 
 CNSsolve>  35.8847 0.547751 23.2948 3.41519 14.1891 16.9235 4.17287 105.251 13.4287 
 CNSsolve>SCATter ( chemical "U" ) 
 CNSsolve>  36.0228 0.5293 23.4128 3.3253 14.9491 16.0927 4.188 100.613 13.3966 
 CNSsolve>SCATter ( chemical "U+3" ) 
 CNSsolve>  35.5747 0.52048 22.5259 3.12293 12.2165 12.7148 5.37073 26.3394 13.3092 
 CNSsolve>SCATter ( chemical "U+4" ) 
 CNSsolve>  35.3715 0.516598 22.5326 3.05053 12.0291 12.5723 4.7984 23.4582 13.2671 
 CNSsolve>SCATter ( chemical "U+6" ) 
 CNSsolve>  34.8509 0.507079 22.7584 2.8903 14.0099 13.1767 1.21457 25.2017 13.1665 
 CNSsolve>SCATter ( chemical "Npp" or chemical "NPP" ) 
 CNSsolve>  36.1874 0.511929 23.5964 3.25396 15.6402 15.3622 4.1855 97.4908 13.3573 
 CNSsolve>SCATter ( chemical "Np+3" or chemical "NP+3" ) 
 CNSsolve>  35.7074 0.502322 22.613 3.03807 12.9898 12.1449 5.43227 25.4928 13.2544 
 CNSsolve>SCATter ( chemical "Np+4" or chemical "NP+4" ) 
 CNSsolve>  35.5103 0.498626 22.5787 2.96627 12.7766 11.9484 4.92159 22.7502 13.2116 
 CNSsolve>SCATter ( chemical "Np+6" or chemical "NP+6" ) 
 CNSsolve>  35.0136 0.48981 22.7286 2.81099 14.3884 12.33 1.75669 22.6581 13.113 
 CNSsolve>SCATter ( chemical "Pu" or chemical "PU" ) 
 CNSsolve>  36.5254 0.499384 23.8083 3.26371 16.7707 14.9455 3.47947 105.98 13.3812 
 CNSsolve>SCATter ( chemical "Pu+3" or chemical "PU+3" ) 
 CNSsolve>  35.84 0.484938 22.7169 2.96118 13.5807 11.5331 5.66016 24.3992 13.1991 
 CNSsolve>SCATter ( chemical "Pu+4" or chemical "PU+4" ) 
 CNSsolve>  35.6493 0.481422 22.646 2.8902 13.3595 11.316 5.18831 21.8301 13.1555 
 CNSsolve>SCATter ( chemical "Pu+6" or chemical "PU+6" ) 
 CNSsolve>  35.1736 0.473204 22.7181 2.73848 14.7635 11.553 2.28678 20.9303 13.0582 
 CNSsolve>SCATter ( chemical "Am" or chemical "AM" ) 
 CNSsolve>  36.6706 0.483629 24.0992 3.20647 17.3415 14.3136 3.49331 102.273 13.3592 
 CNSsolve>SCATter ( chemical "Cm" or chemical "CM" ) 
 CNSsolve>  36.6488 0.465154 24.4096 3.08997 17.399 13.4346 4.21665 88.4834 13.2887 
 CNSsolve>SCATter ( chemical "Bk" or chemical "BK" ) 
 CNSsolve>  36.7881 0.451018 24.7736 3.04619 17.8919 12.8946 4.23284 86.003 13.2754 
 CNSsolve>SCATter ( chemical "Cff" or chemical "CFF" ) 
 CNSsolve>  36.9185 0.437533 25.1995 3.00775 18.3317 12.4044 4.24391 83.7881 13.2674 
 CNSsolve> 
 CNSsolve>set message=$message_old_sclib echo=$echo_old_sclib end 
 CNSsolve> 
 CNSsolve>        ! reciprocal space complex arrays 
 CNSsolve>        declare name=fobs  domain=reciprocal type=complex end 
 CNSsolve>        declare name=fcalc domain=reciprocal type=complex end 
 CNSsolve>        declare name=fpart domain=reciprocal type=complex end 
 CNSsolve> 
 CNSsolve>        ! real space arrays 
 CNSsolve>        declare name=map domain=real end 
 CNSsolve> 
 CNSsolve>        ! only calculate structure factors for protein and DNA 
 CNSsolve>        associate fcalc (not (name H* or resn HOH or resn TIP3 or resn DAN or resn XAN or resn DUM)) 
 CNSsolve> 
 CNSsolve>        ! read in map 
 CNSsolve>        read map 
 CNSsolve>            to=map 
 CNSsolve>            input=RUN:data/cryo-em/cryo-em.xplor 
 CNSsolve>            formatted=True 
 CNSsolve>        end 
 CNSsolve> 
 CNSsolve>        ! set initial values 
 CNSsolve>        do (fobs = ft(map)) (all) 
 CNSsolve>        do (fcalc = 0) (all) 
 CNSsolve>        do (fpart = 0) (all) 
 CNSsolve> 
 CNSsolve>        ! set which Fourier coefficients are used for XREF term and which 
 CNSsolve>        ! are used for cross-validation 
 CNSsolve>        tselection=(all) 
 CNSsolve>        cvselection=(not all) 
 CNSsolve> 
 CNSsolve>        ! set target function and target derivative function for XREF energy 
 CNSsolve>        target =( vector(combine(amplitude(fobs),phase(fobs)), (fcalc), 1)) 
 CNSsolve>        dtarget=(dvector(combine(amplitude(fobs),phase(fobs)), (fcalc), 1)) 
 CNSsolve> 
 CNSsolve>        ! set weight of target function 
 CNSsolve>        wa=&Data.em.kscale 
 CNSsolve> 
 CNSsolve>        ! set tolerance level for recomputing structure factors. This 
 CNSsolve>        ! should maybe be higher during the refinement stage. 
 CNSsolve>        tolerance=0.0 
 CNSsolve>    end 
 CNSsolve>    if ($data.em.itw = true) then 
 CNSsolve>        flags include xref end 
 CNSsolve>    end if 
 CNSsolve>end if 
 CNSsolve> 
 CNSsolve>if ($refine.solvshell eq true) then 
 NEXTCD: condition evaluated as true
 CNSsolve>  inline @RUN:protocols/water_rest.cns 
 ASSFIL: file water_rest.cns opened.
 CNSsolve>! water_rest.cns 
 CNSsolve>!    Define restraints between interfacial water molecules and highly solvated 
 CNSsolve>!    amino-acids 
 CNSsolve>! 
 CNSsolve>! *********************************************************************** 
 CNSsolve>! * Copyright 2003-2018 Alexandre Bonvin, Utrecht University.           * 
 CNSsolve>! * All rights reserved.                                                * 
 CNSsolve>! * This code is part of the HADDOCK software and governed by its       * 
 CNSsolve>! * license. Please see the LICENSE file that should have been included * 
 CNSsolve>! * as part of this package.                                            * 
 CNSsolve>! *********************************************************************** 
 CNSsolve>! 
 CNSsolve>! This script define distance restraints between water molecule and amino-acids 
 CNSsolve>! often found to be involved in water-mediated contacts 
 CNSsolve>! See van Dijk and Bonvin, Bioinformatics 2006 
 CNSsolve>! 
 CNSsolve> 
 CNSsolve>evaluate ($nchain=0) 
 EVALUATE: symbol $NCHAIN set to    0.00000     (real)
 CNSsolve>while ($nchain < $data.ncomponents) loop nloop1 
 NEXTCD: condition evaluated as true
 CNSsolve>  evaluate ($nchain = $nchain + 1) 
 EVALUATE: symbol $NCHAIN set to    1.00000     (real)
 CNSsolve>  evaluate ($watersegname_$nchain="WA" + encode($nchain)) 
 EVALUATE: symbol $WATERSEGNAME_1 set to "WA1" (string)
 CNSsolve>end loop nloop1 
 CNSsolve>while ($nchain < $data.ncomponents) loop nloop1 
 NEXTCD: condition evaluated as true
 CNSsolve>  evaluate ($nchain = $nchain + 1) 
 EVALUATE: symbol $NCHAIN set to    2.00000     (real)
 CNSsolve>  evaluate ($watersegname_$nchain="WA" + encode($nchain)) 
 EVALUATE: symbol $WATERSEGNAME_2 set to "WA2" (string)
 CNSsolve>end loop nloop1 
 CNSsolve>while ($nchain < $data.ncomponents) loop nloop1 
 NEXTCD: condition evaluated as false
 CNSsolve>  evaluate ($nchain = $nchain + 1) 
 CNSsolve>  evaluate ($watersegname_$nchain="WA" + encode($nchain)) 
 CNSsolve>end loop nloop1 
 CNSsolve> 
 CNSsolve> 
 CNSsolve>if ($data.waterdock eq true) then 
 NEXTCD: condition evaluated as false
 CNSsolve> 
 CNSsolve>  if ($data.solvate_method eq "restraints") then 
 CNSsolve>    evaluate ($nchain=0) 
 CNSsolve>    while ($nchain < $data.ncomponents) loop nloop2 
 CNSsolve>      evaluate ($nchain = $nchain + 1) 
 CNSsolve>      noe class amwa end 
 CNSsolve>      for $atom_id in id ((resn WAT or resn HOH) and name OH2 and segid $watersegname_$nchain and not store5) loop waterrestraint 
 CNSsolve>        noe 
 CNSsolve>          assi (segid $toppar.prot_segid_$nchain and 
 CNSsolve>	        (resn arg or resn asn or resn asp or resn gln or resn glu or resn his* 
 CNSsolve>		 or resn lys or resn pro or resn ser or resn thr or resn tyr) 
 CNSsolve>	        and ((id $atom_id) around $data.water_restraint_cutoff)) 
 CNSsolve>               (id $atom_id) $data.water_restraint_cutoff $data.water_restraint_cutoff 0.0 
 CNSsolve>        end 
 CNSsolve>      end loop waterrestraint 
 CNSsolve>    end loop nloop2 
 CNSsolve>    evaluate($amwa_scale = $data.water_restraint_scale) 
 CNSsolve>    noe scale amwa $amwa_scale end 
 CNSsolve>  end if 
 CNSsolve> 
 CNSsolve>end if 
 CNSsolve>end if 
 CNSsolve> 
 CNSsolve>if ($Data.ranair eq true) then 
 NEXTCD: condition evaluated as false
 CNSsolve>  if ($Data.ncomponents > 2) then 
 CNSsolve>    display ========= Unsupported option =========== 
 CNSsolve>    display Random definition of AIRs with more than 
 CNSsolve>    display two molecules currently unsupported 
 CNSsolve>    display ======================================== 
 CNSsolve>    stop 
 CNSsolve>  end if 
 CNSsolve>  evaluate ($Data.noecv = false) 
 CNSsolve>  noe 
 CNSsolve>    reset 
 CNSsolve>    nrestraints = 100000     ! allocate space for NOEs 
 CNSsolve>    ceiling 1000 
 CNSsolve>  end 
 CNSsolve>!  @RUN:protocols/contactairs.cns 
 CNSsolve> 
 CNSsolve>  !Read back in hbond data 
 CNSsolve>  if (&data.hbond_lastit ge &iteration) then 
 CNSsolve>      if (&data.hbond_firstit le &iteration) then 
 CNSsolve>        if (&data.hbonds_on eq true) then 
 CNSsolve>          noe class hbon @@RUN:data/hbonds/hbonds.tbl end 
 CNSsolve>        end if 
 CNSsolve>      end if 
 CNSsolve>  end if 
 CNSsolve> 
 CNSsolve>  noe 
 CNSsolve>    averaging  * sum 
 CNSsolve>    potential  * soft 
 CNSsolve>    scale      * 1.0 
 CNSsolve>    sqconstant * 1.0 
 CNSsolve>    sqexponent * 2 
 CNSsolve>    soexponent * 1 
 CNSsolve>    rswitch    * 1.0 
 CNSsolve>    sqoffset   * 0.0 
 CNSsolve>    asymptote  * 2.0 
 CNSsolve>    msoexponent * 1 
 CNSsolve>    masymptote  * -0.1 
 CNSsolve>    mrswitch    * 1.0 
 CNSsolve>  end 
 CNSsolve>  inline @RUN:protocols/water_rest.cns 
 ASSFIL: file water_rest.cns opened.
 CNSsolve>! water_rest.cns 
 CNSsolve>!    Define restraints between interfacial water molecules and highly solvated 
 CNSsolve>!    amino-acids 
 CNSsolve>! 
 CNSsolve>! *********************************************************************** 
 CNSsolve>! * Copyright 2003-2018 Alexandre Bonvin, Utrecht University.           * 
 CNSsolve>! * All rights reserved.                                                * 
 CNSsolve>! * This code is part of the HADDOCK software and governed by its       * 
 CNSsolve>! * license. Please see the LICENSE file that should have been included * 
 CNSsolve>! * as part of this package.                                            * 
 CNSsolve>! *********************************************************************** 
 CNSsolve>! 
 CNSsolve>! This script define distance restraints between water molecule and amino-acids 
 CNSsolve>! often found to be involved in water-mediated contacts 
 CNSsolve>! See van Dijk and Bonvin, Bioinformatics 2006 
 CNSsolve>! 
 CNSsolve> 
 CNSsolve>evaluate ($nchain=0) 
 CNSsolve>while ($nchain < $data.ncomponents) loop nloop1 
 CNSsolve>  evaluate ($nchain = $nchain + 1) 
 CNSsolve>  evaluate ($watersegname_$nchain="WA" + encode($nchain)) 
 CNSsolve>end loop nloop1 
 CNSsolve> 
 CNSsolve> 
 CNSsolve>if ($data.waterdock eq true) then 
 CNSsolve> 
 CNSsolve>  if ($data.solvate_method eq "restraints") then 
 CNSsolve>    evaluate ($nchain=0) 
 CNSsolve>    while ($nchain < $data.ncomponents) loop nloop2 
 CNSsolve>      evaluate ($nchain = $nchain + 1) 
 CNSsolve>      noe class amwa end 
 CNSsolve>      for $atom_id in id ((resn WAT or resn HOH) and name OH2 and segid $watersegname_$nchain and not store5) loop waterrestraint 
 CNSsolve>        noe 
 CNSsolve>          assi (segid $toppar.prot_segid_$nchain and 
 CNSsolve>	        (resn arg or resn asn or resn asp or resn gln or resn glu or resn his* 
 CNSsolve>		 or resn lys or resn pro or resn ser or resn thr or resn tyr) 
 CNSsolve>	        and ((id $atom_id) around $data.water_restraint_cutoff)) 
 CNSsolve>               (id $atom_id) $data.water_restraint_cutoff $data.water_restraint_cutoff 0.0 
 CNSsolve>        end 
 CNSsolve>      end loop waterrestraint 
 CNSsolve>    end loop nloop2 
 CNSsolve>    evaluate($amwa_scale = $data.water_restraint_scale) 
 CNSsolve>    noe scale amwa $amwa_scale end 
 CNSsolve>  end if 
 CNSsolve> 
 CNSsolve>end if 
 CNSsolve>end if 
 CNSsolve> 
 CNSsolve>{* random removal of restaints ================================== *} 
 CNSsolve>!Make sure that at least as many distance restraints are successfully 
 CNSsolve>!read as the number of partitions for cross-validation 
 CNSsolve>evaluate ($numnoe = 999) 
 EVALUATE: symbol $NUMNOE set to    999.000     (real)
 CNSsolve>noe ? end 
 NOE: total number of restraints:    16 partitioned into      2 classes
 NOE: ceiling=    1000.000 current allocation=12000000
 CNSsolve>if ($NUMNOE = 0) then 
 NEXTCD: condition evaluated as false
 CNSsolve>  evaluate ($Data.ncvpart = 1) 
 CNSsolve>  evaluate ($Data.noecv = FALSE) 
 CNSsolve>end if 
 CNSsolve> 
 CNSsolve>if ($NUMNOE lt $Data.ncvpart) then 
 NEXTCD: condition evaluated as false
 CNSsolve>  noe part=1 end 
 CNSsolve>  evaluate ($Data.ncvpart = 1) 
 CNSsolve>  evaluate ($Data.noecv = FALSE) 
 CNSsolve>end if 
 CNSsolve> 
 CNSsolve>if ($Data.noecv eq true) then 
 NEXTCD: condition evaluated as true
 CNSsolve>  set message=on echo=on end 
 CNSsolve>  noe cv $npart ? end 
 NOE: total number of restraints:    16 partitioned into      2 classes
 NOE: ceiling=    1000.000 current allocation=12000000
 NOE: data are partitioned into working set and test set.
 NOE: test set number=     2
 CNSsolve>else 
 CNSsolve>  evaluate ($npart = 0) 
 CNSsolve>end if 
 CNSsolve> 
 CNSsolve>if ( $log_level = verbose ) then 
 NEXTCD: condition evaluated as false
 CNSsolve>   set message=normal echo=on end 
 CNSsolve>else 
 CNSsolve>   set message=off echo=off end 
 MISCOM: file exists
 NBONDS: generating intra-molecular exclusion list with mode= 5
 MAKINB: mode   5 found  11220 exclusions and   3933 interactions(1-4)
 NBONDS: found   955039 intra-atom interactions
 --------------- cycle=     1 --------------------------------------------------
 | Etotal =-2229.235  grad(E)=1016.288   E(BOND)=273.965    E(ANGL)=2135.498   |
 | E(DIHE)=112.107    E(IMPR)=110.969    E(VDW )=16276.591  E(ELEC)=-21138.365 |
 | E(CDIH)=0.000      E(NOE )=0.000                                            |
 -------------------------------------------------------------------------------
 %PARRDR-info: duplication of bond C    OC  
 %PARRDR-info: duplication of bond CH1E OAS 
 %PARRDR-info: duplication of bond HN   N3T 
 %PARRDR-info: duplication of angle CH2E C    NH1 
 %PARRDR-info: duplication of angle CR1E CR1E CY2 
 %PARRDR-info: duplication of angle OC   C    OC  
 %PARRDR-info: duplication of nonbonded entry H   
 %PARRDR-info: duplication of nonbonded entry HA  
 %PARRDR-info: duplication of nonbonded entry HC  
 %PARRDR-info: duplication of nonbonded entry OP1 
 %PARRDR-info: duplication of nonbonded entry OH  
 %PARRDR-info: duplication of nonbonded entry P   
 %PARRDR-info: duplication of nonbonded entry HO  
 %PARRDR-info: duplication of nonbonded entry HN  
 %PARRDR-info: duplication of nonbonded entry HO  
 %PARRDR-info: duplication of nonbonded entry HO  
 %PARRDR-info: duplication of nonbonded entry HA  
 %PARRDR-info: duplication of nonbonded entry HA  
 %PARRDR-info: duplication of nonbonded entry OC  
 %PARRDR-info: duplication of nonbonded entry C   
 POWELL: number of degrees of freedom= 23334
 --------------- cycle=     1 ------ stepsize=    0.0000 -----------------------
 | Etotal =-2228.452  grad(E)=1016.288   E(BOND)=274.347    E(ANGL)=2135.898   |
 | E(DIHE)=112.107    E(IMPR)=110.969    E(VDW )=16276.591  E(ELEC)=-21138.365 |
 | E(CDIH)=0.000      E(NOE )=0.000                                            |
 -------------------------------------------------------------------------------
 --------------- cycle=     2 ------ stepsize=    0.0000 -----------------------
 | Etotal =-3203.341  grad(E)=934.727    E(BOND)=274.188    E(ANGL)=2135.434   |
 | E(DIHE)=112.106    E(IMPR)=110.559    E(VDW )=15303.132  E(ELEC)=-21138.761 |
 | E(CDIH)=0.000      E(NOE )=0.000                                            |
 -------------------------------------------------------------------------------
 --------------- cycle=     3 ------ stepsize=    0.0000 -----------------------
 | Etotal =-9150.819  grad(E)=451.085    E(BOND)=275.723    E(ANGL)=2132.966   |
 | E(DIHE)=112.104    E(IMPR)=116.967    E(VDW )=9353.313   E(ELEC)=-21141.892 |
 | E(CDIH)=0.001      E(NOE )=0.000                                            |
 -------------------------------------------------------------------------------
 --------------- cycle=     4 ------ stepsize=    0.0000 -----------------------
 | Etotal =-12505.746 grad(E)=194.465    E(BOND)=285.104    E(ANGL)=2134.486   |
 | E(DIHE)=112.100    E(IMPR)=156.604    E(VDW )=5950.813   E(ELEC)=-21144.856 |
 | E(CDIH)=0.003      E(NOE )=0.000                                            |
 -------------------------------------------------------------------------------
 --------------- cycle=     5 ------ stepsize=    0.0000 -----------------------
 | Etotal =-13903.803 grad(E)=97.144     E(BOND)=302.980    E(ANGL)=2141.655   |
 | E(DIHE)=112.097    E(IMPR)=245.530    E(VDW )=4440.924   E(ELEC)=-21146.996 |
 | E(CDIH)=0.007      E(NOE )=0.000                                            |
 -------------------------------------------------------------------------------
 --------------- cycle=     6 ------ stepsize=    0.0000 -----------------------
 | Etotal =-14185.263 grad(E)=84.101     E(BOND)=301.352    E(ANGL)=2136.334   |
 | E(DIHE)=112.089    E(IMPR)=253.354    E(VDW )=4163.186   E(ELEC)=-21151.605 |
 | E(CDIH)=0.027      E(NOE )=0.000                                            |
 -------------------------------------------------------------------------------
 --------------- cycle=     7 ------ stepsize=    0.0000 -----------------------
 | Etotal =-15269.238 grad(E)=42.684     E(BOND)=314.772    E(ANGL)=2119.278   |
 | E(DIHE)=112.035    E(IMPR)=352.364    E(VDW )=3013.492   E(ELEC)=-21181.661 |
 | E(CDIH)=0.482      E(NOE )=0.000                                            |
 -------------------------------------------------------------------------------
 --------------- cycle=     8 ------ stepsize=    0.0000 -----------------------
 | Etotal =-15517.932 grad(E)=44.066     E(BOND)=349.387    E(ANGL)=2126.527   |
 | E(DIHE)=111.999    E(IMPR)=480.012    E(VDW )=2615.283   E(ELEC)=-21202.274 |
 | E(CDIH)=1.136      E(NOE )=0.000                                            |
 -------------------------------------------------------------------------------
 --------------- cycle=     9 ------ stepsize=    0.0000 -----------------------
 | Etotal =-16011.961 grad(E)=24.390     E(BOND)=324.031    E(ANGL)=2075.282   |
 | E(DIHE)=112.044    E(IMPR)=225.699    E(VDW )=2513.343   E(ELEC)=-21264.483 |
 | E(CDIH)=2.125      E(NOE )=0.000                                            |
 -------------------------------------------------------------------------------
 --------------- cycle=    10 ------ stepsize=    0.0000 -----------------------
 | Etotal =-16035.837 grad(E)=30.007     E(BOND)=321.220    E(ANGL)=2065.749   |
 | E(DIHE)=112.057    E(IMPR)=254.191    E(VDW )=2489.935   E(ELEC)=-21281.448 |
 | E(CDIH)=2.460      E(NOE )=0.000                                            |
 -------------------------------------------------------------------------------
 --------------- cycle=    11 ------ stepsize=    0.0000 -----------------------
 | Etotal =-16358.281 grad(E)=22.183     E(BOND)=278.154    E(ANGL)=2017.643   |
 | E(DIHE)=112.068    E(IMPR)=172.621    E(VDW )=2425.343   E(ELEC)=-21366.795 |
 | E(CDIH)=2.685      E(NOE )=0.000                                            |
 -------------------------------------------------------------------------------
 --------------- cycle=    12 ------ stepsize=    0.0000 -----------------------
 | Etotal =-16571.947 grad(E)=24.205     E(BOND)=289.506    E(ANGL)=2017.475   |
 | E(DIHE)=112.091    E(IMPR)=189.032    E(VDW )=2327.935   E(ELEC)=-21511.894 |
 | E(CDIH)=3.839      E(NOE )=0.070                                            |
 -------------------------------------------------------------------------------
 --------------- cycle=    13 ------ stepsize=    0.0001 -----------------------
 | Etotal =-16840.510 grad(E)=35.353     E(BOND)=402.061    E(ANGL)=2018.255   |
 | E(DIHE)=112.308    E(IMPR)=353.033    E(VDW )=2010.897   E(ELEC)=-21741.064 |
 | E(CDIH)=3.578      E(NOE )=0.422                                            |
 -------------------------------------------------------------------------------
 --------------- cycle=    14 ------ stepsize=   -0.0000 -----------------------
 | Etotal =-16869.210 grad(E)=26.500     E(BOND)=365.120    E(ANGL)=2010.922   |
 | E(DIHE)=112.255    E(IMPR)=252.375    E(VDW )=2072.452   E(ELEC)=-21686.138 |
 | E(CDIH)=3.502      E(NOE )=0.303                                            |
 -------------------------------------------------------------------------------
 --------------- cycle=    15 ------ stepsize=    0.0000 -----------------------
 | Etotal =-17191.196 grad(E)=16.771     E(BOND)=521.310    E(ANGL)=2045.402   |
 | E(DIHE)=112.196    E(IMPR)=181.173    E(VDW )=1885.512   E(ELEC)=-21941.259 |
 | E(CDIH)=3.384      E(NOE )=1.085                                            |
 -------------------------------------------------------------------------------
 --------------- cycle=    16 ------ stepsize=    0.0000 -----------------------
 | Etotal =-17192.859 grad(E)=18.153     E(BOND)=537.907    E(ANGL)=2050.828   |
 | E(DIHE)=112.192    E(IMPR)=189.192    E(VDW )=1873.349   E(ELEC)=-21960.915 |
 | E(CDIH)=3.419      E(NOE )=1.169                                            |
 -------------------------------------------------------------------------------
 --------------- cycle=    17 ------ stepsize=    0.0000 -----------------------
 | Etotal =-17373.585 grad(E)=22.675     E(BOND)=584.012    E(ANGL)=2034.786   |
 | E(DIHE)=112.833    E(IMPR)=176.865    E(VDW )=1792.186   E(ELEC)=-22079.551 |
 | E(CDIH)=3.395      E(NOE )=1.891                                            |
 -------------------------------------------------------------------------------
 --------------- cycle=    18 ------ stepsize=    0.0000 -----------------------
 | Etotal =-17380.749 grad(E)=27.838     E(BOND)=618.850    E(ANGL)=2036.466   |
 | E(DIHE)=112.991    E(IMPR)=179.346    E(VDW )=1774.219   E(ELEC)=-22108.297 |
 | E(CDIH)=3.575      E(NOE )=2.101                                            |
 -------------------------------------------------------------------------------
 --------------- cycle=    19 ------ stepsize=    0.0000 -----------------------
 | Etotal =-17586.000 grad(E)=18.048     E(BOND)=623.065    E(ANGL)=2036.931   |
 | E(DIHE)=112.446    E(IMPR)=175.717    E(VDW )=1695.540   E(ELEC)=-22238.103 |
 | E(CDIH)=5.008      E(NOE )=3.396                                            |
 -------------------------------------------------------------------------------
 --------------- cycle=    20 ------ stepsize=    0.0000 -----------------------
 | Etotal =-17587.791 grad(E)=19.714     E(BOND)=636.433    E(ANGL)=2040.160   |
 | E(DIHE)=112.391    E(IMPR)=177.725    E(VDW )=1688.119   E(ELEC)=-22251.391 |
 | E(CDIH)=5.221      E(NOE )=3.553                                            |
 -------------------------------------------------------------------------------
 --------------- cycle=    21 ------ stepsize=    0.0000 -----------------------
 | Etotal =-17750.204 grad(E)=14.153     E(BOND)=643.386    E(ANGL)=2000.764   |
 | E(DIHE)=112.228    E(IMPR)=138.820    E(VDW )=1653.051   E(ELEC)=-22307.773 |
 | E(CDIH)=4.836      E(NOE )=4.483                                            |
 -------------------------------------------------------------------------------
 --------------- cycle=    22 ------ stepsize=    0.0000 -----------------------
 | Etotal =-17822.909 grad(E)=20.151     E(BOND)=680.502    E(ANGL)=1970.908   |
 | E(DIHE)=112.028    E(IMPR)=167.958    E(VDW )=1612.430   E(ELEC)=-22377.823 |
 | E(CDIH)=5.228      E(NOE )=5.861                                            |
 -------------------------------------------------------------------------------
 --------------- cycle=    23 ------ stepsize=    0.0001 -----------------------
 | Etotal =-18056.398 grad(E)=25.081     E(BOND)=679.731    E(ANGL)=1887.531   |
 | E(DIHE)=114.312    E(IMPR)=138.246    E(VDW )=1544.042   E(ELEC)=-22434.584 |
 | E(CDIH)=5.807      E(NOE )=8.517                                            |
 -------------------------------------------------------------------------------
 --------------- cycle=    24 ------ stepsize=   -0.0000 -----------------------
 | Etotal =-18056.399 grad(E)=25.026     E(BOND)=679.494    E(ANGL)=1887.574   |
 | E(DIHE)=114.307    E(IMPR)=138.192    E(VDW )=1544.181   E(ELEC)=-22434.458 |
 | E(CDIH)=5.802      E(NOE )=8.511                                            |
 -------------------------------------------------------------------------------
 NBONDS: found   955072 intra-atom interactions
 --------------- cycle=    25 ------ stepsize=    0.0000 -----------------------
 | Etotal =-18163.606 grad(E)=31.451     E(BOND)=639.327    E(ANGL)=1867.503   |
 | E(DIHE)=110.883    E(IMPR)=191.794    E(VDW )=1487.375   E(ELEC)=-22479.858 |
 | E(CDIH)=7.531      E(NOE )=11.838                                           |
 -------------------------------------------------------------------------------
 --------------- cycle=    26 ------ stepsize=   -0.0000 -----------------------
 | Etotal =-18208.007 grad(E)=18.417     E(BOND)=600.537    E(ANGL)=1860.764   |
 | E(DIHE)=112.059    E(IMPR)=159.395    E(VDW )=1506.059   E(ELEC)=-22464.006 |
 | E(CDIH)=6.593      E(NOE )=10.593                                           |
 -------------------------------------------------------------------------------
 --------------- cycle=    27 ------ stepsize=    0.0000 -----------------------
 | Etotal =-18341.380 grad(E)=13.776     E(BOND)=547.976    E(ANGL)=1829.859   |
 | E(DIHE)=111.897    E(IMPR)=152.481    E(VDW )=1485.553   E(ELEC)=-22487.458 |
 | E(CDIH)=6.358      E(NOE )=11.954                                           |
 -------------------------------------------------------------------------------
 --------------- cycle=    28 ------ stepsize=    0.0000 -----------------------
 | Etotal =-18423.394 grad(E)=20.338     E(BOND)=524.296    E(ANGL)=1817.577   |
 | E(DIHE)=111.648    E(IMPR)=170.248    E(VDW )=1455.530   E(ELEC)=-22524.777 |
 | E(CDIH)=7.735      E(NOE )=14.349                                           |
 -------------------------------------------------------------------------------
 --------------- cycle=    29 ------ stepsize=    0.0000 -----------------------
 | Etotal =-18420.525 grad(E)=41.199     E(BOND)=572.271    E(ANGL)=1833.371   |
 | E(DIHE)=113.901    E(IMPR)=213.075    E(VDW )=1410.699   E(ELEC)=-22590.695 |
 | E(CDIH)=8.841      E(NOE )=18.012                                           |
 -------------------------------------------------------------------------------
 --------------- cycle=    30 ------ stepsize=    0.0000 -----------------------
 | Etotal =-18530.201 grad(E)=18.244     E(BOND)=468.390    E(ANGL)=1810.974   |
 | E(DIHE)=112.739    E(IMPR)=179.578    E(VDW )=1431.958   E(ELEC)=-22557.641 |
 | E(CDIH)=7.699      E(NOE )=16.101                                           |
 -------------------------------------------------------------------------------
 --------------- cycle=    31 ------ stepsize=    0.0000 -----------------------
 | Etotal =-18657.264 grad(E)=14.723     E(BOND)=411.371    E(ANGL)=1796.423   |
 | E(DIHE)=112.644    E(IMPR)=181.023    E(VDW )=1414.084   E(ELEC)=-22596.825 |
 | E(CDIH)=6.915      E(NOE )=17.100                                           |
 -------------------------------------------------------------------------------
 --------------- cycle=    32 ------ stepsize=    0.0000 -----------------------
 | Etotal =-18696.440 grad(E)=22.049     E(BOND)=399.805    E(ANGL)=1802.963   |
 | E(DIHE)=112.557    E(IMPR)=197.347    E(VDW )=1398.794   E(ELEC)=-22633.540 |
 | E(CDIH)=7.547      E(NOE )=18.087                                           |
 -------------------------------------------------------------------------------
 --------------- cycle=    33 ------ stepsize=    0.0000 -----------------------
 | Etotal =-18888.789 grad(E)=19.213     E(BOND)=360.907    E(ANGL)=1817.607   |
 | E(DIHE)=111.138    E(IMPR)=177.794    E(VDW )=1368.625   E(ELEC)=-22753.716 |
 | E(CDIH)=8.908      E(NOE )=19.948                                           |
 -------------------------------------------------------------------------------
 --------------- cycle=    34 ------ stepsize=    0.0000 -----------------------
 | Etotal =-18893.685 grad(E)=22.512     E(BOND)=374.640    E(ANGL)=1826.125   |
 | E(DIHE)=110.877    E(IMPR)=177.656    E(VDW )=1363.512   E(ELEC)=-22776.111 |
 | E(CDIH)=9.297      E(NOE )=20.318                                           |
 -------------------------------------------------------------------------------
 --------------- cycle=    35 ------ stepsize=    0.0000 -----------------------
 | Etotal =-19112.065 grad(E)=19.646     E(BOND)=367.236    E(ANGL)=1820.919   |
 | E(DIHE)=111.057    E(IMPR)=194.327    E(VDW )=1330.306   E(ELEC)=-22967.319 |
 | E(CDIH)=9.385      E(NOE )=22.024                                           |
 -------------------------------------------------------------------------------
 --------------- cycle=    36 ------ stepsize=    0.0000 -----------------------
 | Etotal =-19114.775 grad(E)=21.908     E(BOND)=379.249    E(ANGL)=1824.618   |
 | E(DIHE)=111.083    E(IMPR)=202.751    E(VDW )=1326.653   E(ELEC)=-22991.031 |
 | E(CDIH)=9.648      E(NOE )=22.254                                           |
 -------------------------------------------------------------------------------
 --------------- cycle=    37 ------ stepsize=    0.0000 -----------------------
 | Etotal =-19327.093 grad(E)=21.203     E(BOND)=412.972    E(ANGL)=1830.930   |
 | E(DIHE)=112.406    E(IMPR)=185.001    E(VDW )=1298.278   E(ELEC)=-23199.189 |
 | E(CDIH)=10.296     E(NOE )=22.213                                           |
 -------------------------------------------------------------------------------
 --------------- cycle=    38 ------ stepsize=    0.0000 -----------------------
 | Etotal =-19328.131 grad(E)=22.632     E(BOND)=424.196    E(ANGL)=1835.195   |
 | E(DIHE)=112.510    E(IMPR)=185.529    E(VDW )=1296.446   E(ELEC)=-23214.740 |
 | E(CDIH)=10.513     E(NOE )=22.219                                           |
 -------------------------------------------------------------------------------
 --------------- cycle=    39 ------ stepsize=    0.0000 -----------------------
 | Etotal =-19475.224 grad(E)=26.988     E(BOND)=474.783    E(ANGL)=1879.849   |
 | E(DIHE)=107.938    E(IMPR)=187.088    E(VDW )=1274.239   E(ELEC)=-23428.820 |
 | E(CDIH)=8.414      E(NOE )=21.285                                           |
 -------------------------------------------------------------------------------
 --------------- cycle=    40 ------ stepsize=   -0.0000 -----------------------
 | Etotal =-19490.711 grad(E)=20.239     E(BOND)=432.367    E(ANGL)=1859.836   |
 | E(DIHE)=109.004    E(IMPR)=177.881    E(VDW )=1278.783   E(ELEC)=-23378.466 |
 | E(CDIH)=8.396      E(NOE )=21.487                                           |
 -------------------------------------------------------------------------------
 POWELL: STEP number limit. Normal termination
 POWELL: Current coordinates set to last minimum
 CNSsolve> 
 CNSsolve>@RUN:protocols/restrain-ions.cns 
 ASSFIL: file restrain-ions.cns opened.
 CNSsolve>! restrain-ions.cns 
 CNSsolve>!    distance restraints between an ion and any coordinating atom within 5A 
 CNSsolve>!    to maintain the coordination topologu 
 CNSsolve>! 
 CNSsolve>! *********************************************************************** 
 CNSsolve>! * Copyright 2003-2020 Alexandre Bonvin, Utrecht University.           * 
 CNSsolve>! * All rights reserved.                                                * 
 CNSsolve>! * This code is part of the HADDOCK software and governed by its       * 
 CNSsolve>! * license. Please see the LICENSE file that should have been included * 
 CNSsolve>! * as part of this package.                                            * 
 CNSsolve>! *********************************************************************** 
 CNSsolve>! 
 CNSsolve>  noe class dist end 
 %NOESET error encountered: duplicate class name specified. 
   (CNS is in mode: SET ABORT=NORMal END)
 CNSsolve> 
 CNSsolve>  ! first deal with monoatomic ions 
 CNSsolve>  evaluate ($pcount = 0) 
 EVALUATE: symbol $PCOUNT set to    0.00000     (real)
 CNSsolve>  for $id1 in id ( name "LI+1" or name "F-1"  or name "NA+1" or name "MG+2" or name "AL+3" 
 SELRPN>                or name "CL-1" or name "K+1"  or name "CA+2" or name "V+2"  or name "V+3" 
 SELRPN>                or name "CR+2" or name "CR+3" or name "MN+2" or name "MN+3" or name "FE+2" 
 SELRPN>                or name "FE+3" or name "NI+2" or name "CO+2" or name "CO+3" or name "CU+1" 
 SELRPN>                or name "CU+2" or name "ZN+2" or name "BR-1" or name "SR+2" or name "MO+3" 
 SELRPN>                or name "AG+1" or name "CD+2" or name "I-1"  or name "CS+2" or name "HO+3" 
 SELRPN>                or name "YB+2" or name "YB+3" or name "OS+4" or name "IR+3" or name "PT+2" 
 SELRPN>                or name "AU+1" or name "AU+2" or name "HG+1" or name "HG+2" or name "PB+2" 
 SELRPN>                or name "U+3"  or name "U+4"  or name "ZN+1" or name "ZN"  ) loop sions 
 SELRPN:      0 atoms have been selected out of   7778
 CNSsolve> 
 CNSsolve>     show (segid) (id $id1) 
 CNSsolve>     evaluate ($segid1=$result) 
 CNSsolve>     show (resid) (id $id1) 
 CNSsolve>     evaluate ($resid1=$result) 
 CNSsolve>     show (resname) (id $id1) 
 CNSsolve>     evaluate ($resname1=$result) 
 CNSsolve>     show (name) (id $id1) 
 CNSsolve>     evaluate ($name1=$result) 
 CNSsolve> 
 CNSsolve>     evaluate ($mindis = 4.0) 
 CNSsolve>     for $id2 in id ( (name O* or name S* or name N*) and (id $id1) around $mindis and 
 FOR-clause=                      (resn ACE or resn ALA or resn ALY or resn ARG or resn ASN or resn ASH or resn ASP or 
 FOR-clause=                       resn CSP or resn CTN or resn CYC or resn CYF or resn CYM or resn CYS or resn DDZ or 
 FOR-clause=                       resn GLN or resn GLH or resn GLU or resn GLY or resn HIS or resn HY3 or resn HYP or 
 FOR-clause=                       resn ILE or resn LEU or resn LYS or resn M3L or resn MLY or resn MLZ or resn MET or 
 FOR-clause=                       resn MSE or resn NEP or resn NME or resn PHE or resn PNS or resn PRO or resn PTR or 
 FOR-clause=                       resn QSR or resn SEP or resn SER or resn THR or resn TOP or resn TRP or resn TYP or 
 FOR-clause=                       resn TYR or resn TYS or resn VAL or resn A   or resn C   or resn G   or resn T   or 
 FOR-clause=                       resn DA  or resn DC  or resn DG  or resn DT  or resn DJ )) loop search 
 CNSsolve> 
 CNSsolve>         pick bond (id $id1) (id $id2) geometry 
 CNSsolve>         evaluate ($upper = $result) 
 CNSsolve>         show (segid) (id $id2) 
 CNSsolve>         evaluate ($segid2=$result) 
 CNSsolve>         show (resid) (id $id2) 
 CNSsolve>         evaluate ($resid2=$result) 
 CNSsolve>         show (name) (id $id2) 
 CNSsolve>         evaluate ($name2=$result) 
 CNSsolve> 
 CNSsolve>         if ($segid1 eq $segid2) then 
 CNSsolve>             noe 
 CNSsolve>                 assign (resid $resid1 and segid $segid1 and name $name1) 
 CNSsolve>                        (resid $resid2 and segid $segid2 and name $name2) $upper 0.1 0.1 
 CNSsolve>             end 
 CNSsolve>         end if 
 CNSsolve> 
 CNSsolve>     end loop search 
 CNSsolve> 
 CNSsolve>   end loop sions 
 CNSsolve> 
 CNSsolve>  ! then deal with multiatomic mions 
 CNSsolve>  evaluate ($pcount = 0) 
 EVALUATE: symbol $PCOUNT set to    0.00000     (real)
 CNSsolve>  for $id1 in id ( (resn SO4 or resn PO4 or resn WO4) and name O* ) loop mions 
 SELRPN:      0 atoms have been selected out of   7778
 CNSsolve> 
 CNSsolve>     show (segid) (id $id1) 
 CNSsolve>     evaluate ($segid1=$result) 
 CNSsolve>     show (resid) (id $id1) 
 CNSsolve>     evaluate ($resid1=$result) 
 CNSsolve>     show (resname) (id $id1) 
 CNSsolve>     evaluate ($resname1=$result) 
 CNSsolve>     show (name) (id $id1) 
 CNSsolve>     evaluate ($name1=$result) 
 CNSsolve> 
 CNSsolve>     evaluate ($mindis = 4.0) 
 CNSsolve>     for $id2 in id ( (name O* or name S* or name N*) and (id $id1) around $mindis and 
 FOR-clause=                      (resn ACE or resn ALA or resn ALY or resn ARG or resn ASN or resn ASH or resn ASP or 
 FOR-clause=                       resn CSP or resn CTN or resn CYC or resn CYF or resn CYM or resn CYS or resn DDZ or 
 FOR-clause=                       resn GLN or resn GLH or resn GLU or resn GLY or resn HIS or resn HY3 or resn HYP or 
 FOR-clause=                       resn ILE or resn LEU or resn LYS or resn M3L or resn MLY or resn MLZ or resn MET or 
 FOR-clause=                       resn MSE or resn NEP or resn NME or resn PHE or resn PNS or resn PRO or resn PTR or 
 FOR-clause=                       resn QSR or resn SEP or resn SER or resn THR or resn TOP or resn TRP or resn TYP or 
 FOR-clause=                       resn TYR or resn TYS or resn VAL or resn A   or resn C   or resn G   or resn T   or 
 FOR-clause=                       resn DA  or resn DC  or resn DG  or resn DT  or resn DJ )) loop search 
 CNSsolve> 
 CNSsolve>         pick bond (id $id1) (id $id2) geometry 
 CNSsolve>         evaluate ($upper = $result) 
 CNSsolve>         show (segid) (id $id2) 
 CNSsolve>         evaluate ($segid2=$result) 
 CNSsolve>         show (resid) (id $id2) 
 CNSsolve>         evaluate ($resid2=$result) 
 CNSsolve>         show (name) (id $id2) 
 CNSsolve>         evaluate ($name2=$result) 
 CNSsolve> 
 CNSsolve>         if ($segid1 eq $segid2) then 
 CNSsolve>             noe 
 CNSsolve>                 assign (resid $resid1 and segid $segid1 and name $name1) 
 CNSsolve>                        (resid $resid2 and segid $segid2 and name $name2) $upper 0.1 0.1 
 CNSsolve>             end 
 CNSsolve>         end if 
 CNSsolve> 
 CNSsolve>     end loop search 
 CNSsolve> 
 CNSsolve>   end loop mions 
 CNSsolve> 
 CNSsolve>if ( $log_level = verbose ) then 
 NEXTCD: condition evaluated as false
 CNSsolve>  set message=normal echo=on end 
 CNSsolve>else 
 CNSsolve>  set message=off echo=off end 
 POWELL: number of degrees of freedom= 23334
 NBONDS: generating intra-molecular exclusion list with mode= 5
 MAKINB: mode   5 found  11220 exclusions and   3933 interactions(1-4)
 NBONDS: found   955100 intra-atom interactions
 --------------- cycle=     1 ------ stepsize=    0.0000 -----------------------
 | Etotal =-19490.711 grad(E)=20.239     E(BOND)=432.367    E(ANGL)=1859.836   |
 | E(DIHE)=109.004    E(IMPR)=177.881    E(VDW )=1278.783   E(ELEC)=-23378.466 |
 | E(HARM)=0.000      E(CDIH)=8.396      E(NOE )=21.487                        |
 -------------------------------------------------------------------------------
 --------------- cycle=     2 ------ stepsize=    0.0000 -----------------------
 | Etotal =-19509.804 grad(E)=18.050     E(BOND)=421.562    E(ANGL)=1856.271   |
 | E(DIHE)=109.306    E(IMPR)=174.317    E(VDW )=1278.557   E(ELEC)=-23379.525 |
 | E(HARM)=0.000      E(CDIH)=8.197      E(NOE )=21.511                        |
 -------------------------------------------------------------------------------
 --------------- cycle=     3 ------ stepsize=    0.0000 -----------------------
 | Etotal =-19580.063 grad(E)=17.086     E(BOND)=397.175    E(ANGL)=1836.975   |
 | E(DIHE)=111.699    E(IMPR)=156.286    E(VDW )=1276.845   E(ELEC)=-23387.805 |
 | E(HARM)=0.014      E(CDIH)=7.050      E(NOE )=21.700                        |
 -------------------------------------------------------------------------------
 --------------- cycle=     4 ------ stepsize=    0.0000 -----------------------
 | Etotal =-19671.512 grad(E)=10.984     E(BOND)=347.588    E(ANGL)=1818.488   |
 | E(DIHE)=111.922    E(IMPR)=150.885    E(VDW )=1273.938   E(ELEC)=-23402.853 |
 | E(HARM)=0.043      E(CDIH)=6.584      E(NOE )=21.893                        |
 -------------------------------------------------------------------------------
 --------------- cycle=     5 ------ stepsize=    0.0000 -----------------------
 | Etotal =-19692.965 grad(E)=14.333     E(BOND)=333.658    E(ANGL)=1815.860   |
 | E(DIHE)=112.100    E(IMPR)=159.075    E(VDW )=1271.817   E(ELEC)=-23414.463 |
 | E(HARM)=0.083      E(CDIH)=6.858      E(NOE )=22.047                        |
 -------------------------------------------------------------------------------
 --------------- cycle=     6 ------ stepsize=    0.0000 -----------------------
 | Etotal =-19774.439 grad(E)=14.046     E(BOND)=325.475    E(ANGL)=1803.573   |
 | E(DIHE)=108.852    E(IMPR)=139.480    E(VDW )=1265.695   E(ELEC)=-23446.157 |
 | E(HARM)=0.166      E(CDIH)=6.666      E(NOE )=21.811                        |
 -------------------------------------------------------------------------------
 --------------- cycle=     7 ------ stepsize=    0.0000 -----------------------
 | Etotal =-19774.496 grad(E)=14.421     E(BOND)=326.708    E(ANGL)=1803.536   |
 | E(DIHE)=108.766    E(IMPR)=139.335    E(VDW )=1265.533   E(ELEC)=-23447.017 |
 | E(HARM)=0.169      E(CDIH)=6.671      E(NOE )=21.805                        |
 -------------------------------------------------------------------------------
 --------------- cycle=     8 ------ stepsize=    0.0000 -----------------------
 | Etotal =-19833.008 grad(E)=14.857     E(BOND)=337.924    E(ANGL)=1784.129   |
 | E(DIHE)=112.227    E(IMPR)=138.358    E(VDW )=1257.065   E(ELEC)=-23491.440 |
 | E(HARM)=0.289      E(CDIH)=7.254      E(NOE )=21.186                        |
 -------------------------------------------------------------------------------
 --------------- cycle=     9 ------ stepsize=   -0.0000 -----------------------
 | Etotal =-19838.094 grad(E)=11.138     E(BOND)=323.597    E(ANGL)=1785.797   |
 | E(DIHE)=111.459    E(IMPR)=135.303    E(VDW )=1258.893   E(ELEC)=-23481.656 |
 | E(HARM)=0.256      E(CDIH)=6.937      E(NOE )=21.319                        |
 -------------------------------------------------------------------------------
 --------------- cycle=    10 ------ stepsize=    0.0000 -----------------------
 | Etotal =-19887.591 grad(E)=8.607      E(BOND)=331.409    E(ANGL)=1774.532   |
 | E(DIHE)=111.736    E(IMPR)=122.965    E(VDW )=1253.934   E(ELEC)=-23510.129 |
 | E(HARM)=0.308      E(CDIH)=6.704      E(NOE )=20.951                        |
 -------------------------------------------------------------------------------
 --------------- cycle=    11 ------ stepsize=    0.0000 -----------------------
 | Etotal =-19892.654 grad(E)=11.376     E(BOND)=343.919    E(ANGL)=1771.876   |
 | E(DIHE)=111.861    E(IMPR)=122.581    E(VDW )=1251.814   E(ELEC)=-23522.592 |
 | E(HARM)=0.338      E(CDIH)=6.756      E(NOE )=20.793                        |
 -------------------------------------------------------------------------------
 --------------- cycle=    12 ------ stepsize=    0.0000 -----------------------
 | Etotal =-19935.754 grad(E)=13.125     E(BOND)=368.375    E(ANGL)=1758.556   |
 | E(DIHE)=110.267    E(IMPR)=127.493    E(VDW )=1244.148   E(ELEC)=-23571.855 |
 | E(HARM)=0.436      E(CDIH)=6.524      E(NOE )=20.302                        |
 -------------------------------------------------------------------------------
 --------------- cycle=    13 ------ stepsize=   -0.0000 -----------------------
 | Etotal =-19937.737 grad(E)=10.673     E(BOND)=357.451    E(ANGL)=1759.474   |
 | E(DIHE)=110.538    E(IMPR)=125.407    E(VDW )=1245.452   E(ELEC)=-23563.321 |
 | E(HARM)=0.415      E(CDIH)=6.462      E(NOE )=20.385                        |
 -------------------------------------------------------------------------------
 --------------- cycle=    14 ------ stepsize=    0.0000 -----------------------
 | Etotal =-19991.863 grad(E)=7.340      E(BOND)=370.231    E(ANGL)=1753.604   |
 | E(DIHE)=110.861    E(IMPR)=110.890    E(VDW )=1239.707   E(ELEC)=-23603.960 |
 | E(HARM)=0.490      E(CDIH)=6.253      E(NOE )=20.062                        |
 -------------------------------------------------------------------------------
 --------------- cycle=    15 ------ stepsize=    0.0000 -----------------------
 | Etotal =-20000.077 grad(E)=9.792      E(BOND)=387.842    E(ANGL)=1756.085   |
 | E(DIHE)=111.048    E(IMPR)=108.651    E(VDW )=1236.541   E(ELEC)=-23627.097 |
 | E(HARM)=0.547      E(CDIH)=6.421      E(NOE )=19.884                        |
 -------------------------------------------------------------------------------
 --------------- cycle=    16 ------ stepsize=    0.0000 -----------------------
 | Etotal =-20040.806 grad(E)=16.625     E(BOND)=423.382    E(ANGL)=1745.496   |
 | E(DIHE)=111.898    E(IMPR)=109.150    E(VDW )=1229.878   E(ELEC)=-23686.552 |
 | E(HARM)=0.692      E(CDIH)=5.748      E(NOE )=19.503                        |
 -------------------------------------------------------------------------------
 --------------- cycle=    17 ------ stepsize=   -0.0000 -----------------------
 | Etotal =-20042.945 grad(E)=13.473     E(BOND)=409.491    E(ANGL)=1746.304   |
 | E(DIHE)=111.738    E(IMPR)=108.141    E(VDW )=1231.058   E(ELEC)=-23675.708 |
 | E(HARM)=0.661      E(CDIH)=5.801      E(NOE )=19.570                        |
 -------------------------------------------------------------------------------
 --------------- cycle=    18 ------ stepsize=    0.0000 -----------------------
 | Etotal =-20112.896 grad(E)=10.336     E(BOND)=407.041    E(ANGL)=1736.662   |
 | E(DIHE)=111.528    E(IMPR)=105.577    E(VDW )=1226.225   E(ELEC)=-23725.588 |
 | E(HARM)=0.798      E(CDIH)=5.651      E(NOE )=19.210                        |
 -------------------------------------------------------------------------------
 --------------- cycle=    19 ------ stepsize=    0.0000 -----------------------
 | Etotal =-20158.836 grad(E)=15.917     E(BOND)=437.545    E(ANGL)=1747.031   |
 | E(DIHE)=111.210    E(IMPR)=109.902    E(VDW )=1218.741   E(ELEC)=-23810.562 |
 | E(HARM)=1.127      E(CDIH)=7.525      E(NOE )=18.646                        |
 -------------------------------------------------------------------------------
 --------------- cycle=    20 ------ stepsize=    0.0000 -----------------------
 | Etotal =-20236.694 grad(E)=21.093     E(BOND)=489.469    E(ANGL)=1768.290   |
 | E(DIHE)=111.389    E(IMPR)=103.857    E(VDW )=1209.662   E(ELEC)=-23944.461 |
 | E(HARM)=1.817      E(CDIH)=5.958      E(NOE )=17.325                        |
 -------------------------------------------------------------------------------
 --------------- cycle=    21 ------ stepsize=   -0.0000 -----------------------
 | Etotal =-20246.241 grad(E)=15.393     E(BOND)=455.942    E(ANGL)=1758.197   |
 | E(DIHE)=111.311    E(IMPR)=102.489    E(VDW )=1211.703   E(ELEC)=-23911.299 |
 | E(HARM)=1.619      E(CDIH)=6.157      E(NOE )=17.639                        |
 -------------------------------------------------------------------------------
 --------------- cycle=    22 ------ stepsize=    0.0000 -----------------------
 | Etotal =-20336.164 grad(E)=12.963     E(BOND)=459.144    E(ANGL)=1762.321   |
 | E(DIHE)=110.942    E(IMPR)=104.163    E(VDW )=1207.523   E(ELEC)=-24003.583 |
 | E(HARM)=2.166      E(CDIH)=4.782      E(NOE )=16.378                        |
 -------------------------------------------------------------------------------
 --------------- cycle=    23 ------ stepsize=    0.0000 -----------------------
 | Etotal =-20336.957 grad(E)=14.207     E(BOND)=464.443    E(ANGL)=1764.486   |
 | E(DIHE)=110.906    E(IMPR)=105.725    E(VDW )=1207.156   E(ELEC)=-24013.087 |
 | E(HARM)=2.230      E(CDIH)=4.930      E(NOE )=16.254                        |
 -------------------------------------------------------------------------------
 --------------- cycle=    24 ------ stepsize=    0.0000 -----------------------
 | Etotal =-20406.929 grad(E)=15.935     E(BOND)=475.279    E(ANGL)=1773.017   |
 | E(DIHE)=111.546    E(IMPR)=100.345    E(VDW )=1207.439   E(ELEC)=-24097.692 |
 | E(HARM)=2.817      E(CDIH)=5.325      E(NOE )=14.996                        |
 -------------------------------------------------------------------------------
 --------------- cycle=    25 ------ stepsize=   -0.0000 -----------------------
 | Etotal =-20407.554 grad(E)=14.516     E(BOND)=469.579    E(ANGL)=1771.133   |
 | E(DIHE)=111.484    E(IMPR)=100.203    E(VDW )=1207.368   E(ELEC)=-24090.429 |
 | E(HARM)=2.761      E(CDIH)=5.246      E(NOE )=15.100                        |
 -------------------------------------------------------------------------------
 --------------- cycle=    26 ------ stepsize=    0.0000 -----------------------
 | Etotal =-20499.703 grad(E)=12.487     E(BOND)=447.388    E(ANGL)=1774.595   |
 | E(DIHE)=112.251    E(IMPR)=98.941     E(VDW )=1211.298   E(ELEC)=-24166.352 |
 | E(HARM)=3.311      E(CDIH)=4.835      E(NOE )=14.029                        |
 -------------------------------------------------------------------------------
 --------------- cycle=    27 ------ stepsize=    0.0000 -----------------------
 | Etotal =-20509.197 grad(E)=16.787     E(BOND)=455.944    E(ANGL)=1781.673   |
 | E(DIHE)=112.621    E(IMPR)=104.141    E(VDW )=1213.539   E(ELEC)=-24199.713 |
 | E(HARM)=3.584      E(CDIH)=5.432      E(NOE )=13.582                        |
 -------------------------------------------------------------------------------
 --------------- cycle=    28 ------ stepsize=    0.0000 -----------------------
 | Etotal =-20631.200 grad(E)=13.539     E(BOND)=423.722    E(ANGL)=1794.121   |
 | E(DIHE)=111.259    E(IMPR)=97.066     E(VDW )=1224.387   E(ELEC)=-24306.889 |
 | E(HARM)=4.474      E(CDIH)=8.350      E(NOE )=12.311                        |
 -------------------------------------------------------------------------------
 --------------- cycle=    29 ------ stepsize=    0.0000 -----------------------
 | Etotal =-20636.283 grad(E)=16.381     E(BOND)=430.469    E(ANGL)=1801.989   |
 | E(DIHE)=110.956    E(IMPR)=99.922     E(VDW )=1227.792   E(ELEC)=-24333.618 |
 | E(HARM)=4.727      E(CDIH)=9.464      E(NOE )=12.016                        |
 -------------------------------------------------------------------------------
 --------------- cycle=    30 ------ stepsize=    0.0000 -----------------------
 | Etotal =-20754.285 grad(E)=18.544     E(BOND)=413.508    E(ANGL)=1803.779   |
 | E(DIHE)=112.103    E(IMPR)=106.994    E(VDW )=1247.719   E(ELEC)=-24462.934 |
 | E(HARM)=5.942      E(CDIH)=7.723      E(NOE )=10.881                        |
 -------------------------------------------------------------------------------
 --------------- cycle=    31 ------ stepsize=   -0.0000 -----------------------
 | Etotal =-20754.370 grad(E)=18.055     E(BOND)=411.800    E(ANGL)=1803.237   |
 | E(DIHE)=112.069    E(IMPR)=106.483    E(VDW )=1247.088   E(ELEC)=-24459.565 |
 | E(HARM)=5.907      E(CDIH)=7.703      E(NOE )=10.908                        |
 -------------------------------------------------------------------------------
 --------------- cycle=    32 ------ stepsize=    0.0000 -----------------------
 | Etotal =-20887.953 grad(E)=12.825     E(BOND)=385.926    E(ANGL)=1796.917   |
 | E(DIHE)=111.883    E(IMPR)=104.631    E(VDW )=1273.598   E(ELEC)=-24587.812 |
 | E(HARM)=7.212      E(CDIH)=9.495      E(NOE )=10.199                        |
 -------------------------------------------------------------------------------
 --------------- cycle=    33 ------ stepsize=    0.0000 -----------------------
 | Etotal =-20890.328 grad(E)=14.481     E(BOND)=391.250    E(ANGL)=1799.927   |
 | E(DIHE)=111.872    E(IMPR)=107.299    E(VDW )=1278.667   E(ELEC)=-24607.272 |
 | E(HARM)=7.434      E(CDIH)=10.385     E(NOE )=10.111                        |
 -------------------------------------------------------------------------------
 --------------- cycle=    34 ------ stepsize=    0.0000 -----------------------
 | Etotal =-20971.729 grad(E)=17.977     E(BOND)=392.706    E(ANGL)=1782.142   |
 | E(DIHE)=112.871    E(IMPR)=123.015    E(VDW )=1296.632   E(ELEC)=-24703.764 |
 | E(HARM)=8.366      E(CDIH)=6.215      E(NOE )=10.087                        |
 -------------------------------------------------------------------------------
 --------------- cycle=    35 ------ stepsize=   -0.0000 -----------------------
 | Etotal =-20972.071 grad(E)=16.869     E(BOND)=388.926    E(ANGL)=1782.386   |
 | E(DIHE)=112.808    E(IMPR)=121.610    E(VDW )=1295.404   E(ELEC)=-24697.920 |
 | E(HARM)=8.305      E(CDIH)=6.323      E(NOE )=10.086                        |
 -------------------------------------------------------------------------------
 --------------- cycle=    36 ------ stepsize=    0.0000 -----------------------
 | Etotal =-21081.990 grad(E)=12.777     E(BOND)=363.292    E(ANGL)=1767.868   |
 | E(DIHE)=112.506    E(IMPR)=130.185    E(VDW )=1307.079   E(ELEC)=-24789.386 |
 | E(HARM)=9.145      E(CDIH)=6.968      E(NOE )=10.353                        |
 -------------------------------------------------------------------------------
 --------------- cycle=    37 ------ stepsize=    0.0000 -----------------------
 | Etotal =-21096.862 grad(E)=17.355     E(BOND)=375.668    E(ANGL)=1770.311   |
 | E(DIHE)=112.372    E(IMPR)=137.332    E(VDW )=1314.336   E(ELEC)=-24837.336 |
 | E(HARM)=9.631      E(CDIH)=10.309     E(NOE )=10.513                        |
 -------------------------------------------------------------------------------
 --------------- cycle=    38 ------ stepsize=    0.0000 -----------------------
 | Etotal =-21185.925 grad(E)=22.254     E(BOND)=399.380    E(ANGL)=1771.015   |
 | E(DIHE)=111.404    E(IMPR)=153.555    E(VDW )=1325.630   E(ELEC)=-24978.200 |
 | E(HARM)=11.024     E(CDIH)=9.052      E(NOE )=11.214                        |
 -------------------------------------------------------------------------------
 --------------- cycle=    39 ------ stepsize=   -0.0000 -----------------------
 | Etotal =-21193.878 grad(E)=16.865     E(BOND)=373.417    E(ANGL)=1767.119   |
 | E(DIHE)=111.613    E(IMPR)=147.310    E(VDW )=1322.722   E(ELEC)=-24946.999 |
 | E(HARM)=10.693     E(CDIH)=9.198      E(NOE )=11.050                        |
 -------------------------------------------------------------------------------
 --------------- cycle=    40 ------ stepsize=    0.0000 -----------------------
 | Etotal =-21303.814 grad(E)=12.971     E(BOND)=365.979    E(ANGL)=1759.748   |
 | E(DIHE)=112.621    E(IMPR)=157.025    E(VDW )=1320.903   E(ELEC)=-25049.595 |
 | E(HARM)=11.668     E(CDIH)=6.229      E(NOE )=11.608                        |
 -------------------------------------------------------------------------------
 POWELL: STEP number limit. Normal termination
 POWELL: Current coordinates set to last minimum
 POWELL: number of degrees of freedom= 23334
 --------------- cycle=     1 ------ stepsize=    0.0000 -----------------------
 | Etotal =-21303.814 grad(E)=12.971     E(BOND)=365.979    E(ANGL)=1759.748   |
 | E(DIHE)=112.621    E(IMPR)=157.025    E(VDW )=1320.903   E(ELEC)=-25049.595 |
 | E(HARM)=11.668     E(CDIH)=6.229      E(NOE )=11.608                        |
 -------------------------------------------------------------------------------
 --------------- cycle=     2 ------ stepsize=    0.0000 -----------------------
 | Etotal =-21315.974 grad(E)=11.447     E(BOND)=360.223    E(ANGL)=1757.131   |
 | E(DIHE)=112.592    E(IMPR)=154.888    E(VDW )=1319.437   E(ELEC)=-25049.668 |
 | E(HARM)=11.651     E(CDIH)=6.170      E(NOE )=11.602                        |
 -------------------------------------------------------------------------------
 --------------- cycle=     3 ------ stepsize=    0.0000 -----------------------
 | Etotal =-21355.696 grad(E)=11.943     E(BOND)=354.166    E(ANGL)=1743.333   |
 | E(DIHE)=112.445    E(IMPR)=145.609    E(VDW )=1309.545   E(ELEC)=-25050.180 |
 | E(HARM)=11.538     E(CDIH)=6.287      E(NOE )=11.562                        |
 -------------------------------------------------------------------------------
 --------------- cycle=     4 ------ stepsize=    0.0000 -----------------------
 | Etotal =-21411.470 grad(E)=9.579      E(BOND)=335.938    E(ANGL)=1730.282   |
 | E(DIHE)=112.449    E(IMPR)=137.622    E(VDW )=1292.733   E(ELEC)=-25050.273 |
 | E(HARM)=11.338     E(CDIH)=6.923      E(NOE )=11.517                        |
 -------------------------------------------------------------------------------
 --------------- cycle=     5 ------ stepsize=    0.0000 -----------------------
 | Etotal =-21415.797 grad(E)=12.352     E(BOND)=339.396    E(ANGL)=1729.162   |
 | E(DIHE)=112.453    E(IMPR)=136.372    E(VDW )=1287.010   E(ELEC)=-25050.305 |
 | E(HARM)=11.273     E(CDIH)=7.340      E(NOE )=11.501                        |
 -------------------------------------------------------------------------------
 --------------- cycle=     6 ------ stepsize=    0.0000 -----------------------
 | Etotal =-21458.657 grad(E)=13.523     E(BOND)=342.442    E(ANGL)=1725.988   |
 | E(DIHE)=112.522    E(IMPR)=120.452    E(VDW )=1262.467   E(ELEC)=-25051.558 |
 | E(HARM)=10.960     E(CDIH)=6.517      E(NOE )=11.554                        |
 -------------------------------------------------------------------------------
 --------------- cycle=     7 ------ stepsize=   -0.0000 -----------------------
 | Etotal =-21462.489 grad(E)=10.131     E(BOND)=332.316    E(ANGL)=1724.672   |
 | E(DIHE)=112.500    E(IMPR)=122.538    E(VDW )=1267.585   E(ELEC)=-25051.282 |
 | E(HARM)=11.023     E(CDIH)=6.619      E(NOE )=11.541                        |
 -------------------------------------------------------------------------------
 --------------- cycle=     8 ------ stepsize=    0.0000 -----------------------
 | Etotal =-21501.086 grad(E)=9.173      E(BOND)=326.746    E(ANGL)=1716.926   |
 | E(DIHE)=112.599    E(IMPR)=114.425    E(VDW )=1253.764   E(ELEC)=-25053.887 |
 | E(HARM)=10.791     E(CDIH)=5.815      E(NOE )=11.734                        |
 -------------------------------------------------------------------------------
 --------------- cycle=     9 ------ stepsize=    0.0000 -----------------------
 | Etotal =-21503.216 grad(E)=11.518     E(BOND)=330.775    E(ANGL)=1716.016   |
 | E(DIHE)=112.632    E(IMPR)=113.765    E(VDW )=1249.919   E(ELEC)=-25054.655 |
 | E(HARM)=10.728     E(CDIH)=5.809      E(NOE )=11.795                        |
 -------------------------------------------------------------------------------
 --------------- cycle=    10 ------ stepsize=    0.0000 -----------------------
 | Etotal =-21555.287 grad(E)=8.565      E(BOND)=318.315    E(ANGL)=1707.230   |
 | E(DIHE)=112.516    E(IMPR)=106.491    E(VDW )=1233.183   E(ELEC)=-25061.702 |
 | E(HARM)=10.398     E(CDIH)=6.004      E(NOE )=12.277                        |
 -------------------------------------------------------------------------------
 --------------- cycle=    11 ------ stepsize=    0.0000 -----------------------
 | Etotal =-21559.691 grad(E)=11.048     E(BOND)=322.802    E(ANGL)=1707.337   |
 | E(DIHE)=112.475    E(IMPR)=105.813    E(VDW )=1227.249   E(ELEC)=-25064.420 |
 | E(HARM)=10.285     E(CDIH)=6.290      E(NOE )=12.476                        |
 -------------------------------------------------------------------------------
 --------------- cycle=    12 ------ stepsize=    0.0000 -----------------------
 | Etotal =-21612.220 grad(E)=11.546     E(BOND)=323.265    E(ANGL)=1691.719   |
 | E(DIHE)=112.167    E(IMPR)=101.805    E(VDW )=1208.620   E(ELEC)=-25079.065 |
 | E(HARM)=9.874      E(CDIH)=5.950      E(NOE )=13.445                        |
 -------------------------------------------------------------------------------
 --------------- cycle=    13 ------ stepsize=    0.0000 -----------------------
 | Etotal =-21612.227 grad(E)=11.684     E(BOND)=323.617    E(ANGL)=1691.643   |
 | E(DIHE)=112.163    E(IMPR)=101.890    E(VDW )=1208.415   E(ELEC)=-25079.240 |
 | E(HARM)=9.870      E(CDIH)=5.957      E(NOE )=13.457                        |
 -------------------------------------------------------------------------------
 --------------- cycle=    14 ------ stepsize=    0.0000 -----------------------
 | Etotal =-21665.824 grad(E)=10.662     E(BOND)=324.451    E(ANGL)=1678.508   |
 | E(DIHE)=112.355    E(IMPR)=95.439     E(VDW )=1192.146   E(ELEC)=-25099.343 |
 | E(HARM)=9.506      E(CDIH)=6.389      E(NOE )=14.725                        |
 -------------------------------------------------------------------------------
 --------------- cycle=    15 ------ stepsize=    0.0000 -----------------------
 | Etotal =-21665.845 grad(E)=10.874     E(BOND)=325.129    E(ANGL)=1678.466   |
 | E(DIHE)=112.359    E(IMPR)=95.437     E(VDW )=1191.844   E(ELEC)=-25099.746 |
 | E(HARM)=9.500      E(CDIH)=6.415      E(NOE )=14.752                        |
 -------------------------------------------------------------------------------
 --------------- cycle=    16 ------ stepsize=    0.0000 -----------------------
 | Etotal =-21707.739 grad(E)=9.866      E(BOND)=325.515    E(ANGL)=1670.741   |
 | E(DIHE)=112.961    E(IMPR)=94.701     E(VDW )=1180.228   E(ELEC)=-25123.059 |
 | E(HARM)=9.244      E(CDIH)=5.789      E(NOE )=16.141                        |
 -------------------------------------------------------------------------------
 --------------- cycle=    17 ------ stepsize=   -0.0000 -----------------------
 | Etotal =-21708.129 grad(E)=8.952      E(BOND)=323.266    E(ANGL)=1670.721   |
 | E(DIHE)=112.908    E(IMPR)=93.762     E(VDW )=1181.189   E(ELEC)=-25121.017 |
 | E(HARM)=9.262      E(CDIH)=5.766      E(NOE )=16.015                        |
 -------------------------------------------------------------------------------
 --------------- cycle=    18 ------ stepsize=    0.0000 -----------------------
 | Etotal =-21740.661 grad(E)=8.244      E(BOND)=321.528    E(ANGL)=1667.750   |
 | E(DIHE)=111.431    E(IMPR)=91.239     E(VDW )=1175.755   E(ELEC)=-25140.063 |
 | E(HARM)=9.113      E(CDIH)=5.519      E(NOE )=17.067                        |
 -------------------------------------------------------------------------------
 --------------- cycle=    19 ------ stepsize=    0.0000 -----------------------
 | Etotal =-21741.305 grad(E)=9.458      E(BOND)=324.305    E(ANGL)=1668.303   |
 | E(DIHE)=111.196    E(IMPR)=91.173     E(VDW )=1174.913   E(ELEC)=-25143.144 |
 | E(HARM)=9.093      E(CDIH)=5.613      E(NOE )=17.242                        |
 -------------------------------------------------------------------------------
 --------------- cycle=    20 ------ stepsize=    0.0000 -----------------------
 | Etotal =-21772.857 grad(E)=9.491      E(BOND)=323.032    E(ANGL)=1670.631   |
 | E(DIHE)=112.155    E(IMPR)=87.191     E(VDW )=1169.713   E(ELEC)=-25168.857 |
 | E(HARM)=8.957      E(CDIH)=5.729      E(NOE )=18.591                        |
 -------------------------------------------------------------------------------
 --------------- cycle=    21 ------ stepsize=   -0.0000 -----------------------
 | Etotal =-21772.932 grad(E)=9.042      E(BOND)=322.171    E(ANGL)=1670.227   |
 | E(DIHE)=112.110    E(IMPR)=87.083     E(VDW )=1169.944   E(ELEC)=-25167.658 |
 | E(HARM)=8.962      E(CDIH)=5.701      E(NOE )=18.526                        |
 -------------------------------------------------------------------------------
 --------------- cycle=    22 ------ stepsize=    0.0000 -----------------------
 | Etotal =-21803.001 grad(E)=9.044      E(BOND)=318.050    E(ANGL)=1671.490   |
 | E(DIHE)=112.736    E(IMPR)=87.158     E(VDW )=1165.740   E(ELEC)=-25192.280 |
 | E(HARM)=8.880      E(CDIH)=5.576      E(NOE )=19.651                        |
 -------------------------------------------------------------------------------
 --------------- cycle=    23 ------ stepsize=    0.0000 -----------------------
 | Etotal =-21803.055 grad(E)=9.430      E(BOND)=318.747    E(ANGL)=1671.765   |
 | E(DIHE)=112.764    E(IMPR)=87.297     E(VDW )=1165.562   E(ELEC)=-25193.369 |
 | E(HARM)=8.878      E(CDIH)=5.600      E(NOE )=19.701                        |
 -------------------------------------------------------------------------------
 --------------- cycle=    24 ------ stepsize=    0.0000 -----------------------
 | Etotal =-21838.571 grad(E)=7.245      E(BOND)=314.044    E(ANGL)=1673.710   |
 | E(DIHE)=111.425    E(IMPR)=84.631     E(VDW )=1161.762   E(ELEC)=-25219.818 |
 | E(HARM)=8.835      E(CDIH)=6.105      E(NOE )=20.734                        |
 -------------------------------------------------------------------------------
 --------------- cycle=    25 ------ stepsize=    0.0000 -----------------------
 | Etotal =-21839.745 grad(E)=8.540      E(BOND)=316.756    E(ANGL)=1675.796   |
 | E(DIHE)=111.137    E(IMPR)=84.980     E(VDW )=1160.988   E(ELEC)=-25225.578 |
 | E(HARM)=8.833      E(CDIH)=6.378      E(NOE )=20.964                        |
 -------------------------------------------------------------------------------
 --------------- cycle=    26 ------ stepsize=    0.0000 -----------------------
 | Etotal =-21861.334 grad(E)=10.524     E(BOND)=320.644    E(ANGL)=1675.604   |
 | E(DIHE)=112.621    E(IMPR)=87.138     E(VDW )=1157.753   E(ELEC)=-25251.936 |
 | E(HARM)=8.845      E(CDIH)=6.199      E(NOE )=21.799                        |
 -------------------------------------------------------------------------------
 --------------- cycle=    27 ------ stepsize=   -0.0000 -----------------------
 | Etotal =-21863.160 grad(E)=8.055      E(BOND)=315.269    E(ANGL)=1674.680   |
 | E(DIHE)=112.291    E(IMPR)=85.798     E(VDW )=1158.429   E(ELEC)=-25246.184 |
 | E(HARM)=8.838      E(CDIH)=6.106      E(NOE )=21.614                        |
 -------------------------------------------------------------------------------
 --------------- cycle=    28 ------ stepsize=    0.0000 -----------------------
 | Etotal =-21888.796 grad(E)=6.240      E(BOND)=310.927    E(ANGL)=1671.565   |
 | E(DIHE)=112.096    E(IMPR)=86.922     E(VDW )=1156.253   E(ELEC)=-25263.827 |
 | E(HARM)=8.867      E(CDIH)=6.352      E(NOE )=22.050                        |
 -------------------------------------------------------------------------------
 --------------- cycle=    29 ------ stepsize=    0.0000 -----------------------
 | Etotal =-21890.307 grad(E)=7.715      E(BOND)=313.181    E(ANGL)=1672.206   |
 | E(DIHE)=112.036    E(IMPR)=88.105     E(VDW )=1155.609   E(ELEC)=-25269.275 |
 | E(HARM)=8.881      E(CDIH)=6.761      E(NOE )=22.188                        |
 -------------------------------------------------------------------------------
 --------------- cycle=    30 ------ stepsize=    0.0000 -----------------------
 | Etotal =-21910.835 grad(E)=8.040      E(BOND)=312.432    E(ANGL)=1672.578   |
 | E(DIHE)=111.317    E(IMPR)=91.912     E(VDW )=1152.732   E(ELEC)=-25290.224 |
 | E(HARM)=8.968      E(CDIH)=6.955      E(NOE )=22.497                        |
 -------------------------------------------------------------------------------
 --------------- cycle=    31 ------ stepsize=   -0.0000 -----------------------
 | Etotal =-21911.464 grad(E)=6.799      E(BOND)=310.070    E(ANGL)=1671.852   |
 | E(DIHE)=111.419    E(IMPR)=90.925     E(VDW )=1153.144   E(ELEC)=-25287.144 |
 | E(HARM)=8.953      E(CDIH)=6.868      E(NOE )=22.450                        |
 -------------------------------------------------------------------------------
 --------------- cycle=    32 ------ stepsize=    0.0000 -----------------------
 | Etotal =-21931.296 grad(E)=6.326      E(BOND)=307.628    E(ANGL)=1667.835   |
 | E(DIHE)=112.045    E(IMPR)=94.051     E(VDW )=1150.791   E(ELEC)=-25301.300 |
 | E(HARM)=9.038      E(CDIH)=6.246      E(NOE )=22.371                        |
 -------------------------------------------------------------------------------
 --------------- cycle=    33 ------ stepsize=    0.0000 -----------------------
 | Etotal =-21932.294 grad(E)=7.810      E(BOND)=309.678    E(ANGL)=1667.500   |
 | E(DIHE)=112.225    E(IMPR)=95.656     E(VDW )=1150.146   E(ELEC)=-25305.268 |
 | E(HARM)=9.064      E(CDIH)=6.353      E(NOE )=22.351                        |
 -------------------------------------------------------------------------------
 --------------- cycle=    34 ------ stepsize=    0.0000 -----------------------
 | Etotal =-21954.381 grad(E)=7.820      E(BOND)=310.475    E(ANGL)=1663.032   |
 | E(DIHE)=112.219    E(IMPR)=101.077    E(VDW )=1146.681   E(ELEC)=-25325.587 |
 | E(HARM)=9.213      E(CDIH)=6.555      E(NOE )=21.953                        |
 -------------------------------------------------------------------------------
 --------------- cycle=    35 ------ stepsize=    0.0000 -----------------------
 | Etotal =-21954.462 grad(E)=8.292      E(BOND)=311.468    E(ANGL)=1662.974   |
 | E(DIHE)=112.219    E(IMPR)=101.543    E(VDW )=1146.464   E(ELEC)=-25326.890 |
 | E(HARM)=9.223      E(CDIH)=6.609      E(NOE )=21.929                        |
 -------------------------------------------------------------------------------
 --------------- cycle=    36 ------ stepsize=    0.0000 -----------------------
 | Etotal =-21984.609 grad(E)=7.289      E(BOND)=312.002    E(ANGL)=1660.317   |
 | E(DIHE)=111.570    E(IMPR)=103.780    E(VDW )=1142.397   E(ELEC)=-25351.000 |
 | E(HARM)=9.421      E(CDIH)=5.596      E(NOE )=21.308                        |
 -------------------------------------------------------------------------------
 --------------- cycle=    37 ------ stepsize=    0.0000 -----------------------
 | Etotal =-21989.102 grad(E)=10.291     E(BOND)=320.353    E(ANGL)=1661.327   |
 | E(DIHE)=111.213    E(IMPR)=106.416    E(VDW )=1140.192   E(ELEC)=-25364.571 |
 | E(HARM)=9.543      E(CDIH)=5.451      E(NOE )=20.975                        |
 -------------------------------------------------------------------------------
 --------------- cycle=    38 ------ stepsize=    0.0000 -----------------------
 | Etotal =-22026.873 grad(E)=8.910      E(BOND)=328.171    E(ANGL)=1660.024   |
 | E(DIHE)=111.408    E(IMPR)=110.167    E(VDW )=1134.302   E(ELEC)=-25406.334 |
 | E(HARM)=9.945      E(CDIH)=5.336      E(NOE )=20.108                        |
 -------------------------------------------------------------------------------
 --------------- cycle=    39 ------ stepsize=    0.0000 -----------------------
 | Etotal =-22027.185 grad(E)=9.718      E(BOND)=331.264    E(ANGL)=1660.514   |
 | E(DIHE)=111.428    E(IMPR)=110.904    E(VDW )=1133.741   E(ELEC)=-25410.488 |
 | E(HARM)=9.988      E(CDIH)=5.437      E(NOE )=20.026                        |
 -------------------------------------------------------------------------------
 --------------- cycle=    40 ------ stepsize=    0.0000 -----------------------
 | Etotal =-22066.939 grad(E)=9.767      E(BOND)=342.703    E(ANGL)=1658.699   |
 | E(DIHE)=112.157    E(IMPR)=112.868    E(VDW )=1128.621   E(ELEC)=-25457.279 |
 | E(HARM)=10.478     E(CDIH)=5.336      E(NOE )=19.477                        |
 -------------------------------------------------------------------------------
 POWELL: STEP number limit. Normal termination
 POWELL: Current coordinates set to last minimum
AUTOMATIC DEFINITION OF FLEXIBLE SEGMENTS BASED ON INTERMOLECULAR PROXIMITY FOR MOLECULE 1
THE FOLLOWING RESIDUES HAVE BEEN DEFINED AS FLEXIBLE for molecule 1
AUTOMATICALLY SELECTED SEGMENT: SAX,1,A
AUTOMATIC DEFINITION OF FLEXIBLE SEGMENTS BASED ON INTERMOLECULAR PROXIMITY FOR MOLECULE 2
THE FOLLOWING RESIDUES HAVE BEEN DEFINED AS FLEXIBLE for molecule 2
AUTOMATICALLY SELECTED SEGMENT: DT,1,B
AUTOMATICALLY SELECTED SEGMENT: DT,2,B
AUTOMATICALLY SELECTED SEGMENT: DC,3,B
AUTOMATICALLY SELECTED SEGMENT: DT,4,B
AUTOMATICALLY SELECTED SEGMENT: DC,5,B
AUTOMATICALLY SELECTED SEGMENT: DG,6,B
AUTOMATICALLY SELECTED SEGMENT: DC,7,B
AUTOMATICALLY SELECTED SEGMENT: DA,8,B
AUTOMATICALLY SELECTED SEGMENT: DG,9,B
AUTOMATICALLY SELECTED SEGMENT: DC,10,B
AUTOMATICALLY SELECTED SEGMENT: DC,11,B
AUTOMATICALLY SELECTED SEGMENT: DA,12,B
AUTOMATICALLY SELECTED SEGMENT: DG,13,B
AUTOMATICALLY SELECTED SEGMENT: DA,14,B
AUTOMATICALLY SELECTED SEGMENT: DT,15,B
AUTOMATICALLY SELECTED SEGMENT: DC,16,B
AUTOMATICALLY SELECTED SEGMENT: DT,17,B
AUTOMATICALLY SELECTED SEGMENT: DG,18,B
AUTOMATICALLY SELECTED SEGMENT: DG,19,B
AUTOMATICALLY SELECTED SEGMENT: DC,20,B
AUTOMATICALLY SELECTED SEGMENT: DC,21,B
AUTOMATICALLY SELECTED SEGMENT: DA,22,B
AUTOMATICALLY SELECTED SEGMENT: DG,23,B
AUTOMATICALLY SELECTED SEGMENT: DG,24,B
AUTOMATICALLY SELECTED SEGMENT: DT,25,B
AUTOMATICALLY SELECTED SEGMENT: DT,26,B
AUTOMATICALLY SELECTED SEGMENT: DG,27,B
AUTOMATICALLY SELECTED SEGMENT: DT,28,B
AUTOMATICALLY SELECTED SEGMENT: DT,29,B
AUTOMATICALLY SELECTED SEGMENT: DA,30,B
AUTOMATICALLY SELECTED SEGMENT: DC,31,B
AUTOMATICALLY SELECTED SEGMENT: DA,32,B
AUTOMATICALLY SELECTED SEGMENT: DG,33,B
AUTOMATICALLY SELECTED SEGMENT: DC,34,B
AUTOMATICALLY SELECTED SEGMENT: DG,35,B
AUTOMATICALLY SELECTED SEGMENT: DG,36,B
AUTOMATICALLY SELECTED SEGMENT: DA,37,B
AUTOMATICALLY SELECTED SEGMENT: DG,38,B
AUTOMATICALLY SELECTED SEGMENT: DG,39,B
AUTOMATICALLY SELECTED SEGMENT: DT,40,B
AUTOMATICALLY SELECTED SEGMENT: DG,41,B
AUTOMATICALLY SELECTED SEGMENT: DC,42,B
AUTOMATICALLY SELECTED SEGMENT: DT,43,B
AUTOMATICALLY SELECTED SEGMENT: DT,44,B
AUTOMATICALLY SELECTED SEGMENT: DG,45,B
AUTOMATICALLY SELECTED SEGMENT: DG,46,B
AUTOMATICALLY SELECTED SEGMENT: DC,47,B
AUTOMATICALLY SELECTED SEGMENT: DG,48,B
AUTOMATICALLY SELECTED SEGMENT: DT,49,B
AUTOMATICALLY SELECTED SEGMENT: DC,50,B
NO FULLY FLEXIBLE SEGMENTS for molecule 1
NO FULLY FLEXIBLE SEGMENTS for molecule 2
FLEXIBILITY STATISTIC FOR MOLECULE 1 : Nres=1 Nrigid=0 Nflex=1
FLEXIBILITY STATISTIC FOR MOLECULE 2 : Nres=50 Nrigid=0 Nflex=50
 DCART: temperature coupling (TCOUpling) enabled
 CENMAS: Information about center of free masses
         position [A]          :     -1.14012      0.16242      0.09220
         velocity [A/ps]       :      0.00562     -0.00258     -0.00875
         ang. mom. [amu A/ps]  :-111232.93198 -81160.17000  73038.95882
         kin. ener. [Kcal/mol] :      0.10667
 ROTSTP: CM translation and rotation removed.
 CENMAS: Information about center of free masses
         position [A]          :     -1.14012      0.16242      0.09220
         velocity [A/ps]       :     -0.00000      0.00000     -0.00000
         ang. mom. [amu A/ps]  :     -0.00000      0.00000     -0.00000
         kin. ener. [Kcal/mol] :      0.00000
 NBONDS: generating intra-molecular exclusion list with mode= 5
 MAKINB: mode   5 found  11220 exclusions and   3933 interactions(1-4)
 NBONDS: found   955080 intra-atom interactions
 -------------------------- Cartesian dynamics start ---------------------------
 | E(kin)+E(total)=-19755.932      E(kin)=2319.379      temperature=100.040    |
 | Etotal =-22075.311 grad(E)=9.771      E(BOND)=342.703    E(ANGL)=1658.699   |
 | E(DIHE)=112.157    E(IMPR)=112.868    E(VDW )=1128.621   E(ELEC)=-25457.279 |
 | E(HARM)=2.106      E(CDIH)=5.336      E(NOE )=19.477                        |
 -------------------------------------------------------------------------------
 NBONDS: found   955198 intra-atom interactions
 -------------------- step=       50 at      0.10000 ps ------------------------
 | E(kin)+E(total)=-19720.250      E(kin)=2477.927      temperature=106.878    |
 | Etotal =-22198.177 grad(E)=19.372     E(BOND)=624.840    E(ANGL)=1781.586   |
 | E(DIHE)=116.453    E(IMPR)=121.159    E(VDW )=1279.998   E(ELEC)=-26166.707 |
 | E(HARM)=9.641      E(CDIH)=14.636     E(NOE )=20.217                        |
 -------------------------------------------------------------------------------
 NBONDS: found   955326 intra-atom interactions
 ----------------- final step=      100 at      0.20000 ps ---------------------
 | E(kin)+E(total)=-20986.001      E(kin)=2413.811      temperature=104.113    |
 | Etotal =-23399.812 grad(E)=17.843     E(BOND)=516.720    E(ANGL)=1775.320   |
 | E(DIHE)=115.901    E(IMPR)=110.920    E(VDW )=1258.331   E(ELEC)=-27237.788 |
 | E(HARM)=29.590     E(CDIH)=10.875     E(NOE )=20.319                        |
 -------------------------------------------------------------------------------
 CENMAS: Information about center of free masses
         position [A]          :     -1.14014      0.16238      0.09215
         velocity [A/ps]       :     -0.00017     -0.00036     -0.00078
         ang. mom. [amu A/ps]  :   2355.50234  -3017.94765  10231.57485
         kin. ener. [Kcal/mol] :      0.00071
 DCART: temperature coupling (TCOUpling) enabled
 CENMAS: Information about center of free masses
         position [A]          :     -1.14014      0.16238      0.09215
         velocity [A/ps]       :     -0.01943      0.01132      0.00222
         ang. mom. [amu A/ps]  : 437908.63244 -68966.44974-163528.55221
         kin. ener. [Kcal/mol] :      0.47464
 ROTSTP: CM translation and rotation removed.
 CENMAS: Information about center of free masses
         position [A]          :     -1.14014      0.16238      0.09215
         velocity [A/ps]       :      0.00000     -0.00000      0.00000
         ang. mom. [amu A/ps]  :     -0.00000     -0.00000      0.00000
         kin. ener. [Kcal/mol] :      0.00000
 NBONDS: generating intra-molecular exclusion list with mode= 5
 MAKINB: mode   5 found  11220 exclusions and   3933 interactions(1-4)
 NBONDS: found   955627 intra-atom interactions
 -------------------------- Cartesian dynamics start ---------------------------
 | E(kin)+E(total)=-18738.217      E(kin)=4661.594      temperature=201.065    |
 | Etotal =-23399.812 grad(E)=17.843     E(BOND)=516.720    E(ANGL)=1775.320   |
 | E(DIHE)=115.901    E(IMPR)=110.920    E(VDW )=1258.331   E(ELEC)=-27237.788 |
 | E(HARM)=29.590     E(CDIH)=10.875     E(NOE )=20.319                        |
 -------------------------------------------------------------------------------
 NBONDS: found   956179 intra-atom interactions
 -------------------- step=       50 at      0.10000 ps ------------------------
 | E(kin)+E(total)=-17024.141      E(kin)=4715.298      temperature=203.381    |
 | Etotal =-21739.439 grad(E)=31.197     E(BOND)=1133.005   E(ANGL)=2095.570   |
 | E(DIHE)=120.604    E(IMPR)=169.267    E(VDW )=1436.160   E(ELEC)=-26772.191 |
 | E(HARM)=34.982     E(CDIH)=25.217     E(NOE )=17.949                        |
 -------------------------------------------------------------------------------
 NBONDS: found   956471 intra-atom interactions
 ----------------- final step=      100 at      0.20000 ps ---------------------
 | E(kin)+E(total)=-17227.059      E(kin)=4797.987      temperature=206.948    |
 | Etotal =-22025.046 grad(E)=30.453     E(BOND)=981.673    E(ANGL)=2178.679   |
 | E(DIHE)=113.152    E(IMPR)=170.054    E(VDW )=1365.110   E(ELEC)=-26924.540 |
 | E(HARM)=51.896     E(CDIH)=26.483     E(NOE )=12.448                        |
 -------------------------------------------------------------------------------
 CENMAS: Information about center of free masses
         position [A]          :     -1.14031      0.16248      0.09187
         velocity [A/ps]       :     -0.00205      0.00182     -0.00318
         ang. mom. [amu A/ps]  :   1226.91804  10091.53794  10564.98459
         kin. ener. [Kcal/mol] :      0.01639
 DCART: temperature coupling (TCOUpling) enabled
 CENMAS: Information about center of free masses
         position [A]          :     -1.14031      0.16248      0.09187
         velocity [A/ps]       :     -0.00605     -0.00807      0.00951
         ang. mom. [amu A/ps]  : 213958.90597 498251.00669 122837.08762
         kin. ener. [Kcal/mol] :      0.17868
 ROTSTP: CM translation and rotation removed.
 CENMAS: Information about center of free masses
         position [A]          :     -1.14031      0.16248      0.09187
         velocity [A/ps]       :      0.00000      0.00000      0.00000
         ang. mom. [amu A/ps]  :      0.00000      0.00000      0.00000
         kin. ener. [Kcal/mol] :      0.00000
 NBONDS: generating intra-molecular exclusion list with mode= 5
 MAKINB: mode   5 found  11220 exclusions and   3933 interactions(1-4)
 NBONDS: found   956759 intra-atom interactions
 -------------------------- Cartesian dynamics start ---------------------------
 | E(kin)+E(total)=-15038.982      E(kin)=6986.064      temperature=301.324    |
 | Etotal =-22025.046 grad(E)=30.453     E(BOND)=981.673    E(ANGL)=2178.679   |
 | E(DIHE)=113.152    E(IMPR)=170.054    E(VDW )=1365.110   E(ELEC)=-26924.540 |
 | E(HARM)=51.896     E(CDIH)=26.483     E(NOE )=12.448                        |
 -------------------------------------------------------------------------------
 NBONDS: found   956943 intra-atom interactions
 -------------------- step=       50 at      0.10000 ps ------------------------
 | E(kin)+E(total)=-13220.489      E(kin)=7116.312      temperature=306.942    |
 | Etotal =-20336.801 grad(E)=40.308     E(BOND)=1633.298   E(ANGL)=2494.345   |
 | E(DIHE)=116.071    E(IMPR)=240.736    E(VDW )=1641.243   E(ELEC)=-26572.341 |
 | E(HARM)=54.744     E(CDIH)=39.146     E(NOE )=15.958                        |
 -------------------------------------------------------------------------------
 NBONDS: found   957708 intra-atom interactions
 ----------------- final step=      100 at      0.20000 ps ---------------------
 | E(kin)+E(total)=-13369.788      E(kin)=7178.152      temperature=309.609    |
 | Etotal =-20547.940 grad(E)=39.910     E(BOND)=1460.900   E(ANGL)=2561.871   |
 | E(DIHE)=117.077    E(IMPR)=217.570    E(VDW )=1404.634   E(ELEC)=-26439.871 |
 | E(HARM)=66.972     E(CDIH)=44.802     E(NOE )=18.106                        |
 -------------------------------------------------------------------------------
 CENMAS: Information about center of free masses
         position [A]          :     -1.14063      0.16304      0.09126
         velocity [A/ps]       :     -0.00257      0.00582     -0.00651
         ang. mom. [amu A/ps]  :  -2755.82096   5872.93940 -11526.54377
         kin. ener. [Kcal/mol] :      0.07702
AUTOMATIC DEFINITION OF FLEXIBLE SEGMENTS BASED ON INTERMOLECULAR PROXIMITY FOR MOLECULE 1
THE FOLLOWING RESIDUES HAVE BEEN DEFINED AS FLEXIBLE for molecule 1
AUTOMATICALLY SELECTED SEGMENT: SAX,1,A
AUTOMATIC DEFINITION OF FLEXIBLE SEGMENTS BASED ON INTERMOLECULAR PROXIMITY FOR MOLECULE 2
THE FOLLOWING RESIDUES HAVE BEEN DEFINED AS FLEXIBLE for molecule 2
AUTOMATICALLY SELECTED SEGMENT: DT,1,B
AUTOMATICALLY SELECTED SEGMENT: DT,2,B
AUTOMATICALLY SELECTED SEGMENT: DC,3,B
AUTOMATICALLY SELECTED SEGMENT: DT,4,B
AUTOMATICALLY SELECTED SEGMENT: DC,5,B
AUTOMATICALLY SELECTED SEGMENT: DG,6,B
AUTOMATICALLY SELECTED SEGMENT: DC,7,B
AUTOMATICALLY SELECTED SEGMENT: DA,8,B
AUTOMATICALLY SELECTED SEGMENT: DG,9,B
AUTOMATICALLY SELECTED SEGMENT: DC,10,B
AUTOMATICALLY SELECTED SEGMENT: DC,11,B
AUTOMATICALLY SELECTED SEGMENT: DA,12,B
AUTOMATICALLY SELECTED SEGMENT: DG,13,B
AUTOMATICALLY SELECTED SEGMENT: DA,14,B
AUTOMATICALLY SELECTED SEGMENT: DT,15,B
AUTOMATICALLY SELECTED SEGMENT: DC,16,B
AUTOMATICALLY SELECTED SEGMENT: DT,17,B
AUTOMATICALLY SELECTED SEGMENT: DG,18,B
AUTOMATICALLY SELECTED SEGMENT: DG,19,B
AUTOMATICALLY SELECTED SEGMENT: DC,20,B
AUTOMATICALLY SELECTED SEGMENT: DC,21,B
AUTOMATICALLY SELECTED SEGMENT: DA,22,B
AUTOMATICALLY SELECTED SEGMENT: DG,23,B
AUTOMATICALLY SELECTED SEGMENT: DG,24,B
AUTOMATICALLY SELECTED SEGMENT: DT,25,B
AUTOMATICALLY SELECTED SEGMENT: DT,26,B
AUTOMATICALLY SELECTED SEGMENT: DG,27,B
AUTOMATICALLY SELECTED SEGMENT: DT,28,B
AUTOMATICALLY SELECTED SEGMENT: DT,29,B
AUTOMATICALLY SELECTED SEGMENT: DA,30,B
AUTOMATICALLY SELECTED SEGMENT: DC,31,B
AUTOMATICALLY SELECTED SEGMENT: DA,32,B
AUTOMATICALLY SELECTED SEGMENT: DG,33,B
AUTOMATICALLY SELECTED SEGMENT: DC,34,B
AUTOMATICALLY SELECTED SEGMENT: DG,35,B
AUTOMATICALLY SELECTED SEGMENT: DG,36,B
AUTOMATICALLY SELECTED SEGMENT: DA,37,B
AUTOMATICALLY SELECTED SEGMENT: DG,38,B
AUTOMATICALLY SELECTED SEGMENT: DG,39,B
AUTOMATICALLY SELECTED SEGMENT: DT,40,B
AUTOMATICALLY SELECTED SEGMENT: DG,41,B
AUTOMATICALLY SELECTED SEGMENT: DC,42,B
AUTOMATICALLY SELECTED SEGMENT: DT,43,B
AUTOMATICALLY SELECTED SEGMENT: DT,44,B
AUTOMATICALLY SELECTED SEGMENT: DG,45,B
AUTOMATICALLY SELECTED SEGMENT: DG,46,B
AUTOMATICALLY SELECTED SEGMENT: DC,47,B
AUTOMATICALLY SELECTED SEGMENT: DG,48,B
AUTOMATICALLY SELECTED SEGMENT: DT,49,B
AUTOMATICALLY SELECTED SEGMENT: DC,50,B
NO FULLY FLEXIBLE SEGMENTS for molecule 1
NO FULLY FLEXIBLE SEGMENTS for molecule 2
FLEXIBILITY STATISTIC FOR MOLECULE 1 : Nres=1 Nrigid=0 Nflex=1
FLEXIBILITY STATISTIC FOR MOLECULE 2 : Nres=50 Nrigid=0 Nflex=50
 DCART: temperature coupling (TCOUpling) enabled
 CENMAS: Information about center of free masses
         position [A]          :     -1.14063      0.16304      0.09126
         velocity [A/ps]       :     -0.00257      0.00582     -0.00651
         ang. mom. [amu A/ps]  :  -2755.82096   5872.93940 -11526.54377
         kin. ener. [Kcal/mol] :      0.07702
 ROTSTP: CM translation and rotation removed.
 CENMAS: Information about center of free masses
         position [A]          :     -1.14063      0.16304      0.09126
         velocity [A/ps]       :      0.00000      0.00000      0.00000
         ang. mom. [amu A/ps]  :     -0.00000     -0.00000     -0.00000
         kin. ener. [Kcal/mol] :      0.00000
 NBONDS: generating intra-molecular exclusion list with mode= 5
 MAKINB: mode   5 found  11220 exclusions and   3933 interactions(1-4)
 NBONDS: found   958106 intra-atom interactions
 -------------------------- Cartesian dynamics start ---------------------------
 | E(kin)+E(total)=-13481.379      E(kin)=7133.533      temperature=307.685    |
 | Etotal =-20614.912 grad(E)=39.909     E(BOND)=1460.900   E(ANGL)=2561.871   |
 | E(DIHE)=117.077    E(IMPR)=217.570    E(VDW )=1404.634   E(ELEC)=-26439.871 |
 | E(HARM)=0.000      E(CDIH)=44.802     E(NOE )=18.106                        |
 -------------------------------------------------------------------------------
 NBONDS: found   959043 intra-atom interactions
 -------------------- step=       50 at      0.10000 ps ------------------------
 | E(kin)+E(total)=-13663.150      E(kin)=7081.179      temperature=305.427    |
 | Etotal =-20744.329 grad(E)=40.834     E(BOND)=1488.176   E(ANGL)=2667.099   |
 | E(DIHE)=128.554    E(IMPR)=232.770    E(VDW )=1352.942   E(ELEC)=-26678.491 |
 | E(HARM)=0.000      E(CDIH)=47.141     E(NOE )=17.479                        |
 -------------------------------------------------------------------------------
 NBONDS: found   959701 intra-atom interactions
 -------------------- step=      100 at      0.20000 ps ------------------------
 | E(kin)+E(total)=-13982.586      E(kin)=6993.500      temperature=301.645    |
 | Etotal =-20976.086 grad(E)=40.608     E(BOND)=1627.406   E(ANGL)=2597.244   |
 | E(DIHE)=121.534    E(IMPR)=223.426    E(VDW )=1286.341   E(ELEC)=-26894.190 |
 | E(HARM)=0.000      E(CDIH)=39.833     E(NOE )=22.320                        |
 -------------------------------------------------------------------------------
 NBONDS: found   960564 intra-atom interactions
 NBONDS: found   961386 intra-atom interactions
 -------------------- step=      150 at      0.30000 ps ------------------------
 | E(kin)+E(total)=-14261.498      E(kin)=7080.697      temperature=305.406    |
 | Etotal =-21342.196 grad(E)=38.821     E(BOND)=1485.700   E(ANGL)=2552.463   |
 | E(DIHE)=125.927    E(IMPR)=213.852    E(VDW )=1269.021   E(ELEC)=-27060.807 |
 | E(HARM)=0.000      E(CDIH)=45.383     E(NOE )=26.266                        |
 -------------------------------------------------------------------------------
 NBONDS: found   962044 intra-atom interactions
 NBONDS: found   962697 intra-atom interactions
 -------------------- step=      200 at      0.40000 ps ------------------------
 | E(kin)+E(total)=-14455.459      E(kin)=6957.982      temperature=300.113    |
 | Etotal =-21413.440 grad(E)=39.344     E(BOND)=1575.528   E(ANGL)=2609.306   |
 | E(DIHE)=107.211    E(IMPR)=216.157    E(VDW )=1287.825   E(ELEC)=-27279.234 |
 | E(HARM)=0.000      E(CDIH)=52.885     E(NOE )=16.882                        |
 -------------------------------------------------------------------------------
 NBONDS: found   964205 intra-atom interactions
 -------------------- step=      250 at      0.50000 ps ------------------------
 | E(kin)+E(total)=-14661.425      E(kin)=6908.957      temperature=297.998    |
 | Etotal =-21570.382 grad(E)=38.981     E(BOND)=1603.646   E(ANGL)=2590.841   |
 | E(DIHE)=103.736    E(IMPR)=205.688    E(VDW )=1303.487   E(ELEC)=-27439.283 |
 | E(HARM)=0.000      E(CDIH)=49.908     E(NOE )=11.594                        |
 -------------------------------------------------------------------------------
 NBONDS: found   965472 intra-atom interactions
 NBONDS: found   966935 intra-atom interactions
 -------------------- step=      300 at      0.60000 ps ------------------------
 | E(kin)+E(total)=-14843.741      E(kin)=6966.271      temperature=300.470    |
 | Etotal =-21810.013 grad(E)=37.890     E(BOND)=1511.961   E(ANGL)=2580.379   |
 | E(DIHE)=117.439    E(IMPR)=208.128    E(VDW )=1298.746   E(ELEC)=-27596.744 |
 | E(HARM)=0.000      E(CDIH)=48.471     E(NOE )=21.607                        |
 -------------------------------------------------------------------------------
 NBONDS: found   968183 intra-atom interactions
 NBONDS: found   969440 intra-atom interactions
 -------------------- step=      350 at      0.70000 ps ------------------------
 | E(kin)+E(total)=-15041.449      E(kin)=6849.833      temperature=295.448    |
 | Etotal =-21891.282 grad(E)=39.274     E(BOND)=1592.203   E(ANGL)=2577.234   |
 | E(DIHE)=104.480    E(IMPR)=206.250    E(VDW )=1252.358   E(ELEC)=-27704.023 |
 | E(HARM)=0.000      E(CDIH)=63.341     E(NOE )=16.876                        |
 -------------------------------------------------------------------------------
 NBONDS: found   971258 intra-atom interactions
 -------------------- step=      400 at      0.80000 ps ------------------------
 | E(kin)+E(total)=-15333.173      E(kin)=6893.022      temperature=297.311    |
 | Etotal =-22226.195 grad(E)=38.258     E(BOND)=1515.688   E(ANGL)=2529.150   |
 | E(DIHE)=111.305    E(IMPR)=218.972    E(VDW )=1344.375   E(ELEC)=-28012.848 |
 | E(HARM)=0.000      E(CDIH)=50.919     E(NOE )=16.243                        |
 -------------------------------------------------------------------------------
 NBONDS: found   973153 intra-atom interactions
 NBONDS: found   974740 intra-atom interactions
 -------------------- step=      450 at      0.90000 ps ------------------------
 | E(kin)+E(total)=-15423.757      E(kin)=6893.067      temperature=297.313    |
 | Etotal =-22316.824 grad(E)=37.765     E(BOND)=1505.988   E(ANGL)=2540.839   |
 | E(DIHE)=123.394    E(IMPR)=194.809    E(VDW )=1394.250   E(ELEC)=-28150.752 |
 | E(HARM)=0.000      E(CDIH)=62.375     E(NOE )=12.272                        |
 -------------------------------------------------------------------------------
 NBONDS: found   976727 intra-atom interactions
 NBONDS: found   977760 intra-atom interactions
 -------------------- step=      500 at      1.00000 ps ------------------------
 | E(kin)+E(total)=-15429.443      E(kin)=6888.575      temperature=297.119    |
 | Etotal =-22318.019 grad(E)=38.718     E(BOND)=1484.480   E(ANGL)=2531.076   |
 | E(DIHE)=116.790    E(IMPR)=215.195    E(VDW )=1438.341   E(ELEC)=-28168.747 |
 | E(HARM)=0.000      E(CDIH)=51.515     E(NOE )=13.332                        |
 -------------------------------------------------------------------------------
 NBONDS: found   978798 intra-atom interactions
 NBONDS: found   980832 intra-atom interactions
 -------------------- step=      550 at      1.10000 ps ------------------------
 | E(kin)+E(total)=-15567.956      E(kin)=6920.900      temperature=298.513    |
 | Etotal =-22488.856 grad(E)=37.290     E(BOND)=1454.962   E(ANGL)=2521.805   |
 | E(DIHE)=119.764    E(IMPR)=206.174    E(VDW )=1428.279   E(ELEC)=-28286.747 |
 | E(HARM)=0.000      E(CDIH)=53.616     E(NOE )=13.292                        |
 -------------------------------------------------------------------------------
 NBONDS: found   982717 intra-atom interactions
 -------------------- step=      600 at      1.20000 ps ------------------------
 | E(kin)+E(total)=-15563.196      E(kin)=6903.814      temperature=297.776    |
 | Etotal =-22467.010 grad(E)=38.150     E(BOND)=1470.076   E(ANGL)=2511.917   |
 | E(DIHE)=125.670    E(IMPR)=212.693    E(VDW )=1479.561   E(ELEC)=-28329.701 |
 | E(HARM)=0.000      E(CDIH)=47.853     E(NOE )=14.920                        |
 -------------------------------------------------------------------------------
 NBONDS: found   984455 intra-atom interactions
 NBONDS: found   986308 intra-atom interactions
 -------------------- step=      650 at      1.30000 ps ------------------------
 | E(kin)+E(total)=-15648.171      E(kin)=6952.840      temperature=299.891    |
 | Etotal =-22601.011 grad(E)=37.189     E(BOND)=1426.018   E(ANGL)=2498.885   |
 | E(DIHE)=116.240    E(IMPR)=197.990    E(VDW )=1520.792   E(ELEC)=-28424.465 |
 | E(HARM)=0.000      E(CDIH)=48.759     E(NOE )=14.769                        |
 -------------------------------------------------------------------------------
 NBONDS: found   988180 intra-atom interactions
 NBONDS: found   989825 intra-atom interactions
 -------------------- step=      700 at      1.40000 ps ------------------------
 | E(kin)+E(total)=-15688.636      E(kin)=6947.538      temperature=299.662    |
 | Etotal =-22636.174 grad(E)=36.501     E(BOND)=1419.205   E(ANGL)=2516.587   |
 | E(DIHE)=118.885    E(IMPR)=215.246    E(VDW )=1502.371   E(ELEC)=-28463.486 |
 | E(HARM)=0.000      E(CDIH)=41.452     E(NOE )=13.566                        |
 -------------------------------------------------------------------------------
 NBONDS: found   991916 intra-atom interactions
 -------------------- step=      750 at      1.50000 ps ------------------------
 | E(kin)+E(total)=-15777.634      E(kin)=6956.243      temperature=300.038    |
 | Etotal =-22733.877 grad(E)=37.569     E(BOND)=1403.433   E(ANGL)=2483.456   |
 | E(DIHE)=105.718    E(IMPR)=216.146    E(VDW )=1494.588   E(ELEC)=-28490.056 |
 | E(HARM)=0.000      E(CDIH)=40.114     E(NOE )=12.724                        |
 -------------------------------------------------------------------------------
 NBONDS: found   993842 intra-atom interactions
 NBONDS: found   995660 intra-atom interactions
 -------------------- step=      800 at      1.60000 ps ------------------------
 | E(kin)+E(total)=-15831.196      E(kin)=6965.452      temperature=300.435    |
 | Etotal =-22796.648 grad(E)=36.820     E(BOND)=1394.924   E(ANGL)=2473.977   |
 | E(DIHE)=127.926    E(IMPR)=204.315    E(VDW )=1576.893   E(ELEC)=-28636.096 |
 | E(HARM)=0.000      E(CDIH)=48.617     E(NOE )=12.796                        |
 -------------------------------------------------------------------------------
 NBONDS: found   997303 intra-atom interactions
 NBONDS: found   998404 intra-atom interactions
 -------------------- step=      850 at      1.70000 ps ------------------------
 | E(kin)+E(total)=-15956.423      E(kin)=6997.080      temperature=301.799    |
 | Etotal =-22953.503 grad(E)=37.339     E(BOND)=1383.267   E(ANGL)=2494.626   |
 | E(DIHE)=119.002    E(IMPR)=182.601    E(VDW )=1498.605   E(ELEC)=-28692.834 |
 | E(HARM)=0.000      E(CDIH)=42.963     E(NOE )=18.265                        |
 -------------------------------------------------------------------------------
 NBONDS: found   999599 intra-atom interactions
 NBONDS: found  1000626 intra-atom interactions
 -------------------- step=      900 at      1.80000 ps ------------------------
 | E(kin)+E(total)=-15938.826      E(kin)=6977.873      temperature=300.971    |
 | Etotal =-22916.698 grad(E)=36.994     E(BOND)=1400.299   E(ANGL)=2473.365   |
 | E(DIHE)=127.623    E(IMPR)=181.243    E(VDW )=1589.718   E(ELEC)=-28760.363 |
 | E(HARM)=0.000      E(CDIH)=50.475     E(NOE )=20.941                        |
 -------------------------------------------------------------------------------
 NBONDS: found  1002044 intra-atom interactions
 NBONDS: found  1003241 intra-atom interactions
 -------------------- step=      950 at      1.90000 ps ------------------------
 | E(kin)+E(total)=-15857.968      E(kin)=6989.868      temperature=301.488    |
 | Etotal =-22847.835 grad(E)=37.205     E(BOND)=1379.069   E(ANGL)=2456.896   |
 | E(DIHE)=116.320    E(IMPR)=220.066    E(VDW )=1635.236   E(ELEC)=-28720.224 |
 | E(HARM)=0.000      E(CDIH)=50.145     E(NOE )=14.656                        |
 -------------------------------------------------------------------------------
 NBONDS: found  1004527 intra-atom interactions
 -------------------- step=     1000 at      2.00000 ps ------------------------
 | E(kin)+E(total)=-15869.940      E(kin)=6983.765      temperature=301.225    |
 | Etotal =-22853.706 grad(E)=37.135     E(BOND)=1390.965   E(ANGL)=2503.318   |
 | E(DIHE)=107.258    E(IMPR)=202.795    E(VDW )=1493.801   E(ELEC)=-28618.616 |
 | E(HARM)=0.000      E(CDIH)=44.782     E(NOE )=21.992                        |
 -------------------------------------------------------------------------------
 NBONDS: found  1006001 intra-atom interactions
 NBONDS: found  1007166 intra-atom interactions
 -------------------- step=     1050 at      2.10000 ps ------------------------
 | E(kin)+E(total)=-15976.485      E(kin)=6961.422      temperature=300.261    |
 | Etotal =-22937.906 grad(E)=36.845     E(BOND)=1367.123   E(ANGL)=2477.540   |
 | E(DIHE)=119.560    E(IMPR)=215.250    E(VDW )=1520.957   E(ELEC)=-28709.529 |
 | E(HARM)=0.000      E(CDIH)=54.717     E(NOE )=16.475                        |
 -------------------------------------------------------------------------------
 NBONDS: found  1008155 intra-atom interactions
 -------------------- step=     1100 at      2.20000 ps ------------------------
 | E(kin)+E(total)=-15890.550      E(kin)=6959.927      temperature=300.197    |
 | Etotal =-22850.477 grad(E)=37.089     E(BOND)=1383.413   E(ANGL)=2521.541   |
 | E(DIHE)=105.307    E(IMPR)=217.851    E(VDW )=1628.555   E(ELEC)=-28767.106 |
 | E(HARM)=0.000      E(CDIH)=47.822     E(NOE )=12.140                        |
 -------------------------------------------------------------------------------
 NBONDS: found  1008953 intra-atom interactions
 NBONDS: found  1009481 intra-atom interactions
 -------------------- step=     1150 at      2.30000 ps ------------------------
 | E(kin)+E(total)=-15930.885      E(kin)=7013.594      temperature=302.511    |
 | Etotal =-22944.479 grad(E)=36.719     E(BOND)=1376.209   E(ANGL)=2458.065   |
 | E(DIHE)=118.994    E(IMPR)=204.979    E(VDW )=1547.269   E(ELEC)=-28710.150 |
 | E(HARM)=0.000      E(CDIH)=42.173     E(NOE )=17.982                        |
 -------------------------------------------------------------------------------
 NBONDS: found  1010384 intra-atom interactions
 NBONDS: found  1011204 intra-atom interactions
 -------------------- step=     1200 at      2.40000 ps ------------------------
 | E(kin)+E(total)=-16014.968      E(kin)=6957.633      temperature=300.098    |
 | Etotal =-22972.601 grad(E)=36.773     E(BOND)=1406.645   E(ANGL)=2500.988   |
 | E(DIHE)=122.183    E(IMPR)=209.907    E(VDW )=1516.663   E(ELEC)=-28788.927 |
 | E(HARM)=0.000      E(CDIH)=42.768     E(NOE )=17.173                        |
 -------------------------------------------------------------------------------
 NBONDS: found  1012096 intra-atom interactions
 ----------------- final step=     1250 at      2.50000 ps ---------------------
 | E(kin)+E(total)=-15997.019      E(kin)=6981.632      temperature=301.133    |
 | Etotal =-22978.651 grad(E)=37.094     E(BOND)=1367.765   E(ANGL)=2457.260   |
 | E(DIHE)=127.056    E(IMPR)=205.199    E(VDW )=1443.628   E(ELEC)=-28654.702 |
 | E(HARM)=0.000      E(CDIH)=57.977     E(NOE )=17.166                        |
 -------------------------------------------------------------------------------
 CENMAS: Information about center of free masses
         position [A]          :     -1.14063      0.16304      0.09126
         velocity [A/ps]       :     -0.00000     -0.00000      0.00000
         ang. mom. [amu A/ps]  :      0.00000     -0.00000      0.00000
         kin. ener. [Kcal/mol] :      0.00000
 DCART: temperature coupling (TCOUpling) enabled
 CENMAS: Information about center of free masses
         position [A]          :     -1.14063      0.16304      0.09126
         velocity [A/ps]       :     -0.00000     -0.00000      0.00000
         ang. mom. [amu A/ps]  :      0.00000     -0.00000      0.00000
         kin. ener. [Kcal/mol] :      0.00000
 ROTSTP: CM translation and rotation removed.
 CENMAS: Information about center of free masses
         position [A]          :     -1.14063      0.16304      0.09126
         velocity [A/ps]       :     -0.00000     -0.00000      0.00000
         ang. mom. [amu A/ps]  :      0.00000     -0.00000      0.00000
         kin. ener. [Kcal/mol] :      0.00000
 NBONDS: generating intra-molecular exclusion list with mode= 5
 MAKINB: mode   5 found  11220 exclusions and   3933 interactions(1-4)
 NBONDS: found  1012766 intra-atom interactions
 -------------------------- Cartesian dynamics start ---------------------------
 | E(kin)+E(total)=-16002.272      E(kin)=6976.379      temperature=300.906    |
 | Etotal =-22978.651 grad(E)=37.094     E(BOND)=1367.765   E(ANGL)=2457.260   |
 | E(DIHE)=127.056    E(IMPR)=205.199    E(VDW )=1443.628   E(ELEC)=-28654.702 |
 | E(HARM)=0.000      E(CDIH)=57.977     E(NOE )=17.166                        |
 -------------------------------------------------------------------------------
 NBONDS: found  1013420 intra-atom interactions
 -------------------- step=       50 at      0.10000 ps ------------------------
 | E(kin)+E(total)=-15900.004      E(kin)=6950.235      temperature=299.779    |
 | Etotal =-22850.239 grad(E)=37.379     E(BOND)=1461.712   E(ANGL)=2491.125   |
 | E(DIHE)=116.099    E(IMPR)=197.715    E(VDW )=1514.565   E(ELEC)=-28700.064 |
 | E(HARM)=0.000      E(CDIH)=52.010     E(NOE )=16.599                        |
 -------------------------------------------------------------------------------
 NBONDS: found  1014072 intra-atom interactions
 NBONDS: found  1014786 intra-atom interactions
 -------------------- step=      100 at      0.20000 ps ------------------------
 | E(kin)+E(total)=-15910.498      E(kin)=6964.809      temperature=300.407    |
 | Etotal =-22875.307 grad(E)=36.278     E(BOND)=1373.483   E(ANGL)=2486.631   |
 | E(DIHE)=110.690    E(IMPR)=202.069    E(VDW )=1448.936   E(ELEC)=-28562.402 |
 | E(HARM)=0.000      E(CDIH)=45.691     E(NOE )=19.595                        |
 -------------------------------------------------------------------------------
 NBONDS: found  1015291 intra-atom interactions
 -------------------- step=      150 at      0.30000 ps ------------------------
 | E(kin)+E(total)=-16020.274      E(kin)=6952.227      temperature=299.865    |
 | Etotal =-22972.501 grad(E)=37.205     E(BOND)=1431.403   E(ANGL)=2431.507   |
 | E(DIHE)=126.901    E(IMPR)=213.572    E(VDW )=1450.775   E(ELEC)=-28701.634 |
 | E(HARM)=0.000      E(CDIH)=52.541     E(NOE )=22.434                        |
 -------------------------------------------------------------------------------
 NBONDS: found  1015604 intra-atom interactions
 NBONDS: found  1015975 intra-atom interactions
 -------------------- step=      200 at      0.40000 ps ------------------------
 | E(kin)+E(total)=-16132.195      E(kin)=6945.942      temperature=299.593    |
 | Etotal =-23078.137 grad(E)=36.328     E(BOND)=1365.286   E(ANGL)=2518.735   |
 | E(DIHE)=107.043    E(IMPR)=201.673    E(VDW )=1342.782   E(ELEC)=-28675.992 |
 | E(HARM)=0.000      E(CDIH)=48.720     E(NOE )=13.616                        |
 -------------------------------------------------------------------------------
 NBONDS: found  1016368 intra-atom interactions
 NBONDS: found  1016864 intra-atom interactions
 -------------------- step=      250 at      0.50000 ps ------------------------
 | E(kin)+E(total)=-16021.456      E(kin)=6956.471      temperature=300.048    |
 | Etotal =-22977.927 grad(E)=36.658     E(BOND)=1393.800   E(ANGL)=2489.568   |
 | E(DIHE)=103.979    E(IMPR)=222.708    E(VDW )=1412.138   E(ELEC)=-28659.356 |
 | E(HARM)=0.000      E(CDIH)=43.284     E(NOE )=15.951                        |
 -------------------------------------------------------------------------------
 NBONDS: found  1017136 intra-atom interactions
 -------------------- step=      300 at      0.60000 ps ------------------------
 | E(kin)+E(total)=-16108.605      E(kin)=6948.157      temperature=299.689    |
 | Etotal =-23056.762 grad(E)=36.873     E(BOND)=1397.549   E(ANGL)=2479.734   |
 | E(DIHE)=118.358    E(IMPR)=210.240    E(VDW )=1400.898   E(ELEC)=-28728.270 |
 | E(HARM)=0.000      E(CDIH)=43.332     E(NOE )=21.396                        |
 -------------------------------------------------------------------------------
 NBONDS: found  1017632 intra-atom interactions
 NBONDS: found  1018132 intra-atom interactions
 -------------------- step=      350 at      0.70000 ps ------------------------
 | E(kin)+E(total)=-16120.941      E(kin)=6951.698      temperature=299.842    |
 | Etotal =-23072.639 grad(E)=36.520     E(BOND)=1408.713   E(ANGL)=2468.427   |
 | E(DIHE)=90.910     E(IMPR)=220.578    E(VDW )=1392.467   E(ELEC)=-28711.120 |
 | E(HARM)=0.000      E(CDIH)=43.525     E(NOE )=13.860                        |
 -------------------------------------------------------------------------------
 NBONDS: found  1018615 intra-atom interactions
 -------------------- step=      400 at      0.80000 ps ------------------------
 | E(kin)+E(total)=-16167.546      E(kin)=6973.366      temperature=300.776    |
 | Etotal =-23140.911 grad(E)=36.638     E(BOND)=1409.542   E(ANGL)=2453.547   |
 | E(DIHE)=102.631    E(IMPR)=200.002    E(VDW )=1371.910   E(ELEC)=-28745.811 |
 | E(HARM)=0.000      E(CDIH)=49.672     E(NOE )=17.596                        |
 -------------------------------------------------------------------------------
 NBONDS: found  1018754 intra-atom interactions
 NBONDS: found  1018719 intra-atom interactions
 -------------------- step=      450 at      0.90000 ps ------------------------
 | E(kin)+E(total)=-16281.377      E(kin)=6945.305      temperature=299.566    |
 | Etotal =-23226.682 grad(E)=36.706     E(BOND)=1361.745   E(ANGL)=2475.903   |
 | E(DIHE)=109.028    E(IMPR)=207.010    E(VDW )=1464.476   E(ELEC)=-28914.841 |
 | E(HARM)=0.000      E(CDIH)=49.070     E(NOE )=20.928                        |
 -------------------------------------------------------------------------------
 NBONDS: found  1019350 intra-atom interactions
 ----------------- final step=      500 at      1.00000 ps ---------------------
 | E(kin)+E(total)=-16204.451      E(kin)=6944.426      temperature=299.528    |
 | Etotal =-23148.877 grad(E)=36.476     E(BOND)=1365.185   E(ANGL)=2482.905   |
 | E(DIHE)=127.196    E(IMPR)=205.459    E(VDW )=1488.059   E(ELEC)=-28890.098 |
 | E(HARM)=0.000      E(CDIH)=52.937     E(NOE )=19.480                        |
 -------------------------------------------------------------------------------
 CENMAS: Information about center of free masses
         position [A]          :     -1.14063      0.16304      0.09126
         velocity [A/ps]       :      0.00000      0.00000      0.00000
         ang. mom. [amu A/ps]  :     -0.00000     -0.00000     -0.00000
         kin. ener. [Kcal/mol] :      0.00000
 DCART: temperature coupling (TCOUpling) enabled
 CENMAS: Information about center of free masses
         position [A]          :     -1.14063      0.16304      0.09126
         velocity [A/ps]       :      0.00000      0.00000      0.00000
         ang. mom. [amu A/ps]  :     -0.00000     -0.00000     -0.00000
         kin. ener. [Kcal/mol] :      0.00000
 ROTSTP: CM translation and rotation removed.
 CENMAS: Information about center of free masses
         position [A]          :     -1.14063      0.16304      0.09126
         velocity [A/ps]       :      0.00000      0.00000      0.00000
         ang. mom. [amu A/ps]  :     -0.00000     -0.00000     -0.00000
         kin. ener. [Kcal/mol] :      0.00000
 NBONDS: generating intra-molecular exclusion list with mode= 5
 MAKINB: mode   5 found  11220 exclusions and   3933 interactions(1-4)
 NBONDS: found  1019689 intra-atom interactions
 -------------------------- Cartesian dynamics start ---------------------------
 | E(kin)+E(total)=-16665.954      E(kin)=6482.923      temperature=279.622    |
 | Etotal =-23148.877 grad(E)=36.476     E(BOND)=1365.185   E(ANGL)=2482.905   |
 | E(DIHE)=127.196    E(IMPR)=205.459    E(VDW )=1488.059   E(ELEC)=-28890.098 |
 | E(HARM)=0.000      E(CDIH)=52.937     E(NOE )=19.480                        |
 -------------------------------------------------------------------------------
 NBONDS: found  1019792 intra-atom interactions
 -------------------- step=       50 at      0.10000 ps ------------------------
 | E(kin)+E(total)=-19932.229      E(kin)=4709.280      temperature=203.121    |
 | Etotal =-24641.510 grad(E)=30.889     E(BOND)=1073.500   E(ANGL)=2230.197   |
 | E(DIHE)=124.962    E(IMPR)=164.260    E(VDW )=1188.916   E(ELEC)=-29485.533 |
 | E(HARM)=0.000      E(CDIH)=41.146     E(NOE )=21.042                        |
 -------------------------------------------------------------------------------
 NBONDS: found  1020616 intra-atom interactions
 -------------------- step=      100 at      0.20000 ps ------------------------
 | E(kin)+E(total)=-20699.197      E(kin)=4703.500      temperature=202.872    |
 | Etotal =-25402.696 grad(E)=29.277     E(BOND)=1037.014   E(ANGL)=2164.222   |
 | E(DIHE)=108.834    E(IMPR)=153.394    E(VDW )=1204.217   E(ELEC)=-30119.762 |
 | E(HARM)=0.000      E(CDIH)=33.783     E(NOE )=15.601                        |
 -------------------------------------------------------------------------------
 NBONDS: found  1021335 intra-atom interactions
 -------------------- step=      150 at      0.30000 ps ------------------------
 | E(kin)+E(total)=-20934.923      E(kin)=4669.761      temperature=201.417    |
 | Etotal =-25604.685 grad(E)=28.949     E(BOND)=987.330    E(ANGL)=2137.183   |
 | E(DIHE)=117.862    E(IMPR)=152.484    E(VDW )=1348.927   E(ELEC)=-30401.044 |
 | E(HARM)=0.000      E(CDIH)=33.473     E(NOE )=19.100                        |
 -------------------------------------------------------------------------------
 NBONDS: found  1022496 intra-atom interactions
 -------------------- step=      200 at      0.40000 ps ------------------------
 | E(kin)+E(total)=-21102.909      E(kin)=4646.456      temperature=200.412    |
 | Etotal =-25749.365 grad(E)=29.213     E(BOND)=1017.894   E(ANGL)=2131.093   |
 | E(DIHE)=111.447    E(IMPR)=151.932    E(VDW )=1502.836   E(ELEC)=-30717.456 |
 | E(HARM)=0.000      E(CDIH)=27.992     E(NOE )=24.898                        |
 -------------------------------------------------------------------------------
 NBONDS: found  1023721 intra-atom interactions
 -------------------- step=      250 at      0.50000 ps ------------------------
 | E(kin)+E(total)=-21277.051      E(kin)=4640.890      temperature=200.172    |
 | Etotal =-25917.941 grad(E)=29.006     E(BOND)=996.094    E(ANGL)=2133.866   |
 | E(DIHE)=103.915    E(IMPR)=155.281    E(VDW )=1721.725   E(ELEC)=-31082.536 |
 | E(HARM)=0.000      E(CDIH)=35.431     E(NOE )=18.284                        |
 -------------------------------------------------------------------------------
 NBONDS: found  1025356 intra-atom interactions
 NBONDS: found  1026787 intra-atom interactions
 -------------------- step=      300 at      0.60000 ps ------------------------
 | E(kin)+E(total)=-21372.533      E(kin)=4656.142      temperature=200.829    |
 | Etotal =-26028.675 grad(E)=28.509     E(BOND)=1029.696   E(ANGL)=2120.185   |
 | E(DIHE)=111.285    E(IMPR)=152.729    E(VDW )=1832.180   E(ELEC)=-31325.189 |
 | E(HARM)=0.000      E(CDIH)=30.706     E(NOE )=19.734                        |
 -------------------------------------------------------------------------------
 NBONDS: found  1028120 intra-atom interactions
 -------------------- step=      350 at      0.70000 ps ------------------------
 | E(kin)+E(total)=-21544.944      E(kin)=4658.114      temperature=200.915    |
 | Etotal =-26203.059 grad(E)=28.471     E(BOND)=970.932    E(ANGL)=2143.517   |
 | E(DIHE)=111.443    E(IMPR)=151.520    E(VDW )=1778.378   E(ELEC)=-31415.601 |
 | E(HARM)=0.000      E(CDIH)=33.729     E(NOE )=23.023                        |
 -------------------------------------------------------------------------------
 NBONDS: found  1029571 intra-atom interactions
 -------------------- step=      400 at      0.80000 ps ------------------------
 | E(kin)+E(total)=-21633.839      E(kin)=4641.974      temperature=200.218    |
 | Etotal =-26275.812 grad(E)=27.995     E(BOND)=974.367    E(ANGL)=2115.901   |
 | E(DIHE)=121.025    E(IMPR)=144.344    E(VDW )=1767.907   E(ELEC)=-31457.099 |
 | E(HARM)=0.000      E(CDIH)=35.049     E(NOE )=22.694                        |
 -------------------------------------------------------------------------------
 NBONDS: found  1030803 intra-atom interactions
 NBONDS: found  1032142 intra-atom interactions
 -------------------- step=      450 at      0.90000 ps ------------------------
 | E(kin)+E(total)=-21742.881      E(kin)=4653.380      temperature=200.710    |
 | Etotal =-26396.261 grad(E)=27.832     E(BOND)=961.860    E(ANGL)=2116.220   |
 | E(DIHE)=114.101    E(IMPR)=143.117    E(VDW )=1767.335   E(ELEC)=-31548.042 |
 | E(HARM)=0.000      E(CDIH)=29.433     E(NOE )=19.715                        |
 -------------------------------------------------------------------------------
 NBONDS: found  1033918 intra-atom interactions
 ----------------- final step=      500 at      1.00000 ps ---------------------
 | E(kin)+E(total)=-21818.310      E(kin)=4643.035      temperature=200.264    |
 | Etotal =-26461.344 grad(E)=28.113     E(BOND)=970.177    E(ANGL)=2100.274   |
 | E(DIHE)=112.979    E(IMPR)=157.961    E(VDW )=1814.958   E(ELEC)=-31667.749 |
 | E(HARM)=0.000      E(CDIH)=29.864     E(NOE )=20.190                        |
 -------------------------------------------------------------------------------
 CENMAS: Information about center of free masses
         position [A]          :     -1.14063      0.16304      0.09126
         velocity [A/ps]       :      0.00000      0.00000     -0.00000
         ang. mom. [amu A/ps]  :     -0.00000     -0.00000     -0.00000
         kin. ener. [Kcal/mol] :      0.00000
 DCART: temperature coupling (TCOUpling) enabled
 CENMAS: Information about center of free masses
         position [A]          :     -1.14063      0.16304      0.09126
         velocity [A/ps]       :      0.00000      0.00000     -0.00000
         ang. mom. [amu A/ps]  :     -0.00000     -0.00000     -0.00000
         kin. ener. [Kcal/mol] :      0.00000
 ROTSTP: CM translation and rotation removed.
 CENMAS: Information about center of free masses
         position [A]          :     -1.14063      0.16304      0.09126
         velocity [A/ps]       :      0.00000      0.00000     -0.00000
         ang. mom. [amu A/ps]  :     -0.00000     -0.00000     -0.00000
         kin. ener. [Kcal/mol] :      0.00000
 NBONDS: generating intra-molecular exclusion list with mode= 5
 MAKINB: mode   5 found  11220 exclusions and   3933 interactions(1-4)
 NBONDS: found  1034307 intra-atom interactions
 -------------------------- Cartesian dynamics start ---------------------------
 | E(kin)+E(total)=-22283.225      E(kin)=4178.119      temperature=180.211    |
 | Etotal =-26461.344 grad(E)=28.113     E(BOND)=970.177    E(ANGL)=2100.274   |
 | E(DIHE)=112.979    E(IMPR)=157.961    E(VDW )=1814.958   E(ELEC)=-31667.749 |
 | E(HARM)=0.000      E(CDIH)=29.864     E(NOE )=20.190                        |
 -------------------------------------------------------------------------------
 -------------------- step=       50 at      0.10000 ps ------------------------
 | E(kin)+E(total)=-25480.017      E(kin)=2403.470      temperature=103.667    |
 | Etotal =-27883.487 grad(E)=20.582     E(BOND)=684.443    E(ANGL)=1895.183   |
 | E(DIHE)=107.757    E(IMPR)=101.455    E(VDW )=1529.256   E(ELEC)=-32237.351 |
 | E(HARM)=0.000      E(CDIH)=19.809     E(NOE )=15.963                        |
 -------------------------------------------------------------------------------
 NBONDS: found  1036011 intra-atom interactions
 -------------------- step=      100 at      0.20000 ps ------------------------
 | E(kin)+E(total)=-26220.895      E(kin)=2368.138      temperature=102.143    |
 | Etotal =-28589.033 grad(E)=18.956     E(BOND)=656.894    E(ANGL)=1835.249   |
 | E(DIHE)=113.951    E(IMPR)=98.397     E(VDW )=1552.972   E(ELEC)=-32875.389 |
 | E(HARM)=0.000      E(CDIH)=15.710     E(NOE )=13.185                        |
 -------------------------------------------------------------------------------
 NBONDS: found  1037746 intra-atom interactions
 -------------------- step=      150 at      0.30000 ps ------------------------
 | E(kin)+E(total)=-26544.757      E(kin)=2336.343      temperature=100.772    |
 | Etotal =-28881.100 grad(E)=18.726     E(BOND)=637.819    E(ANGL)=1817.664   |
 | E(DIHE)=105.568    E(IMPR)=97.437     E(VDW )=1744.659   E(ELEC)=-33317.814 |
 | E(HARM)=0.000      E(CDIH)=21.131     E(NOE )=12.436                        |
 -------------------------------------------------------------------------------
 NBONDS: found  1040092 intra-atom interactions
 -------------------- step=      200 at      0.40000 ps ------------------------
 | E(kin)+E(total)=-26747.234      E(kin)=2341.348      temperature=100.987    |
 | Etotal =-29088.581 grad(E)=17.988     E(BOND)=653.134    E(ANGL)=1812.738   |
 | E(DIHE)=110.079    E(IMPR)=92.632     E(VDW )=1997.018   E(ELEC)=-33779.782 |
 | E(HARM)=0.000      E(CDIH)=13.410     E(NOE )=12.190                        |
 -------------------------------------------------------------------------------
 NBONDS: found  1043184 intra-atom interactions
 -------------------- step=      250 at      0.50000 ps ------------------------
 | E(kin)+E(total)=-26895.973      E(kin)=2322.469      temperature=100.173    |
 | Etotal =-29218.442 grad(E)=18.125     E(BOND)=644.302    E(ANGL)=1804.399   |
 | E(DIHE)=110.226    E(IMPR)=105.386    E(VDW )=2152.492   E(ELEC)=-34063.035 |
 | E(HARM)=0.000      E(CDIH)=14.854     E(NOE )=12.931                        |
 -------------------------------------------------------------------------------
 NBONDS: found  1046026 intra-atom interactions
 -------------------- step=      300 at      0.60000 ps ------------------------
 | E(kin)+E(total)=-27005.686      E(kin)=2325.883      temperature=100.320    |
 | Etotal =-29331.569 grad(E)=17.566     E(BOND)=642.659    E(ANGL)=1799.662   |
 | E(DIHE)=110.186    E(IMPR)=89.272     E(VDW )=2292.560   E(ELEC)=-34294.957 |
 | E(HARM)=0.000      E(CDIH)=15.257     E(NOE )=13.792                        |
 -------------------------------------------------------------------------------
 NBONDS: found  1049379 intra-atom interactions
 -------------------- step=      350 at      0.70000 ps ------------------------
 | E(kin)+E(total)=-27086.017      E(kin)=2331.356      temperature=100.556    |
 | Etotal =-29417.373 grad(E)=17.171     E(BOND)=636.243    E(ANGL)=1793.540   |
 | E(DIHE)=117.106    E(IMPR)=92.039     E(VDW )=2299.345   E(ELEC)=-34385.070 |
 | E(HARM)=0.000      E(CDIH)=14.734     E(NOE )=14.690                        |
 -------------------------------------------------------------------------------
 -------------------- step=      400 at      0.80000 ps ------------------------
 | E(kin)+E(total)=-27151.778      E(kin)=2325.139      temperature=100.288    |
 | Etotal =-29476.917 grad(E)=17.571     E(BOND)=628.975    E(ANGL)=1795.035   |
 | E(DIHE)=109.656    E(IMPR)=88.707     E(VDW )=2361.003   E(ELEC)=-34486.226 |
 | E(HARM)=0.000      E(CDIH)=12.896     E(NOE )=13.037                        |
 -------------------------------------------------------------------------------
 NBONDS: found  1052764 intra-atom interactions
 -------------------- step=      450 at      0.90000 ps ------------------------
 | E(kin)+E(total)=-27212.089      E(kin)=2326.352      temperature=100.341    |
 | Etotal =-29538.441 grad(E)=17.360     E(BOND)=647.954    E(ANGL)=1799.941   |
 | E(DIHE)=111.190    E(IMPR)=87.164     E(VDW )=2336.376   E(ELEC)=-34553.368 |
 | E(HARM)=0.000      E(CDIH)=18.157     E(NOE )=14.145                        |
 -------------------------------------------------------------------------------
 NBONDS: found  1056201 intra-atom interactions
 ----------------- final step=      500 at      1.00000 ps ---------------------
 | E(kin)+E(total)=-27236.466      E(kin)=2325.283      temperature=100.294    |
 | Etotal =-29561.749 grad(E)=17.598     E(BOND)=611.023    E(ANGL)=1797.197   |
 | E(DIHE)=111.668    E(IMPR)=94.136     E(VDW )=2365.461   E(ELEC)=-34574.896 |
 | E(HARM)=0.000      E(CDIH)=18.348     E(NOE )=15.313                        |
 -------------------------------------------------------------------------------
 CENMAS: Information about center of free masses
         position [A]          :     -1.14063      0.16304      0.09126
         velocity [A/ps]       :     -0.00000     -0.00000      0.00000
         ang. mom. [amu A/ps]  :     -0.00000     -0.00000     -0.00000
         kin. ener. [Kcal/mol] :      0.00000
 POWELL: number of degrees of freedom= 23334
 NBONDS: generating intra-molecular exclusion list with mode= 5
 MAKINB: mode   5 found  11220 exclusions and   3933 interactions(1-4)
 NBONDS: found  1058897 intra-atom interactions
 --------------- cycle=     1 ------ stepsize=    0.0000 -----------------------
 | Etotal =-29561.749 grad(E)=17.598     E(BOND)=611.023    E(ANGL)=1797.197   |
 | E(DIHE)=111.668    E(IMPR)=94.136     E(VDW )=2365.461   E(ELEC)=-34574.896 |
 | E(CDIH)=18.348     E(NOE )=15.313                                           |
 -------------------------------------------------------------------------------
 --------------- cycle=     2 ------ stepsize=    0.0000 -----------------------
 | Etotal =-29578.835 grad(E)=16.615     E(BOND)=603.114    E(ANGL)=1790.570   |
 | E(DIHE)=111.722    E(IMPR)=92.770     E(VDW )=2365.290   E(ELEC)=-34575.121 |
 | E(CDIH)=17.507     E(NOE )=15.312                                           |
 -------------------------------------------------------------------------------
 --------------- cycle=     3 ------ stepsize=    0.0000 -----------------------
 | Etotal =-29686.533 grad(E)=13.745     E(BOND)=557.077    E(ANGL)=1742.648   |
 | E(DIHE)=112.243    E(IMPR)=85.663     E(VDW )=2363.790   E(ELEC)=-34577.143 |
 | E(CDIH)=13.885     E(NOE )=15.303                                           |
 -------------------------------------------------------------------------------
 --------------- cycle=     4 ------ stepsize=    0.0000 -----------------------
 | Etotal =-29712.975 grad(E)=19.958     E(BOND)=552.818    E(ANGL)=1719.535   |
 | E(DIHE)=112.705    E(IMPR)=86.693     E(VDW )=2362.642   E(ELEC)=-34578.753 |
 | E(CDIH)=16.088     E(NOE )=15.297                                           |
 -------------------------------------------------------------------------------
 --------------- cycle=     5 ------ stepsize=    0.0000 -----------------------
 | Etotal =-29803.789 grad(E)=22.910     E(BOND)=506.198    E(ANGL)=1688.481   |
 | E(DIHE)=109.410    E(IMPR)=85.042     E(VDW )=2358.997   E(ELEC)=-34586.173 |
 | E(CDIH)=19.023     E(NOE )=15.233                                           |
 -------------------------------------------------------------------------------
 --------------- cycle=     6 ------ stepsize=   -0.0000 -----------------------
 | Etotal =-29821.007 grad(E)=15.364     E(BOND)=487.505    E(ANGL)=1687.853   |
 | E(DIHE)=110.336    E(IMPR)=84.343     E(VDW )=2359.979   E(ELEC)=-34584.059 |
 | E(CDIH)=17.784     E(NOE )=15.250                                           |
 -------------------------------------------------------------------------------
 --------------- cycle=     7 ------ stepsize=    0.0000 -----------------------
 | Etotal =-29901.365 grad(E)=9.798      E(BOND)=448.201    E(ANGL)=1665.165   |
 | E(DIHE)=110.020    E(IMPR)=78.694     E(VDW )=2357.483   E(ELEC)=-34588.896 |
 | E(CDIH)=12.791     E(NOE )=15.177                                           |
 -------------------------------------------------------------------------------
 --------------- cycle=     8 ------ stepsize=    0.0000 -----------------------
 | Etotal =-29906.937 grad(E)=12.051     E(BOND)=446.529    E(ANGL)=1662.061   |
 | E(DIHE)=109.920    E(IMPR)=79.938     E(VDW )=2356.675   E(ELEC)=-34590.546 |
 | E(CDIH)=13.336     E(NOE )=15.152                                           |
 -------------------------------------------------------------------------------
 --------------- cycle=     9 ------ stepsize=    0.0000 -----------------------
 | Etotal =-29948.005 grad(E)=12.795     E(BOND)=429.251    E(ANGL)=1649.918   |
 | E(DIHE)=109.953    E(IMPR)=76.614     E(VDW )=2354.104   E(ELEC)=-34597.208 |
 | E(CDIH)=14.293     E(NOE )=15.070                                           |
 -------------------------------------------------------------------------------
 --------------- cycle=    10 ------ stepsize=   -0.0000 -----------------------
 | Etotal =-29950.155 grad(E)=10.231     E(BOND)=425.052    E(ANGL)=1650.305   |
 | E(DIHE)=109.943    E(IMPR)=76.997     E(VDW )=2354.557   E(ELEC)=-34595.994 |
 | E(CDIH)=13.901     E(NOE )=15.085                                           |
 -------------------------------------------------------------------------------
 --------------- cycle=    11 ------ stepsize=    0.0000 -----------------------
 | Etotal =-29980.220 grad(E)=7.552      E(BOND)=411.973    E(ANGL)=1645.658   |
 | E(DIHE)=109.286    E(IMPR)=73.958     E(VDW )=2352.243   E(ELEC)=-34600.986 |
 | E(CDIH)=12.629     E(NOE )=15.019                                           |
 -------------------------------------------------------------------------------
 --------------- cycle=    12 ------ stepsize=   -0.0000 -----------------------
 | Etotal =-29980.257 grad(E)=7.288      E(BOND)=411.750    E(ANGL)=1645.604   |
 | E(DIHE)=109.308    E(IMPR)=73.943     E(VDW )=2352.320   E(ELEC)=-34600.817 |
 | E(CDIH)=12.613     E(NOE )=15.021                                           |
 -------------------------------------------------------------------------------
 --------------- cycle=    13 ------ stepsize=    0.0000 -----------------------
 | Etotal =-29997.889 grad(E)=5.983      E(BOND)=405.123    E(ANGL)=1641.017   |
 | E(DIHE)=110.147    E(IMPR)=73.309     E(VDW )=2350.479   E(ELEC)=-34605.093 |
 | E(CDIH)=12.162     E(NOE )=14.966                                           |
 -------------------------------------------------------------------------------
 --------------- cycle=    14 ------ stepsize=    0.0000 -----------------------
 | Etotal =-29998.319 grad(E)=6.949      E(BOND)=405.988    E(ANGL)=1640.677   |
 | E(DIHE)=110.303    E(IMPR)=73.281     E(VDW )=2350.147   E(ELEC)=-34605.873 |
 | E(CDIH)=12.203     E(NOE )=14.956                                           |
 -------------------------------------------------------------------------------
 --------------- cycle=    15 ------ stepsize=    0.0000 -----------------------
 | Etotal =-30018.324 grad(E)=5.416      E(BOND)=401.439    E(ANGL)=1636.731   |
 | E(DIHE)=111.212    E(IMPR)=70.817     E(VDW )=2347.143   E(ELEC)=-34612.227 |
 | E(CDIH)=11.687     E(NOE )=14.876                                           |
 -------------------------------------------------------------------------------
 --------------- cycle=    16 ------ stepsize=    0.0000 -----------------------
 | Etotal =-30019.323 grad(E)=6.651      E(BOND)=402.997    E(ANGL)=1636.680   |
 | E(DIHE)=111.469    E(IMPR)=70.588     E(VDW )=2346.313   E(ELEC)=-34613.998 |
 | E(CDIH)=11.774     E(NOE )=14.853                                           |
 -------------------------------------------------------------------------------
 --------------- cycle=    17 ------ stepsize=    0.0000 -----------------------
 | Etotal =-30041.106 grad(E)=6.723      E(BOND)=401.979    E(ANGL)=1631.461   |
 | E(DIHE)=111.023    E(IMPR)=70.632     E(VDW )=2341.601   E(ELEC)=-34623.987 |
 | E(CDIH)=11.418     E(NOE )=14.768                                           |
 -------------------------------------------------------------------------------
 --------------- cycle=    18 ------ stepsize=    0.0000 -----------------------
 | Etotal =-30041.494 grad(E)=7.680      E(BOND)=403.870    E(ANGL)=1631.279   |
 | E(DIHE)=110.958    E(IMPR)=70.771     E(VDW )=2340.892   E(ELEC)=-34625.508 |
 | E(CDIH)=11.488     E(NOE )=14.755                                           |
 -------------------------------------------------------------------------------
 --------------- cycle=    19 ------ stepsize=    0.0000 -----------------------
 | Etotal =-30067.380 grad(E)=6.624      E(BOND)=402.682    E(ANGL)=1628.137   |
 | E(DIHE)=109.887    E(IMPR)=70.456     E(VDW )=2334.579   E(ELEC)=-34639.087 |
 | E(CDIH)=11.304     E(NOE )=14.663                                           |
 -------------------------------------------------------------------------------
 --------------- cycle=    20 ------ stepsize=    0.0000 -----------------------
 | Etotal =-30068.126 grad(E)=7.807      E(BOND)=405.198    E(ANGL)=1628.649   |
 | E(DIHE)=109.685    E(IMPR)=70.706     E(VDW )=2333.332   E(ELEC)=-34641.815 |
 | E(CDIH)=11.474     E(NOE )=14.645                                           |
 -------------------------------------------------------------------------------
 --------------- cycle=    21 ------ stepsize=    0.0000 -----------------------
 | Etotal =-30090.390 grad(E)=8.896      E(BOND)=409.174    E(ANGL)=1629.905   |
 | E(DIHE)=111.121    E(IMPR)=69.142     E(VDW )=2324.560   E(ELEC)=-34660.355 |
 | E(CDIH)=11.545     E(NOE )=14.518                                           |
 -------------------------------------------------------------------------------
 --------------- cycle=    22 ------ stepsize=   -0.0000 -----------------------
 | Etotal =-30091.004 grad(E)=7.566      E(BOND)=405.967    E(ANGL)=1628.929   |
 | E(DIHE)=110.913    E(IMPR)=69.208     E(VDW )=2325.774   E(ELEC)=-34657.748 |
 | E(CDIH)=11.418     E(NOE )=14.536                                           |
 -------------------------------------------------------------------------------
 --------------- cycle=    23 ------ stepsize=    0.0000 -----------------------
 | Etotal =-30116.395 grad(E)=6.287      E(BOND)=406.880    E(ANGL)=1627.925   |
 | E(DIHE)=112.073    E(IMPR)=67.460     E(VDW )=2318.130   E(ELEC)=-34674.603 |
 | E(CDIH)=11.318     E(NOE )=14.422                                           |
 -------------------------------------------------------------------------------
 --------------- cycle=    24 ------ stepsize=    0.0000 -----------------------
 | Etotal =-30117.260 grad(E)=7.495      E(BOND)=409.963    E(ANGL)=1628.915   |
 | E(DIHE)=112.342    E(IMPR)=67.396     E(VDW )=2316.471   E(ELEC)=-34678.335 |
 | E(CDIH)=11.589     E(NOE )=14.398                                           |
 -------------------------------------------------------------------------------
 --------------- cycle=    25 ------ stepsize=    0.0000 -----------------------
 | Etotal =-30137.398 grad(E)=9.996      E(BOND)=418.800    E(ANGL)=1633.689   |
 | E(DIHE)=111.400    E(IMPR)=66.683     E(VDW )=2306.545   E(ELEC)=-34700.776 |
 | E(CDIH)=11.980     E(NOE )=14.282                                           |
 -------------------------------------------------------------------------------
 --------------- cycle=    26 ------ stepsize=   -0.0000 -----------------------
 | Etotal =-30138.408 grad(E)=8.091      E(BOND)=413.759    E(ANGL)=1632.050   |
 | E(DIHE)=111.567    E(IMPR)=66.596     E(VDW )=2308.293   E(ELEC)=-34696.757 |
 | E(CDIH)=11.783     E(NOE )=14.302                                           |
 -------------------------------------------------------------------------------
 --------------- cycle=    27 ------ stepsize=    0.0000 -----------------------
 | Etotal =-30165.192 grad(E)=6.934      E(BOND)=414.534    E(ANGL)=1633.410   |
 | E(DIHE)=111.286    E(IMPR)=66.502     E(VDW )=2299.679   E(ELEC)=-34716.037 |
 | E(CDIH)=11.213     E(NOE )=14.221                                           |
 -------------------------------------------------------------------------------
 --------------- cycle=    28 ------ stepsize=    0.0000 -----------------------
 | Etotal =-30167.245 grad(E)=8.986      E(BOND)=419.765    E(ANGL)=1635.560   |
 | E(DIHE)=111.204    E(IMPR)=67.068     E(VDW )=2296.627   E(ELEC)=-34723.036 |
 | E(CDIH)=11.374     E(NOE )=14.193                                           |
 -------------------------------------------------------------------------------
 --------------- cycle=    29 ------ stepsize=    0.0000 -----------------------
 | Etotal =-30195.638 grad(E)=9.269      E(BOND)=426.867    E(ANGL)=1639.715   |
 | E(DIHE)=110.711    E(IMPR)=67.181     E(VDW )=2284.782   E(ELEC)=-34750.667 |
 | E(CDIH)=11.679     E(NOE )=14.094                                           |
 -------------------------------------------------------------------------------
 --------------- cycle=    30 ------ stepsize=   -0.0000 -----------------------
 | Etotal =-30195.644 grad(E)=9.127      E(BOND)=426.434    E(ANGL)=1639.577   |
 | E(DIHE)=110.718    E(IMPR)=67.163     E(VDW )=2284.958   E(ELEC)=-34750.247 |
 | E(CDIH)=11.658     E(NOE )=14.095                                           |
 -------------------------------------------------------------------------------
 --------------- cycle=    31 ------ stepsize=    0.0000 -----------------------
 | Etotal =-30234.188 grad(E)=7.392      E(BOND)=428.039    E(ANGL)=1639.941   |
 | E(DIHE)=110.254    E(IMPR)=66.896     E(VDW )=2273.641   E(ELEC)=-34778.287 |
 | E(CDIH)=11.319     E(NOE )=14.009                                           |
 -------------------------------------------------------------------------------
 --------------- cycle=    32 ------ stepsize=    0.0000 -----------------------
 | Etotal =-30239.818 grad(E)=10.320     E(BOND)=438.673    E(ANGL)=1643.631   |
 | E(DIHE)=110.030    E(IMPR)=68.260     E(VDW )=2267.662   E(ELEC)=-34793.793 |
 | E(CDIH)=11.754     E(NOE )=13.964                                           |
 -------------------------------------------------------------------------------
 --------------- cycle=    33 ------ stepsize=    0.0000 -----------------------
 | Etotal =-30287.337 grad(E)=9.345      E(BOND)=447.130    E(ANGL)=1647.823   |
 | E(DIHE)=111.372    E(IMPR)=66.737     E(VDW )=2251.047   E(ELEC)=-34837.308 |
 | E(CDIH)=11.982     E(NOE )=13.880                                           |
 -------------------------------------------------------------------------------
 --------------- cycle=    34 ------ stepsize=    0.0000 -----------------------
 | Etotal =-30287.609 grad(E)=10.072     E(BOND)=450.187    E(ANGL)=1648.943   |
 | E(DIHE)=111.488    E(IMPR)=66.815     E(VDW )=2249.768   E(ELEC)=-34840.845 |
 | E(CDIH)=12.160     E(NOE )=13.874                                           |
 -------------------------------------------------------------------------------
 --------------- cycle=    35 ------ stepsize=    0.0000 -----------------------
 | Etotal =-30335.360 grad(E)=10.199     E(BOND)=458.597    E(ANGL)=1649.751   |
 | E(DIHE)=112.963    E(IMPR)=67.060     E(VDW )=2234.184   E(ELEC)=-34884.572 |
 | E(CDIH)=12.851     E(NOE )=13.806                                           |
 -------------------------------------------------------------------------------
 --------------- cycle=    36 ------ stepsize=    0.0000 -----------------------
 | Etotal =-30335.476 grad(E)=10.712     E(BOND)=460.516    E(ANGL)=1650.282   |
 | E(DIHE)=113.043    E(IMPR)=67.294     E(VDW )=2233.430   E(ELEC)=-34886.823 |
 | E(CDIH)=12.978     E(NOE )=13.803                                           |
 -------------------------------------------------------------------------------
 --------------- cycle=    37 ------ stepsize=    0.0000 -----------------------
 | Etotal =-30383.824 grad(E)=10.305     E(BOND)=465.935    E(ANGL)=1654.477   |
 | E(DIHE)=112.188    E(IMPR)=67.990     E(VDW )=2218.718   E(ELEC)=-34929.898 |
 | E(CDIH)=13.051     E(NOE )=13.715                                           |
 -------------------------------------------------------------------------------
 --------------- cycle=    38 ------ stepsize=    0.0000 -----------------------
 | Etotal =-30383.828 grad(E)=10.404     E(BOND)=466.287    E(ANGL)=1654.619   |
 | E(DIHE)=112.181    E(IMPR)=68.025     E(VDW )=2218.586   E(ELEC)=-34930.313 |
 | E(CDIH)=13.074     E(NOE )=13.715                                           |
 -------------------------------------------------------------------------------
 --------------- cycle=    39 ------ stepsize=    0.0000 -----------------------
 | Etotal =-30427.290 grad(E)=10.744     E(BOND)=465.045    E(ANGL)=1658.696   |
 | E(DIHE)=111.259    E(IMPR)=71.845     E(VDW )=2205.987   E(ELEC)=-34967.443 |
 | E(CDIH)=13.674     E(NOE )=13.647                                           |
 -------------------------------------------------------------------------------
 --------------- cycle=    40 ------ stepsize=   -0.0000 -----------------------
 | Etotal =-30427.386 grad(E)=10.253     E(BOND)=463.727    E(ANGL)=1658.165   |
 | E(DIHE)=111.296    E(IMPR)=71.488     E(VDW )=2206.509   E(ELEC)=-34965.791 |
 | E(CDIH)=13.571     E(NOE )=13.649                                           |
 -------------------------------------------------------------------------------
 --------------- cycle=    41 ------ stepsize=    0.0000 -----------------------
 | Etotal =-30482.735 grad(E)=7.352      E(BOND)=449.619    E(ANGL)=1656.834   |
 | E(DIHE)=111.540    E(IMPR)=72.501     E(VDW )=2196.054   E(ELEC)=-34995.377 |
 | E(CDIH)=12.450     E(NOE )=13.642                                           |
 -------------------------------------------------------------------------------
 --------------- cycle=    42 ------ stepsize=    0.0000 -----------------------
 | Etotal =-30488.581 grad(E)=9.595      E(BOND)=454.811    E(ANGL)=1660.911   |
 | E(DIHE)=111.683    E(IMPR)=74.008     E(VDW )=2191.926   E(ELEC)=-35008.480 |
 | E(CDIH)=12.921     E(NOE )=13.641                                           |
 -------------------------------------------------------------------------------
 --------------- cycle=    43 ------ stepsize=    0.0000 -----------------------
 | Etotal =-30511.627 grad(E)=15.467     E(BOND)=467.568    E(ANGL)=1661.994   |
 | E(DIHE)=112.405    E(IMPR)=75.987     E(VDW )=2181.193   E(ELEC)=-35038.307 |
 | E(CDIH)=13.841     E(NOE )=13.693                                           |
 -------------------------------------------------------------------------------
 --------------- cycle=    44 ------ stepsize=   -0.0000 -----------------------
 | Etotal =-30522.724 grad(E)=9.218      E(BOND)=449.134    E(ANGL)=1658.226   |
 | E(DIHE)=112.101    E(IMPR)=74.020     E(VDW )=2184.772   E(ELEC)=-35027.550 |
 | E(CDIH)=12.901     E(NOE )=13.673                                           |
 -------------------------------------------------------------------------------
 --------------- cycle=    45 ------ stepsize=    0.0000 -----------------------
 | Etotal =-30547.402 grad(E)=9.924      E(BOND)=447.558    E(ANGL)=1653.716   |
 | E(DIHE)=112.722    E(IMPR)=74.093     E(VDW )=2179.162   E(ELEC)=-35041.585 |
 | E(CDIH)=13.232     E(NOE )=13.701                                           |
 -------------------------------------------------------------------------------
 --------------- cycle=    46 ------ stepsize=   -0.0000 -----------------------
 | Etotal =-30548.614 grad(E)=7.988      E(BOND)=443.845    E(ANGL)=1653.323   |
 | E(DIHE)=112.608    E(IMPR)=73.925     E(VDW )=2180.089   E(ELEC)=-35039.105 |
 | E(CDIH)=13.006     E(NOE )=13.696                                           |
 -------------------------------------------------------------------------------
 --------------- cycle=    47 ------ stepsize=    0.0000 -----------------------
 | Etotal =-30568.776 grad(E)=6.552      E(BOND)=439.168    E(ANGL)=1648.036   |
 | E(DIHE)=112.193    E(IMPR)=73.873     E(VDW )=2176.554   E(ELEC)=-35045.161 |
 | E(CDIH)=12.863     E(NOE )=13.699                                           |
 -------------------------------------------------------------------------------
 --------------- cycle=    48 ------ stepsize=    0.0000 -----------------------
 | Etotal =-30568.803 grad(E)=6.792      E(BOND)=439.501    E(ANGL)=1647.977   |
 | E(DIHE)=112.178    E(IMPR)=73.920     E(VDW )=2176.429   E(ELEC)=-35045.387 |
 | E(CDIH)=12.881     E(NOE )=13.699                                           |
 -------------------------------------------------------------------------------
 --------------- cycle=    49 ------ stepsize=    0.0000 -----------------------
 | Etotal =-30586.665 grad(E)=4.925      E(BOND)=433.353    E(ANGL)=1643.420   |
 | E(DIHE)=111.253    E(IMPR)=73.788     E(VDW )=2173.881   E(ELEC)=-35048.379 |
 | E(CDIH)=12.326     E(NOE )=13.693                                           |
 -------------------------------------------------------------------------------
 --------------- cycle=    50 ------ stepsize=    0.0000 -----------------------
 | Etotal =-30587.619 grad(E)=6.041      E(BOND)=434.311    E(ANGL)=1643.131   |
 | E(DIHE)=110.992    E(IMPR)=73.992     E(VDW )=2173.180   E(ELEC)=-35049.240 |
 | E(CDIH)=12.323     E(NOE )=13.692                                           |
 -------------------------------------------------------------------------------
 --------------- cycle=    51 ------ stepsize=    0.0000 -----------------------
 | Etotal =-30604.614 grad(E)=5.714      E(BOND)=428.610    E(ANGL)=1639.229   |
 | E(DIHE)=110.162    E(IMPR)=72.969     E(VDW )=2170.645   E(ELEC)=-35051.559 |
 | E(CDIH)=11.649     E(NOE )=13.681                                           |
 -------------------------------------------------------------------------------
 --------------- cycle=    52 ------ stepsize=    0.0000 -----------------------
 | Etotal =-30604.963 grad(E)=6.583      E(BOND)=429.178    E(ANGL)=1639.124   |
 | E(DIHE)=110.030    E(IMPR)=73.052     E(VDW )=2170.248   E(ELEC)=-35051.939 |
 | E(CDIH)=11.664     E(NOE )=13.679                                           |
 -------------------------------------------------------------------------------
 --------------- cycle=    53 ------ stepsize=    0.0000 -----------------------
 | Etotal =-30624.428 grad(E)=6.663      E(BOND)=421.698    E(ANGL)=1632.843   |
 | E(DIHE)=110.743    E(IMPR)=73.015     E(VDW )=2167.327   E(ELEC)=-35055.237 |
 | E(CDIH)=11.533     E(NOE )=13.650                                           |
 -------------------------------------------------------------------------------
 --------------- cycle=    54 ------ stepsize=    0.0000 -----------------------
 | Etotal =-30624.726 grad(E)=7.539      E(BOND)=422.354    E(ANGL)=1632.469   |
 | E(DIHE)=110.851    E(IMPR)=73.114     E(VDW )=2166.943   E(ELEC)=-35055.694 |
 | E(CDIH)=11.592     E(NOE )=13.646                                           |
 -------------------------------------------------------------------------------
 --------------- cycle=    55 ------ stepsize=    0.0000 -----------------------
 | Etotal =-30649.671 grad(E)=6.137      E(BOND)=412.598    E(ANGL)=1629.107   |
 | E(DIHE)=109.857    E(IMPR)=72.124     E(VDW )=2163.659   E(ELEC)=-35061.597 |
 | E(CDIH)=10.966     E(NOE )=13.615                                           |
 -------------------------------------------------------------------------------
 --------------- cycle=    56 ------ stepsize=    0.0000 -----------------------
 | Etotal =-30651.509 grad(E)=7.873      E(BOND)=413.443    E(ANGL)=1629.604   |
 | E(DIHE)=109.512    E(IMPR)=72.365     E(VDW )=2162.595   E(ELEC)=-35063.677 |
 | E(CDIH)=11.042     E(NOE )=13.607                                           |
 -------------------------------------------------------------------------------
 --------------- cycle=    57 ------ stepsize=    0.0000 -----------------------
 | Etotal =-30677.439 grad(E)=8.950      E(BOND)=407.502    E(ANGL)=1627.672   |
 | E(DIHE)=109.448    E(IMPR)=70.536     E(VDW )=2158.446   E(ELEC)=-35075.204 |
 | E(CDIH)=10.545     E(NOE )=13.616                                           |
 -------------------------------------------------------------------------------
 --------------- cycle=    58 ------ stepsize=   -0.0000 -----------------------
 | Etotal =-30677.466 grad(E)=8.669      E(BOND)=407.077    E(ANGL)=1627.585   |
 | E(DIHE)=109.448    E(IMPR)=70.560     E(VDW )=2158.562   E(ELEC)=-35074.849 |
 | E(CDIH)=10.535     E(NOE )=13.615                                           |
 -------------------------------------------------------------------------------
 --------------- cycle=    59 ------ stepsize=    0.0000 -----------------------
 | Etotal =-30702.967 grad(E)=7.248      E(BOND)=404.374    E(ANGL)=1625.761   |
 | E(DIHE)=109.683    E(IMPR)=68.748     E(VDW )=2155.255   E(ELEC)=-35090.412 |
 | E(CDIH)=9.950      E(NOE )=13.674                                           |
 -------------------------------------------------------------------------------
 --------------- cycle=    60 ------ stepsize=   -0.0000 -----------------------
 | Etotal =-30702.975 grad(E)=7.122      E(BOND)=404.130    E(ANGL)=1625.688   |
 | E(DIHE)=109.678    E(IMPR)=68.747     E(VDW )=2155.306   E(ELEC)=-35090.144 |
 | E(CDIH)=9.947      E(NOE )=13.673                                           |
 -------------------------------------------------------------------------------
 --------------- cycle=    61 ------ stepsize=    0.0000 -----------------------
 | Etotal =-30717.630 grad(E)=7.308      E(BOND)=407.391    E(ANGL)=1625.167   |
 | E(DIHE)=109.131    E(IMPR)=67.261     E(VDW )=2153.270   E(ELEC)=-35103.626 |
 | E(CDIH)=10.052     E(NOE )=13.724                                           |
 -------------------------------------------------------------------------------
 --------------- cycle=    62 ------ stepsize=   -0.0000 -----------------------
 | Etotal =-30717.970 grad(E)=6.283      E(BOND)=405.292    E(ANGL)=1624.847   |
 | E(DIHE)=109.201    E(IMPR)=67.363     E(VDW )=2153.517   E(ELEC)=-35101.863 |
 | E(CDIH)=9.956      E(NOE )=13.717                                           |
 -------------------------------------------------------------------------------
 --------------- cycle=    63 ------ stepsize=    0.0000 -----------------------
 | Etotal =-30733.795 grad(E)=4.563      E(BOND)=404.033    E(ANGL)=1624.459   |
 | E(DIHE)=109.822    E(IMPR)=65.897     E(VDW )=2152.114   E(ELEC)=-35114.044 |
 | E(CDIH)=10.176     E(NOE )=13.747                                           |
 -------------------------------------------------------------------------------
 --------------- cycle=    64 ------ stepsize=    0.0000 -----------------------
 | Etotal =-30736.122 grad(E)=6.177      E(BOND)=407.327    E(ANGL)=1625.759   |
 | E(DIHE)=110.212    E(IMPR)=65.691     E(VDW )=2151.401   E(ELEC)=-35120.834 |
 | E(CDIH)=10.557     E(NOE )=13.764                                           |
 -------------------------------------------------------------------------------
 --------------- cycle=    65 ------ stepsize=    0.0000 -----------------------
 | Etotal =-30749.409 grad(E)=7.867      E(BOND)=415.126    E(ANGL)=1628.893   |
 | E(DIHE)=109.609    E(IMPR)=64.867     E(VDW )=2149.377   E(ELEC)=-35141.320 |
 | E(CDIH)=10.256     E(NOE )=13.784                                           |
 -------------------------------------------------------------------------------
 --------------- cycle=    66 ------ stepsize=   -0.0000 -----------------------
 | Etotal =-30750.240 grad(E)=6.218      E(BOND)=411.169    E(ANGL)=1627.615   |
 | E(DIHE)=109.722    E(IMPR)=64.880     E(VDW )=2149.743   E(ELEC)=-35137.323 |
 | E(CDIH)=10.173     E(NOE )=13.779                                           |
 -------------------------------------------------------------------------------
 --------------- cycle=    67 ------ stepsize=    0.0000 -----------------------
 | Etotal =-30766.354 grad(E)=5.240      E(BOND)=413.744    E(ANGL)=1628.617   |
 | E(DIHE)=108.755    E(IMPR)=64.717     E(VDW )=2147.891   E(ELEC)=-35154.087 |
 | E(CDIH)=10.253     E(NOE )=13.755                                           |
 -------------------------------------------------------------------------------
 --------------- cycle=    68 ------ stepsize=    0.0000 -----------------------
 | Etotal =-30766.684 grad(E)=6.015      E(BOND)=415.636    E(ANGL)=1629.286   |
 | E(DIHE)=108.603    E(IMPR)=64.878     E(VDW )=2147.609   E(ELEC)=-35156.848 |
 | E(CDIH)=10.400     E(NOE )=13.752                                           |
 -------------------------------------------------------------------------------
 --------------- cycle=    69 ------ stepsize=    0.0000 -----------------------
 | Etotal =-30786.852 grad(E)=5.008      E(BOND)=416.546    E(ANGL)=1627.955   |
 | E(DIHE)=109.703    E(IMPR)=63.467     E(VDW )=2145.514   E(ELEC)=-35173.508 |
 | E(CDIH)=9.813      E(NOE )=13.658                                           |
 -------------------------------------------------------------------------------
 --------------- cycle=    70 ------ stepsize=    0.0000 -----------------------
 | Etotal =-30789.028 grad(E)=6.743      E(BOND)=421.068    E(ANGL)=1629.135   |
 | E(DIHE)=110.253    E(IMPR)=63.370     E(VDW )=2144.664   E(ELEC)=-35181.059 |
 | E(CDIH)=9.922      E(NOE )=13.617                                           |
 -------------------------------------------------------------------------------
 --------------- cycle=    71 ------ stepsize=    0.0000 -----------------------
 | Etotal =-30799.380 grad(E)=9.468      E(BOND)=432.493    E(ANGL)=1631.770   |
 | E(DIHE)=108.568    E(IMPR)=62.826     E(VDW )=2142.288   E(ELEC)=-35201.278 |
 | E(CDIH)=10.508     E(NOE )=13.445                                           |
 -------------------------------------------------------------------------------
 --------------- cycle=    72 ------ stepsize=   -0.0000 -----------------------
 | Etotal =-30803.570 grad(E)=5.697      E(BOND)=422.750    E(ANGL)=1629.478   |
 | E(DIHE)=109.133    E(IMPR)=62.622     E(VDW )=2143.044   E(ELEC)=-35194.223 |
 | E(CDIH)=10.122     E(NOE )=13.504                                           |
 -------------------------------------------------------------------------------
 --------------- cycle=    73 ------ stepsize=    0.0000 -----------------------
 | Etotal =-30817.365 grad(E)=4.166      E(BOND)=419.854    E(ANGL)=1626.960   |
 | E(DIHE)=109.150    E(IMPR)=62.042     E(VDW )=2141.918   E(ELEC)=-35200.676 |
 | E(CDIH)=9.967      E(NOE )=13.421                                           |
 -------------------------------------------------------------------------------
 --------------- cycle=    74 ------ stepsize=    0.0000 -----------------------
 | Etotal =-30819.068 grad(E)=5.547      E(BOND)=421.557    E(ANGL)=1626.849   |
 | E(DIHE)=109.222    E(IMPR)=62.179     E(VDW )=2141.414   E(ELEC)=-35203.872 |
 | E(CDIH)=10.203     E(NOE )=13.381                                           |
 -------------------------------------------------------------------------------
 --------------- cycle=    75 ------ stepsize=    0.0000 -----------------------
 | Etotal =-30831.862 grad(E)=6.486      E(BOND)=419.444    E(ANGL)=1622.062   |
 | E(DIHE)=110.361    E(IMPR)=62.083     E(VDW )=2139.838   E(ELEC)=-35209.224 |
 | E(CDIH)=10.302     E(NOE )=13.274                                           |
 -------------------------------------------------------------------------------
 --------------- cycle=    76 ------ stepsize=   -0.0000 -----------------------
 | Etotal =-30832.083 grad(E)=5.703      E(BOND)=418.523    E(ANGL)=1622.242   |
 | E(DIHE)=110.227    E(IMPR)=61.999     E(VDW )=2140.004   E(ELEC)=-35208.609 |
 | E(CDIH)=10.246     E(NOE )=13.286                                           |
 -------------------------------------------------------------------------------
 --------------- cycle=    77 ------ stepsize=    0.0000 -----------------------
 | Etotal =-30840.774 grad(E)=7.414      E(BOND)=418.521    E(ANGL)=1619.500   |
 | E(DIHE)=109.096    E(IMPR)=62.287     E(VDW )=2138.812   E(ELEC)=-35212.327 |
 | E(CDIH)=10.152     E(NOE )=13.185                                           |
 -------------------------------------------------------------------------------
 --------------- cycle=    78 ------ stepsize=   -0.0000 -----------------------
 | Etotal =-30841.852 grad(E)=5.384      E(BOND)=416.182    E(ANGL)=1619.589   |
 | E(DIHE)=109.347    E(IMPR)=62.074     E(VDW )=2139.087   E(ELEC)=-35211.403 |
 | E(CDIH)=10.061     E(NOE )=13.209                                           |
 -------------------------------------------------------------------------------
 --------------- cycle=    79 ------ stepsize=    0.0000 -----------------------
 | Etotal =-30853.040 grad(E)=4.359      E(BOND)=412.606    E(ANGL)=1615.550   |
 | E(DIHE)=108.756    E(IMPR)=62.202     E(VDW )=2138.332   E(ELEC)=-35213.712 |
 | E(CDIH)=10.100     E(NOE )=13.126                                           |
 -------------------------------------------------------------------------------
 --------------- cycle=    80 ------ stepsize=    0.0000 -----------------------
 | Etotal =-30854.011 grad(E)=5.693      E(BOND)=413.508    E(ANGL)=1614.660   |
 | E(DIHE)=108.564    E(IMPR)=62.455     E(VDW )=2138.066   E(ELEC)=-35214.618 |
 | E(CDIH)=10.260     E(NOE )=13.093                                           |
 -------------------------------------------------------------------------------
 --------------- cycle=    81 ------ stepsize=    0.0000 -----------------------
 | Etotal =-30870.318 grad(E)=4.297      E(BOND)=408.057    E(ANGL)=1609.936   |
 | E(DIHE)=109.796    E(IMPR)=61.495     E(VDW )=2137.066   E(ELEC)=-35219.543 |
 | E(CDIH)=9.917      E(NOE )=12.958                                           |
 -------------------------------------------------------------------------------
 --------------- cycle=    82 ------ stepsize=    0.0000 -----------------------
 | Etotal =-30872.466 grad(E)=5.817      E(BOND)=409.059    E(ANGL)=1609.144   |
 | E(DIHE)=110.468    E(IMPR)=61.450     E(VDW )=2136.639   E(ELEC)=-35222.080 |
 | E(CDIH)=9.964      E(NOE )=12.890                                           |
 -------------------------------------------------------------------------------
 --------------- cycle=    83 ------ stepsize=    0.0000 -----------------------
 | Etotal =-30888.118 grad(E)=7.606      E(BOND)=410.505    E(ANGL)=1607.395   |
 | E(DIHE)=108.678    E(IMPR)=61.857     E(VDW )=2135.808   E(ELEC)=-35235.131 |
 | E(CDIH)=10.108     E(NOE )=12.662                                           |
 -------------------------------------------------------------------------------
 --------------- cycle=    84 ------ stepsize=   -0.0000 -----------------------
 | Etotal =-30888.486 grad(E)=6.562      E(BOND)=408.730    E(ANGL)=1607.127   |
 | E(DIHE)=108.902    E(IMPR)=61.627     E(VDW )=2135.887   E(ELEC)=-35233.418 |
 | E(CDIH)=9.967      E(NOE )=12.691                                           |
 -------------------------------------------------------------------------------
 --------------- cycle=    85 ------ stepsize=    0.0000 -----------------------
 | Etotal =-30904.389 grad(E)=6.195      E(BOND)=407.954    E(ANGL)=1608.108   |
 | E(DIHE)=108.591    E(IMPR)=62.732     E(VDW )=2135.580   E(ELEC)=-35249.914 |
 | E(CDIH)=10.082     E(NOE )=12.479                                           |
 -------------------------------------------------------------------------------
 --------------- cycle=    86 ------ stepsize=   -0.0000 -----------------------
 | Etotal =-30904.390 grad(E)=6.147      E(BOND)=407.872    E(ANGL)=1608.075   |
 | E(DIHE)=108.594    E(IMPR)=62.717     E(VDW )=2135.581   E(ELEC)=-35249.786 |
 | E(CDIH)=10.078     E(NOE )=12.480                                           |
 -------------------------------------------------------------------------------
 --------------- cycle=    87 ------ stepsize=    0.0000 -----------------------
 | Etotal =-30920.550 grad(E)=5.515      E(BOND)=409.491    E(ANGL)=1609.956   |
 | E(DIHE)=108.384    E(IMPR)=62.762     E(VDW )=2135.638   E(ELEC)=-35268.892 |
 | E(CDIH)=9.809      E(NOE )=12.302                                           |
 -------------------------------------------------------------------------------
 --------------- cycle=    88 ------ stepsize=    0.0000 -----------------------
 | Etotal =-30920.973 grad(E)=6.457      E(BOND)=411.475    E(ANGL)=1610.898   |
 | E(DIHE)=108.357    E(IMPR)=62.957     E(VDW )=2135.686   E(ELEC)=-35272.519 |
 | E(CDIH)=9.904      E(NOE )=12.269                                           |
 -------------------------------------------------------------------------------
 --------------- cycle=    89 ------ stepsize=    0.0000 -----------------------
 | Etotal =-30931.355 grad(E)=8.003      E(BOND)=422.478    E(ANGL)=1616.785   |
 | E(DIHE)=107.109    E(IMPR)=63.541     E(VDW )=2136.161   E(ELEC)=-35299.628 |
 | E(CDIH)=10.101     E(NOE )=12.100                                           |
 -------------------------------------------------------------------------------
 --------------- cycle=    90 ------ stepsize=   -0.0000 -----------------------
 | Etotal =-30933.041 grad(E)=5.562      E(BOND)=416.121    E(ANGL)=1614.426   |
 | E(DIHE)=107.398    E(IMPR)=63.186     E(VDW )=2135.985   E(ELEC)=-35292.258 |
 | E(CDIH)=9.957      E(NOE )=12.144                                           |
 -------------------------------------------------------------------------------
 --------------- cycle=    91 ------ stepsize=    0.0000 -----------------------
 | Etotal =-30944.943 grad(E)=3.940      E(BOND)=418.692    E(ANGL)=1616.960   |
 | E(DIHE)=107.502    E(IMPR)=62.851     E(VDW )=2136.286   E(ELEC)=-35308.953 |
 | E(CDIH)=9.642      E(NOE )=12.078                                           |
 -------------------------------------------------------------------------------
 --------------- cycle=    92 ------ stepsize=    0.0000 -----------------------
 | Etotal =-30946.381 grad(E)=5.190      E(BOND)=422.542    E(ANGL)=1619.290   |
 | E(DIHE)=107.554    E(IMPR)=63.071     E(VDW )=2136.484   E(ELEC)=-35317.106 |
 | E(CDIH)=9.737      E(NOE )=12.047                                           |
 -------------------------------------------------------------------------------
 --------------- cycle=    93 ------ stepsize=    0.0000 -----------------------
 | Etotal =-30955.318 grad(E)=6.918      E(BOND)=429.769    E(ANGL)=1624.800   |
 | E(DIHE)=108.255    E(IMPR)=62.617     E(VDW )=2136.967   E(ELEC)=-35339.519 |
 | E(CDIH)=9.819      E(NOE )=11.974                                           |
 -------------------------------------------------------------------------------
 --------------- cycle=    94 ------ stepsize=   -0.0000 -----------------------
 | Etotal =-30955.810 grad(E)=5.553      E(BOND)=426.810    E(ANGL)=1623.399   |
 | E(DIHE)=108.109    E(IMPR)=62.622     E(VDW )=2136.858   E(ELEC)=-35335.356 |
 | E(CDIH)=9.760      E(NOE )=11.988                                           |
 -------------------------------------------------------------------------------
 --------------- cycle=    95 ------ stepsize=    0.0000 -----------------------
 | Etotal =-30969.093 grad(E)=3.722      E(BOND)=428.225    E(ANGL)=1625.924   |
 | E(DIHE)=108.047    E(IMPR)=62.461     E(VDW )=2137.466   E(ELEC)=-35352.854 |
 | E(CDIH)=9.706      E(NOE )=11.932                                           |
 -------------------------------------------------------------------------------
 --------------- cycle=    96 ------ stepsize=    0.0000 -----------------------
 | Etotal =-30971.760 grad(E)=4.979      E(BOND)=432.802    E(ANGL)=1629.358   |
 | E(DIHE)=108.041    E(IMPR)=63.092     E(VDW )=2137.982   E(ELEC)=-35364.939 |
 | E(CDIH)=10.008     E(NOE )=11.895                                           |
 -------------------------------------------------------------------------------
 --------------- cycle=    97 ------ stepsize=    0.0000 -----------------------
 | Etotal =-30988.037 grad(E)=4.449      E(BOND)=433.873    E(ANGL)=1630.574   |
 | E(DIHE)=107.620    E(IMPR)=63.063     E(VDW )=2139.092   E(ELEC)=-35383.906 |
 | E(CDIH)=9.795      E(NOE )=11.852                                           |
 -------------------------------------------------------------------------------
 --------------- cycle=    98 ------ stepsize=    0.0000 -----------------------
 | Etotal =-30989.338 grad(E)=5.815      E(BOND)=436.647    E(ANGL)=1632.315   |
 | E(DIHE)=107.529    E(IMPR)=63.580     E(VDW )=2139.589   E(ELEC)=-35390.977 |
 | E(CDIH)=10.142     E(NOE )=11.837                                           |
 -------------------------------------------------------------------------------
 --------------- cycle=    99 ------ stepsize=    0.0000 -----------------------
 | Etotal =-31000.619 grad(E)=9.418      E(BOND)=440.873    E(ANGL)=1634.080   |
 | E(DIHE)=107.970    E(IMPR)=63.484     E(VDW )=2141.441   E(ELEC)=-35410.330 |
 | E(CDIH)=10.071     E(NOE )=11.792                                           |
 -------------------------------------------------------------------------------
 --------------- cycle=   100 ------ stepsize=   -0.0000 -----------------------
 | Etotal =-31002.279 grad(E)=6.770      E(BOND)=436.208    E(ANGL)=1632.849   |
 | E(DIHE)=107.843    E(IMPR)=63.343     E(VDW )=2140.893   E(ELEC)=-35405.242 |
 | E(CDIH)=10.025     E(NOE )=11.803                                           |
 -------------------------------------------------------------------------------
 --------------- cycle=   101 ------ stepsize=    0.0000 -----------------------
 | Etotal =-31019.842 grad(E)=4.243      E(BOND)=429.607    E(ANGL)=1631.182   |
 | E(DIHE)=107.749    E(IMPR)=63.482     E(VDW )=2142.446   E(ELEC)=-35415.717 |
 | E(CDIH)=9.640      E(NOE )=11.768                                           |
 -------------------------------------------------------------------------------
 --------------- cycle=   102 ------ stepsize=    0.0000 -----------------------
 | Etotal =-31022.408 grad(E)=5.425      E(BOND)=429.804    E(ANGL)=1632.161   |
 | E(DIHE)=107.705    E(IMPR)=64.355     E(VDW )=2143.454   E(ELEC)=-35421.495 |
 | E(CDIH)=9.858      E(NOE )=11.751                                           |
 -------------------------------------------------------------------------------
 --------------- cycle=   103 ------ stepsize=    0.0000 -----------------------
 | Etotal =-31035.324 grad(E)=6.506      E(BOND)=425.193    E(ANGL)=1629.031   |
 | E(DIHE)=107.617    E(IMPR)=63.744     E(VDW )=2145.254   E(ELEC)=-35427.563 |
 | E(CDIH)=9.695      E(NOE )=11.705                                           |
 -------------------------------------------------------------------------------
 --------------- cycle=   104 ------ stepsize=    0.0000 -----------------------
 | Etotal =-31035.324 grad(E)=6.522      E(BOND)=425.203    E(ANGL)=1629.029   |
 | E(DIHE)=107.617    E(IMPR)=63.745     E(VDW )=2145.259   E(ELEC)=-35427.578 |
 | E(CDIH)=9.696      E(NOE )=11.704                                           |
 -------------------------------------------------------------------------------
 --------------- cycle=   105 ------ stepsize=    0.0000 -----------------------
 | Etotal =-31048.536 grad(E)=5.380      E(BOND)=416.741    E(ANGL)=1624.863   |
 | E(DIHE)=108.282    E(IMPR)=63.980     E(VDW )=2147.389   E(ELEC)=-35431.581 |
 | E(CDIH)=10.142     E(NOE )=11.649                                           |
 -------------------------------------------------------------------------------
 --------------- cycle=   106 ------ stepsize=    0.0000 -----------------------
 | Etotal =-31048.543 grad(E)=5.506      E(BOND)=416.736    E(ANGL)=1624.833   |
 | E(DIHE)=108.298    E(IMPR)=64.007     E(VDW )=2147.444   E(ELEC)=-35431.676 |
 | E(CDIH)=10.166     E(NOE )=11.648                                           |
 -------------------------------------------------------------------------------
 --------------- cycle=   107 ------ stepsize=    0.0000 -----------------------
 | Etotal =-31060.277 grad(E)=4.385      E(BOND)=410.139    E(ANGL)=1621.570   |
 | E(DIHE)=108.407    E(IMPR)=63.627     E(VDW )=2149.153   E(ELEC)=-35434.571 |
 | E(CDIH)=9.788      E(NOE )=11.610                                           |
 -------------------------------------------------------------------------------
 --------------- cycle=   108 ------ stepsize=    0.0000 -----------------------
 | Etotal =-31061.000 grad(E)=5.507      E(BOND)=409.986    E(ANGL)=1621.105   |
 | E(DIHE)=108.449    E(IMPR)=63.814     E(VDW )=2149.736   E(ELEC)=-35435.480 |
 | E(CDIH)=9.792      E(NOE )=11.598                                           |
 -------------------------------------------------------------------------------
 --------------- cycle=   109 ------ stepsize=    0.0000 -----------------------
 | Etotal =-31072.108 grad(E)=6.000      E(BOND)=404.533    E(ANGL)=1618.297   |
 | E(DIHE)=107.532    E(IMPR)=64.795     E(VDW )=2152.199   E(ELEC)=-35440.781 |
 | E(CDIH)=9.744      E(NOE )=11.572                                           |
 -------------------------------------------------------------------------------
 --------------- cycle=   110 ------ stepsize=   -0.0000 -----------------------
 | Etotal =-31072.237 grad(E)=5.393      E(BOND)=404.235    E(ANGL)=1618.343   |
 | E(DIHE)=107.614    E(IMPR)=64.625     E(VDW )=2151.946   E(ELEC)=-35440.272 |
 | E(CDIH)=9.698      E(NOE )=11.574                                           |
 -------------------------------------------------------------------------------
 --------------- cycle=   111 ------ stepsize=    0.0000 -----------------------
 | Etotal =-31084.655 grad(E)=4.449      E(BOND)=400.928    E(ANGL)=1616.346   |
 | E(DIHE)=107.284    E(IMPR)=63.771     E(VDW )=2154.301   E(ELEC)=-35448.071 |
 | E(CDIH)=9.200      E(NOE )=11.586                                           |
 -------------------------------------------------------------------------------
 --------------- cycle=   112 ------ stepsize=    0.0000 -----------------------
 | Etotal =-31084.983 grad(E)=5.188      E(BOND)=401.604    E(ANGL)=1616.406   |
 | E(DIHE)=107.224    E(IMPR)=63.800     E(VDW )=2154.780   E(ELEC)=-35449.553 |
 | E(CDIH)=9.166      E(NOE )=11.589                                           |
 -------------------------------------------------------------------------------
 --------------- cycle=   113 ------ stepsize=    0.0000 -----------------------
 | Etotal =-31094.959 grad(E)=5.630      E(BOND)=402.505    E(ANGL)=1613.225   |
 | E(DIHE)=108.892    E(IMPR)=64.275     E(VDW )=2157.572   E(ELEC)=-35462.553 |
 | E(CDIH)=9.492      E(NOE )=11.632                                           |
 -------------------------------------------------------------------------------
 --------------- cycle=   114 ------ stepsize=   -0.0000 -----------------------
 | Etotal =-31095.249 grad(E)=4.757      E(BOND)=401.217    E(ANGL)=1613.360   |
 | E(DIHE)=108.641    E(IMPR)=64.091     E(VDW )=2157.151   E(ELEC)=-35460.688 |
 | E(CDIH)=9.353      E(NOE )=11.626                                           |
 -------------------------------------------------------------------------------
 --------------- cycle=   115 ------ stepsize=    0.0000 -----------------------
 | Etotal =-31106.111 grad(E)=3.825      E(BOND)=403.370    E(ANGL)=1612.059   |
 | E(DIHE)=109.007    E(IMPR)=63.387     E(VDW )=2159.236   E(ELEC)=-35474.129 |
 | E(CDIH)=9.305      E(NOE )=11.655                                           |
 -------------------------------------------------------------------------------
 --------------- cycle=   116 ------ stepsize=    0.0000 -----------------------
 | Etotal =-31107.068 grad(E)=4.976      E(BOND)=406.203    E(ANGL)=1612.379   |
 | E(DIHE)=109.176    E(IMPR)=63.469     E(VDW )=2160.112   E(ELEC)=-35479.467 |
 | E(CDIH)=9.394      E(NOE )=11.667                                           |
 -------------------------------------------------------------------------------
 --------------- cycle=   117 ------ stepsize=    0.0000 -----------------------
 | Etotal =-31114.615 grad(E)=7.149      E(BOND)=414.838    E(ANGL)=1616.018   |
 | E(DIHE)=108.936    E(IMPR)=63.543     E(VDW )=2163.176   E(ELEC)=-35501.862 |
 | E(CDIH)=9.072      E(NOE )=11.664                                           |
 -------------------------------------------------------------------------------
 --------------- cycle=   118 ------ stepsize=   -0.0000 -----------------------
 | Etotal =-31115.748 grad(E)=5.088      E(BOND)=410.294    E(ANGL)=1614.471   |
 | E(DIHE)=108.998    E(IMPR)=63.378     E(VDW )=2162.332   E(ELEC)=-35495.924 |
 | E(CDIH)=9.039      E(NOE )=11.665                                           |
 -------------------------------------------------------------------------------
 --------------- cycle=   119 ------ stepsize=    0.0000 -----------------------
 | Etotal =-31124.584 grad(E)=4.699      E(BOND)=415.836    E(ANGL)=1615.829   |
 | E(DIHE)=108.609    E(IMPR)=63.850     E(VDW )=2164.622   E(ELEC)=-35513.837 |
 | E(CDIH)=8.876      E(NOE )=11.631                                           |
 -------------------------------------------------------------------------------
 --------------- cycle=   120 ------ stepsize=    0.0000 -----------------------
 | Etotal =-31124.587 grad(E)=4.782      E(BOND)=416.041    E(ANGL)=1615.887   |
 | E(DIHE)=108.602    E(IMPR)=63.870     E(VDW )=2164.665   E(ELEC)=-35514.161 |
 | E(CDIH)=8.878      E(NOE )=11.630                                           |
 -------------------------------------------------------------------------------
 --------------- cycle=   121 ------ stepsize=    0.0000 -----------------------
 | Etotal =-31133.889 grad(E)=3.859      E(BOND)=420.410    E(ANGL)=1616.779   |
 | E(DIHE)=108.211    E(IMPR)=64.137     E(VDW )=2166.900   E(ELEC)=-35530.557 |
 | E(CDIH)=8.646      E(NOE )=11.585                                           |
 -------------------------------------------------------------------------------
 --------------- cycle=   122 ------ stepsize=    0.0000 -----------------------
 | Etotal =-31134.283 grad(E)=4.664      E(BOND)=422.809    E(ANGL)=1617.450   |
 | E(DIHE)=108.123    E(IMPR)=64.308     E(VDW )=2167.488   E(ELEC)=-35534.696 |
 | E(CDIH)=8.662      E(NOE )=11.573                                           |
 -------------------------------------------------------------------------------
 --------------- cycle=   123 ------ stepsize=    0.0000 -----------------------
 | Etotal =-31143.549 grad(E)=4.866      E(BOND)=428.330    E(ANGL)=1617.898   |
 | E(DIHE)=108.753    E(IMPR)=63.094     E(VDW )=2170.139   E(ELEC)=-35552.167 |
 | E(CDIH)=8.872      E(NOE )=11.533                                           |
 -------------------------------------------------------------------------------
 --------------- cycle=   124 ------ stepsize=   -0.0000 -----------------------
 | Etotal =-31143.550 grad(E)=4.814      E(BOND)=428.208    E(ANGL)=1617.872   |
 | E(DIHE)=108.746    E(IMPR)=63.098     E(VDW )=2170.110   E(ELEC)=-35551.982 |
 | E(CDIH)=8.866      E(NOE )=11.533                                           |
 -------------------------------------------------------------------------------
 --------------- cycle=   125 ------ stepsize=    0.0000 -----------------------
 | Etotal =-31152.709 grad(E)=4.602      E(BOND)=431.129    E(ANGL)=1617.784   |
 | E(DIHE)=109.832    E(IMPR)=61.917     E(VDW )=2172.743   E(ELEC)=-35566.171 |
 | E(CDIH)=8.533      E(NOE )=11.524                                           |
 -------------------------------------------------------------------------------
 --------------- cycle=   126 ------ stepsize=   -0.0000 -----------------------
 | Etotal =-31152.710 grad(E)=4.550      E(BOND)=431.023    E(ANGL)=1617.763   |
 | E(DIHE)=109.819    E(IMPR)=61.925     E(VDW )=2172.712   E(ELEC)=-35566.009 |
 | E(CDIH)=8.533      E(NOE )=11.524                                           |
 -------------------------------------------------------------------------------
 --------------- cycle=   127 ------ stepsize=    0.0000 -----------------------
 | Etotal =-31161.984 grad(E)=3.969      E(BOND)=430.916    E(ANGL)=1616.783   |
 | E(DIHE)=109.390    E(IMPR)=61.117     E(VDW )=2175.093   E(ELEC)=-35574.809 |
 | E(CDIH)=7.973      E(NOE )=11.551                                           |
 -------------------------------------------------------------------------------
 --------------- cycle=   128 ------ stepsize=    0.0000 -----------------------
 | Etotal =-31162.165 grad(E)=4.537      E(BOND)=431.685    E(ANGL)=1616.905   |
 | E(DIHE)=109.326    E(IMPR)=61.126     E(VDW )=2175.491   E(ELEC)=-35576.219 |
 | E(CDIH)=7.964      E(NOE )=11.556                                           |
 -------------------------------------------------------------------------------
 --------------- cycle=   129 ------ stepsize=    0.0000 -----------------------
 | Etotal =-31171.419 grad(E)=4.624      E(BOND)=429.868    E(ANGL)=1613.828   |
 | E(DIHE)=107.684    E(IMPR)=61.275     E(VDW )=2178.266   E(ELEC)=-35581.794 |
 | E(CDIH)=7.844      E(NOE )=11.610                                           |
 -------------------------------------------------------------------------------
 --------------- cycle=   130 ------ stepsize=   -0.0000 -----------------------
 | Etotal =-31171.423 grad(E)=4.527      E(BOND)=429.782    E(ANGL)=1613.845   |
 | E(DIHE)=107.717    E(IMPR)=61.259     E(VDW )=2178.206   E(ELEC)=-35581.680 |
 | E(CDIH)=7.839      E(NOE )=11.609                                           |
 -------------------------------------------------------------------------------
 --------------- cycle=   131 ------ stepsize=    0.0000 -----------------------
 | Etotal =-31179.783 grad(E)=4.785      E(BOND)=425.479    E(ANGL)=1609.930   |
 | E(DIHE)=108.413    E(IMPR)=60.038     E(VDW )=2180.867   E(ELEC)=-35584.281 |
 | E(CDIH)=8.100      E(NOE )=11.670                                           |
 -------------------------------------------------------------------------------
 --------------- cycle=   132 ------ stepsize=   -0.0000 -----------------------
 | Etotal =-31179.818 grad(E)=4.493      E(BOND)=425.397    E(ANGL)=1610.053   |
 | E(DIHE)=108.370    E(IMPR)=60.061     E(VDW )=2180.700   E(ELEC)=-35584.125 |
 | E(CDIH)=8.060      E(NOE )=11.666                                           |
 -------------------------------------------------------------------------------
 --------------- cycle=   133 ------ stepsize=    0.0000 -----------------------
 | Etotal =-31186.920 grad(E)=5.328      E(BOND)=421.638    E(ANGL)=1605.870   |
 | E(DIHE)=109.241    E(IMPR)=59.277     E(VDW )=2183.249   E(ELEC)=-35585.975 |
 | E(CDIH)=8.063      E(NOE )=11.716                                           |
 -------------------------------------------------------------------------------
 --------------- cycle=   134 ------ stepsize=   -0.0000 -----------------------
 | Etotal =-31187.084 grad(E)=4.599      E(BOND)=421.347    E(ANGL)=1606.208   |
 | E(DIHE)=109.127    E(IMPR)=59.326     E(VDW )=2182.906   E(ELEC)=-35585.735 |
 | E(CDIH)=8.029      E(NOE )=11.709                                           |
 -------------------------------------------------------------------------------
 --------------- cycle=   135 ------ stepsize=    0.0000 -----------------------
 | Etotal =-31193.838 grad(E)=4.274      E(BOND)=417.512    E(ANGL)=1603.937   |
 | E(DIHE)=108.953    E(IMPR)=58.650     E(VDW )=2185.085   E(ELEC)=-35587.533 |
 | E(CDIH)=7.818      E(NOE )=11.740                                           |
 -------------------------------------------------------------------------------
 --------------- cycle=   136 ------ stepsize=   -0.0000 -----------------------
 | Etotal =-31193.872 grad(E)=3.978      E(BOND)=417.448    E(ANGL)=1603.986   |
 | E(DIHE)=108.963    E(IMPR)=58.661     E(VDW )=2184.937   E(ELEC)=-35587.415 |
 | E(CDIH)=7.810      E(NOE )=11.738                                           |
 -------------------------------------------------------------------------------
 --------------- cycle=   137 ------ stepsize=    0.0000 -----------------------
 | Etotal =-31199.904 grad(E)=3.084      E(BOND)=414.145    E(ANGL)=1603.518   |
 | E(DIHE)=108.799    E(IMPR)=58.302     E(VDW )=2186.392   E(ELEC)=-35590.358 |
 | E(CDIH)=7.541      E(NOE )=11.757                                           |
 -------------------------------------------------------------------------------
 --------------- cycle=   138 ------ stepsize=    0.0000 -----------------------
 | Etotal =-31200.196 grad(E)=3.761      E(BOND)=414.171    E(ANGL)=1603.662   |
 | E(DIHE)=108.769    E(IMPR)=58.287     E(VDW )=2186.803   E(ELEC)=-35591.162 |
 | E(CDIH)=7.513      E(NOE )=11.762                                           |
 -------------------------------------------------------------------------------
 --------------- cycle=   139 ------ stepsize=    0.0000 -----------------------
 | Etotal =-31207.177 grad(E)=3.094      E(BOND)=412.242    E(ANGL)=1603.121   |
 | E(DIHE)=108.476    E(IMPR)=58.359     E(VDW )=2188.393   E(ELEC)=-35596.913 |
 | E(CDIH)=7.369      E(NOE )=11.776                                           |
 -------------------------------------------------------------------------------
 --------------- cycle=   140 ------ stepsize=    0.0000 -----------------------
 | Etotal =-31207.596 grad(E)=3.871      E(BOND)=412.646    E(ANGL)=1603.374   |
 | E(DIHE)=108.390    E(IMPR)=58.575     E(VDW )=2188.908   E(ELEC)=-35598.706 |
 | E(CDIH)=7.436      E(NOE )=11.780                                           |
 -------------------------------------------------------------------------------
 --------------- cycle=   141 ------ stepsize=    0.0000 -----------------------
 | Etotal =-31214.427 grad(E)=4.535      E(BOND)=413.673    E(ANGL)=1604.056   |
 | E(DIHE)=108.493    E(IMPR)=58.307     E(VDW )=2190.997   E(ELEC)=-35609.256 |
 | E(CDIH)=7.528      E(NOE )=11.774                                           |
 -------------------------------------------------------------------------------
 --------------- cycle=   142 ------ stepsize=   -0.0000 -----------------------
 | Etotal =-31214.467 grad(E)=4.201      E(BOND)=413.241    E(ANGL)=1603.890   |
 | E(DIHE)=108.480    E(IMPR)=58.296     E(VDW )=2190.842   E(ELEC)=-35608.501 |
 | E(CDIH)=7.509      E(NOE )=11.775                                           |
 -------------------------------------------------------------------------------
 --------------- cycle=   143 ------ stepsize=    0.0000 -----------------------
 | Etotal =-31221.362 grad(E)=3.977      E(BOND)=415.056    E(ANGL)=1604.420   |
 | E(DIHE)=110.055    E(IMPR)=57.554     E(VDW )=2192.929   E(ELEC)=-35620.715 |
 | E(CDIH)=7.584      E(NOE )=11.755                                           |
 -------------------------------------------------------------------------------
 --------------- cycle=   144 ------ stepsize=    0.0000 -----------------------
 | Etotal =-31221.362 grad(E)=3.991      E(BOND)=415.077    E(ANGL)=1604.426   |
 | E(DIHE)=110.061    E(IMPR)=57.553     E(VDW )=2192.936   E(ELEC)=-35620.756 |
 | E(CDIH)=7.585      E(NOE )=11.755                                           |
 -------------------------------------------------------------------------------
 --------------- cycle=   145 ------ stepsize=    0.0000 -----------------------
 | Etotal =-31228.331 grad(E)=4.124      E(BOND)=416.644    E(ANGL)=1606.354   |
 | E(DIHE)=110.194    E(IMPR)=57.585     E(VDW )=2194.748   E(ELEC)=-35633.181 |
 | E(CDIH)=7.587      E(NOE )=11.738                                           |
 -------------------------------------------------------------------------------
 --------------- cycle=   146 ------ stepsize=    0.0000 -----------------------
 | Etotal =-31228.437 grad(E)=4.661      E(BOND)=417.453    E(ANGL)=1606.800   |
 | E(DIHE)=110.223    E(IMPR)=57.639     E(VDW )=2195.010   E(ELEC)=-35634.912 |
 | E(CDIH)=7.614      E(NOE )=11.736                                           |
 -------------------------------------------------------------------------------
 --------------- cycle=   147 ------ stepsize=    0.0000 -----------------------
 | Etotal =-31235.829 grad(E)=3.781      E(BOND)=419.335    E(ANGL)=1610.017   |
 | E(DIHE)=109.395    E(IMPR)=58.126     E(VDW )=2197.210   E(ELEC)=-35649.184 |
 | E(CDIH)=7.540      E(NOE )=11.730                                           |
 -------------------------------------------------------------------------------
 --------------- cycle=   148 ------ stepsize=    0.0000 -----------------------
 | Etotal =-31235.845 grad(E)=3.951      E(BOND)=419.647    E(ANGL)=1610.243   |
 | E(DIHE)=109.358    E(IMPR)=58.170     E(VDW )=2197.318   E(ELEC)=-35649.858 |
 | E(CDIH)=7.547      E(NOE )=11.730                                           |
 -------------------------------------------------------------------------------
 --------------- cycle=   149 ------ stepsize=    0.0000 -----------------------
 | Etotal =-31241.941 grad(E)=3.664      E(BOND)=420.703    E(ANGL)=1611.560   |
 | E(DIHE)=109.337    E(IMPR)=57.616     E(VDW )=2198.838   E(ELEC)=-35659.260 |
 | E(CDIH)=7.524      E(NOE )=11.741                                           |
 -------------------------------------------------------------------------------
 --------------- cycle=   150 ------ stepsize=    0.0000 -----------------------
 | Etotal =-31242.044 grad(E)=4.167      E(BOND)=421.412    E(ANGL)=1611.896   |
 | E(DIHE)=109.335    E(IMPR)=57.588     E(VDW )=2199.071   E(ELEC)=-35660.651 |
 | E(CDIH)=7.561      E(NOE )=11.743                                           |
 -------------------------------------------------------------------------------
 --------------- cycle=   151 ------ stepsize=    0.0000 -----------------------
 | Etotal =-31248.362 grad(E)=4.055      E(BOND)=421.599    E(ANGL)=1612.080   |
 | E(DIHE)=110.225    E(IMPR)=57.194     E(VDW )=2200.993   E(ELEC)=-35669.889 |
 | E(CDIH)=7.664      E(NOE )=11.771                                           |
 -------------------------------------------------------------------------------
 --------------- cycle=   152 ------ stepsize=    0.0000 -----------------------
 | Etotal =-31248.364 grad(E)=4.133      E(BOND)=421.687    E(ANGL)=1612.108   |
 | E(DIHE)=110.243    E(IMPR)=57.194     E(VDW )=2201.032   E(ELEC)=-35670.070 |
 | E(CDIH)=7.669      E(NOE )=11.772                                           |
 -------------------------------------------------------------------------------
 --------------- cycle=   153 ------ stepsize=    0.0000 -----------------------
 | Etotal =-31254.857 grad(E)=3.438      E(BOND)=419.782    E(ANGL)=1612.533   |
 | E(DIHE)=110.827    E(IMPR)=56.966     E(VDW )=2202.932   E(ELEC)=-35677.159 |
 | E(CDIH)=7.455      E(NOE )=11.806                                           |
 -------------------------------------------------------------------------------
 --------------- cycle=   154 ------ stepsize=    0.0000 -----------------------
 | Etotal =-31254.872 grad(E)=3.603      E(BOND)=419.885    E(ANGL)=1612.625   |
 | E(DIHE)=110.858    E(IMPR)=56.979     E(VDW )=2203.032   E(ELEC)=-35677.518 |
 | E(CDIH)=7.460      E(NOE )=11.808                                           |
 -------------------------------------------------------------------------------
 --------------- cycle=   155 ------ stepsize=    0.0000 -----------------------
 | Etotal =-31261.020 grad(E)=3.288      E(BOND)=417.070    E(ANGL)=1610.943   |
 | E(DIHE)=111.344    E(IMPR)=56.690     E(VDW )=2204.469   E(ELEC)=-35680.807 |
 | E(CDIH)=7.456      E(NOE )=11.815                                           |
 -------------------------------------------------------------------------------
 --------------- cycle=   156 ------ stepsize=    0.0000 -----------------------
 | Etotal =-31261.335 grad(E)=4.095      E(BOND)=417.224    E(ANGL)=1610.777   |
 | E(DIHE)=111.489    E(IMPR)=56.698     E(VDW )=2204.892   E(ELEC)=-35681.738 |
 | E(CDIH)=7.506      E(NOE )=11.817                                           |
 -------------------------------------------------------------------------------
 --------------- cycle=   157 ------ stepsize=    0.0000 -----------------------
 | Etotal =-31267.749 grad(E)=3.532      E(BOND)=414.540    E(ANGL)=1608.451   |
 | E(DIHE)=110.470    E(IMPR)=57.234     E(VDW )=2207.082   E(ELEC)=-35684.833 |
 | E(CDIH)=7.514      E(NOE )=11.793                                           |
 -------------------------------------------------------------------------------
 --------------- cycle=   158 ------ stepsize=   -0.0000 -----------------------
 | Etotal =-31267.749 grad(E)=3.506      E(BOND)=414.528    E(ANGL)=1608.458   |
 | E(DIHE)=110.477    E(IMPR)=57.227     E(VDW )=2207.065   E(ELEC)=-35684.809 |
 | E(CDIH)=7.512      E(NOE )=11.793                                           |
 -------------------------------------------------------------------------------
 --------------- cycle=   159 ------ stepsize=    0.0000 -----------------------
 | Etotal =-31273.736 grad(E)=2.831      E(BOND)=412.117    E(ANGL)=1605.423   |
 | E(DIHE)=110.074    E(IMPR)=57.635     E(VDW )=2208.704   E(ELEC)=-35687.010 |
 | E(CDIH)=7.571      E(NOE )=11.751                                           |
 -------------------------------------------------------------------------------
 --------------- cycle=   160 ------ stepsize=    0.0000 -----------------------
 | Etotal =-31274.249 grad(E)=3.669      E(BOND)=412.226    E(ANGL)=1604.659   |
 | E(DIHE)=109.928    E(IMPR)=57.979     E(VDW )=2209.367   E(ELEC)=-35687.867 |
 | E(CDIH)=7.725      E(NOE )=11.735                                           |
 -------------------------------------------------------------------------------
 --------------- cycle=   161 ------ stepsize=    0.0000 -----------------------
 | Etotal =-31280.255 grad(E)=4.201      E(BOND)=410.206    E(ANGL)=1601.982   |
 | E(DIHE)=111.165    E(IMPR)=57.748     E(VDW )=2211.647   E(ELEC)=-35692.163 |
 | E(CDIH)=7.484      E(NOE )=11.674                                           |
 -------------------------------------------------------------------------------
 --------------- cycle=   162 ------ stepsize=   -0.0000 -----------------------
 | Etotal =-31280.290 grad(E)=3.898      E(BOND)=410.042    E(ANGL)=1602.067   |
 | E(DIHE)=111.075    E(IMPR)=57.739     E(VDW )=2211.481   E(ELEC)=-35691.861 |
 | E(CDIH)=7.488      E(NOE )=11.678                                           |
 -------------------------------------------------------------------------------
 --------------- cycle=   163 ------ stepsize=    0.0000 -----------------------
 | Etotal =-31285.804 grad(E)=4.311      E(BOND)=409.261    E(ANGL)=1599.761   |
 | E(DIHE)=112.071    E(IMPR)=58.205     E(VDW )=2213.776   E(ELEC)=-35697.961 |
 | E(CDIH)=7.457      E(NOE )=11.627                                           |
 -------------------------------------------------------------------------------
 --------------- cycle=   164 ------ stepsize=   -0.0000 -----------------------
 | Etotal =-31285.846 grad(E)=3.954      E(BOND)=409.002    E(ANGL)=1599.851   |
 | E(DIHE)=111.990    E(IMPR)=58.131     E(VDW )=2213.586   E(ELEC)=-35697.472 |
 | E(CDIH)=7.435      E(NOE )=11.631                                           |
 -------------------------------------------------------------------------------
 --------------- cycle=   165 ------ stepsize=    0.0000 -----------------------
 | Etotal =-31291.742 grad(E)=3.814      E(BOND)=409.987    E(ANGL)=1599.436   |
 | E(DIHE)=111.284    E(IMPR)=58.557     E(VDW )=2215.877   E(ELEC)=-35706.002 |
 | E(CDIH)=7.536      E(NOE )=11.584                                           |
 -------------------------------------------------------------------------------
 --------------- cycle=   166 ------ stepsize=    0.0000 -----------------------
 | Etotal =-31291.764 grad(E)=4.049      E(BOND)=410.309    E(ANGL)=1599.481   |
 | E(DIHE)=111.239    E(IMPR)=58.599     E(VDW )=2216.031   E(ELEC)=-35706.555 |
 | E(CDIH)=7.551      E(NOE )=11.581                                           |
 -------------------------------------------------------------------------------
 --------------- cycle=   167 ------ stepsize=    0.0000 -----------------------
 | Etotal =-31298.172 grad(E)=3.763      E(BOND)=412.651    E(ANGL)=1599.699   |
 | E(DIHE)=110.793    E(IMPR)=58.798     E(VDW )=2218.496   E(ELEC)=-35717.883 |
 | E(CDIH)=7.756      E(NOE )=11.520                                           |
 -------------------------------------------------------------------------------
 --------------- cycle=   168 ------ stepsize=    0.0000 -----------------------
 | Etotal =-31298.216 grad(E)=4.086      E(BOND)=413.204    E(ANGL)=1599.838   |
 | E(DIHE)=110.753    E(IMPR)=58.855     E(VDW )=2218.726   E(ELEC)=-35718.906 |
 | E(CDIH)=7.800      E(NOE )=11.514                                           |
 -------------------------------------------------------------------------------
 --------------- cycle=   169 ------ stepsize=    0.0000 -----------------------
 | Etotal =-31304.454 grad(E)=4.065      E(BOND)=416.771    E(ANGL)=1600.931   |
 | E(DIHE)=111.706    E(IMPR)=59.133     E(VDW )=2221.581   E(ELEC)=-35733.750 |
 | E(CDIH)=7.749      E(NOE )=11.425                                           |
 -------------------------------------------------------------------------------
 --------------- cycle=   170 ------ stepsize=   -0.0000 -----------------------
 | Etotal =-31304.461 grad(E)=3.933      E(BOND)=416.507    E(ANGL)=1600.856   |
 | E(DIHE)=111.675    E(IMPR)=59.116     E(VDW )=2221.487   E(ELEC)=-35733.275 |
 | E(CDIH)=7.746      E(NOE )=11.428                                           |
 -------------------------------------------------------------------------------
 --------------- cycle=   171 ------ stepsize=    0.0000 -----------------------
 | Etotal =-31311.529 grad(E)=2.985      E(BOND)=420.541    E(ANGL)=1602.685   |
 | E(DIHE)=111.313    E(IMPR)=58.785     E(VDW )=2224.199   E(ELEC)=-35747.760 |
 | E(CDIH)=7.388      E(NOE )=11.320                                           |
 -------------------------------------------------------------------------------
 --------------- cycle=   172 ------ stepsize=    0.0000 -----------------------
 | Etotal =-31311.929 grad(E)=3.679      E(BOND)=422.741    E(ANGL)=1603.660   |
 | E(DIHE)=111.209    E(IMPR)=58.860     E(VDW )=2225.045   E(ELEC)=-35752.121 |
 | E(CDIH)=7.390      E(NOE )=11.287                                           |
 -------------------------------------------------------------------------------
 --------------- cycle=   173 ------ stepsize=    0.0000 -----------------------
 | Etotal =-31319.075 grad(E)=3.722      E(BOND)=427.523    E(ANGL)=1605.149   |
 | E(DIHE)=111.779    E(IMPR)=58.009     E(VDW )=2228.240   E(ELEC)=-35768.341 |
 | E(CDIH)=7.434      E(NOE )=11.132                                           |
 -------------------------------------------------------------------------------
 --------------- cycle=   174 ------ stepsize=    0.0000 -----------------------
 | Etotal =-31319.124 grad(E)=4.042      E(BOND)=428.360    E(ANGL)=1605.405   |
 | E(DIHE)=111.832    E(IMPR)=57.966     E(VDW )=2228.538   E(ELEC)=-35769.803 |
 | E(CDIH)=7.461      E(NOE )=11.118                                           |
 -------------------------------------------------------------------------------
 --------------- cycle=   175 ------ stepsize=    0.0000 -----------------------
 | Etotal =-31324.759 grad(E)=5.037      E(BOND)=433.816    E(ANGL)=1605.711   |
 | E(DIHE)=112.288    E(IMPR)=57.954     E(VDW )=2232.235   E(ELEC)=-35785.596 |
 | E(CDIH)=7.872      E(NOE )=10.960                                           |
 -------------------------------------------------------------------------------
 --------------- cycle=   176 ------ stepsize=   -0.0000 -----------------------
 | Etotal =-31325.037 grad(E)=4.086      E(BOND)=431.934    E(ANGL)=1605.426   |
 | E(DIHE)=112.205    E(IMPR)=57.887     E(VDW )=2231.559   E(ELEC)=-35782.785 |
 | E(CDIH)=7.751      E(NOE )=10.988                                           |
 -------------------------------------------------------------------------------
 --------------- cycle=   177 ------ stepsize=    0.0000 -----------------------
 | Etotal =-31330.933 grad(E)=3.976      E(BOND)=433.641    E(ANGL)=1606.039   |
 | E(DIHE)=112.011    E(IMPR)=57.895     E(VDW )=2234.589   E(ELEC)=-35793.636 |
 | E(CDIH)=7.644      E(NOE )=10.884                                           |
 -------------------------------------------------------------------------------
 --------------- cycle=   178 ------ stepsize=   -0.0000 -----------------------
 | Etotal =-31330.933 grad(E)=3.966      E(BOND)=433.626    E(ANGL)=1606.035   |
 | E(DIHE)=112.011    E(IMPR)=57.894     E(VDW )=2234.581   E(ELEC)=-35793.609 |
 | E(CDIH)=7.644      E(NOE )=10.885                                           |
 -------------------------------------------------------------------------------
 --------------- cycle=   179 ------ stepsize=    0.0000 -----------------------
 | Etotal =-31336.139 grad(E)=3.777      E(BOND)=433.334    E(ANGL)=1606.291   |
 | E(DIHE)=111.551    E(IMPR)=57.952     E(VDW )=2237.461   E(ELEC)=-35800.911 |
 | E(CDIH)=7.369      E(NOE )=10.814                                           |
 -------------------------------------------------------------------------------
 --------------- cycle=   180 ------ stepsize=   -0.0000 -----------------------
 | Etotal =-31336.169 grad(E)=3.496      E(BOND)=433.076    E(ANGL)=1606.200   |
 | E(DIHE)=111.582    E(IMPR)=57.923     E(VDW )=2237.251   E(ELEC)=-35800.391 |
 | E(CDIH)=7.371      E(NOE )=10.819                                           |
 -------------------------------------------------------------------------------
 --------------- cycle=   181 ------ stepsize=    0.0000 -----------------------
 | Etotal =-31341.512 grad(E)=2.763      E(BOND)=430.900    E(ANGL)=1604.137   |
 | E(DIHE)=111.148    E(IMPR)=58.050     E(VDW )=2239.310   E(ELEC)=-35803.171 |
 | E(CDIH)=7.328      E(NOE )=10.784                                           |
 -------------------------------------------------------------------------------
 --------------- cycle=   182 ------ stepsize=    0.0000 -----------------------
 | Etotal =-31342.169 grad(E)=3.728      E(BOND)=431.104    E(ANGL)=1603.595   |
 | E(DIHE)=110.943    E(IMPR)=58.240     E(VDW )=2240.357   E(ELEC)=-35804.542 |
 | E(CDIH)=7.365      E(NOE )=10.768                                           |
 -------------------------------------------------------------------------------
 --------------- cycle=   183 ------ stepsize=    0.0000 -----------------------
 | Etotal =-31346.919 grad(E)=3.959      E(BOND)=426.147    E(ANGL)=1601.997   |
 | E(DIHE)=111.882    E(IMPR)=57.804     E(VDW )=2243.552   E(ELEC)=-35806.553 |
 | E(CDIH)=7.520      E(NOE )=10.733                                           |
 -------------------------------------------------------------------------------
 --------------- cycle=   184 ------ stepsize=   -0.0000 -----------------------
 | Etotal =-31347.134 grad(E)=3.231      E(BOND)=426.327    E(ANGL)=1602.052   |
 | E(DIHE)=111.712    E(IMPR)=57.804     E(VDW )=2242.988   E(ELEC)=-35806.207 |
 | E(CDIH)=7.451      E(NOE )=10.738                                           |
 -------------------------------------------------------------------------------
 --------------- cycle=   185 ------ stepsize=    0.0000 -----------------------
 | Etotal =-31351.469 grad(E)=2.934      E(BOND)=421.506    E(ANGL)=1600.225   |
 | E(DIHE)=112.327    E(IMPR)=57.614     E(VDW )=2244.904   E(ELEC)=-35806.437 |
 | E(CDIH)=7.665      E(NOE )=10.726                                           |
 -------------------------------------------------------------------------------
 --------------- cycle=   186 ------ stepsize=    0.0000 -----------------------
 | Etotal =-31351.536 grad(E)=3.319      E(BOND)=421.209    E(ANGL)=1600.066   |
 | E(DIHE)=112.415    E(IMPR)=57.621     E(VDW )=2245.178   E(ELEC)=-35806.469 |
 | E(CDIH)=7.719      E(NOE )=10.724                                           |
 -------------------------------------------------------------------------------
 --------------- cycle=   187 ------ stepsize=    0.0000 -----------------------
 | Etotal =-31357.039 grad(E)=2.643      E(BOND)=417.021    E(ANGL)=1597.848   |
 | E(DIHE)=112.111    E(IMPR)=57.254     E(VDW )=2247.498   E(ELEC)=-35807.091 |
 | E(CDIH)=7.595      E(NOE )=10.726                                           |
 -------------------------------------------------------------------------------
 --------------- cycle=   188 ------ stepsize=    0.0000 -----------------------
 | Etotal =-31357.408 grad(E)=3.324      E(BOND)=416.502    E(ANGL)=1597.529   |
 | E(DIHE)=112.019    E(IMPR)=57.217     E(VDW )=2248.295   E(ELEC)=-35807.296 |
 | E(CDIH)=7.598      E(NOE )=10.727                                           |
 -------------------------------------------------------------------------------
 --------------- cycle=   189 ------ stepsize=    0.0000 -----------------------
 | Etotal =-31359.879 grad(E)=5.430      E(BOND)=414.709    E(ANGL)=1596.548   |
 | E(DIHE)=112.373    E(IMPR)=57.186     E(VDW )=2251.382   E(ELEC)=-35810.365 |
 | E(CDIH)=7.521      E(NOE )=10.768                                           |
 -------------------------------------------------------------------------------
 --------------- cycle=   190 ------ stepsize=   -0.0000 -----------------------
 | Etotal =-31361.126 grad(E)=3.243      E(BOND)=413.752    E(ANGL)=1596.590   |
 | E(DIHE)=112.241    E(IMPR)=57.076     E(VDW )=2250.229   E(ELEC)=-35809.242 |
 | E(CDIH)=7.476      E(NOE )=10.753                                           |
 -------------------------------------------------------------------------------
 --------------- cycle=   191 ------ stepsize=    0.0000 -----------------------
 | Etotal =-31366.149 grad(E)=2.490      E(BOND)=411.093    E(ANGL)=1596.225   |
 | E(DIHE)=111.606    E(IMPR)=57.544     E(VDW )=2252.113   E(ELEC)=-35813.029 |
 | E(CDIH)=7.497      E(NOE )=10.802                                           |
 -------------------------------------------------------------------------------
 --------------- cycle=   192 ------ stepsize=    0.0000 -----------------------
 | Etotal =-31367.005 grad(E)=3.502      E(BOND)=410.770    E(ANGL)=1596.570   |
 | E(DIHE)=111.237    E(IMPR)=58.048     E(VDW )=2253.307   E(ELEC)=-35815.360 |
 | E(CDIH)=7.590      E(NOE )=10.833                                           |
 -------------------------------------------------------------------------------
 --------------- cycle=   193 ------ stepsize=    0.0000 -----------------------
 | Etotal =-31368.925 grad(E)=5.939      E(BOND)=413.986    E(ANGL)=1598.535   |
 | E(DIHE)=109.887    E(IMPR)=58.149     E(VDW )=2256.629   E(ELEC)=-35824.705 |
 | E(CDIH)=7.656      E(NOE )=10.937                                           |
 -------------------------------------------------------------------------------
 --------------- cycle=   194 ------ stepsize=   -0.0000 -----------------------
 | Etotal =-31370.518 grad(E)=3.277      E(BOND)=410.920    E(ANGL)=1597.360   |
 | E(DIHE)=110.427    E(IMPR)=57.985     E(VDW )=2255.271   E(ELEC)=-35820.947 |
 | E(CDIH)=7.572      E(NOE )=10.895                                           |
 -------------------------------------------------------------------------------
 --------------- cycle=   195 ------ stepsize=    0.0000 -----------------------
 | Etotal =-31374.617 grad(E)=2.393      E(BOND)=411.172    E(ANGL)=1597.778   |
 | E(DIHE)=110.944    E(IMPR)=57.490     E(VDW )=2257.083   E(ELEC)=-35827.615 |
 | E(CDIH)=7.585      E(NOE )=10.948                                           |
 -------------------------------------------------------------------------------
 --------------- cycle=   196 ------ stepsize=    0.0000 -----------------------
 | Etotal =-31375.152 grad(E)=3.174      E(BOND)=412.199    E(ANGL)=1598.344   |
 | E(DIHE)=111.229    E(IMPR)=57.413     E(VDW )=2258.036   E(ELEC)=-35831.049 |
 | E(CDIH)=7.700      E(NOE )=10.975                                           |
 -------------------------------------------------------------------------------
 --------------- cycle=   197 ------ stepsize=    0.0000 -----------------------
 | Etotal =-31379.080 grad(E)=3.826      E(BOND)=414.608    E(ANGL)=1601.212   |
 | E(DIHE)=111.441    E(IMPR)=56.684     E(VDW )=2260.563   E(ELEC)=-35842.163 |
 | E(CDIH)=7.551      E(NOE )=11.023                                           |
 -------------------------------------------------------------------------------
 --------------- cycle=   198 ------ stepsize=   -0.0000 -----------------------
 | Etotal =-31379.134 grad(E)=3.411      E(BOND)=414.046    E(ANGL)=1600.821   |
 | E(DIHE)=111.417    E(IMPR)=56.723     E(VDW )=2260.295   E(ELEC)=-35841.007 |
 | E(CDIH)=7.553      E(NOE )=11.018                                           |
 -------------------------------------------------------------------------------
 --------------- cycle=   199 ------ stepsize=    0.0000 -----------------------
 | Etotal =-31383.241 grad(E)=2.867      E(BOND)=416.122    E(ANGL)=1603.569   |
 | E(DIHE)=110.705    E(IMPR)=56.981     E(VDW )=2262.771   E(ELEC)=-35851.929 |
 | E(CDIH)=7.491      E(NOE )=11.049                                           |
 -------------------------------------------------------------------------------
 --------------- cycle=   200 ------ stepsize=    0.0000 -----------------------
 | Etotal =-31383.245 grad(E)=2.954      E(BOND)=416.267    E(ANGL)=1603.688   |
 | E(DIHE)=110.682    E(IMPR)=57.003     E(VDW )=2262.854   E(ELEC)=-35852.285 |
 | E(CDIH)=7.496      E(NOE )=11.050                                           |
 -------------------------------------------------------------------------------
 POWELL: STEP number limit. Normal termination
 POWELL: Current coordinates set to last minimum
 %PARRDR-info: duplication of bond C    OC  
 %PARRDR-info: duplication of bond CH1E OAS 
 %PARRDR-info: duplication of bond HN   N3T 
 %PARRDR-info: duplication of angle CH2E C    NH1 
 %PARRDR-info: duplication of angle CR1E CR1E CY2 
 %PARRDR-info: duplication of angle OC   C    OC  
 %PARRDR-info: duplication of nonbonded entry H   
 %PARRDR-info: duplication of nonbonded entry HA  
 %PARRDR-info: duplication of nonbonded entry HC  
 %PARRDR-info: duplication of nonbonded entry OP1 
 %PARRDR-info: duplication of nonbonded entry OH  
 %PARRDR-info: duplication of nonbonded entry P   
 %PARRDR-info: duplication of nonbonded entry HO  
 %PARRDR-info: duplication of nonbonded entry HN  
 %PARRDR-info: duplication of nonbonded entry HO  
 %PARRDR-info: duplication of nonbonded entry HO  
 %PARRDR-info: duplication of nonbonded entry HA  
 %PARRDR-info: duplication of nonbonded entry HA  
 %PARRDR-info: duplication of nonbonded entry OC  
 %PARRDR-info: duplication of nonbonded entry C   
AUTOMATIC DEFINITION OF FLEXIBLE SEGMENTS BASED ON INTERMOLECULAR PROXIMITY FOR MOLECULE 1
THE FOLLOWING RESIDUES HAVE BEEN DEFINED AS FLEXIBLE for molecule 1
AUTOMATICALLY SELECTED SEGMENT: SAX,1,A
AUTOMATIC DEFINITION OF FLEXIBLE SEGMENTS BASED ON INTERMOLECULAR PROXIMITY FOR MOLECULE 2
THE FOLLOWING RESIDUES HAVE BEEN DEFINED AS FLEXIBLE for molecule 2
AUTOMATICALLY SELECTED SEGMENT: DT,1,B
AUTOMATICALLY SELECTED SEGMENT: DT,2,B
AUTOMATICALLY SELECTED SEGMENT: DC,3,B
AUTOMATICALLY SELECTED SEGMENT: DT,4,B
AUTOMATICALLY SELECTED SEGMENT: DC,5,B
AUTOMATICALLY SELECTED SEGMENT: DG,6,B
AUTOMATICALLY SELECTED SEGMENT: DC,7,B
AUTOMATICALLY SELECTED SEGMENT: DA,8,B
AUTOMATICALLY SELECTED SEGMENT: DG,9,B
AUTOMATICALLY SELECTED SEGMENT: DC,10,B
AUTOMATICALLY SELECTED SEGMENT: DC,11,B
AUTOMATICALLY SELECTED SEGMENT: DA,12,B
AUTOMATICALLY SELECTED SEGMENT: DG,13,B
AUTOMATICALLY SELECTED SEGMENT: DA,14,B
AUTOMATICALLY SELECTED SEGMENT: DT,15,B
AUTOMATICALLY SELECTED SEGMENT: DC,16,B
AUTOMATICALLY SELECTED SEGMENT: DT,17,B
AUTOMATICALLY SELECTED SEGMENT: DG,18,B
AUTOMATICALLY SELECTED SEGMENT: DG,19,B
AUTOMATICALLY SELECTED SEGMENT: DC,20,B
AUTOMATICALLY SELECTED SEGMENT: DC,21,B
AUTOMATICALLY SELECTED SEGMENT: DA,22,B
AUTOMATICALLY SELECTED SEGMENT: DG,23,B
AUTOMATICALLY SELECTED SEGMENT: DG,24,B
AUTOMATICALLY SELECTED SEGMENT: DT,25,B
AUTOMATICALLY SELECTED SEGMENT: DT,26,B
AUTOMATICALLY SELECTED SEGMENT: DG,27,B
AUTOMATICALLY SELECTED SEGMENT: DT,28,B
AUTOMATICALLY SELECTED SEGMENT: DT,29,B
AUTOMATICALLY SELECTED SEGMENT: DA,30,B
AUTOMATICALLY SELECTED SEGMENT: DC,31,B
AUTOMATICALLY SELECTED SEGMENT: DA,32,B
AUTOMATICALLY SELECTED SEGMENT: DG,33,B
AUTOMATICALLY SELECTED SEGMENT: DC,34,B
AUTOMATICALLY SELECTED SEGMENT: DG,35,B
AUTOMATICALLY SELECTED SEGMENT: DG,36,B
AUTOMATICALLY SELECTED SEGMENT: DA,37,B
AUTOMATICALLY SELECTED SEGMENT: DG,38,B
AUTOMATICALLY SELECTED SEGMENT: DG,39,B
AUTOMATICALLY SELECTED SEGMENT: DT,40,B
AUTOMATICALLY SELECTED SEGMENT: DG,41,B
AUTOMATICALLY SELECTED SEGMENT: DC,42,B
AUTOMATICALLY SELECTED SEGMENT: DT,43,B
AUTOMATICALLY SELECTED SEGMENT: DT,44,B
AUTOMATICALLY SELECTED SEGMENT: DG,45,B
AUTOMATICALLY SELECTED SEGMENT: DG,46,B
AUTOMATICALLY SELECTED SEGMENT: DC,47,B
AUTOMATICALLY SELECTED SEGMENT: DG,48,B
AUTOMATICALLY SELECTED SEGMENT: DT,49,B
AUTOMATICALLY SELECTED SEGMENT: DC,50,B
NO FULLY FLEXIBLE SEGMENTS for molecule 1
NO FULLY FLEXIBLE SEGMENTS for molecule 2
FLEXIBILITY STATISTIC FOR MOLECULE 1 : Nres=1 Nrigid=0 Nflex=1
FLEXIBILITY STATISTIC FOR MOLECULE 2 : Nres=50 Nrigid=0 Nflex=50
 POWELL: number of degrees of freedom= 23334
 NBONDS: generating intra-molecular exclusion list with mode= 5
 MAKINB: mode   5 found     88 exclusions and     71 interactions(1-4)
 NBONDS: found      335 intra-atom interactions
 NBONDS: generating intra-molecular exclusion list with mode= 5
 MAKINB: mode   5 found   4976 exclusions and   3862 interactions(1-4)
 NBONDS: found   102740 intra-atom interactions
 --------------- cycle=    25 ------ stepsize=   -0.0000 -----------------------
 | Etotal =-1015.737  grad(E)=2.059      E(BOND)=21.540     E(ANGL)=1510.824   |
 | E(DIHE)=111.241    E(IMPR)=54.069     E(VDW )=-657.502   E(ELEC)=-2055.910  |
 -------------------------------------------------------------------------------
 --------------- cycle=    50 ------ stepsize=    0.0000 -----------------------
 | Etotal =-1031.559  grad(E)=1.296      E(BOND)=21.518     E(ANGL)=1508.913   |
 | E(DIHE)=109.505    E(IMPR)=55.812     E(VDW )=-660.467   E(ELEC)=-2066.841  |
 -------------------------------------------------------------------------------
 --------------- cycle=    75 ------ stepsize=   -0.0000 -----------------------
 | Etotal =-1042.045  grad(E)=1.270      E(BOND)=21.229     E(ANGL)=1505.638   |
 | E(DIHE)=110.563    E(IMPR)=57.672     E(VDW )=-662.251   E(ELEC)=-2074.896  |
 -------------------------------------------------------------------------------
 --------------- cycle=   100 ------ stepsize=    0.0000 -----------------------
 | Etotal =-1052.009  grad(E)=1.473      E(BOND)=20.758     E(ANGL)=1504.325   |
 | E(DIHE)=112.398    E(IMPR)=57.827     E(VDW )=-663.897   E(ELEC)=-2083.420  |
 -------------------------------------------------------------------------------
 POWELL: STEP number limit. Normal termination
 POWELL: Current coordinates set to last minimum
 --------------- cycle=     2 --------------------------------------------------
 | Etotal =-1052.009  grad(E)=1.473      E(BOND)=20.758     E(ANGL)=1504.325   |
 | E(DIHE)=112.398    E(IMPR)=57.827     E(VDW )=-663.897   E(ELEC)=-2083.420  |
 -------------------------------------------------------------------------------
FREE MOLECULES INTERNAL ENERGY = -1052.01
 NBONDS: generating intra-molecular exclusion list with mode= 5
 MAKINB: mode   5 found     88 exclusions and     71 interactions(1-4)
 NBONDS: found      335 intra-atom interactions
 NBONDS: generating intra-molecular exclusion list with mode= 5
 MAKINB: mode   5 found   4976 exclusions and   3862 interactions(1-4)
 NBONDS: found   102740 intra-atom interactions
 --------------- cycle=     3 --------------------------------------------------
 | Etotal =-979.799   grad(E)=4.121      E(BOND)=27.083     E(ANGL)=1525.006   |
 | E(DIHE)=110.682    E(IMPR)=57.003     E(VDW )=-654.674   E(ELEC)=-2044.898  |
 -------------------------------------------------------------------------------
 NBONDS: generating intra-molecular exclusion list with mode= 5
 MAKINB: mode   5 found      0 exclusions and      0 interactions(1-4)
 NBONDS: found     2573 intra-atom interactions
 --------------- cycle=     4 --------------------------------------------------
 | Etotal =-20.065    grad(E)=2.422      E(BOND)=0.000      E(ANGL)=0.000      |
 | E(DIHE)=0.000      E(IMPR)=0.000      E(VDW )=-5.972     E(ELEC)=-32.639    |
 | E(CDIH)=7.496      E(NOE )=11.050                                           |
 -------------------------------------------------------------------------------
 $$$$$$$$$$$$$$$$$$ working set $$$$$$$$$$$$$$$$$$$$$$$$$$$$$$

 NOEPRI: RMS diff. =   0.057,  #(violat.> 0.3)=     0 of     50 NOEs
 NOEPRI: RMS diff. class AMBI =   0.049,  #(viol.> 0.3)=     0 of      3 NOEs
 NOEPRI: RMS diff. class HRES =   0.057,  #(viol.> 0.3)=     0 of     47 NOEs
 $$$$$$$$$$$$$$$$$$$$ test set (TEST=    2)  $$$$$$$$$$$$$$$$$$$$$$

 ++++++++++++++++++++++++++++++++++++++++++++++++++++++++++++++++++++++++++++++
 +++++++++++++++++++++++++++++++ CLASS AMBI +++++++++++++++++++++++++++++++++++
 for this class: SCALe=  50.000 AVERage=sum    POTEntial=soft-square
                 SQCOnstant=   1.000 SQEXponent=    2 SQOFfsets(+/-)=   0.000   0.000
                 SOEXponent=    1 RSWItch=   0.500 ASYMptote=   0.100
 
 ========== restraint     2 ==========
 set-i-atoms
          B    16   DC   P   
          B    16   DC   OP1 
          B    16   DC   OP2 
          B    16   DC   O5' 
          B    16   DC   C5' 
          B    16   DC   H5' 
          B    16   DC   H5''
          B    16   DC   C4' 
          B    16   DC   H4' 
          B    16   DC   O4' 
          B    16   DC   C1' 
          B    16   DC   H1' 
          B    16   DC   N1  
          B    16   DC   C6  
          B    16   DC   H6  
          B    16   DC   C2  
          B    16   DC   O2  
          B    16   DC   N3  
          B    16   DC   C4  
          B    16   DC   N4  
          B    16   DC   H41 
          B    16   DC   H42 
          B    16   DC   C5  
          B    16   DC   H5  
          B    16   DC   C2' 
          B    16   DC   H2' 
          B    16   DC   H2''
          B    16   DC   C3' 
          B    16   DC   H3' 
          B    16   DC   O3' 
 set-j-atoms
          A    1    SAX  N1  
          A    1    SAX  HAI 
          A    1    SAX  C4  
          A    1    SAX  N2  
          A    1    SAX  HAD 
          A    1    SAX  H5  
          A    1    SAX  N3  
          A    1    SAX  C10 
          A    1    SAX  C9  
          A    1    SAX  C8  
          A    1    SAX  O3  
          A    1    SAX  HAA 
          A    1    SAX  O4  
          A    1    SAX  HAB 
          A    1    SAX  C5  
          A    1    SAX  N4  
          A    1    SAX  HAJ 
          A    1    SAX  C6  
          A    1    SAX  N6  
          A    1    SAX  HAF 
          A    1    SAX  H8  
          A    1    SAX  N5  
          A    1    SAX  HAK 
          A    1    SAX  C7  
          A    1    SAX  C3  
          A    1    SAX  C2  
          A    1    SAX  O2  
          A    1    SAX  C1  
          A    1    SAX  O1  
          A    1    SAX  N7  
          A    1    SAX  H16 
          A    1    SAX  H17 
 R<average>=   4.880 NOE= 2.00 (- 2.00/+ 0.00) Delta=  -2.880  E(NOE)=  42.992
 ========== restraint     3 ==========
 set-i-atoms
          B    17   DT   P   
          B    17   DT   OP1 
          B    17   DT   OP2 
          B    17   DT   O5' 
          B    17   DT   C5' 
          B    17   DT   H5' 
          B    17   DT   H5''
          B    17   DT   C4' 
          B    17   DT   H4' 
          B    17   DT   O4' 
          B    17   DT   C1' 
          B    17   DT   H1' 
          B    17   DT   N1  
          B    17   DT   C6  
          B    17   DT   H6  
          B    17   DT   C2  
          B    17   DT   O2  
          B    17   DT   N3  
          B    17   DT   H3  
          B    17   DT   C4  
          B    17   DT   O4  
          B    17   DT   C5  
          B    17   DT   C7  
          B    17   DT   H71 
          B    17   DT   H72 
          B    17   DT   H73 
          B    17   DT   C2' 
          B    17   DT   H2' 
          B    17   DT   H2''
          B    17   DT   C3' 
          B    17   DT   H3' 
          B    17   DT   O3' 
 set-j-atoms
          A    1    SAX  N1  
          A    1    SAX  HAI 
          A    1    SAX  C4  
          A    1    SAX  N2  
          A    1    SAX  HAD 
          A    1    SAX  H5  
          A    1    SAX  N3  
          A    1    SAX  C10 
          A    1    SAX  C9  
          A    1    SAX  C8  
          A    1    SAX  O3  
          A    1    SAX  HAA 
          A    1    SAX  O4  
          A    1    SAX  HAB 
          A    1    SAX  C5  
          A    1    SAX  N4  
          A    1    SAX  HAJ 
          A    1    SAX  C6  
          A    1    SAX  N6  
          A    1    SAX  HAF 
          A    1    SAX  H8  
          A    1    SAX  N5  
          A    1    SAX  HAK 
          A    1    SAX  C7  
          A    1    SAX  C3  
          A    1    SAX  C2  
          A    1    SAX  O2  
          A    1    SAX  C1  
          A    1    SAX  O1  
          A    1    SAX  N7  
          A    1    SAX  H16 
          A    1    SAX  H17 
 R<average>=   3.379 NOE= 2.00 (- 2.00/+ 0.00) Delta=  -1.379  E(NOE)=  31.233
 ========== restraint     7 ==========
 set-i-atoms
          B    21   DC   P   
          B    21   DC   OP1 
          B    21   DC   OP2 
          B    21   DC   O5' 
          B    21   DC   C5' 
          B    21   DC   H5' 
          B    21   DC   H5''
          B    21   DC   C4' 
          B    21   DC   H4' 
          B    21   DC   O4' 
          B    21   DC   C1' 
          B    21   DC   H1' 
          B    21   DC   N1  
          B    21   DC   C6  
          B    21   DC   H6  
          B    21   DC   C2  
          B    21   DC   O2  
          B    21   DC   N3  
          B    21   DC   C4  
          B    21   DC   N4  
          B    21   DC   H41 
          B    21   DC   H42 
          B    21   DC   C5  
          B    21   DC   H5  
          B    21   DC   C2' 
          B    21   DC   H2' 
          B    21   DC   H2''
          B    21   DC   C3' 
          B    21   DC   H3' 
          B    21   DC   O3' 
 set-j-atoms
          A    1    SAX  N1  
          A    1    SAX  HAI 
          A    1    SAX  C4  
          A    1    SAX  N2  
          A    1    SAX  HAD 
          A    1    SAX  H5  
          A    1    SAX  N3  
          A    1    SAX  C10 
          A    1    SAX  C9  
          A    1    SAX  C8  
          A    1    SAX  O3  
          A    1    SAX  HAA 
          A    1    SAX  O4  
          A    1    SAX  HAB 
          A    1    SAX  C5  
          A    1    SAX  N4  
          A    1    SAX  HAJ 
          A    1    SAX  C6  
          A    1    SAX  N6  
          A    1    SAX  HAF 
          A    1    SAX  H8  
          A    1    SAX  N5  
          A    1    SAX  HAK 
          A    1    SAX  C7  
          A    1    SAX  C3  
          A    1    SAX  C2  
          A    1    SAX  O2  
          A    1    SAX  C1  
          A    1    SAX  O1  
          A    1    SAX  N7  
          A    1    SAX  H16 
          A    1    SAX  H17 
 R<average>=   4.084 NOE= 2.00 (- 2.00/+ 0.00) Delta=  -2.084  E(NOE)=  37.518
 ========== restraint     8 ==========
 set-i-atoms
          B    22   DA   P   
          B    22   DA   OP1 
          B    22   DA   OP2 
          B    22   DA   O5' 
          B    22   DA   C5' 
          B    22   DA   H5' 
          B    22   DA   H5''
          B    22   DA   C4' 
          B    22   DA   H4' 
          B    22   DA   O4' 
          B    22   DA   C1' 
          B    22   DA   H1' 
          B    22   DA   N9  
          B    22   DA   C4  
          B    22   DA   N3  
          B    22   DA   C2  
          B    22   DA   H2  
          B    22   DA   N1  
          B    22   DA   C6  
          B    22   DA   N6  
          B    22   DA   H61 
          B    22   DA   H62 
          B    22   DA   C5  
          B    22   DA   N7  
          B    22   DA   C8  
          B    22   DA   H8  
          B    22   DA   C2' 
          B    22   DA   H2' 
          B    22   DA   H2''
          B    22   DA   C3' 
          B    22   DA   H3' 
          B    22   DA   O3' 
 set-j-atoms
          A    1    SAX  N1  
          A    1    SAX  HAI 
          A    1    SAX  C4  
          A    1    SAX  N2  
          A    1    SAX  HAD 
          A    1    SAX  H5  
          A    1    SAX  N3  
          A    1    SAX  C10 
          A    1    SAX  C9  
          A    1    SAX  C8  
          A    1    SAX  O3  
          A    1    SAX  HAA 
          A    1    SAX  O4  
          A    1    SAX  HAB 
          A    1    SAX  C5  
          A    1    SAX  N4  
          A    1    SAX  HAJ 
          A    1    SAX  C6  
          A    1    SAX  N6  
          A    1    SAX  HAF 
          A    1    SAX  H8  
          A    1    SAX  N5  
          A    1    SAX  HAK 
          A    1    SAX  C7  
          A    1    SAX  C3  
          A    1    SAX  C2  
          A    1    SAX  O2  
          A    1    SAX  C1  
          A    1    SAX  O1  
          A    1    SAX  N7  
          A    1    SAX  H16 
          A    1    SAX  H17 
 R<average>=   5.546 NOE= 2.00 (- 2.00/+ 0.00) Delta=  -3.546  E(NOE)=  47.059
 ========== restraint     9 ==========
 set-i-atoms
          B    23   DG   P   
          B    23   DG   OP1 
          B    23   DG   OP2 
          B    23   DG   O5' 
          B    23   DG   C5' 
          B    23   DG   H5' 
          B    23   DG   H5''
          B    23   DG   C4' 
          B    23   DG   H4' 
          B    23   DG   O4' 
          B    23   DG   C1' 
          B    23   DG   H1' 
          B    23   DG   N9  
          B    23   DG   C4  
          B    23   DG   N3  
          B    23   DG   C2  
          B    23   DG   N2  
          B    23   DG   H21 
          B    23   DG   H22 
          B    23   DG   N1  
          B    23   DG   H1  
          B    23   DG   C6  
          B    23   DG   O6  
          B    23   DG   C5  
          B    23   DG   N7  
          B    23   DG   C8  
          B    23   DG   H8  
          B    23   DG   C2' 
          B    23   DG   H2' 
          B    23   DG   H2''
          B    23   DG   C3' 
          B    23   DG   H3' 
          B    23   DG   O3' 
 set-j-atoms
          A    1    SAX  N1  
          A    1    SAX  HAI 
          A    1    SAX  C4  
          A    1    SAX  N2  
          A    1    SAX  HAD 
          A    1    SAX  H5  
          A    1    SAX  N3  
          A    1    SAX  C10 
          A    1    SAX  C9  
          A    1    SAX  C8  
          A    1    SAX  O3  
          A    1    SAX  HAA 
          A    1    SAX  O4  
          A    1    SAX  HAB 
          A    1    SAX  C5  
          A    1    SAX  N4  
          A    1    SAX  HAJ 
          A    1    SAX  C6  
          A    1    SAX  N6  
          A    1    SAX  HAF 
          A    1    SAX  H8  
          A    1    SAX  N5  
          A    1    SAX  HAK 
          A    1    SAX  C7  
          A    1    SAX  C3  
          A    1    SAX  C2  
          A    1    SAX  O2  
          A    1    SAX  C1  
          A    1    SAX  O1  
          A    1    SAX  N7  
          A    1    SAX  H16 
          A    1    SAX  H17 
 R<average>=   7.063 NOE= 2.00 (- 2.00/+ 0.00) Delta=  -5.063  E(NOE)=  55.593
 ========== restraint    10 ==========
 set-i-atoms
          B    24   DG   P   
          B    24   DG   OP1 
          B    24   DG   OP2 
          B    24   DG   O5' 
          B    24   DG   C5' 
          B    24   DG   H5' 
          B    24   DG   H5''
          B    24   DG   C4' 
          B    24   DG   H4' 
          B    24   DG   O4' 
          B    24   DG   C1' 
          B    24   DG   H1' 
          B    24   DG   N9  
          B    24   DG   C4  
          B    24   DG   N3  
          B    24   DG   C2  
          B    24   DG   N2  
          B    24   DG   H21 
          B    24   DG   H22 
          B    24   DG   N1  
          B    24   DG   H1  
          B    24   DG   C6  
          B    24   DG   O6  
          B    24   DG   C5  
          B    24   DG   N7  
          B    24   DG   C8  
          B    24   DG   H8  
          B    24   DG   C2' 
          B    24   DG   H2' 
          B    24   DG   H2''
          B    24   DG   C3' 
          B    24   DG   H3' 
          B    24   DG   O3' 
 set-j-atoms
          A    1    SAX  N1  
          A    1    SAX  HAI 
          A    1    SAX  C4  
          A    1    SAX  N2  
          A    1    SAX  HAD 
          A    1    SAX  H5  
          A    1    SAX  N3  
          A    1    SAX  C10 
          A    1    SAX  C9  
          A    1    SAX  C8  
          A    1    SAX  O3  
          A    1    SAX  HAA 
          A    1    SAX  O4  
          A    1    SAX  HAB 
          A    1    SAX  C5  
          A    1    SAX  N4  
          A    1    SAX  HAJ 
          A    1    SAX  C6  
          A    1    SAX  N6  
          A    1    SAX  HAF 
          A    1    SAX  H8  
          A    1    SAX  N5  
          A    1    SAX  HAK 
          A    1    SAX  C7  
          A    1    SAX  C3  
          A    1    SAX  C2  
          A    1    SAX  O2  
          A    1    SAX  C1  
          A    1    SAX  O1  
          A    1    SAX  N7  
          A    1    SAX  H16 
          A    1    SAX  H17 
 R<average>=   7.935 NOE= 2.00 (- 2.00/+ 0.00) Delta=  -5.935  E(NOE)=  60.277
 ========== restraint    11 ==========
 set-i-atoms
          B    25   DT   P   
          B    25   DT   OP1 
          B    25   DT   OP2 
          B    25   DT   O5' 
          B    25   DT   C5' 
          B    25   DT   H5' 
          B    25   DT   H5''
          B    25   DT   C4' 
          B    25   DT   H4' 
          B    25   DT   O4' 
          B    25   DT   C1' 
          B    25   DT   H1' 
          B    25   DT   N1  
          B    25   DT   C6  
          B    25   DT   H6  
          B    25   DT   C2  
          B    25   DT   O2  
          B    25   DT   N3  
          B    25   DT   H3  
          B    25   DT   C4  
          B    25   DT   O4  
          B    25   DT   C5  
          B    25   DT   C7  
          B    25   DT   H71 
          B    25   DT   H72 
          B    25   DT   H73 
          B    25   DT   C2' 
          B    25   DT   H2' 
          B    25   DT   H2''
          B    25   DT   C3' 
          B    25   DT   H3' 
          B    25   DT   O3' 
 set-j-atoms
          A    1    SAX  N1  
          A    1    SAX  HAI 
          A    1    SAX  C4  
          A    1    SAX  N2  
          A    1    SAX  HAD 
          A    1    SAX  H5  
          A    1    SAX  N3  
          A    1    SAX  C10 
          A    1    SAX  C9  
          A    1    SAX  C8  
          A    1    SAX  O3  
          A    1    SAX  HAA 
          A    1    SAX  O4  
          A    1    SAX  HAB 
          A    1    SAX  C5  
          A    1    SAX  N4  
          A    1    SAX  HAJ 
          A    1    SAX  C6  
          A    1    SAX  N6  
          A    1    SAX  HAF 
          A    1    SAX  H8  
          A    1    SAX  N5  
          A    1    SAX  HAK 
          A    1    SAX  C7  
          A    1    SAX  C3  
          A    1    SAX  C2  
          A    1    SAX  O2  
          A    1    SAX  C1  
          A    1    SAX  O1  
          A    1    SAX  N7  
          A    1    SAX  H16 
          A    1    SAX  H17 
 R<average>=   9.058 NOE= 2.00 (- 2.00/+ 0.00) Delta=  -7.058  E(NOE)=  66.198
 ========== restraint    12 ==========
 set-i-atoms
          B    26   DT   P   
          B    26   DT   OP1 
          B    26   DT   OP2 
          B    26   DT   O5' 
          B    26   DT   C5' 
          B    26   DT   H5' 
          B    26   DT   H5''
          B    26   DT   C4' 
          B    26   DT   H4' 
          B    26   DT   O4' 
          B    26   DT   C1' 
          B    26   DT   H1' 
          B    26   DT   N1  
          B    26   DT   C6  
          B    26   DT   H6  
          B    26   DT   C2  
          B    26   DT   O2  
          B    26   DT   N3  
          B    26   DT   H3  
          B    26   DT   C4  
          B    26   DT   O4  
          B    26   DT   C5  
          B    26   DT   C7  
          B    26   DT   H71 
          B    26   DT   H72 
          B    26   DT   H73 
          B    26   DT   C2' 
          B    26   DT   H2' 
          B    26   DT   H2''
          B    26   DT   C3' 
          B    26   DT   H3' 
          B    26   DT   O3' 
 set-j-atoms
          A    1    SAX  N1  
          A    1    SAX  HAI 
          A    1    SAX  C4  
          A    1    SAX  N2  
          A    1    SAX  HAD 
          A    1    SAX  H5  
          A    1    SAX  N3  
          A    1    SAX  C10 
          A    1    SAX  C9  
          A    1    SAX  C8  
          A    1    SAX  O3  
          A    1    SAX  HAA 
          A    1    SAX  O4  
          A    1    SAX  HAB 
          A    1    SAX  C5  
          A    1    SAX  N4  
          A    1    SAX  HAJ 
          A    1    SAX  C6  
          A    1    SAX  N6  
          A    1    SAX  HAF 
          A    1    SAX  H8  
          A    1    SAX  N5  
          A    1    SAX  HAK 
          A    1    SAX  C7  
          A    1    SAX  C3  
          A    1    SAX  C2  
          A    1    SAX  O2  
          A    1    SAX  C1  
          A    1    SAX  O1  
          A    1    SAX  N7  
          A    1    SAX  H16 
          A    1    SAX  H17 
 R<average>=   9.831 NOE= 2.00 (- 2.00/+ 0.00) Delta=  -7.831  E(NOE)=  70.220
 ========== restraint    13 ==========
 set-i-atoms
          B    27   DG   P   
          B    27   DG   OP1 
          B    27   DG   OP2 
          B    27   DG   O5' 
          B    27   DG   C5' 
          B    27   DG   H5' 
          B    27   DG   H5''
          B    27   DG   C4' 
          B    27   DG   H4' 
          B    27   DG   O4' 
          B    27   DG   C1' 
          B    27   DG   H1' 
          B    27   DG   N9  
          B    27   DG   C4  
          B    27   DG   N3  
          B    27   DG   C2  
          B    27   DG   N2  
          B    27   DG   H21 
          B    27   DG   H22 
          B    27   DG   N1  
          B    27   DG   H1  
          B    27   DG   C6  
          B    27   DG   O6  
          B    27   DG   C5  
          B    27   DG   N7  
          B    27   DG   C8  
          B    27   DG   H8  
          B    27   DG   C2' 
          B    27   DG   H2' 
          B    27   DG   H2''
          B    27   DG   C3' 
          B    27   DG   H3' 
          B    27   DG   O3' 
 set-j-atoms
          A    1    SAX  N1  
          A    1    SAX  HAI 
          A    1    SAX  C4  
          A    1    SAX  N2  
          A    1    SAX  HAD 
          A    1    SAX  H5  
          A    1    SAX  N3  
          A    1    SAX  C10 
          A    1    SAX  C9  
          A    1    SAX  C8  
          A    1    SAX  O3  
          A    1    SAX  HAA 
          A    1    SAX  O4  
          A    1    SAX  HAB 
          A    1    SAX  C5  
          A    1    SAX  N4  
          A    1    SAX  HAJ 
          A    1    SAX  C6  
          A    1    SAX  N6  
          A    1    SAX  HAF 
          A    1    SAX  H8  
          A    1    SAX  N5  
          A    1    SAX  HAK 
          A    1    SAX  C7  
          A    1    SAX  C3  
          A    1    SAX  C2  
          A    1    SAX  O2  
          A    1    SAX  C1  
          A    1    SAX  O1  
          A    1    SAX  N7  
          A    1    SAX  H16 
          A    1    SAX  H17 
 R<average>=  10.289 NOE= 2.00 (- 2.00/+ 0.00) Delta=  -8.289  E(NOE)=  72.587
 ========== restraint    14 ==========
 set-i-atoms
          B    28   DT   P   
          B    28   DT   OP1 
          B    28   DT   OP2 
          B    28   DT   O5' 
          B    28   DT   C5' 
          B    28   DT   H5' 
          B    28   DT   H5''
          B    28   DT   C4' 
          B    28   DT   H4' 
          B    28   DT   O4' 
          B    28   DT   C1' 
          B    28   DT   H1' 
          B    28   DT   N1  
          B    28   DT   C6  
          B    28   DT   H6  
          B    28   DT   C2  
          B    28   DT   O2  
          B    28   DT   N3  
          B    28   DT   H3  
          B    28   DT   C4  
          B    28   DT   O4  
          B    28   DT   C5  
          B    28   DT   C7  
          B    28   DT   H71 
          B    28   DT   H72 
          B    28   DT   H73 
          B    28   DT   C2' 
          B    28   DT   H2' 
          B    28   DT   H2''
          B    28   DT   C3' 
          B    28   DT   H3' 
          B    28   DT   O3' 
 set-j-atoms
          A    1    SAX  N1  
          A    1    SAX  HAI 
          A    1    SAX  C4  
          A    1    SAX  N2  
          A    1    SAX  HAD 
          A    1    SAX  H5  
          A    1    SAX  N3  
          A    1    SAX  C10 
          A    1    SAX  C9  
          A    1    SAX  C8  
          A    1    SAX  O3  
          A    1    SAX  HAA 
          A    1    SAX  O4  
          A    1    SAX  HAB 
          A    1    SAX  C5  
          A    1    SAX  N4  
          A    1    SAX  HAJ 
          A    1    SAX  C6  
          A    1    SAX  N6  
          A    1    SAX  HAF 
          A    1    SAX  H8  
          A    1    SAX  N5  
          A    1    SAX  HAK 
          A    1    SAX  C7  
          A    1    SAX  C3  
          A    1    SAX  C2  
          A    1    SAX  O2  
          A    1    SAX  C1  
          A    1    SAX  O1  
          A    1    SAX  N7  
          A    1    SAX  H16 
          A    1    SAX  H17 
 R<average>=  11.507 NOE= 2.00 (- 2.00/+ 0.00) Delta=  -9.507  E(NOE)=  78.851
 ========== restraint    15 ==========
 set-i-atoms
          B    29   DT   P   
          B    29   DT   OP1 
          B    29   DT   OP2 
          B    29   DT   O5' 
          B    29   DT   C5' 
          B    29   DT   H5' 
          B    29   DT   H5''
          B    29   DT   C4' 
          B    29   DT   H4' 
          B    29   DT   O4' 
          B    29   DT   C1' 
          B    29   DT   H1' 
          B    29   DT   N1  
          B    29   DT   C6  
          B    29   DT   H6  
          B    29   DT   C2  
          B    29   DT   O2  
          B    29   DT   N3  
          B    29   DT   H3  
          B    29   DT   C4  
          B    29   DT   O4  
          B    29   DT   C5  
          B    29   DT   C7  
          B    29   DT   H71 
          B    29   DT   H72 
          B    29   DT   H73 
          B    29   DT   C2' 
          B    29   DT   H2' 
          B    29   DT   H2''
          B    29   DT   C3' 
          B    29   DT   H3' 
          B    29   DT   O3' 
 set-j-atoms
          A    1    SAX  N1  
          A    1    SAX  HAI 
          A    1    SAX  C4  
          A    1    SAX  N2  
          A    1    SAX  HAD 
          A    1    SAX  H5  
          A    1    SAX  N3  
          A    1    SAX  C10 
          A    1    SAX  C9  
          A    1    SAX  C8  
          A    1    SAX  O3  
          A    1    SAX  HAA 
          A    1    SAX  O4  
          A    1    SAX  HAB 
          A    1    SAX  C5  
          A    1    SAX  N4  
          A    1    SAX  HAJ 
          A    1    SAX  C6  
          A    1    SAX  N6  
          A    1    SAX  HAF 
          A    1    SAX  H8  
          A    1    SAX  N5  
          A    1    SAX  HAK 
          A    1    SAX  C7  
          A    1    SAX  C3  
          A    1    SAX  C2  
          A    1    SAX  O2  
          A    1    SAX  C1  
          A    1    SAX  O1  
          A    1    SAX  N7  
          A    1    SAX  H16 
          A    1    SAX  H17 
 R<average>=  12.283 NOE= 2.00 (- 2.00/+ 0.00) Delta= -10.283  E(NOE)=  82.821
 ========== restraint    16 ==========
 set-i-atoms
          B    30   DA   P   
          B    30   DA   OP1 
          B    30   DA   OP2 
          B    30   DA   O5' 
          B    30   DA   C5' 
          B    30   DA   H5' 
          B    30   DA   H5''
          B    30   DA   C4' 
          B    30   DA   H4' 
          B    30   DA   O4' 
          B    30   DA   C1' 
          B    30   DA   H1' 
          B    30   DA   N9  
          B    30   DA   C4  
          B    30   DA   N3  
          B    30   DA   C2  
          B    30   DA   H2  
          B    30   DA   N1  
          B    30   DA   C6  
          B    30   DA   N6  
          B    30   DA   H61 
          B    30   DA   H62 
          B    30   DA   C5  
          B    30   DA   N7  
          B    30   DA   C8  
          B    30   DA   H8  
          B    30   DA   C2' 
          B    30   DA   H2' 
          B    30   DA   H2''
          B    30   DA   C3' 
          B    30   DA   H3' 
          B    30   DA   O3' 
 set-j-atoms
          A    1    SAX  N1  
          A    1    SAX  HAI 
          A    1    SAX  C4  
          A    1    SAX  N2  
          A    1    SAX  HAD 
          A    1    SAX  H5  
          A    1    SAX  N3  
          A    1    SAX  C10 
          A    1    SAX  C9  
          A    1    SAX  C8  
          A    1    SAX  O3  
          A    1    SAX  HAA 
          A    1    SAX  O4  
          A    1    SAX  HAB 
          A    1    SAX  C5  
          A    1    SAX  N4  
          A    1    SAX  HAJ 
          A    1    SAX  C6  
          A    1    SAX  N6  
          A    1    SAX  HAF 
          A    1    SAX  H8  
          A    1    SAX  N5  
          A    1    SAX  HAK 
          A    1    SAX  C7  
          A    1    SAX  C3  
          A    1    SAX  C2  
          A    1    SAX  O2  
          A    1    SAX  C1  
          A    1    SAX  O1  
          A    1    SAX  N7  
          A    1    SAX  H16 
          A    1    SAX  H17 
 R<average>=  10.615 NOE= 2.00 (- 2.00/+ 0.00) Delta=  -8.615  E(NOE)=  74.270

 NOEPRI: RMS diff. =   6.434,  #(violat.> 0.3)=    12 of     13 NOEs
 NOEPRI: RMS diff. class AMBI =   6.434,  #(viol.> 0.3)=    12 of     13 NOEs
 %NOESET error encountered: duplicate class name specified. 
   (CNS is in mode: SET ABORT=NORMal END)
 --------------- cycle=     5 --------------------------------------------------
 | Etotal =-20.065    grad(E)=2.422      E(BOND)=0.000      E(ANGL)=0.000      |
 | E(DIHE)=0.000      E(IMPR)=0.000      E(VDW )=-5.972     E(ELEC)=-32.639    |
 | E(CDIH)=7.496      E(NOE )=11.050                                           |
 -------------------------------------------------------------------------------
 Total number of dihedral angle restraints=   696
  overall scale =  200.0000
 Number of dihedral angle restraints=  696
 Number of violations greater than    5.000:     0
 RMS deviation=   0.303
 (atom-i        |atom-j        )    dist.   equil.   delta    energy   const. 

 (atom-i        |atom-j        )    dist.   equil.   delta    energy   const. 

 (atom-i        |atom-j        )    dist.   equil.   delta    energy   const. 

 (atom-i        |atom-j        )    dist.   equil.   delta    energy   const. 

 (atom-i        |atom-j        )    dist.   equil.   delta    energy   const. 

 (atom-i        |atom-j        )    dist.   equil.   delta    energy   const. 

 (atom-i        |atom-j        )    dist.   equil.   delta    energy   const. 

 Number of violations greater    0.050:     0
 (atom-i        |atom-j        |atom-k        )  angle    equil.     delta    energy  const. 

 (atom-i        |atom-j        |atom-k        )  angle    equil.     delta    energy  const. 

 (atom-i        |atom-j        |atom-k        )  angle    equil.     delta    energy  const. 

 (atom-i        |atom-j        |atom-k        )  angle    equil.     delta    energy  const. 

 (atom-i        |atom-j        |atom-k        )  angle    equil.     delta    energy  const. 

 (atom-i        |atom-j        |atom-k        )  angle    equil.     delta    energy  const. 

 (atom-i        |atom-j        |atom-k        )  angle    equil.     delta    energy  const. 

 Number of violations greater    5.000:     0
 (atom-i        |atom-j        |atom-k        |atom-L        )    angle    equil.   delta    energy   const.   period

 (atom-i        |atom-j        |atom-k        |atom-L        )    angle    equil.   delta    energy   const.   period

 (atom-i        |atom-j        |atom-k        |atom-L        )    angle    equil.   delta    energy   const.   period

 (atom-i        |atom-j        |atom-k        |atom-L        )    angle    equil.   delta    energy   const.   period

 (atom-i        |atom-j        |atom-k        |atom-L        )    angle    equil.   delta    energy   const.   period

 (atom-i        |atom-j        |atom-k        |atom-L        )    angle    equil.   delta    energy   const.   period

 (atom-i        |atom-j        |atom-k        |atom-L        )    angle    equil.   delta    energy   const.   period

 Number of violations greater    5.000:     0
 (atom-i        |atom-j        |atom-k        |atom-L        )    angle    equil.   delta    energy   const.   period

 (atom-i        |atom-j        |atom-k        |atom-L        )    angle    equil.   delta    energy   const.   period

 (atom-i        |atom-j        |atom-k        |atom-L        )    angle    equil.   delta    energy   const.   period

 (atom-i        |atom-j        |atom-k        |atom-L        )    angle    equil.   delta    energy   const.   period

 (atom-i        |atom-j        |atom-k        |atom-L        )    angle    equil.   delta    energy   const.   period

 (atom-i        |atom-j        |atom-k        |atom-L        )    angle    equil.   delta    energy   const.   period

 (atom-i        |atom-j        |atom-k        |atom-L        )    angle    equil.   delta    energy   const.   period

 Number of violations greater   30.000:     0
 SURFAC: half the sigma value being used for atomic radii.
 SURFAC: ACCEssible surface area
 SURFAC: ACCUracy= 0.07 RH2O=  1.40
         Z-grid=  0.32 number-of-Z-sections=   38
         measures-of-arc=    73 and   178
 SURFAC: half the sigma value being used for atomic radii.
 SURFAC: ACCEssible surface area
 SURFAC: ACCUracy= 0.07 RH2O=  1.40
         Z-grid=  0.25 number-of-Z-sections=  122
         measures-of-arc=  9277 and 18449
 SURFAC: half the sigma value being used for atomic radii.
 SURFAC: ACCEssible surface area
 SURFAC: ACCUracy= 0.07 RH2O=  1.40
         Z-grid=  0.25 number-of-Z-sections=  122
         measures-of-arc=  9517 and 18717
 SCRATC-warning: Pairs of Interacting Groups erased.
 SCRATC-warning: diffusion anistropy database erased.
 SCRATC-warning: susceptibility anistropy database erased.
 NBONDS: generating intra-molecular exclusion list with mode= 5
 MAKINB: mode   5 found      0 exclusions and      0 interactions(1-4)
 NBONDS: found      967 intra-atom interactions
 --------------- cycle=     6 --------------------------------------------------
 | Etotal =-395.223   grad(E)=3.682      E(VDW )=19.408     E(ELEC)=-414.631   |
 -------------------------------------------------------------------------------
 NBONDS: generating intra-molecular exclusion list with mode= 5
 MAKINB: mode   5 found      0 exclusions and      0 interactions(1-4)
 NBONDS: found     2673 intra-atom interactions
 --------------- cycle=     7 --------------------------------------------------
 | Etotal =-101.547   grad(E)=1.894      E(VDW )=2.676      E(ELEC)=-104.223   |
 -------------------------------------------------------------------------------
 NBONDS: generating intra-molecular exclusion list with mode= 5
 MAKINB: mode   5 found     33 exclusions and      0 interactions(1-4)
 NBONDS: found      407 intra-atom interactions
 --------------- cycle=     8 --------------------------------------------------
 | Etotal =16.097     grad(E)=1.163      E(VDW )=9.387      E(ELEC)=6.710      |
 -------------------------------------------------------------------------------
 CWRITE: using atom subset.
 HEAP: maximum use      =  3080136232 current use      =     1536000 bytes
 HEAP: maximum overhead =        6112 current overhead =        1232 bytes
          ============================================================
           Maximum dynamic memory allocation:  3080136232 bytes
           Maximum dynamic memory overhead:          6112 bytes
           Program started at: 04:32:46 on 23-Apr-2026
           Program stopped at: 04:34:07 on 23-Apr-2026
           CPU time used:      80.8965 seconds
          ============================================================
