          ============================================================
          |                                                          |
          |            Crystallography & NMR System (CNS)            |
          |                         CNSsolve                         |
          |                                                          |
          ============================================================
           Version: 1.3 at patch level U
           Status: Special UU release with Rg, paramagnetic
                   and Z-restraints (A. Bonvin, UU 2013)
          ============================================================
           Written by: A.T.Brunger, P.D.Adams, G.M.Clore, W.L.DeLano,
                       P.Gros, R.W.Grosse-Kunstleve,J.-S.Jiang,J.M.Krahn,
                       J.Kuszewski, M.Nilges, N.S.Pannu, R.J.Read,
                       L.M.Rice, G.F.Schroeder, T.Simonson, G.L.Warren.
           Copyright (c) 1997-2010 Yale University
          ============================================================
           Running on machine: hostname unknown (x86_64/Linux,64-bit)
           Program started by: enmr009
           Program started at: 03:35:28 on 23-Apr-2026
          ============================================================

 FFT3C: Using FFTPACK4.1

 CNSsolve>! refine.inp 
 CNSsolve>!    The core docking script of HADDOCK performing rigid-body docking 
 CNSsolve>!    and semi-flexible refinement in torsion angle space 
 CNSsolve>! 
 CNSsolve>! *********************************************************************** 
 CNSsolve>! * Copyright 2003-2018 Alexandre Bonvin, Utrecht University.           * 
 CNSsolve>! * Originally adapted from Aria 1.2 from Nilges and Linge, EMBL.       * 
 CNSsolve>! * All rights reserved.                                                * 
 CNSsolve>! * This code is part of the HADDOCK software and governed by its       * 
 CNSsolve>! * license. Please see the LICENSE file that should have been included * 
 CNSsolve>! * as part of this package.                                            * 
 CNSsolve>! *********************************************************************** 
 CNSsolve>! 
 CNSsolve> 
 CNSsolve>@RUN:protocols/initialize.cns(iteration=$iteration;) 
 ASSFIL: file initialize.cns opened.
 CNSsolve>! initialize.cns 
 CNSsolve>!    Iteration initialization 
 CNSsolve>! 
 CNSsolve>! *********************************************************************** 
 CNSsolve>! * Copyright 2003-2018 Alexandre Bonvin, Utrecht University.           * 
 CNSsolve>! * Originally adapted from Aria 1.2 from Nilges and Linge, EMBL.       * 
 CNSsolve>! * All rights reserved.                                                * 
 CNSsolve>! * This code is part of the HADDOCK software and governed by its       * 
 CNSsolve>! * license. Please see the LICENSE file that should have been included * 
 CNSsolve>! * as part of this package.                                            * 
 CNSsolve>! *********************************************************************** 
 CNSsolve>! 
 CNSsolve> 
 CNSsolve>module (iteration;) 
 &_2_ITERATION set to $_1_ITERATION 
 CNSsolve>evaluate (&iteration = "") 
 EVALUATE: symbol $_1_ITERATION set to "" (string)
 CNSsolve> 
 CNSsolve> 
 CNSsolve>@NEWIT:iteration.cns(iteration=$iteration;) 
 ASSFIL: file iteration.cns opened.
 CNSsolve>module ( iteration ) 
 &_2_ITERATION set to $_1_ITERATION 
 CNSsolve>evaluate (&iteration=0) 
 EVALUATE: symbol $_1_ITERATION set to    0.00000     (real)
 CNSsolve> 
 CNSsolve>@RUN:run.cns( 
 ASSFIL: file run.cns opened.
 CNSsolve>! run.cns 
 CNSsolve>!    The file containing all parameters for HADDOCK 
 CNSsolve>! 
 CNSsolve>! *********************************************************************** 
 CNSsolve>! * Copyright 2003-2018 Alexandre Bonvin, Utrecht University.           * 
 CNSsolve>! * Originally adapted from Aria 1.2 from Nilges and Linge, EMBL.       * 
 CNSsolve>! * All rights reserved.                                                * 
 CNSsolve>! * This code is part of the HADDOCK software and governed by its       * 
 CNSsolve>! * license. Please see the LICENSE file that should have been included * 
 CNSsolve>! * as part of this package.                                            * 
 CNSsolve>! *********************************************************************** 
 CNSsolve>! 
 CNSsolve>module( 
 MODULE-DECLARATION>iteration; 
 MODULE-DECLARATION>filenames; 
 MODULE-DECLARATION>data; 
 MODULE-DECLARATION>iterations; 
 MODULE-DECLARATION>saprotocol; 
 MODULE-DECLARATION>refine; 
 MODULE-DECLARATION>toppar; 
 MODULE-DECLARATION>analysis; 
 MODULE-DECLARATION>) 
 MODULE-INVOCATION>iteration =$iteration; 
 &_2_ITERATION set to $_1_ITERATION 
 MODULE-INVOCATION>filenames =$filenames; 
 &_2_FILENAMES set to $_1_FILENAMES 
 MODULE-INVOCATION>Data      =$Data; 
 &_2_DATA set to $_1_DATA 
 MODULE-INVOCATION>iterations=$iterations; 
 &_2_ITERATIONS set to $_1_ITERATIONS 
 MODULE-INVOCATION>saprotocol=$saprotocol; 
 &_2_SAPROTOCOL set to $_1_SAPROTOCOL 
 MODULE-INVOCATION>refine    =$refine; 
 &_2_REFINE set to $_1_REFINE 
 MODULE-INVOCATION>toppar    =$toppar; 
 &_2_TOPPAR set to $_1_TOPPAR 
 MODULE-INVOCATION>analysis  =$analysis;) 
 &_2_ANALYSIS set to $_1_ANALYSIS 
 CNSsolve> 
 CNSsolve>{+ File: run.cns +} 
 CNSsolve>{+ Description: this file contains all necessary information to run HADDOCK. +} 
 CNSsolve> 
 CNSsolve>{+ Authors: Ezgi Karaca, Joao Rodrigues, Mikael Trellet, Alexandre Bonvin<br> 
 CNSsolve>Adapted from HADOOCK version 2.4 <br><br> 
 CNSsolve>Initially adapted from ARIA of Nilges and Linge +} 
 CNSsolve> 
 CNSsolve>{+ Please cite the following references when using this protocol: +} 
 CNSsolve>{+ reference: Cyril Dominguez, Rolf Boelens and Alexandre M.J.J. Bonvin (2003).  HADDOCK: a protein-protein docking approach 
 CNSsolve>based on biochemical and/or biophysical information. <i>J. Am. Chem. Soc.</i> <b>125</b>, 1731-1737. 
 CNSsolve><p> 
 CNSsolve><b>When using <i>residual dipolar couplings</i> in HADDOCK cite in addition:</b><p> 
 CNSsolve><LI>A.D.J. van Dijk, D. Fushman and A.M.J.J. Bonvin (2005). Various strategies of using residual dipolar 
 CNSsolve>couplings in NMR-driven protein docking: Application to Lys48-linked di-ubiquitin and validation against 
 CNSsolve>15N-relaxation data. <EM>Proteins: Struc. Funct. & Bioinformatics</EM>, <STRONG>60</STRONG>, 367-381.</li> 
 CNSsolve><p> 
 CNSsolve><b>When using <i>diffusion anisotropy data</i> in HADDOCK cite in addition:</b><p> 
 CNSsolve><li>A.D.J. van Dijk, R. Kaptein, R. Boelens and A.M.J.J. Bonvin (2006). Combining NMR relaxation with 
 CNSsolve>chemical shift perturbation data to drive protein-protein docking. <EM>J. Biomol. NMR</EM>, 
 CNSsolve><STRONG>34</STRONG>, 237-244.</li> 
 CNSsolve><p> 
 CNSsolve><b>When using <i>solvated docking</i> in HADDOCK cite in addition:</b><p> 
 CNSsolve><li>A.D.J. van Dijk and A.M.J.J. Bonvin (2006). Solvated docking: introducing water into the modelling 
 CNSsolve>of biomolecular complexes. <EM>Bioinformatics</EM>,  <STRONG>22</STRONG> 2340-2347. 
 CNSsolve><p> 
 CNSsolve><b>When performing <i>flexible protein-DNA docking</i> using HADDOCK cite in addition:</b><p> 
 CNSsolve><li>M. van Dijk, A.D.J. van Dijk, V. Hsu, R. Boelens and  A.M.J.J. Bonvin (2006). 
 CNSsolve>Information-driven Protein-DNA Docking using HADDOCK: it is a matter of flexibility. 
 CNSsolve><EM>Nucl. Acids Res.</EM>, <STRONG>34</STRONG> 3317-3325.</li> 
 CNSsolve><p> 
 CNSsolve><b>When performing the Nmolecule integrative modelling protocol please cite:</b><p> 
 CNSsolve><li>Ezgi Karaca, Joao P.G.L.M. Rodrigues, Andrea Graziadei, Alexandre M.J.J. Bonvin, Teresa Carlomagno (2017). 
 CNSsolve>An Integrative Framework for Structure Determination of Molecular Machines. 
 CNSsolve><EM>Nature Methods</EM>, Advanced Online Publication.</li> 
 CNSsolve>+} 
 CNSsolve> 
 CNSsolve>{- Guidelines for using this file: 
 CNSsolve>   - all strings must be quoted by double-quotes 
 CNSsolve>   - logical variables (true/false) are not quoted 
 CNSsolve>   - do not remove any evaluate statements from the file 
 CNSsolve>   - pathnames should not exceed 80 characters -} 
 CNSsolve>{- begin block parameter definition -} define( 
 DEFINE> 
 DEFINE> 
 DEFINE>{======== number of molecules for docking ==================} 
 DEFINE>{* number of components *} 
 DEFINE> 
 DEFINE>{===>} ncomponents=2; 
 DEFINE> 
 DEFINE>{======================= filenames =========================} 
 DEFINE>{*  the name of your current project *} 
 DEFINE>{*  this will be used as name for the generated structures *} 
 DEFINE>{===>} fileroot="complex"; 
 DEFINE> 
 DEFINE>{* RUN directory *} 
 DEFINE>{*  the absolute path of your current run, e.g. /home/haddock/run1*} 
 DEFINE>{===>} run_dir="/tmp/csbportal_bxg_jcmt/run1"; 
 DEFINE> 
 DEFINE>{* PDB file of molecule 1 *} 
 DEFINE>{===>} prot_coor_mol1="protein1.pdb"; 
 DEFINE>{* PSF file of molecule 1 *} 
 DEFINE>{===>} prot_psf_mol1="protein1.psf"; 
 DEFINE>{* segid of molecule 1 *} 
 DEFINE>{===>} prot_segid_mol1="A"; 
 DEFINE>{* fileroot of molecule 1 *} 
 DEFINE>{===>} prot_root_mol1="protein1"; 
 DEFINE>{* Fix Molecule at Origin during it0 *} 
 DEFINE>{+ choice: true false +} 
 DEFINE>{===>} fix_origin_mol1=false; 
 DEFINE>{* Is molecule 1 DNA? *} 
 DEFINE>{+ choice: true false +} 
 DEFINE>{===>} dna_mol1=false; 
 DEFINE>{* Is molecule 1 a cyclic peptide? *} 
 DEFINE>{+ choice: true false +} 
 DEFINE>{===>} cyclicpept_mol1=false; 
 DEFINE>{* Is molecule 1 a shape? *} 
 DEFINE>{+ choice: true false +} 
 DEFINE>{===>} shape_mol1=false; 
 DEFINE>{* Coarse grained molecule? *} 
 DEFINE>{+ choice: true false +} 
 DEFINE>{===>} cg_mol1=false; 
 DEFINE>{* PDB file of molecule 2 *} 
 DEFINE>{===>} prot_coor_mol2="protein2.pdb"; 
 DEFINE>{* PSF file of molecule 2 *} 
 DEFINE>{===>} prot_psf_mol2="protein2.psf"; 
 DEFINE>{* segid of molecule 2 *} 
 DEFINE>{===>} prot_segid_mol2="B"; 
 DEFINE>{* fileroot of molecule 2 *} 
 DEFINE>{===>} prot_root_mol2="protein2"; 
 DEFINE>{* Fix Molecule at Origin during it0 *} 
 DEFINE>{+ choice: true false +} 
 DEFINE>{===>} fix_origin_mol2=false; 
 DEFINE>{* Is molecule 2 DNA? *} 
 DEFINE>{+ choice: true false +} 
 DEFINE>{===>} dna_mol2=true; 
 DEFINE>{* Is molecule 2 a cyclic peptide? *} 
 DEFINE>{+ choice: true false +} 
 DEFINE>{===>} cyclicpept_mol2=false; 
 DEFINE>{* Is molecule 2 a shape? *} 
 DEFINE>{+ choice: true false +} 
 DEFINE>{===>} shape_mol2=false; 
 DEFINE>{* Coarse grained molecule? *} 
 DEFINE>{+ choice: true false +} 
 DEFINE>{===>} cg_mol2=false; 
 DEFINE> 
 DEFINE>{* Remove non-polar hydrogens? *} 
 DEFINE>{+ choice: true false +} 
 DEFINE>{===>} delenph=true; 
 DEFINE> 
 DEFINE>{* HADDOCK directory *} 
 DEFINE>{*  the absolute path of the HADDOCK program files *} 
 DEFINE>{===>} haddock_dir=/trinity/rascar/enmr/software/haddock2.5; 
 DEFINE> 
 DEFINE>{* Logfile directory *} 
 DEFINE>{* specify a directory for the large CNS log files *} 
 DEFINE>{===>} temptrash_dir=/tmp/csbportal_bxg_jcmt/run1; 
 DEFINE> 
 DEFINE>{==================== histidine patches =====================} 
 DEFINE> 
 DEFINE> 
 DEFINE>{==================== histidine patches =====================} 
 DEFINE>{* Automatically define histidine protonation state based on energetics *} 
 DEFINE>{===>} autohis=false; 
 DEFINE> 
 DEFINE>{* Patch to change doubly protonated HIS to singly protonated histidine (HD1) *} 
 DEFINE>{* just give the residue number of the histidines for the HISD patch, set them to zero if you don't want them *} 
 DEFINE>{* Number of HISD for molecule 1 *} 
 DEFINE>numhisd_1=0; 
 DEFINE>{* Number of HISD for molecule 2 *} 
 DEFINE>numhisd_2=0; 
 DEFINE> 
 DEFINE>{* Patch to change doubly protonated HIS to singly protonated histidine (HE2) *} 
 DEFINE>{* just give the residue number of the histidines for the HISE patch, set them to zero if you don't want them *} 
 DEFINE>{* Number of HISE for molecule 1 *} 
 DEFINE>numhise_1=0; 
 DEFINE>{* Number of HISE for molecule 2 *} 
 DEFINE>numhise_2=0; 
 DEFINE> 
 DEFINE>{========= Definition of semi-flexible interface ============} 
 DEFINE>{* Define the interface of each molecule.*} 
 DEFINE>{* Side-chains and backbone of these residues will be allowed to move during semi-flexible refinement*} 
 DEFINE>{* Distance cutoff in A for the automatic definition of flexible segments based on intermolecular residues contacts *} 
 DEFINE>{===>} flcut_nb=5.0; 
 DEFINE>{* number of semi-flexible segments for molecule  1 (-1 for automated mode) *} 
 DEFINE>{* Note that current max is 10 (edit the run.cns to add more segments) *} 
 DEFINE>{===>} nseg_1=-1; 
 DEFINE> 
 DEFINE>{* Residues of molecule  1 at interface *} 
 DEFINE>{+ table: rows=10 "segment 1" "segment 2" "segment 3" "segment 4" "segment 5" "segment 6" "segment 7" "segment 8" "segment 9" "segment 10" cols=2 "Start residue" "End residue" +} 
 DEFINE>{* number of semi-flexible segments for molecule  2 (-1 for automated mode) *} 
 DEFINE>{* Note that current max is 10 (edit the run.cns to add more segments) *} 
 DEFINE>{===>} nseg_2=-1; 
 DEFINE> 
 DEFINE>{* Residues of molecule  2 at interface *} 
 DEFINE>{+ table: rows=10 "segment 1" "segment 2" "segment 3" "segment 4" "segment 5" "segment 6" "segment 7" "segment 8" "segment 9" "segment 10" cols=2 "Start residue" "End residue" +} 
 DEFINE> 
 DEFINE>{=========== Definition of fully flexible segments ==========} 
 DEFINE>{* Define the fully flexible segment of each molecule.*} 
 DEFINE>{* These segments will be allowed to move at all stages of it1 *} 
 DEFINE> 
 DEFINE> 
 DEFINE>{* Number of fully flexible segments for molecule  1            *} 
 DEFINE>{* Note that current max is 5 (edit the run.cns to add more segments     *} 
 DEFINE>{===>} nfle_1=0; 
 DEFINE>{* Number of fully flexible segments for molecule  2            *} 
 DEFINE>{* Note that current max is 5 (edit the run.cns to add more segments     *} 
 DEFINE>{===>} nfle_2=0; 
 DEFINE> 
 DEFINE>{==================== membrane positioning restraints  ==================} 
 DEFINE>{* Do you want to use membrane positioning restraints ? *} 
 DEFINE>{+ choice: true false +} 
 DEFINE>{===>} zres_on=false; 
 DEFINE> 
 DEFINE>{* Number of membrane positioning restrained segments *} 
 DEFINE>{===>} numzres=0; 
 DEFINE> 
 DEFINE>{====================== NCS restraints  =====================} 
 DEFINE>{* Do you want to use NCS restraints? *} 
 DEFINE>{+ choice: true false +} 
 DEFINE>{===>} ncs_on=false; 
 DEFINE> 
 DEFINE>{* Number of NCS pairs *} 
 DEFINE>{===>} numncs=0; 
 DEFINE> 
 DEFINE>{==================== Symmetry restraints  ==================} 
 DEFINE>{* Do you want to use symmetry restraints ? *} 
 DEFINE>{+ choice: true false +} 
 DEFINE>{===>} sym_on=false; 
 DEFINE> 
 DEFINE>{* Force constant for symmetry restraints ? *} 
 DEFINE>{===>} ksym=10.0; 
 DEFINE>{* Number of C2 symmetry pairs *} 
 DEFINE>{===>} numc2sym=0; 
 DEFINE>{* Number of C3 symmetry triples*} 
 DEFINE>{===>} numc3sym=0; 
 DEFINE>{* Number of S3 symmetry triples*} 
 DEFINE>{===>} nums3sym=0; 
 DEFINE>{* Number of C4 symmetry quadruples *} 
 DEFINE>{===>} numc4sym=0; 
 DEFINE>{* Number of C5 symmetry *} 
 DEFINE>{===>} numc5sym=0; 
 DEFINE> 
 DEFINE>{* Number of c6 symmetry *} 
 DEFINE>{===>} numc6sym=0; 
 DEFINE> 
 DEFINE>{=========================== Distance restraints  ========================} 
 DEFINE>{* Turn on/off and energy constants for distance restraints *} 
 DEFINE>{+ table: rows=3 "distances" "AIR (ambig)" "hbonds" cols=6 "firstIteration" "lastIteration" "hot" "cool1" "cool2" "cool3"+} 
 DEFINE> 
 DEFINE>{===>} unamb_firstit=0; 
 DEFINE>{===>} unamb_lastit=2; 
 DEFINE>{===>} unamb_hot=10.0; 
 DEFINE>{===>} unamb_cool1=10.0; 
 DEFINE>{===>} unamb_cool2=50.0; 
 DEFINE>{===>} unamb_cool3=50.0; 
 DEFINE>{===>} amb_firstit=0; 
 DEFINE>{===>} amb_lastit=2; 
 DEFINE>{===>} amb_hot=10.0; 
 DEFINE>{===>} amb_cool1=10.0; 
 DEFINE>{===>} amb_cool2=50.0; 
 DEFINE>{===>} amb_cool3=50.0; 
 DEFINE>{===>} hbond_firstit=0; 
 DEFINE>{===>} hbond_lastit=2; 
 DEFINE>{===>} hbond_hot=10.0; 
 DEFINE>{===>} hbond_cool1=10.0; 
 DEFINE>{===>} hbond_cool2=50.0; 
 DEFINE>{===>} hbond_cool3=50.0; 
 DEFINE> 
 DEFINE>{* Do you want to randomly exclude a fraction of the ambiguous restraints (AIRs)? *} 
 DEFINE>{+ choice: true false +} 
 DEFINE>{===>} noecv=true; 
 DEFINE> 
 DEFINE>{* Number of partitions for random exclusion (%excluded=100/number of partitions)? *} 
 DEFINE>{===>} ncvpart=2.0000; 
 DEFINE> 
 DEFINE>{* Do you want to use hydrogen bond restraints? *} 
 DEFINE>{+ choice: true false +} 
 DEFINE>{===>} hbonds_on=false; 
 DEFINE> 
 DEFINE>{* Do you want to define randomly ambiguous interaction restraints from accessible residues? *} 
 DEFINE>{* Only residues in the defined flexible segments will be considered *} 
 DEFINE>{* Note that this option is exclusive with any other distance restraints and only for it0    *} 
 DEFINE>{+ choice: true false +} 
 DEFINE>{===>} ranair=false; 
 DEFINE> 
 DEFINE>{* Do you want to define center of mass restraints to enforce contact between the molecules? *} 
 DEFINE>{* Note that these are only active during it0 and it1 *} 
 DEFINE>{+ choice: true false +} 
 DEFINE>{===>} cmrest=false; 
 DEFINE> 
 DEFINE>{* Define tight CM restraints? *} 
 DEFINE>{+ choice: true false +} 
 DEFINE>{===>} cmtight=false; 
 DEFINE> 
 DEFINE>{* Force constant for center of mass restraints *} 
 DEFINE>{===>} kcont=1.0; 
 DEFINE> 
 DEFINE>{* Do you want to define surface contact restraints to enforce contact between the molecules? *} 
 DEFINE>{* Note that these are only active during it0 and it1 *} 
 DEFINE>{+ choice: true false +} 
 DEFINE>{===>} surfrest=false; 
 DEFINE> 
 DEFINE>{* Force constant for surface contact restraints *} 
 DEFINE>{===>} ksurf=1.0; 
 DEFINE> 
 DEFINE>{ Use automated distance restraints weighting } 
 DEFINE>{ choice: true false } 
 DEFINE>air_scaling=false; 
 DEFINE>{ Define the number of distance restraints for automated weighting } 
 DEFINE>tot_unamb=25; 
 DEFINE>{ Define the number of AIR restraints for automated weighting } 
 DEFINE>tot_amb=0; 
 DEFINE>{ potential shape } 
 DEFINE>mrswi_hot=0.5; 
 DEFINE>mrswi_cool1=0.5; 
 DEFINE>mrswi_cool2=0.5; 
 DEFINE>mrswi_cool3=0.5; 
 DEFINE>rswi_hot=0.5; 
 DEFINE>rswi_cool1=0.5; 
 DEFINE>rswi_cool2=0.5; 
 DEFINE>rswi_cool3=0.5; 
 DEFINE>masy_hot=-1.0; 
 DEFINE>masy_cool1=-1.0; 
 DEFINE>masy_cool2=-0.1; 
 DEFINE>masy_cool3=-0.1; 
 DEFINE>asy_hot=1.0; 
 DEFINE>asy_cool1=1.0; 
 DEFINE>asy_cool2=0.1; 
 DEFINE>asy_cool3=0.1; 
 DEFINE> 
 DEFINE>{=========================== radius of gyration restraint  ============} 
 DEFINE>{* Turn on/off and energy constants for Rg restraints *} 
 DEFINE>{* Do you want to define a radius of gyration restraint (e.g. from SAXS)? *} 
 DEFINE>{+ choice: true false +} 
 DEFINE>{===>} rgrest=false; 
 DEFINE> 
 DEFINE> 
 DEFINE>{======================DNA-RNA restraints ============================} 
 DEFINE>{* Use DNA/RNA restraints (dna-rna_restraints.def in data/sequence)? *} 
 DEFINE>{+ choice: true false +} 
 DEFINE>{===>} dnarest_on=true; 
 DEFINE> 
 DEFINE>{=========================== dihedrals restraints ====================} 
 DEFINE>{* energy constants *} 
 DEFINE>{+ table: rows=1 "dihedrals" cols=5 "use?" "hot" "cool1" "cool2" "cool3" +} 
 DEFINE> 
 DEFINE>{+ choice: true false +} 
 DEFINE>{===>} dihedrals_on=false; 
 DEFINE>{===>} dihedrals_hot=5.0; 
 DEFINE>{===>} dihedrals_cool1=5.0; 
 DEFINE>{===>} dihedrals_cool2=50.0; 
 DEFINE>{===>} dihedrals_cool3=200.0; 
 DEFINE> 
 DEFINE>{* Automatically define backbone dihedral angle restraints from structure? *} 
 DEFINE>{+ choice: none all alpha alphabeta +} 
 DEFINE>{===>} ssdihed=none; 
 DEFINE>{===>} error_dih=10; 
 DEFINE> 
 DEFINE>{=========================== residual dipolar couplings ======================} 
 DEFINE> 
 DEFINE>{* Parameters *} 
 DEFINE>{+ table: rows=5 "class1" "class2" "class3" "class4" "class5" 
 DEFINE>          cols=25 "type" "firstIt" "lastIt" "Ksani<br>(hot)" "Ksani<br>(cool1)" "Ksani<br>(cool2)" "Ksani<br>(cool3)" "R" "D" 
 DEFINE> "Kvean<br>(ini_bor_hot)" "Kvean<br>(fin_bor_hot)" 
 DEFINE> "Kvean<br>(ini_bor_cool1)" "Kvean<br>(fin_bor_cool1)" 
 DEFINE> "Kvean<br>(ini_bor_cool2)" "Kvean<br>(fin_bor_cool2)" 
 DEFINE> "Kvean<br>(ini_bor_cool3)" "Kvean<br>(fin_bor_cool3)" 
 DEFINE> "Kvean<br>(ini_cen_hot)" "Kvean<br>(fin_cen_hot)" 
 DEFINE> "Kvean<br>(ini_cen_cool1)" "Kvean<br>(fin_cen_cool1)" 
 DEFINE> "Kvean<br>(ini_cen_cool2)" "Kvean<br>(fin_cen_cool2)" 
 DEFINE> "Kvean<br>(ini_cen_cool3)" "Kvean<br>(fin_cen_cool3)"+} 
 DEFINE>{+ choice: "NO" "SANI" "XRDC" "VANGLE" +} 
 DEFINE>{===>} numrdc = 0; 
 DEFINE> 
 DEFINE> 
 DEFINE>{=========================== pseudo contact shifts ===========================} 
 DEFINE> 
 DEFINE>{* Parameters *} 
 DEFINE>{+ table: rows=10 "class1" "class2" "class3" "class4" "class5" "class6" "class7" "class8" "class9" "class10" 
 DEFINE>          cols=9 "type" "firstIt" "lastIt" "Kpcs<br>(hot)" "Kpcs<br>(cool1)" "Kpcs<br>(cool2)" "Kpcs<br>(cool3)" "R" "D" +} 
 DEFINE>{+ choice: "NO" "XPCS" +} 
 DEFINE>{===>} numpcs = 0; 
 DEFINE> 
 DEFINE> 
 DEFINE>{=========================== relaxation data ======================} 
 DEFINE>{* Parameters *} 
 DEFINE>{+ table: rows=5 "class1" "class2" "class3" "class4" "class5" 
 DEFINE>          cols=12 "type" "firstIt" "lastIt" "Kdani(hot)" "Kdani(cool1)" "Kdani(cool2)" "Kdani(cool3)" "Correlation time" "D" "R" "H frequency" "N frequency" +} 
 DEFINE>{+ choice: "NO" "DANI" +} 
 DEFINE>{===>} numdani = 0; 
 DEFINE> 
 DEFINE> 
 DEFINE>{========================== Cryo-EM parameters ============================} 
 DEFINE> 
 DEFINE>{* Centroid definitions *} 
 DEFINE>{+ choice: true false +} 
 DEFINE>{===>} centroid_rest=false; 
 DEFINE>{===>} centroid_kscale=50; 
 DEFINE> 
 DEFINE> 
 DEFINE>{* Density/XREF restraints *} 
 DEFINE>{+ choice: true false +} 
 DEFINE>{===>} em_rest=false; 
 DEFINE>{===>} em_kscale=15000; 
 DEFINE>{+ choice: true false +} 
 DEFINE>{===>} em_it0=false; 
 DEFINE>{+ choice: true false +} 
 DEFINE>{===>} em_it1=false; 
 DEFINE>{+ choice: true false +} 
 DEFINE>{===>} em_itw=false; 
 DEFINE> 
 DEFINE>{* Resolution of data in angstrom *} 
 DEFINE>{===>} em_resolution=None; 
 DEFINE> 
 DEFINE>{* Density parameters *} 
 DEFINE>{* Number of voxels in each dimension *} 
 DEFINE>{===>} nx=32; 
 DEFINE>{===>} ny=32; 
 DEFINE>{===>} nz=32; 
 DEFINE> 
 DEFINE>{* Length of each dimension in angstrom *} 
 DEFINE>{===>} xlength=80.0; 
 DEFINE>{===>} ylength=80.0; 
 DEFINE>{===>} zlength=80.0; 
 DEFINE> 
 DEFINE>{* Cryo-EM scoring weights *} 
 DEFINE>{===>} w_lcc_0=-400.0; 
 DEFINE>{===>} w_lcc_1=-10000.0; 
 DEFINE>{===>} w_lcc_2=-10000.0; 
 DEFINE> 
 DEFINE>{===================== topology and parameter files ======================} 
 DEFINE> 
 DEFINE>{* topology file for molecule  1 *} 
 DEFINE>{===>} prot_top_mol1="protein-allhdg5-4.top"; 
 DEFINE>{* linkage file for molecule  1 *} 
 DEFINE>{===>} prot_link_mol1="protein-allhdg5-4-noter.link"; 
 DEFINE>{* energy parameter file for molecule  1 *} 
 DEFINE>{===>} prot_par_mol1="protein-allhdg5-4.param"; 
 DEFINE>{* topology file for molecule  2 *} 
 DEFINE>{===>} prot_top_mol2="dna-rna-allatom-hj-opls-1.3.top"; 
 DEFINE>{* linkage file for molecule  2 *} 
 DEFINE>{===>} prot_link_mol2="dna-rna-1.3.link"; 
 DEFINE>{* energy parameter file for molecule  2 *} 
 DEFINE>{===>} prot_par_mol2="dna-rna-allatom-hj-opls-1.3.param"; 
 DEFINE> 
 DEFINE>{* type of non-bonded parameters *} 
 DEFINE>{* specify the type of non-bonded interaction *} 
 DEFINE>{+ choice: "PROLSQ" "PARMALLH6" "PARALLHDG" "OPLSX" +} 
 DEFINE>{===>} par_nonbonded="OPLSX"; 
 DEFINE> 
 DEFINE>{============coarse graining topology and parameter files ==================} 
 DEFINE> 
 DEFINE>{* topology file for molecule  1 *} 
 DEFINE>{===>} prot_cg_top_mol1="protein-CG-Martini-2-2.top"; 
 DEFINE>{* linkage file for molecule  1 *} 
 DEFINE>{===>} prot_cg_link_mol1="protein-CG-Martini-2-2.link"; 
 DEFINE>{* energy parameter file for molecule  1 *} 
 DEFINE>{===>} prot_cg_par_mol1="protein-CG-Martini-2-2.param"; 
 DEFINE>{* topology file for molecule  2 *} 
 DEFINE>{===>} prot_cg_top_mol2="protein-CG-Martini-2-2.top"; 
 DEFINE>{* linkage file for molecule  2 *} 
 DEFINE>{===>} prot_cg_link_mol2="protein-CG-Martini-2-2.link"; 
 DEFINE>{* energy parameter file for molecule  2 *} 
 DEFINE>{===>} prot_cg_par_mol2="protein-CG-Martini-2-2.param"; 
 DEFINE> 
 DEFINE>{===================== energy and interaction parameters ==================} 
 DEFINE> 
 DEFINE>{ Do you want to include dihedral angle energy terms? } 
 DEFINE>{ choice: true false } 
 DEFINE>dihedflag=true; 
 DEFINE> 
 DEFINE>{* Do you want to include the electrostatic energy term for docking? *} 
 DEFINE>{* Note that it will be automatically included in the solvent refinement *} 
 DEFINE> 
 DEFINE>{* Include electrostatic during rigid body docking (it0)? *} 
 DEFINE>{+ choice: true false +} 
 DEFINE>{===>} elecflag_0=true; 
 DEFINE>{* Include electrostatic during semi-flexible SA (it1)? *} 
 DEFINE>{+ choice: true false +} 
 DEFINE>{===>} elecflag_1=true; 
 DEFINE> 
 DEFINE>{* Give the epsilon constant for the electrostatic energy term in it0 *} 
 DEFINE>{* Note that for explicit solvent refinement cdie with epsilon=1 is used *} 
 DEFINE>{===>} epsilon_0=78.0; 
 DEFINE> 
 DEFINE>{* Give the epsilon constant for the electrostatic energy term in it1 *} 
 DEFINE>{* Note that for explicit solvent refinement cdie with epsilon=1 is used *} 
 DEFINE>{===>} epsilon_1=78.0; 
 DEFINE> 
 DEFINE>{* Use constant (cdie) or distance-dependent (rdie) dielectric in it0? *} 
 DEFINE>{+ choice: cdie rdie +} 
 DEFINE>{===>} dielec_0=cdie; 
 DEFINE> 
 DEFINE>{* Use constant (cdie) or distance-dependent (rdie) dielectric in it1? *} 
 DEFINE>{+ choice: cdie rdie +} 
 DEFINE>{===>} dielec_1=cdie; 
 DEFINE> 
 DEFINE>{* Scaling of intermolecular interactions for rigid body EM*} 
 DEFINE>{===>} inter_rigid=1.0; 
 DEFINE> 
 DEFINE>{* Scaling of intermolecular interactions for semi-flexible SA*} 
 DEFINE>{+ table: rows=3 "Rigid body dynamic " "SA with flexible side-chains (cool2)" "SA with flexible backbone and side-chains (cool3)" 
 DEFINE>          cols=2 "Init value" "Final value" +} 
 DEFINE>{===>} init_rigid=0.001; 
 DEFINE>{===>} fin_rigid=0.001; 
 DEFINE>{===>} init_cool2=0.001; 
 DEFINE>{===>} fin_cool2=1.0; 
 DEFINE>{===>} init_cool3=0.05; 
 DEFINE>{===>} fin_cool3=1.0; 
 DEFINE> 
 DEFINE>{* Interaction matrix for non-bonded interactions*} 
 DEFINE>{+ table: rows=6 "Mol 1" "Mol 2" "Mol 3" "Mol 4" "Mol 5" "Mol 6" "Mol 7" "Mol 8" "Mol 9" Mol 10" "Mol 11" Mol 12" "Mol 13" "Mol 14" "Mol 15" "Mol 16" "Mol 17" "Mol 18" "Mol 19" "Mol 20" 
 DEFINE>          cols=6 "Mol 1" "Mol 2" "Mol 3" "Mol 4" "Mol 5" "Mol 6" "Mol 7" "Mol 8" "Mol 9" Mol 10" "Mol 11" Mol 12" "Mol 13" "Mol 14" "Mol 15" "Mol 16" "Mol 17" "Mol 18" "Mol 19" "Mol 20" +} 
 DEFINE>{===>} int_1_1=1.0; 
 DEFINE>{===>} int_1_2=1.0; 
 DEFINE>{===>} int_1_3=1.0; 
 DEFINE>{===>} int_1_4=1.0; 
 DEFINE>{===>} int_1_5=1.0; 
 DEFINE>{===>} int_1_6=1.0; 
 DEFINE>{===>} int_1_7=1.0; 
 DEFINE>{===>} int_1_8=1.0; 
 DEFINE>{===>} int_1_9=1.0; 
 DEFINE>{===>} int_1_10=1.0; 
 DEFINE>{===>} int_1_11=1.0; 
 DEFINE>{===>} int_1_12=1.0; 
 DEFINE>{===>} int_1_13=1.0; 
 DEFINE>{===>} int_1_14=1.0; 
 DEFINE>{===>} int_1_15=1.0; 
 DEFINE>{===>} int_1_16=1.0; 
 DEFINE>{===>} int_1_17=1.0; 
 DEFINE>{===>} int_1_18=1.0; 
 DEFINE>{===>} int_1_19=1.0; 
 DEFINE>{===>} int_1_20=1.0; 
 DEFINE>{===>} int_2_1="N.A."; 
 DEFINE>{===>} int_2_2=1.0; 
 DEFINE>{===>} int_2_3=1.0; 
 DEFINE>{===>} int_2_4=1.0; 
 DEFINE>{===>} int_2_5=1.0; 
 DEFINE>{===>} int_2_6=1.0; 
 DEFINE>{===>} int_2_7=1.0; 
 DEFINE>{===>} int_2_8=1.0; 
 DEFINE>{===>} int_2_9=1.0; 
 DEFINE>{===>} int_2_10=1.0; 
 DEFINE>{===>} int_2_11=1.0; 
 DEFINE>{===>} int_2_12=1.0; 
 DEFINE>{===>} int_2_13=1.0; 
 DEFINE>{===>} int_2_14=1.0; 
 DEFINE>{===>} int_2_15=1.0; 
 DEFINE>{===>} int_2_16=1.0; 
 DEFINE>{===>} int_2_17=1.0; 
 DEFINE>{===>} int_2_18=1.0; 
 DEFINE>{===>} int_2_19=1.0; 
 DEFINE>{===>} int_2_20=1.0; 
 DEFINE>{===>} int_3_1="N.A."; 
 DEFINE>{===>} int_3_2="N.A."; 
 DEFINE>{===>} int_3_3=1.0; 
 DEFINE>{===>} int_3_4=1.0; 
 DEFINE>{===>} int_3_5=1.0; 
 DEFINE>{===>} int_3_6=1.0; 
 DEFINE>{===>} int_3_7=1.0; 
 DEFINE>{===>} int_3_8=1.0; 
 DEFINE>{===>} int_3_9=1.0; 
 DEFINE>{===>} int_3_10=1.0; 
 DEFINE>{===>} int_3_11=1.0; 
 DEFINE>{===>} int_3_12=1.0; 
 DEFINE>{===>} int_3_13=1.0; 
 DEFINE>{===>} int_3_14=1.0; 
 DEFINE>{===>} int_3_15=1.0; 
 DEFINE>{===>} int_3_16=1.0; 
 DEFINE>{===>} int_3_17=1.0; 
 DEFINE>{===>} int_3_18=1.0; 
 DEFINE>{===>} int_3_19=1.0; 
 DEFINE>{===>} int_3_20=1.0; 
 DEFINE>{===>} int_4_1="N.A."; 
 DEFINE>{===>} int_4_2="N.A."; 
 DEFINE>{===>} int_4_3="N.A."; 
 DEFINE>{===>} int_4_4=1.0; 
 DEFINE>{===>} int_4_5=1.0; 
 DEFINE>{===>} int_4_6=1.0; 
 DEFINE>{===>} int_4_7=1.0; 
 DEFINE>{===>} int_4_8=1.0; 
 DEFINE>{===>} int_4_9=1.0; 
 DEFINE>{===>} int_4_10=1.0; 
 DEFINE>{===>} int_4_11=1.0; 
 DEFINE>{===>} int_4_12=1.0; 
 DEFINE>{===>} int_4_13=1.0; 
 DEFINE>{===>} int_4_14=1.0; 
 DEFINE>{===>} int_4_15=1.0; 
 DEFINE>{===>} int_4_16=1.0; 
 DEFINE>{===>} int_4_17=1.0; 
 DEFINE>{===>} int_4_18=1.0; 
 DEFINE>{===>} int_4_19=1.0; 
 DEFINE>{===>} int_4_20=1.0; 
 DEFINE>{===>} int_5_1="N.A."; 
 DEFINE>{===>} int_5_2="N.A."; 
 DEFINE>{===>} int_5_3="N.A."; 
 DEFINE>{===>} int_5_4="N.A."; 
 DEFINE>{===>} int_5_5=1.0; 
 DEFINE>{===>} int_5_6=1.0; 
 DEFINE>{===>} int_5_7=1.0; 
 DEFINE>{===>} int_5_8=1.0; 
 DEFINE>{===>} int_5_9=1.0; 
 DEFINE>{===>} int_5_10=1.0; 
 DEFINE>{===>} int_5_11=1.0; 
 DEFINE>{===>} int_5_12=1.0; 
 DEFINE>{===>} int_5_13=1.0; 
 DEFINE>{===>} int_5_14=1.0; 
 DEFINE>{===>} int_5_15=1.0; 
 DEFINE>{===>} int_5_16=1.0; 
 DEFINE>{===>} int_5_17=1.0; 
 DEFINE>{===>} int_5_18=1.0; 
 DEFINE>{===>} int_5_19=1.0; 
 DEFINE>{===>} int_5_20=1.0; 
 DEFINE>{===>} int_6_1="N.A."; 
 DEFINE>{===>} int_6_2="N.A."; 
 DEFINE>{===>} int_6_3="N.A."; 
 DEFINE>{===>} int_6_4="N.A."; 
 DEFINE>{===>} int_6_5="N.A."; 
 DEFINE>{===>} int_6_6=1.0; 
 DEFINE>{===>} int_6_7=1.0; 
 DEFINE>{===>} int_6_8=1.0; 
 DEFINE>{===>} int_6_9=1.0; 
 DEFINE>{===>} int_6_10=1.0; 
 DEFINE>{===>} int_6_11=1.0; 
 DEFINE>{===>} int_6_12=1.0; 
 DEFINE>{===>} int_6_13=1.0; 
 DEFINE>{===>} int_6_14=1.0; 
 DEFINE>{===>} int_6_15=1.0; 
 DEFINE>{===>} int_6_16=1.0; 
 DEFINE>{===>} int_6_17=1.0; 
 DEFINE>{===>} int_6_18=1.0; 
 DEFINE>{===>} int_6_19=1.0; 
 DEFINE>{===>} int_6_20=1.0; 
 DEFINE>{===>} int_7_1="N.A."; 
 DEFINE>{===>} int_7_2="N.A."; 
 DEFINE>{===>} int_7_3="N.A."; 
 DEFINE>{===>} int_7_4="N.A."; 
 DEFINE>{===>} int_7_5="N.A."; 
 DEFINE>{===>} int_7_6="N.A."; 
 DEFINE>{===>} int_7_7=1.0; 
 DEFINE>{===>} int_7_8=1.0; 
 DEFINE>{===>} int_7_9=1.0; 
 DEFINE>{===>} int_7_10=1.0; 
 DEFINE>{===>} int_7_11=1.0; 
 DEFINE>{===>} int_7_12=1.0; 
 DEFINE>{===>} int_7_13=1.0; 
 DEFINE>{===>} int_7_14=1.0; 
 DEFINE>{===>} int_7_15=1.0; 
 DEFINE>{===>} int_7_16=1.0; 
 DEFINE>{===>} int_7_17=1.0; 
 DEFINE>{===>} int_7_18=1.0; 
 DEFINE>{===>} int_7_19=1.0; 
 DEFINE>{===>} int_7_20=1.0; 
 DEFINE>{===>} int_8_1="N.A."; 
 DEFINE>{===>} int_8_2="N.A."; 
 DEFINE>{===>} int_8_3="N.A."; 
 DEFINE>{===>} int_8_4="N.A."; 
 DEFINE>{===>} int_8_5="N.A."; 
 DEFINE>{===>} int_8_6="N.A."; 
 DEFINE>{===>} int_8_7="N.A."; 
 DEFINE>{===>} int_8_8=1.0; 
 DEFINE>{===>} int_8_9=1.0; 
 DEFINE>{===>} int_8_10=1.0; 
 DEFINE>{===>} int_8_11=1.0; 
 DEFINE>{===>} int_8_12=1.0; 
 DEFINE>{===>} int_8_13=1.0; 
 DEFINE>{===>} int_8_14=1.0; 
 DEFINE>{===>} int_8_15=1.0; 
 DEFINE>{===>} int_8_16=1.0; 
 DEFINE>{===>} int_8_17=1.0; 
 DEFINE>{===>} int_8_18=1.0; 
 DEFINE>{===>} int_8_19=1.0; 
 DEFINE>{===>} int_8_20=1.0; 
 DEFINE>{===>} int_9_1="N.A."; 
 DEFINE>{===>} int_9_2="N.A."; 
 DEFINE>{===>} int_9_3="N.A."; 
 DEFINE>{===>} int_9_4="N.A."; 
 DEFINE>{===>} int_9_5="N.A."; 
 DEFINE>{===>} int_9_6="N.A."; 
 DEFINE>{===>} int_9_7="N.A."; 
 DEFINE>{===>} int_9_8="N.A."; 
 DEFINE>{===>} int_9_9=1.0; 
 DEFINE>{===>} int_9_10=1.0; 
 DEFINE>{===>} int_9_11=1.0; 
 DEFINE>{===>} int_9_12=1.0; 
 DEFINE>{===>} int_9_13=1.0; 
 DEFINE>{===>} int_9_14=1.0; 
 DEFINE>{===>} int_9_15=1.0; 
 DEFINE>{===>} int_9_16=1.0; 
 DEFINE>{===>} int_9_17=1.0; 
 DEFINE>{===>} int_9_18=1.0; 
 DEFINE>{===>} int_9_19=1.0; 
 DEFINE>{===>} int_9_20=1.0; 
 DEFINE>{===>} int_10_1="N.A."; 
 DEFINE>{===>} int_10_2="N.A."; 
 DEFINE>{===>} int_10_3="N.A."; 
 DEFINE>{===>} int_10_4="N.A."; 
 DEFINE>{===>} int_10_5="N.A."; 
 DEFINE>{===>} int_10_6="N.A."; 
 DEFINE>{===>} int_10_7="N.A."; 
 DEFINE>{===>} int_10_8="N.A."; 
 DEFINE>{===>} int_10_9="N.A."; 
 DEFINE>{===>} int_10_10=1.0; 
 DEFINE>{===>} int_10_11=1.0; 
 DEFINE>{===>} int_10_12=1.0; 
 DEFINE>{===>} int_10_13=1.0; 
 DEFINE>{===>} int_10_14=1.0; 
 DEFINE>{===>} int_10_15=1.0; 
 DEFINE>{===>} int_10_16=1.0; 
 DEFINE>{===>} int_10_17=1.0; 
 DEFINE>{===>} int_10_18=1.0; 
 DEFINE>{===>} int_10_19=1.0; 
 DEFINE>{===>} int_10_20=1.0; 
 DEFINE>{===>} int_11_1="N.A."; 
 DEFINE>{===>} int_11_2="N.A."; 
 DEFINE>{===>} int_11_3="N.A."; 
 DEFINE>{===>} int_11_4="N.A."; 
 DEFINE>{===>} int_11_5="N.A."; 
 DEFINE>{===>} int_11_6="N.A."; 
 DEFINE>{===>} int_11_7="N.A."; 
 DEFINE>{===>} int_11_8="N.A."; 
 DEFINE>{===>} int_11_9="N.A."; 
 DEFINE>{===>} int_11_10="N.A."; 
 DEFINE>{===>} int_11_11=1.0; 
 DEFINE>{===>} int_11_12=1.0; 
 DEFINE>{===>} int_11_13=1.0; 
 DEFINE>{===>} int_11_14=1.0; 
 DEFINE>{===>} int_11_15=1.0; 
 DEFINE>{===>} int_11_16=1.0; 
 DEFINE>{===>} int_11_17=1.0; 
 DEFINE>{===>} int_11_18=1.0; 
 DEFINE>{===>} int_11_19=1.0; 
 DEFINE>{===>} int_11_20=1.0; 
 DEFINE>{===>} int_12_1="N.A."; 
 DEFINE>{===>} int_12_2="N.A."; 
 DEFINE>{===>} int_12_3="N.A."; 
 DEFINE>{===>} int_12_4="N.A."; 
 DEFINE>{===>} int_12_5="N.A."; 
 DEFINE>{===>} int_12_6="N.A."; 
 DEFINE>{===>} int_12_7="N.A."; 
 DEFINE>{===>} int_12_8="N.A."; 
 DEFINE>{===>} int_12_9="N.A."; 
 DEFINE>{===>} int_12_10="N.A."; 
 DEFINE>{===>} int_12_11="N.A."; 
 DEFINE>{===>} int_12_12=1.0; 
 DEFINE>{===>} int_12_13=1.0; 
 DEFINE>{===>} int_12_14=1.0; 
 DEFINE>{===>} int_12_15=1.0; 
 DEFINE>{===>} int_12_16=1.0; 
 DEFINE>{===>} int_12_17=1.0; 
 DEFINE>{===>} int_12_18=1.0; 
 DEFINE>{===>} int_12_19=1.0; 
 DEFINE>{===>} int_12_20=1.0; 
 DEFINE>{===>} int_13_1="N.A."; 
 DEFINE>{===>} int_13_2="N.A."; 
 DEFINE>{===>} int_13_3="N.A."; 
 DEFINE>{===>} int_13_4="N.A."; 
 DEFINE>{===>} int_13_5="N.A."; 
 DEFINE>{===>} int_13_6="N.A."; 
 DEFINE>{===>} int_13_7="N.A."; 
 DEFINE>{===>} int_13_8="N.A."; 
 DEFINE>{===>} int_13_9="N.A."; 
 DEFINE>{===>} int_13_10="N.A."; 
 DEFINE>{===>} int_13_11="N.A."; 
 DEFINE>{===>} int_13_12="N.A."; 
 DEFINE>{===>} int_13_13=1.0; 
 DEFINE>{===>} int_13_14=1.0; 
 DEFINE>{===>} int_13_15=1.0; 
 DEFINE>{===>} int_13_16=1.0; 
 DEFINE>{===>} int_13_17=1.0; 
 DEFINE>{===>} int_13_18=1.0; 
 DEFINE>{===>} int_13_19=1.0; 
 DEFINE>{===>} int_13_20=1.0; 
 DEFINE>{===>} int_14_1="N.A."; 
 DEFINE>{===>} int_14_2="N.A."; 
 DEFINE>{===>} int_14_3="N.A."; 
 DEFINE>{===>} int_14_4="N.A."; 
 DEFINE>{===>} int_14_5="N.A."; 
 DEFINE>{===>} int_14_6="N.A."; 
 DEFINE>{===>} int_14_7="N.A."; 
 DEFINE>{===>} int_14_8="N.A."; 
 DEFINE>{===>} int_14_9="N.A."; 
 DEFINE>{===>} int_14_10="N.A."; 
 DEFINE>{===>} int_14_11="N.A."; 
 DEFINE>{===>} int_14_12="N.A."; 
 DEFINE>{===>} int_14_13="N.A."; 
 DEFINE>{===>} int_14_14=1.0; 
 DEFINE>{===>} int_14_15=1.0; 
 DEFINE>{===>} int_14_16=1.0; 
 DEFINE>{===>} int_14_17=1.0; 
 DEFINE>{===>} int_14_18=1.0; 
 DEFINE>{===>} int_14_19=1.0; 
 DEFINE>{===>} int_14_20=1.0; 
 DEFINE>{===>} int_15_1="N.A."; 
 DEFINE>{===>} int_15_2="N.A."; 
 DEFINE>{===>} int_15_3="N.A."; 
 DEFINE>{===>} int_15_4="N.A."; 
 DEFINE>{===>} int_15_5="N.A."; 
 DEFINE>{===>} int_15_6="N.A."; 
 DEFINE>{===>} int_15_7="N.A."; 
 DEFINE>{===>} int_15_8="N.A."; 
 DEFINE>{===>} int_15_9="N.A."; 
 DEFINE>{===>} int_15_10="N.A."; 
 DEFINE>{===>} int_15_11="N.A."; 
 DEFINE>{===>} int_15_12="N.A."; 
 DEFINE>{===>} int_15_13="N.A."; 
 DEFINE>{===>} int_15_14="N.A."; 
 DEFINE>{===>} int_15_15=1.0; 
 DEFINE>{===>} int_15_16=1.0; 
 DEFINE>{===>} int_15_17=1.0; 
 DEFINE>{===>} int_15_18=1.0; 
 DEFINE>{===>} int_15_19=1.0; 
 DEFINE>{===>} int_15_20=1.0; 
 DEFINE>{===>} int_16_1="N.A."; 
 DEFINE>{===>} int_16_2="N.A."; 
 DEFINE>{===>} int_16_3="N.A."; 
 DEFINE>{===>} int_16_4="N.A."; 
 DEFINE>{===>} int_16_5="N.A."; 
 DEFINE>{===>} int_16_6="N.A."; 
 DEFINE>{===>} int_16_7="N.A."; 
 DEFINE>{===>} int_16_8="N.A."; 
 DEFINE>{===>} int_16_9="N.A."; 
 DEFINE>{===>} int_16_10="N.A."; 
 DEFINE>{===>} int_16_11="N.A."; 
 DEFINE>{===>} int_16_12="N.A."; 
 DEFINE>{===>} int_16_13="N.A."; 
 DEFINE>{===>} int_16_14="N.A."; 
 DEFINE>{===>} int_16_15="N.A."; 
 DEFINE>{===>} int_16_16=1.0; 
 DEFINE>{===>} int_16_17=1.0; 
 DEFINE>{===>} int_16_18=1.0; 
 DEFINE>{===>} int_16_19=1.0; 
 DEFINE>{===>} int_16_20=1.0; 
 DEFINE>{===>} int_17_1="N.A."; 
 DEFINE>{===>} int_17_2="N.A."; 
 DEFINE>{===>} int_17_3="N.A."; 
 DEFINE>{===>} int_17_4="N.A."; 
 DEFINE>{===>} int_17_5="N.A."; 
 DEFINE>{===>} int_17_6="N.A."; 
 DEFINE>{===>} int_17_7="N.A."; 
 DEFINE>{===>} int_17_8="N.A."; 
 DEFINE>{===>} int_17_9="N.A."; 
 DEFINE>{===>} int_17_10="N.A."; 
 DEFINE>{===>} int_17_11="N.A."; 
 DEFINE>{===>} int_17_12="N.A."; 
 DEFINE>{===>} int_17_13="N.A."; 
 DEFINE>{===>} int_17_14="N.A."; 
 DEFINE>{===>} int_17_15="N.A."; 
 DEFINE>{===>} int_17_16="N.A."; 
 DEFINE>{===>} int_17_17=1.0; 
 DEFINE>{===>} int_17_18=1.0; 
 DEFINE>{===>} int_17_19=1.0; 
 DEFINE>{===>} int_17_20=1.0; 
 DEFINE>{===>} int_18_1="N.A."; 
 DEFINE>{===>} int_18_2="N.A."; 
 DEFINE>{===>} int_18_3="N.A."; 
 DEFINE>{===>} int_18_4="N.A."; 
 DEFINE>{===>} int_18_5="N.A."; 
 DEFINE>{===>} int_18_6="N.A."; 
 DEFINE>{===>} int_18_7="N.A."; 
 DEFINE>{===>} int_18_8="N.A."; 
 DEFINE>{===>} int_18_9="N.A."; 
 DEFINE>{===>} int_18_10="N.A."; 
 DEFINE>{===>} int_18_11="N.A."; 
 DEFINE>{===>} int_18_12="N.A."; 
 DEFINE>{===>} int_18_13="N.A."; 
 DEFINE>{===>} int_18_14="N.A."; 
 DEFINE>{===>} int_18_15="N.A."; 
 DEFINE>{===>} int_18_16="N.A."; 
 DEFINE>{===>} int_18_17="N.A."; 
 DEFINE>{===>} int_18_18=1.0; 
 DEFINE>{===>} int_18_19=1.0; 
 DEFINE>{===>} int_18_20=1.0; 
 DEFINE>{===>} int_19_1="N.A."; 
 DEFINE>{===>} int_19_2="N.A."; 
 DEFINE>{===>} int_19_3="N.A."; 
 DEFINE>{===>} int_19_4="N.A."; 
 DEFINE>{===>} int_19_5="N.A."; 
 DEFINE>{===>} int_19_6="N.A."; 
 DEFINE>{===>} int_19_7="N.A."; 
 DEFINE>{===>} int_19_8="N.A."; 
 DEFINE>{===>} int_19_9="N.A."; 
 DEFINE>{===>} int_19_10="N.A."; 
 DEFINE>{===>} int_19_11="N.A."; 
 DEFINE>{===>} int_19_12="N.A."; 
 DEFINE>{===>} int_19_13="N.A."; 
 DEFINE>{===>} int_19_14="N.A."; 
 DEFINE>{===>} int_19_15="N.A."; 
 DEFINE>{===>} int_19_16="N.A."; 
 DEFINE>{===>} int_19_17="N.A."; 
 DEFINE>{===>} int_19_18="N.A."; 
 DEFINE>{===>} int_19_19=1.0; 
 DEFINE>{===>} int_19_20=1.0; 
 DEFINE>{===>} int_20_1="N.A."; 
 DEFINE>{===>} int_20_2="N.A."; 
 DEFINE>{===>} int_20_3="N.A."; 
 DEFINE>{===>} int_20_4="N.A."; 
 DEFINE>{===>} int_20_5="N.A."; 
 DEFINE>{===>} int_20_6="N.A."; 
 DEFINE>{===>} int_20_7="N.A."; 
 DEFINE>{===>} int_20_8="N.A."; 
 DEFINE>{===>} int_20_9="N.A."; 
 DEFINE>{===>} int_20_10="N.A."; 
 DEFINE>{===>} int_20_11="N.A."; 
 DEFINE>{===>} int_20_12="N.A."; 
 DEFINE>{===>} int_20_13="N.A."; 
 DEFINE>{===>} int_20_14="N.A."; 
 DEFINE>{===>} int_20_15="N.A."; 
 DEFINE>{===>} int_20_16="N.A."; 
 DEFINE>{===>} int_20_17="N.A."; 
 DEFINE>{===>} int_20_18="N.A."; 
 DEFINE>{===>} int_20_19="N.A."; 
 DEFINE>{===>} int_20_20=1.0; 
 DEFINE> 
 DEFINE>{===================== Number of structures to dock =======================} 
 DEFINE>{* Setting for the rigid-body (it0) and semi-flexible refinement (it1) *} 
 DEFINE> 
 DEFINE>{* number of structures for rigid body docking *} 
 DEFINE>{===>} structures_0=1000; 
 DEFINE>       keepstruct_0=&structures_0; 
 DEFINE>{* number of structures for refinement *} 
 DEFINE>{===>} structures_1=200; 
 DEFINE>       keepstruct_1=&structures_1; 
 DEFINE>       keepstruct_2=&structures_1; 
 DEFINE>{* number of structures to be analysed*} 
 DEFINE>{===>} anastruc_1=200; 
 DEFINE>       anastruc_0=&anastruc_1; 
 DEFINE>       anastruc_2=&anastruc_1; 
 DEFINE> 
 DEFINE>{* - *} 
 DEFINE> 
 DEFINE>{* Sampling of symmetry related solutions                       *} 
 DEFINE> 
 DEFINE>{* Sample 180 degrees rotated solutions during rigid body EM?   *} 
 DEFINE>{+ choice: true false +} 
 DEFINE>{===>} rotate180_it0=true; 
 DEFINE> 
 DEFINE>{* Sample 180 degrees rotated solutions during semi-flexible SA?*} 
 DEFINE>{+ choice: true false +} 
 DEFINE>{===>} rotate180_it1=false; 
 DEFINE> 
 DEFINE> 
 DEFINE>{=========================== DOCKING protocol =============================} 
 DEFINE>{* Cross-dock all combinations in the ensembles of starting structures? *} 
 DEFINE>{* Turn off this option if you only want to dock structure 1 of ensemble A *} 
 DEFINE>{*   to structure 1 of ensemble B, structure 2 to structure 2, etc. *} 
 DEFINE>{+ choice: true false +} 
 DEFINE>{===>} crossdock=true; 
 DEFINE> 
 DEFINE>{* Randomize starting orientations? *} 
 DEFINE>{+ choice: true false +} 
 DEFINE>{===>} randorien=true; 
 DEFINE> 
 DEFINE>{* Expand starting orientations? *} 
 DEFINE>{+ choice: true false +} 
 DEFINE>{===>} expand=false; 
 DEFINE> 
 DEFINE>{* Expansion percentage *} 
 DEFINE>{===>} expansion=0.4; 
 DEFINE> 
 DEFINE>{* Random rotation angle *} 
 DEFINE>{===>} randangle=6; 
 DEFINE> 
 DEFINE>{* Rebuild missing atoms in the context of the complex? (refinement mode) *} 
 DEFINE>{+ choice: true false +} 
 DEFINE>{===>} rebuildcplx=false; 
 DEFINE> 
 DEFINE>{* Perform initial rigid body minimisation? *} 
 DEFINE>{+ choice: true false +} 
 DEFINE>{===>} rigidmini=true; 
 DEFINE> 
 DEFINE>{* Allow translation in rigid body minimisation? *} 
 DEFINE>{+ choice: true false +} 
 DEFINE>{===>} rigidtrans=true; 
 DEFINE> 
 DEFINE>{* Number of trials for rigid body minimisation? *} 
 DEFINE>{===>} ntrials=5; 
 DEFINE> 
 DEFINE>{* initial seed for random number generator *} 
 DEFINE>{* change to get different initial velocities *} 
 DEFINE>{===>} iniseed=917; 
 DEFINE> 
 DEFINE>{* temperature for rigid body high temperature TAD *} 
 DEFINE>{===>} tadhigh_t=2000; 
 DEFINE> 
 DEFINE>{* initial temperature for rigid body first TAD cooling step *} 
 DEFINE>{===>} tadinit1_t=2000; 
 DEFINE> 
 DEFINE>{* final temperature after first cooling step *} 
 DEFINE>{===>} tadfinal1_t=500; 
 DEFINE> 
 DEFINE>{* initial temperature for second TAD cooling step with flexible side-chain at the inferface *} 
 DEFINE>{===>} tadinit2_t=500; 
 DEFINE> 
 DEFINE>{* finale temperature after second cooling step *} 
 DEFINE>{===>} tadfinal2_t=50; 
 DEFINE> 
 DEFINE>{* initial temperature for third TAD cooling step with fully flexible interface *} 
 DEFINE>{===>} tadinit3_t=300; 
 DEFINE> 
 DEFINE>{* finale temperature after third cooling step *} 
 DEFINE>{===>} tadfinal3_t=50; 
 DEFINE> 
 DEFINE>{* time step *} 
 DEFINE>{===>} timestep=0.002; 
 DEFINE>{* factor for timestep in TAD *} 
 DEFINE>{===>} tadfactor=8; 
 DEFINE> 
 DEFINE>{* Number of EM steps for translational minimisation? *} 
 DEFINE>{===>} emstepstrans=1000; 
 DEFINE> 
 DEFINE>{* number of MD steps for rigid body high temperature TAD *} 
 DEFINE>{===>} initiosteps=0; 
 DEFINE> 
 DEFINE>{* number of MD steps during first rigid body cooling stage *} 
 DEFINE>{===>} cool1_steps=0; 
 DEFINE> 
 DEFINE>{* number of MD steps during second cooling stage with flexible side-chains at interface *} 
 DEFINE>{===>} cool2_steps=1000; 
 DEFINE> 
 DEFINE>{* number of MD steps during third cooling stage with fully flexible interface *} 
 DEFINE>{===>} cool3_steps=1000; 
 DEFINE> 
 DEFINE> 
 DEFINE>{======================= Solvated rigid body docking=======================} 
 DEFINE>{* perform solvated docking ? *} 
 DEFINE>{+ choice: true false +} 
 DEFINE>{===>} waterdock=false; 
 DEFINE> 
 DEFINE>{* which method to use for solvating? *} 
 DEFINE>{* db: database-based (recommended), restraints: for restrained solvating to amino-acid most often forming 
 DEFINE>water mediated contacts and blank (""): for uniform waterlayer *} 
 DEFINE>{+ choice: "db" "restraints" "" +} 
 DEFINE>{===>} solvate_method="db"; 
 DEFINE> 
 DEFINE>{* which propensity database to use? *} 
 DEFINE>{* statistical: based on an analysis of water-mediated contacts in the PDB, kyte-doolittle: based on the Kyte-Doolittle hydrophobicity scalte *} 
 DEFINE>{+ choice: "statistical" "kytedoolittle" +} 
 DEFINE>{===>} db_method="kytedoolittle"; 
 DEFINE> 
 DEFINE>{* initial cutoff for restraints solvating method *} 
 DEFINE>{* all waters further away from a highly occuring water solvated residue will be removed in the generation 
 DEFINE>of the initial solvation shell *} 
 DEFINE>{===>} water_restraint_initial=5.0; 
 DEFINE> 
 DEFINE>{* cutoff for restraints solvating method *} 
 DEFINE>{* upper distance limit for defining distance restraints between water and amino-acids often found to be 
 DEFINE>involved in water-mediated contacts *} 
 DEFINE>{===>} water_restraint_cutoff=5.0; 
 DEFINE> 
 DEFINE>{* force constant for restrainted solvating method *} 
 DEFINE>{===>} water_restraint_scale=25.0; 
 DEFINE> 
 DEFINE>{* fraction of water to keep *} 
 DEFINE>{* this is the fraction of all interface water after the initial rigid body docking that will be kept 
 DEFINE>(note that more waters might be removed if the interaction energy is unfavorable  *} 
 DEFINE>{===>} water_tokeep=0.50; 
 DEFINE> 
 DEFINE>{* fraction of water around DNA to keep *} 
 DEFINE>{* this is the fraction of interface water involving DNA phoshpates after the initial rigid body docking that will be kept 
 DEFINE>(note that more waters might be removed if the interaction energy is unfavorable  *} 
 DEFINE>{===>} dnap_water_tokeep=0.75; 
 DEFINE> 
 DEFINE>{* random fraction to be added to the fraction of water to keep *} 
 DEFINE>{===>} water_randfrac=0.0; 
 DEFINE> 
 DEFINE>{* water-protein surface-cutoff *} 
 DEFINE>{* waters further away than this cutoff distance from any component of the complex will be removed *} 
 DEFINE>{===>} water_surfcutoff=8.0; 
 DEFINE> 
 DEFINE>{* do some water analysis *} 
 DEFINE>{+ choice: true false +} 
 DEFINE>{===>} water_analysis=false; 
 DEFINE> 
 DEFINE>{* allows translation of water molecules during rigid-body docking, true or false: *} 
 DEFINE>{+ choice: true false +} 
 DEFINE>{===>} transwater=true; 
 DEFINE> 
 DEFINE>{* number of different initial solvation shells to generate *} 
 DEFINE>{===>} waterensemble=1; 
 DEFINE> 
 DEFINE> 
 DEFINE>{==================== final explicit solvent refinement  ==================} 
 DEFINE>{* Do you want to refine your docking models in explicit solvent? *} 
 DEFINE>{+ choice: "yes" "no" +} 
 DEFINE>{===>} firstwater="yes"; 
 DEFINE> 
 DEFINE>{* Build explicit solvent shell? (Can be turned off the large molecules or when morphing CG to AA models) *} 
 DEFINE>{* Only EM will then be performed                                                                         *} 
 DEFINE>{+ choice: true false +} 
 DEFINE>{===>} solvshell=true; 
 DEFINE> 
 DEFINE>{* Which solvent do you want to use? *} 
 DEFINE>{+ choice: "water" "dmso" +} 
 DEFINE>{===>} solvent="water"; 
 DEFINE> 
 DEFINE>{* number of structures for the explicit solvent refinement *} 
 DEFINE>{* the n best structures will be refined                    *} 
 DEFINE>{===>} waterrefine=200; 
 DEFINE>       structures_2=&waterrefine; 
 DEFINE> 
 DEFINE>{* number of steps for heating phase (100, 200, 300K)?      *} 
 DEFINE>{===>} waterheatsteps=100; 
 DEFINE> 
 DEFINE>{* number of steps for 300K sampling phase?                 *} 
 DEFINE>{===>} watersteps=1250; 
 DEFINE> 
 DEFINE>{* number of steps for cooling phase (300, 200, 100K)?      *} 
 DEFINE>{===>} watercoolsteps=500; 
 DEFINE> 
 DEFINE>{* write additional PDB files including solvent ?           *} 
 DEFINE>{+ choice: true false +} 
 DEFINE>{===>} keepwater=true; 
 DEFINE> 
 DEFINE>{================================ Scoring =================================} 
 DEFINE>{* Settings for the scoring of the docking solutions *} 
 DEFINE> 
 DEFINE>{* Define the weights for the various terms for the sorting of structures (scoring) *} 
 DEFINE>{+ table: rows=14 "Evdw" "Eelec" "Eair" "Erg" "Esani" "Exrdc" "Expcs" "Edani" "Evean" "Ecdih" "Esym" "BSA" "dEint" "Edesolv" 
 DEFINE>          cols=3 "Rigid body EM" "semi-flexible SA" "Water refinement" +} 
 DEFINE>{===>} w_vdw_0=1.00; 
 DEFINE>{===>} w_vdw_1=1.0; 
 DEFINE>{===>} w_vdw_2=1.0; 
 DEFINE>{===>} w_elec_0=1.0; 
 DEFINE>{===>} w_elec_1=1.0; 
 DEFINE>{===>} w_elec_2=0.1; 
 DEFINE>{===>} w_dist_0=0.01; 
 DEFINE>{===>} w_dist_1=0.1; 
 DEFINE>{===>} w_dist_2=0.1; 
 DEFINE>{===>} w_rg_0=0.1; 
 DEFINE>{===>} w_rg_1=1.0; 
 DEFINE>{===>} w_rg_2=1.0; 
 DEFINE>{===>} w_sani_0=0.1; 
 DEFINE>{===>} w_sani_1=0.1; 
 DEFINE>{===>} w_sani_2=0.1; 
 DEFINE>{===>} w_xrdc_0=0.1; 
 DEFINE>{===>} w_xrdc_1=0.1; 
 DEFINE>{===>} w_xrdc_2=0.1; 
 DEFINE>{===>} w_xpcs_0=0.1; 
 DEFINE>{===>} w_xpcs_1=0.1; 
 DEFINE>{===>} w_xpcs_2=0.1; 
 DEFINE>{===>} w_dani_0=0.01; 
 DEFINE>{===>} w_dani_1=0.1; 
 DEFINE>{===>} w_dani_2=0.1; 
 DEFINE>{===>} w_vean_0=0.1; 
 DEFINE>{===>} w_vean_1=0.1; 
 DEFINE>{===>} w_vean_2=0.1; 
 DEFINE>{===>} w_cdih_0=0.0; 
 DEFINE>{===>} w_cdih_1=0.0; 
 DEFINE>{===>} w_cdih_2=0.0; 
 DEFINE>{===>} w_sym_0=0.1; 
 DEFINE>{===>} w_sym_1=0.1; 
 DEFINE>{===>} w_sym_2=0.1; 
 DEFINE>{===>} w_zres_0=0.1; 
 DEFINE>{===>} w_zres_1=0.1; 
 DEFINE>{===>} w_zres_2=0.1; 
 DEFINE>{===>} w_bsa_0=-0.01; 
 DEFINE>{===>} w_bsa_1=-0.01; 
 DEFINE>{===>} w_bsa_2=0.0; 
 DEFINE>{===>} w_deint_0=0.0; 
 DEFINE>{===>} w_deint_1=0.0; 
 DEFINE>{===>} w_deint_2=0.0; 
 DEFINE>{===>} w_desolv_0=1.0; 
 DEFINE>{===>} w_desolv_1=1.0; 
 DEFINE>{===>} w_desolv_2=1.0; 
 DEFINE> 
 DEFINE>{* It is possible to skip structures in the selection of structure in it0 *} 
 DEFINE>{* Give for this the number of structures to skip: *} 
 DEFINE>{===>} skip_struc=0; 
 DEFINE> 
 DEFINE>{======================= analysis and clustering ==========================} 
 DEFINE>{* Cutoff distance (proton-acceptor) to define an hydrogen bond? *} 
 DEFINE>{===>} dist_hb=2.5; 
 DEFINE> 
 DEFINE>{* Cutoff distance (carbon-carbon) to define an hydrophobic contact? *} 
 DEFINE>{===>} dist_nb=3.9; 
 DEFINE> 
 DEFINE>{* Clustering method (RMSD or Fraction of Common Contacts (FCC)) *} 
 DEFINE>{+ choice: "RMSD" "FCC" +} 
 DEFINE>{===>} clust_meth="RMSD"; 
 DEFINE> 
 DEFINE>{* RMSD cutoff for clustering? (Recommended values: RMSD 7.5, FCC 0.75) *} 
 DEFINE>{===>} clust_cutoff=1.50; 
 DEFINE> 
 DEFINE>{* Minimum cluster size? *} 
 DEFINE>{===>} clust_size=4; 
 DEFINE> 
 DEFINE>{* Chain-Agnostic Algorithm (used for FCC clustering in symmetrical complexes) *} 
 DEFINE>{+ choice: "true" "false" +} 
 DEFINE>{===>} fcc_ignc=false; 
 DEFINE> 
 DEFINE>{* Full or limited analysis of results? *} 
 DEFINE>{+ choice: "full" "cluster" "none" +} 
 DEFINE>{===>} runana=cluster; 
 DEFINE> 
 DEFINE> 
 DEFINE>{======================= final clean-up ===================================} 
 DEFINE>{* Clean up the run directory after completion (only files for struct #1 are kept) ? *} 
 DEFINE>{+ choice: true false +} 
 DEFINE>{===>} cleanup=true; 
 DEFINE> 
 DEFINE>{============================ parallel jobs ===============================} 
 DEFINE>{* How many nodes do you want to use in parallel? *} 
 DEFINE>{* leave unused fields blank, make sure that the queues are actually running *} 
 DEFINE>{+ table: rows=10 "1" "2" "3" "4" "5" "6" "7" "8" "9" "10" 
 DEFINE> cols=3 "queue command" "cns executable" "number of jobs" +} 
 DEFINE> 
 DEFINE>{===>} queue_1="/trinity/rascar/enmr/software/haddock2.5/batch_tools/diracsubmit-haddock2.5"; 
 DEFINE>{===>} cns_exe_1="/trinity/rascar/enmr/software/cns/cns_solve_1.31-UU/intel-x86_64bit-linux/bin/cns"; 
 DEFINE>{===>} cpunumber_1=100; 
 DEFINE> 
 DEFINE> 
 DEFINE>{===========================================================================} 
 DEFINE>{        things below this line do not normally need to be changed          } 
 DEFINE>{===========================================================================} 
 DEFINE> 
 DEFINE>) {- end block parameter definition -} 
 CNSsolve> 
 CNSsolve>!for global parameters (local variables (suffix ) => global variables): 
 CNSsolve>evaluate (&saprotocol.crossdock=&crossdock) 
 EVALUATE: symbol $_1_SAPROTOCOL.CROSSDOCK set to TRUE (logical)
 CNSsolve>evaluate (&saprotocol.randorien=&randorien) 
 EVALUATE: symbol $_1_SAPROTOCOL.RANDORIEN set to TRUE (logical)
 CNSsolve>evaluate (&saprotocol.rebuildcplx=&rebuildcplx) 
 EVALUATE: symbol $_1_SAPROTOCOL.REBUILDCPLX set to FALSE (logical)
 CNSsolve>evaluate (&saprotocol.rigidmini=&rigidmini) 
 EVALUATE: symbol $_1_SAPROTOCOL.RIGIDMINI set to TRUE (logical)
 CNSsolve>evaluate (&saprotocol.rigidtrans=&rigidtrans) 
 EVALUATE: symbol $_1_SAPROTOCOL.RIGIDTRANS set to TRUE (logical)
 CNSsolve>evaluate (&saprotocol.expand=&expand) 
 EVALUATE: symbol $_1_SAPROTOCOL.EXPAND set to FALSE (logical)
 CNSsolve>evaluate (&saprotocol.expansion=&expansion) 
 EVALUATE: symbol $_1_SAPROTOCOL.EXPANSION set to   0.400000     (real)
 CNSsolve>evaluate (&saprotocol.randangle=&randangle) 
 EVALUATE: symbol $_1_SAPROTOCOL.RANDANGLE set to    6.00000     (real)
 CNSsolve> 
 CNSsolve>if (&saprotocol.expand eq true) then 
 NEXTCD: condition evaluated as false
 CNSsolve>  evaluate (&saprotocol.randorien=false) 
 CNSsolve>  evaluate (&saprotocol.rigidmini=false) 
 CNSsolve>end if 
 CNSsolve>evaluate (&saprotocol.ntrials=&ntrials) 
 EVALUATE: symbol $_1_SAPROTOCOL.NTRIALS set to    5.00000     (real)
 CNSsolve>evaluate (&saprotocol.iniseed=&iniseed) 
 EVALUATE: symbol $_1_SAPROTOCOL.INISEED set to    917.000     (real)
 CNSsolve>evaluate (&saprotocol.tadhigh_t=&tadhigh_t) 
 EVALUATE: symbol $_1_SAPROTOCOL.TADHIGH_T set to    2000.00     (real)
 CNSsolve>evaluate (&saprotocol.t1_init=&tadinit1_t) 
 EVALUATE: symbol $_1_SAPROTOCOL.T1_INIT set to    2000.00     (real)
 CNSsolve>evaluate (&saprotocol.t2_init=&tadinit2_t) 
 EVALUATE: symbol $_1_SAPROTOCOL.T2_INIT set to    500.000     (real)
 CNSsolve>evaluate (&saprotocol.t3_init=&tadinit3_t) 
 EVALUATE: symbol $_1_SAPROTOCOL.T3_INIT set to    300.000     (real)
 CNSsolve>evaluate (&saprotocol.t1_final=&tadfinal1_t) 
 EVALUATE: symbol $_1_SAPROTOCOL.T1_FINAL set to    500.000     (real)
 CNSsolve>evaluate (&saprotocol.t2_final=&tadfinal2_t) 
 EVALUATE: symbol $_1_SAPROTOCOL.T2_FINAL set to    50.0000     (real)
 CNSsolve>evaluate (&saprotocol.t3_final=&tadfinal3_t) 
 EVALUATE: symbol $_1_SAPROTOCOL.T3_FINAL set to    50.0000     (real)
 CNSsolve>evaluate (&saprotocol.inter_rigid=&inter_rigid) 
 EVALUATE: symbol $_1_SAPROTOCOL.INTER_RIGID set to    1.00000     (real)
 CNSsolve>evaluate (&saprotocol.inter_init_rigid=&init_rigid) 
 EVALUATE: symbol $_1_SAPROTOCOL.INTER_INIT_RIGID set to   0.100000E-02 (real)
 CNSsolve>evaluate (&saprotocol.inter_fin_rigid=&fin_rigid) 
 EVALUATE: symbol $_1_SAPROTOCOL.INTER_FIN_RIGID set to   0.100000E-02 (real)
 CNSsolve>evaluate (&saprotocol.inter_init_cool2=&init_cool2) 
 EVALUATE: symbol $_1_SAPROTOCOL.INTER_INIT_COOL2 set to   0.100000E-02 (real)
 CNSsolve>evaluate (&saprotocol.inter_fin_cool2=&fin_cool2) 
 EVALUATE: symbol $_1_SAPROTOCOL.INTER_FIN_COOL2 set to    1.00000     (real)
 CNSsolve>evaluate (&saprotocol.inter_init_cool3=&init_cool3) 
 EVALUATE: symbol $_1_SAPROTOCOL.INTER_INIT_COOL3 set to   0.500000E-01 (real)
 CNSsolve>evaluate (&saprotocol.inter_fin_cool3=&fin_cool3) 
 EVALUATE: symbol $_1_SAPROTOCOL.INTER_FIN_COOL3 set to    1.00000     (real)
 CNSsolve>evaluate (&saprotocol.rotate180_it0=&rotate180_it0) 
 EVALUATE: symbol $_1_SAPROTOCOL.ROTATE180_IT0 set to TRUE (logical)
 CNSsolve>evaluate (&saprotocol.rotate180_it1=&rotate180_it1) 
 EVALUATE: symbol $_1_SAPROTOCOL.ROTATE180_IT1 set to FALSE (logical)
 CNSsolve>evaluate (&saprotocol.tempstep=50) 
 EVALUATE: symbol $_1_SAPROTOCOL.TEMPSTEP set to    50.0000     (real)
 CNSsolve>evaluate (&saprotocol.timestep=&timestep) 
 EVALUATE: symbol $_1_SAPROTOCOL.TIMESTEP set to   0.200000E-02 (real)
 CNSsolve>evaluate (&saprotocol.tadfactor=&tadfactor) 
 EVALUATE: symbol $_1_SAPROTOCOL.TADFACTOR set to    8.00000     (real)
 CNSsolve>evaluate (&saprotocol.emstepstrans=&emstepstrans) 
 EVALUATE: symbol $_1_SAPROTOCOL.EMSTEPSTRANS set to    1000.00     (real)
 CNSsolve>evaluate (&saprotocol.initiosteps=&initiosteps) 
 EVALUATE: symbol $_1_SAPROTOCOL.INITIOSTEPS set to    0.00000     (real)
 CNSsolve>evaluate (&saprotocol.cool1_steps=&cool1_steps) 
 EVALUATE: symbol $_1_SAPROTOCOL.COOL1_STEPS set to    0.00000     (real)
 CNSsolve>evaluate (&saprotocol.cool2_steps=&cool2_steps) 
 EVALUATE: symbol $_1_SAPROTOCOL.COOL2_STEPS set to    1000.00     (real)
 CNSsolve>evaluate (&saprotocol.cool3_steps=&cool3_steps) 
 EVALUATE: symbol $_1_SAPROTOCOL.COOL3_STEPS set to    1000.00     (real)
 CNSsolve>evaluate (&saprotocol.fbeta=100) 
 EVALUATE: symbol $_1_SAPROTOCOL.FBETA set to    100.000     (real)
 CNSsolve>evaluate (&saprotocol.mass=100) 
 EVALUATE: symbol $_1_SAPROTOCOL.MASS set to    100.000     (real)
 CNSsolve> 
 CNSsolve>evaluate (&filenames.fileroot=&fileroot) 
 EVALUATE: symbol $_1_FILENAMES.FILEROOT set to "complex" (string)
 CNSsolve>evaluate (&filenames.template=&fileroot + "_1.pdb") 
 EVALUATE: symbol $_1_FILENAMES.TEMPLATE set to "complex_1.pdb" (string)
 CNSsolve> 
 CNSsolve>evaluate (&iterations.ini_count    =1) 
 EVALUATE: symbol $_1_ITERATIONS.INI_COUNT set to    1.00000     (real)
 CNSsolve>evaluate (&iterations.structures   =&structures_$iteration) 
 EVALUATE: symbol $_1_ITERATIONS.STRUCTURES set to    1000.00     (real)
 CNSsolve>evaluate (&iterations.keepstruct   =&keepstruct_$iteration) 
 EVALUATE: symbol $_1_ITERATIONS.KEEPSTRUCT set to    1000.00     (real)
 CNSsolve>evaluate (&iterations.w_vdw        =&w_vdw_$iteration) 
 EVALUATE: symbol $_1_ITERATIONS.W_VDW set to    1.00000     (real)
 CNSsolve>evaluate (&iterations.w_elec       =&w_elec_$iteration) 
 EVALUATE: symbol $_1_ITERATIONS.W_ELEC set to    1.00000     (real)
 CNSsolve>evaluate (&iterations.w_dist       =&w_dist_$iteration) 
 EVALUATE: symbol $_1_ITERATIONS.W_DIST set to   0.100000E-01 (real)
 CNSsolve>evaluate (&iterations.w_rg         =&w_rg_$iteration) 
 EVALUATE: symbol $_1_ITERATIONS.W_RG set to   0.100000     (real)
 CNSsolve>evaluate (&iterations.w_sani       =&w_sani_$iteration) 
 EVALUATE: symbol $_1_ITERATIONS.W_SANI set to   0.100000     (real)
 CNSsolve>evaluate (&iterations.w_xrdc       =&w_xrdc_$iteration) 
 EVALUATE: symbol $_1_ITERATIONS.W_XRDC set to   0.100000     (real)
 CNSsolve>evaluate (&iterations.w_xpcs       =&w_xpcs_$iteration) 
 EVALUATE: symbol $_1_ITERATIONS.W_XPCS set to   0.100000     (real)
 CNSsolve>evaluate (&iterations.w_dani       =&w_dani_$iteration) 
 EVALUATE: symbol $_1_ITERATIONS.W_DANI set to   0.100000E-01 (real)
 CNSsolve>evaluate (&iterations.w_vean       =&w_vean_$iteration) 
 EVALUATE: symbol $_1_ITERATIONS.W_VEAN set to   0.100000     (real)
 CNSsolve>evaluate (&iterations.w_cdih       =&w_cdih_$iteration) 
 EVALUATE: symbol $_1_ITERATIONS.W_CDIH set to    0.00000     (real)
 CNSsolve>evaluate (&iterations.w_sym        =&w_sym_$iteration) 
 EVALUATE: symbol $_1_ITERATIONS.W_SYM set to   0.100000     (real)
 CNSsolve>evaluate (&iterations.w_zres       =&w_zres_$iteration) 
 EVALUATE: symbol $_1_ITERATIONS.W_ZRES set to   0.100000     (real)
 CNSsolve>evaluate (&iterations.w_bsa        =&w_bsa_$iteration) 
 EVALUATE: symbol $_1_ITERATIONS.W_BSA set to  -0.100000E-01 (real)
 CNSsolve>evaluate (&iterations.w_deint      =&w_deint_$iteration) 
 EVALUATE: symbol $_1_ITERATIONS.W_DEINT set to    0.00000     (real)
 CNSsolve>evaluate (&iterations.w_desolv     =&w_desolv_$iteration) 
 EVALUATE: symbol $_1_ITERATIONS.W_DESOLV set to    1.00000     (real)
 CNSsolve>evaluate (&iterations.anastruc     =&anastruc_$iteration) 
 EVALUATE: symbol $_1_ITERATIONS.ANASTRUC set to    200.000     (real)
 CNSsolve>evaluate (&iterations.w_lcc        = &w_lcc_$iteration) 
 EVALUATE: symbol $_1_ITERATIONS.W_LCC set to   -400.000     (real)
 CNSsolve> 
 CNSsolve> 
 CNSsolve>evaluate (&data.ncomponents=&ncomponents) 
 EVALUATE: symbol $_1_DATA.NCOMPONENTS set to    2.00000     (real)
 CNSsolve> 
 CNSsolve>evaluate ($nmol=1) 
 EVALUATE: symbol $NMOL set to    1.00000     (real)
 CNSsolve>while ($nmol <= &data.ncomponents) loop mol 
 NEXTCD: condition evaluated as true
 CNSsolve> 
 CNSsolve>  !aa topology, linkage and parameters files 
 CNSsolve>  evaluate (&toppar.prot_top_$nmol=&prot_top_mol$nmol ) 
 EVALUATE: symbol $_1_TOPPAR.PROT_TOP_1 set to "protein-allhdg5-4.top" (string)
 CNSsolve>  evaluate (&toppar.prot_link_$nmol=&prot_link_mol$nmol ) 
 EVALUATE: symbol $_1_TOPPAR.PROT_LINK_1 set to "protein-allhdg5-4-noter.link" (string)
 CNSsolve>  evaluate (&toppar.prot_par_$nmol=&prot_par_mol$nmol ) 
 EVALUATE: symbol $_1_TOPPAR.PROT_PAR_1 set to "protein-allhdg5-4.param" (string)
 CNSsolve> 
 CNSsolve>  !coarse grained topology, linkage and parameters files 
 CNSsolve>  evaluate (&toppar.prot_cg_top_$nmol=&prot_cg_top_mol$nmol ) 
 EVALUATE: symbol $_1_TOPPAR.PROT_CG_TOP_1 set to "protein-CG-Martini-2-2.top" (string)
 CNSsolve>  evaluate (&toppar.prot_cg_link_$nmol=&prot_cg_link_mol$nmol ) 
 EVALUATE: symbol $_1_TOPPAR.PROT_CG_LINK_1 set to "protein-CG-Martini-2-2.link" (string)
 CNSsolve>  evaluate (&toppar.prot_cg_par_$nmol=&prot_cg_par_mol$nmol ) 
 EVALUATE: symbol $_1_TOPPAR.PROT_CG_PAR_1 set to "protein-CG-Martini-2-2.param" (string)
 CNSsolve> 
 CNSsolve>  !molecule related (coordinate files, rootname, fix, type, coarse grained, segid) 
 CNSsolve>  evaluate (&toppar.prot_coor_$nmol=&prot_coor_mol$nmol) 
 EVALUATE: symbol $_1_TOPPAR.PROT_COOR_1 set to "protein1.pdb" (string)
 CNSsolve>  evaluate (&toppar.prot_root_$nmol=&prot_root_mol$nmol) 
 EVALUATE: symbol $_1_TOPPAR.PROT_ROOT_1 set to "protein1" (string)
 CNSsolve>  evaluate (&toppar.fix_origin_$nmol=&fix_origin_mol$nmol) 
 EVALUATE: symbol $_1_TOPPAR.FIX_ORIGIN_1 set to FALSE (logical)
 CNSsolve>  evaluate (&toppar.dna_$nmol=&dna_mol$nmol) 
 EVALUATE: symbol $_1_TOPPAR.DNA_1 set to FALSE (logical)
 CNSsolve>  evaluate (&toppar.cyclicpept_$nmol=&cyclicpept_mol$nmol) 
 EVALUATE: symbol $_1_TOPPAR.CYCLICPEPT_1 set to FALSE (logical)
 CNSsolve>  evaluate (&toppar.shape_$nmol=&shape_mol$nmol) 
 EVALUATE: symbol $_1_TOPPAR.SHAPE_1 set to FALSE (logical)
 CNSsolve>  evaluate (&toppar.cg_$nmol=&cg_mol$nmol) 
 EVALUATE: symbol $_1_TOPPAR.CG_1 set to FALSE (logical)
 CNSsolve>  evaluate (&toppar.prot_segid_$nmol=&prot_segid_mol$nmol) 
 EVALUATE: symbol $_1_TOPPAR.PROT_SEGID_1 set to "A" (string)
 CNSsolve> 
 CNSsolve>  !semi flexible segments 
 CNSsolve>  evaluate (&toppar.nseg_$nmol=&nseg_$nmol) 
 EVALUATE: symbol $_1_TOPPAR.NSEG_1 set to   -1.00000     (real)
 CNSsolve>  evaluate ($nseg = 1) 
 EVALUATE: symbol $NSEG set to    1.00000     (real)
 CNSsolve>  while ($nseg <= &toppar.nseg_$nmol) loop seg 
 NEXTCD: condition evaluated as false
 CNSsolve>    evaluate (&toppar.start_seg_$nmol_$nseg=&start_seg_$nmol_$nseg) 
 CNSsolve>    evaluate (&toppar.end_seg_$nmol_$nseg=&end_seg_$nmol_$nseg) 
 CNSsolve>    evaluate ($nseg = $nseg + 1) 
 CNSsolve>  end loop seg 
 CNSsolve> 
 CNSsolve>  !fully flexible segments 
 CNSsolve>  evaluate (&toppar.nfle_$nmol=&nfle_$nmol) 
 EVALUATE: symbol $_1_TOPPAR.NFLE_1 set to    0.00000     (real)
 CNSsolve>  evaluate ($nfle = 1) 
 EVALUATE: symbol $NFLE set to    1.00000     (real)
 CNSsolve>  while ($nfle <= &toppar.nfle_$nmol) loop fle 
 NEXTCD: condition evaluated as false
 CNSsolve>    evaluate (&toppar.start_fle_$nmol_$nfle=&start_fle_$nmol_$nfle) 
 CNSsolve>    evaluate (&toppar.end_fle_$nmol_$nfle=&end_fle_$nmol_$nfle) 
 CNSsolve>    evaluate ($nfle = $nfle + 1) 
 CNSsolve>  end loop fle 
 CNSsolve> 
 CNSsolve>  !histidine patches 
 CNSsolve>  evaluate (&toppar.autohis=&autohis) 
 EVALUATE: symbol $_1_TOPPAR.AUTOHIS set to FALSE (logical)
 CNSsolve>  evaluate (&toppar.nhisd_$nmol=&numhisd_$nmol) 
 EVALUATE: symbol $_1_TOPPAR.NHISD_1 set to    0.00000     (real)
 CNSsolve>  evaluate ($ncc=1) 
 EVALUATE: symbol $NCC set to    1.00000     (real)
 CNSsolve>  while ($ncc <= &toppar.nhisd_$nmol) loop hisd 
 NEXTCD: condition evaluated as false
 CNSsolve>    evaluate (&toppar.hisd_resid_$nmol_$ncc=&hisd_$nmol_$ncc) 
 CNSsolve>    evaluate ($ncc = $ncc + 1) 
 CNSsolve>  end loop hisd 
 CNSsolve> 
 CNSsolve>  evaluate (&toppar.nhise_$nmol=&numhise_$nmol) 
 EVALUATE: symbol $_1_TOPPAR.NHISE_1 set to    0.00000     (real)
 CNSsolve>  evaluate ($ncc=1) 
 EVALUATE: symbol $NCC set to    1.00000     (real)
 CNSsolve>  while ($ncc <= &toppar.nhise_$nmol) loop hisd 
 NEXTCD: condition evaluated as false
 CNSsolve>    evaluate (&toppar.hise_resid_$nmol_$ncc=&hise_$nmol_$ncc) 
 CNSsolve>    evaluate ($ncc = $ncc + 1) 
 CNSsolve>  end loop hisd 
 CNSsolve> 
 CNSsolve>  evaluate ($nmol = $nmol + 1) 
 EVALUATE: symbol $NMOL set to    2.00000     (real)
 CNSsolve> 
 CNSsolve>end loop mol 
 CNSsolve>while ($nmol <= &data.ncomponents) loop mol 
 NEXTCD: condition evaluated as true
 CNSsolve> 
 CNSsolve>  !aa topology, linkage and parameters files 
 CNSsolve>  evaluate (&toppar.prot_top_$nmol=&prot_top_mol$nmol ) 
 EVALUATE: symbol $_1_TOPPAR.PROT_TOP_2 set to "dna-rna-allatom-hj-opls-1.3.top" (string)
 CNSsolve>  evaluate (&toppar.prot_link_$nmol=&prot_link_mol$nmol ) 
 EVALUATE: symbol $_1_TOPPAR.PROT_LINK_2 set to "dna-rna-1.3.link" (string)
 CNSsolve>  evaluate (&toppar.prot_par_$nmol=&prot_par_mol$nmol ) 
 EVALUATE: symbol $_1_TOPPAR.PROT_PAR_2 set to "dna-rna-allatom-hj-opls-1.3.param" (string)
 CNSsolve> 
 CNSsolve>  !coarse grained topology, linkage and parameters files 
 CNSsolve>  evaluate (&toppar.prot_cg_top_$nmol=&prot_cg_top_mol$nmol ) 
 EVALUATE: symbol $_1_TOPPAR.PROT_CG_TOP_2 set to "protein-CG-Martini-2-2.top" (string)
 CNSsolve>  evaluate (&toppar.prot_cg_link_$nmol=&prot_cg_link_mol$nmol ) 
 EVALUATE: symbol $_1_TOPPAR.PROT_CG_LINK_2 set to "protein-CG-Martini-2-2.link" (string)
 CNSsolve>  evaluate (&toppar.prot_cg_par_$nmol=&prot_cg_par_mol$nmol ) 
 EVALUATE: symbol $_1_TOPPAR.PROT_CG_PAR_2 set to "protein-CG-Martini-2-2.param" (string)
 CNSsolve> 
 CNSsolve>  !molecule related (coordinate files, rootname, fix, type, coarse grained, segid) 
 CNSsolve>  evaluate (&toppar.prot_coor_$nmol=&prot_coor_mol$nmol) 
 EVALUATE: symbol $_1_TOPPAR.PROT_COOR_2 set to "protein2.pdb" (string)
 CNSsolve>  evaluate (&toppar.prot_root_$nmol=&prot_root_mol$nmol) 
 EVALUATE: symbol $_1_TOPPAR.PROT_ROOT_2 set to "protein2" (string)
 CNSsolve>  evaluate (&toppar.fix_origin_$nmol=&fix_origin_mol$nmol) 
 EVALUATE: symbol $_1_TOPPAR.FIX_ORIGIN_2 set to FALSE (logical)
 CNSsolve>  evaluate (&toppar.dna_$nmol=&dna_mol$nmol) 
 EVALUATE: symbol $_1_TOPPAR.DNA_2 set to TRUE (logical)
 CNSsolve>  evaluate (&toppar.cyclicpept_$nmol=&cyclicpept_mol$nmol) 
 EVALUATE: symbol $_1_TOPPAR.CYCLICPEPT_2 set to FALSE (logical)
 CNSsolve>  evaluate (&toppar.shape_$nmol=&shape_mol$nmol) 
 EVALUATE: symbol $_1_TOPPAR.SHAPE_2 set to FALSE (logical)
 CNSsolve>  evaluate (&toppar.cg_$nmol=&cg_mol$nmol) 
 EVALUATE: symbol $_1_TOPPAR.CG_2 set to FALSE (logical)
 CNSsolve>  evaluate (&toppar.prot_segid_$nmol=&prot_segid_mol$nmol) 
 EVALUATE: symbol $_1_TOPPAR.PROT_SEGID_2 set to "B" (string)
 CNSsolve> 
 CNSsolve>  !semi flexible segments 
 CNSsolve>  evaluate (&toppar.nseg_$nmol=&nseg_$nmol) 
 EVALUATE: symbol $_1_TOPPAR.NSEG_2 set to   -1.00000     (real)
 CNSsolve>  evaluate ($nseg = 1) 
 EVALUATE: symbol $NSEG set to    1.00000     (real)
 CNSsolve>  while ($nseg <= &toppar.nseg_$nmol) loop seg 
 NEXTCD: condition evaluated as false
 CNSsolve>    evaluate (&toppar.start_seg_$nmol_$nseg=&start_seg_$nmol_$nseg) 
 CNSsolve>    evaluate (&toppar.end_seg_$nmol_$nseg=&end_seg_$nmol_$nseg) 
 CNSsolve>    evaluate ($nseg = $nseg + 1) 
 CNSsolve>  end loop seg 
 CNSsolve> 
 CNSsolve>  !fully flexible segments 
 CNSsolve>  evaluate (&toppar.nfle_$nmol=&nfle_$nmol) 
 EVALUATE: symbol $_1_TOPPAR.NFLE_2 set to    0.00000     (real)
 CNSsolve>  evaluate ($nfle = 1) 
 EVALUATE: symbol $NFLE set to    1.00000     (real)
 CNSsolve>  while ($nfle <= &toppar.nfle_$nmol) loop fle 
 NEXTCD: condition evaluated as false
 CNSsolve>    evaluate (&toppar.start_fle_$nmol_$nfle=&start_fle_$nmol_$nfle) 
 CNSsolve>    evaluate (&toppar.end_fle_$nmol_$nfle=&end_fle_$nmol_$nfle) 
 CNSsolve>    evaluate ($nfle = $nfle + 1) 
 CNSsolve>  end loop fle 
 CNSsolve> 
 CNSsolve>  !histidine patches 
 CNSsolve>  evaluate (&toppar.autohis=&autohis) 
 EVALUATE: symbol $_1_TOPPAR.AUTOHIS set to FALSE (logical)
 CNSsolve>  evaluate (&toppar.nhisd_$nmol=&numhisd_$nmol) 
 EVALUATE: symbol $_1_TOPPAR.NHISD_2 set to    0.00000     (real)
 CNSsolve>  evaluate ($ncc=1) 
 EVALUATE: symbol $NCC set to    1.00000     (real)
 CNSsolve>  while ($ncc <= &toppar.nhisd_$nmol) loop hisd 
 NEXTCD: condition evaluated as false
 CNSsolve>    evaluate (&toppar.hisd_resid_$nmol_$ncc=&hisd_$nmol_$ncc) 
 CNSsolve>    evaluate ($ncc = $ncc + 1) 
 CNSsolve>  end loop hisd 
 CNSsolve> 
 CNSsolve>  evaluate (&toppar.nhise_$nmol=&numhise_$nmol) 
 EVALUATE: symbol $_1_TOPPAR.NHISE_2 set to    0.00000     (real)
 CNSsolve>  evaluate ($ncc=1) 
 EVALUATE: symbol $NCC set to    1.00000     (real)
 CNSsolve>  while ($ncc <= &toppar.nhise_$nmol) loop hisd 
 NEXTCD: condition evaluated as false
 CNSsolve>    evaluate (&toppar.hise_resid_$nmol_$ncc=&hise_$nmol_$ncc) 
 CNSsolve>    evaluate ($ncc = $ncc + 1) 
 CNSsolve>  end loop hisd 
 CNSsolve> 
 CNSsolve>  evaluate ($nmol = $nmol + 1) 
 EVALUATE: symbol $NMOL set to    3.00000     (real)
 CNSsolve> 
 CNSsolve>end loop mol 
 CNSsolve>while ($nmol <= &data.ncomponents) loop mol 
 NEXTCD: condition evaluated as false
 CNSsolve> 
 CNSsolve>  !aa topology, linkage and parameters files 
 CNSsolve>  evaluate (&toppar.prot_top_$nmol=&prot_top_mol$nmol ) 
 CNSsolve>  evaluate (&toppar.prot_link_$nmol=&prot_link_mol$nmol ) 
 CNSsolve>  evaluate (&toppar.prot_par_$nmol=&prot_par_mol$nmol ) 
 CNSsolve> 
 CNSsolve>  !coarse grained topology, linkage and parameters files 
 CNSsolve>  evaluate (&toppar.prot_cg_top_$nmol=&prot_cg_top_mol$nmol ) 
 CNSsolve>  evaluate (&toppar.prot_cg_link_$nmol=&prot_cg_link_mol$nmol ) 
 CNSsolve>  evaluate (&toppar.prot_cg_par_$nmol=&prot_cg_par_mol$nmol ) 
 CNSsolve> 
 CNSsolve>  !molecule related (coordinate files, rootname, fix, type, coarse grained, segid) 
 CNSsolve>  evaluate (&toppar.prot_coor_$nmol=&prot_coor_mol$nmol) 
 CNSsolve>  evaluate (&toppar.prot_root_$nmol=&prot_root_mol$nmol) 
 CNSsolve>  evaluate (&toppar.fix_origin_$nmol=&fix_origin_mol$nmol) 
 CNSsolve>  evaluate (&toppar.dna_$nmol=&dna_mol$nmol) 
 CNSsolve>  evaluate (&toppar.cyclicpept_$nmol=&cyclicpept_mol$nmol) 
 CNSsolve>  evaluate (&toppar.shape_$nmol=&shape_mol$nmol) 
 CNSsolve>  evaluate (&toppar.cg_$nmol=&cg_mol$nmol) 
 CNSsolve>  evaluate (&toppar.prot_segid_$nmol=&prot_segid_mol$nmol) 
 CNSsolve> 
 CNSsolve>  !semi flexible segments 
 CNSsolve>  evaluate (&toppar.nseg_$nmol=&nseg_$nmol) 
 CNSsolve>  evaluate ($nseg = 1) 
 CNSsolve>  while ($nseg <= &toppar.nseg_$nmol) loop seg 
 CNSsolve>    evaluate (&toppar.start_seg_$nmol_$nseg=&start_seg_$nmol_$nseg) 
 CNSsolve>    evaluate (&toppar.end_seg_$nmol_$nseg=&end_seg_$nmol_$nseg) 
 CNSsolve>    evaluate ($nseg = $nseg + 1) 
 CNSsolve>  end loop seg 
 CNSsolve> 
 CNSsolve>  !fully flexible segments 
 CNSsolve>  evaluate (&toppar.nfle_$nmol=&nfle_$nmol) 
 CNSsolve>  evaluate ($nfle = 1) 
 CNSsolve>  while ($nfle <= &toppar.nfle_$nmol) loop fle 
 CNSsolve>    evaluate (&toppar.start_fle_$nmol_$nfle=&start_fle_$nmol_$nfle) 
 CNSsolve>    evaluate (&toppar.end_fle_$nmol_$nfle=&end_fle_$nmol_$nfle) 
 CNSsolve>    evaluate ($nfle = $nfle + 1) 
 CNSsolve>  end loop fle 
 CNSsolve> 
 CNSsolve>  !histidine patches 
 CNSsolve>  evaluate (&toppar.autohis=&autohis) 
 CNSsolve>  evaluate (&toppar.nhisd_$nmol=&numhisd_$nmol) 
 CNSsolve>  evaluate ($ncc=1) 
 CNSsolve>  while ($ncc <= &toppar.nhisd_$nmol) loop hisd 
 CNSsolve>    evaluate (&toppar.hisd_resid_$nmol_$ncc=&hisd_$nmol_$ncc) 
 CNSsolve>    evaluate ($ncc = $ncc + 1) 
 CNSsolve>  end loop hisd 
 CNSsolve> 
 CNSsolve>  evaluate (&toppar.nhise_$nmol=&numhise_$nmol) 
 CNSsolve>  evaluate ($ncc=1) 
 CNSsolve>  while ($ncc <= &toppar.nhise_$nmol) loop hisd 
 CNSsolve>    evaluate (&toppar.hise_resid_$nmol_$ncc=&hise_$nmol_$ncc) 
 CNSsolve>    evaluate ($ncc = $ncc + 1) 
 CNSsolve>  end loop hisd 
 CNSsolve> 
 CNSsolve>  evaluate ($nmol = $nmol + 1) 
 CNSsolve> 
 CNSsolve>end loop mol 
 CNSsolve> 
 CNSsolve>! non-bonded parameter set to use 
 CNSsolve>evaluate (&toppar.par_nonbonded=&par_nonbonded) 
 EVALUATE: symbol $_1_TOPPAR.PAR_NONBONDED set to "OPLSX" (string)
 CNSsolve> 
 CNSsolve>! z-restraining 
 CNSsolve>evaluate (&Data.flags.zres =  &zres_on) 
 EVALUATE: symbol $_1_DATA.FLAGS.ZRES set to FALSE (logical)
 CNSsolve>evaluate (&data.numzres=&numzres) 
 EVALUATE: symbol $_1_DATA.NUMZRES set to    0.00000     (real)
 CNSsolve>evaluate ($ncc=1) 
 EVALUATE: symbol $NCC set to    1.00000     (real)
 CNSsolve>while ($ncc <= &numzres) loop zres 
 NEXTCD: condition evaluated as false
 CNSsolve>  evaluate (&toppar.zres_sta_$ncc=&zres_sta_$ncc) 
 CNSsolve>  evaluate (&toppar.zres_end_$ncc=&zres_end_$ncc) 
 CNSsolve>  evaluate (&toppar.zres_seg_$ncc=&zres_seg_$ncc) 
 CNSsolve>  evaluate (&toppar.zres_type_$ncc=&zres_type_$ncc) 
 CNSsolve>  evaluate ($ncc = $ncc + 1) 
 CNSsolve>end loop zres 
 CNSsolve> 
 CNSsolve>! NCS restraints 
 CNSsolve>evaluate (&data.kncs=&kncs) 
 Assuming literal string "&KNCS"
 EVALUATE: symbol $_1_DATA.KNCS set to "&KNCS" (string)
 CNSsolve>evaluate (&Data.flags.ncs  =  &ncs_on) 
 EVALUATE: symbol $_1_DATA.FLAGS.NCS set to FALSE (logical)
 CNSsolve>evaluate (&data.numncs=&numncs) 
 EVALUATE: symbol $_1_DATA.NUMNCS set to    0.00000     (real)
 CNSsolve>evaluate ($ncc=1) 
 EVALUATE: symbol $NCC set to    1.00000     (real)
 CNSsolve>while ($ncc <= &numncs) loop ncs 
 NEXTCD: condition evaluated as false
 CNSsolve>  evaluate (&toppar.ncs_sta1_$ncc=&ncs_sta1_$ncc) 
 CNSsolve>  evaluate (&toppar.ncs_end1_$ncc=&ncs_end1_$ncc) 
 CNSsolve>  evaluate (&toppar.ncs_seg1_$ncc=&ncs_seg1_$ncc) 
 CNSsolve>  evaluate (&toppar.ncs_sta2_$ncc=&ncs_sta2_$ncc) 
 CNSsolve>  evaluate (&toppar.ncs_end2_$ncc=&ncs_end2_$ncc) 
 CNSsolve>  evaluate (&toppar.ncs_seg2_$ncc=&ncs_seg2_$ncc) 
 CNSsolve>  evaluate ($ncc = $ncc + 1) 
 CNSsolve>end loop ncs 
 CNSsolve> 
 CNSsolve>! Symmetry restraints 
 CNSsolve>evaluate (&data.ksym=&ksym) 
 EVALUATE: symbol $_1_DATA.KSYM set to    10.0000     (real)
 CNSsolve>evaluate (&Data.flags.sym  =  &sym_on) 
 EVALUATE: symbol $_1_DATA.FLAGS.SYM set to FALSE (logical)
 CNSsolve>evaluate (&data.numc2sym=&numc2sym) 
 EVALUATE: symbol $_1_DATA.NUMC2SYM set to    0.00000     (real)
 CNSsolve>evaluate ($nsym=1) 
 EVALUATE: symbol $NSYM set to    1.00000     (real)
 CNSsolve>while ($nsym <= &numc2sym) loop sym 
 NEXTCD: condition evaluated as false
 CNSsolve>  evaluate (&toppar.c2sym_sta1_$nsym=&c2sym_sta1_$nsym) 
 CNSsolve>  evaluate (&toppar.c2sym_end1_$nsym=&c2sym_end1_$nsym) 
 CNSsolve>  evaluate (&toppar.c2sym_seg1_$nsym=&c2sym_seg1_$nsym) 
 CNSsolve>  evaluate (&toppar.c2sym_sta2_$nsym=&c2sym_sta2_$nsym) 
 CNSsolve>  evaluate (&toppar.c2sym_end2_$nsym=&c2sym_end2_$nsym) 
 CNSsolve>  evaluate (&toppar.c2sym_seg2_$nsym=&c2sym_seg2_$nsym) 
 CNSsolve>  evaluate ($nsym = $nsym + 1) 
 CNSsolve>end loop sym 
 CNSsolve> 
 CNSsolve>evaluate (&data.numc3sym=&numc3sym) 
 EVALUATE: symbol $_1_DATA.NUMC3SYM set to    0.00000     (real)
 CNSsolve>evaluate ($nsym=1) 
 EVALUATE: symbol $NSYM set to    1.00000     (real)
 CNSsolve>while ($nsym <= &numc3sym) loop sym 
 NEXTCD: condition evaluated as false
 CNSsolve>  evaluate (&toppar.c3sym_sta1_$nsym=&c3sym_sta1_$nsym) 
 CNSsolve>  evaluate (&toppar.c3sym_end1_$nsym=&c3sym_end1_$nsym) 
 CNSsolve>  evaluate (&toppar.c3sym_seg1_$nsym=&c3sym_seg1_$nsym) 
 CNSsolve>  evaluate (&toppar.c3sym_sta2_$nsym=&c3sym_sta2_$nsym) 
 CNSsolve>  evaluate (&toppar.c3sym_end2_$nsym=&c3sym_end2_$nsym) 
 CNSsolve>  evaluate (&toppar.c3sym_seg2_$nsym=&c3sym_seg2_$nsym) 
 CNSsolve>  evaluate (&toppar.c3sym_sta3_$nsym=&c3sym_sta3_$nsym) 
 CNSsolve>  evaluate (&toppar.c3sym_end3_$nsym=&c3sym_end3_$nsym) 
 CNSsolve>  evaluate (&toppar.c3sym_seg3_$nsym=&c3sym_seg3_$nsym) 
 CNSsolve>  evaluate ($nsym = $nsym + 1) 
 CNSsolve>end loop sym 
 CNSsolve> 
 CNSsolve>evaluate (&data.nums3sym=&nums3sym) 
 EVALUATE: symbol $_1_DATA.NUMS3SYM set to    0.00000     (real)
 CNSsolve>evaluate ($nsym=1) 
 EVALUATE: symbol $NSYM set to    1.00000     (real)
 CNSsolve>while ($nsym <= &nums3sym) loop sym 
 NEXTCD: condition evaluated as false
 CNSsolve>  evaluate (&toppar.s3sym_sta1_$nsym=&s3sym_sta1_$nsym) 
 CNSsolve>  evaluate (&toppar.s3sym_end1_$nsym=&s3sym_end1_$nsym) 
 CNSsolve>  evaluate (&toppar.s3sym_seg1_$nsym=&s3sym_seg1_$nsym) 
 CNSsolve>  evaluate (&toppar.s3sym_sta2_$nsym=&s3sym_sta2_$nsym) 
 CNSsolve>  evaluate (&toppar.s3sym_end2_$nsym=&s3sym_end2_$nsym) 
 CNSsolve>  evaluate (&toppar.s3sym_seg2_$nsym=&s3sym_seg2_$nsym) 
 CNSsolve>  evaluate (&toppar.s3sym_sta3_$nsym=&s3sym_sta3_$nsym) 
 CNSsolve>  evaluate (&toppar.s3sym_end3_$nsym=&s3sym_end3_$nsym) 
 CNSsolve>  evaluate (&toppar.s3sym_seg3_$nsym=&s3sym_seg3_$nsym) 
 CNSsolve>  evaluate ($nsym = $nsym + 1) 
 CNSsolve>end loop sym 
 CNSsolve> 
 CNSsolve>evaluate (&data.numc4sym=&numc4sym) 
 EVALUATE: symbol $_1_DATA.NUMC4SYM set to    0.00000     (real)
 CNSsolve>evaluate ($nsym=1) 
 EVALUATE: symbol $NSYM set to    1.00000     (real)
 CNSsolve>while ($nsym <= &numc4sym) loop sym 
 NEXTCD: condition evaluated as false
 CNSsolve>  evaluate (&toppar.c4sym_sta1_$nsym=&c4sym_sta1_$nsym) 
 CNSsolve>  evaluate (&toppar.c4sym_end1_$nsym=&c4sym_end1_$nsym) 
 CNSsolve>  evaluate (&toppar.c4sym_seg1_$nsym=&c4sym_seg1_$nsym) 
 CNSsolve>  evaluate (&toppar.c4sym_sta2_$nsym=&c4sym_sta2_$nsym) 
 CNSsolve>  evaluate (&toppar.c4sym_end2_$nsym=&c4sym_end2_$nsym) 
 CNSsolve>  evaluate (&toppar.c4sym_seg2_$nsym=&c4sym_seg2_$nsym) 
 CNSsolve>  evaluate (&toppar.c4sym_sta3_$nsym=&c4sym_sta3_$nsym) 
 CNSsolve>  evaluate (&toppar.c4sym_end3_$nsym=&c4sym_end3_$nsym) 
 CNSsolve>  evaluate (&toppar.c4sym_seg3_$nsym=&c4sym_seg3_$nsym) 
 CNSsolve>  evaluate (&toppar.c4sym_sta4_$nsym=&c4sym_sta4_$nsym) 
 CNSsolve>  evaluate (&toppar.c4sym_end4_$nsym=&c4sym_end4_$nsym) 
 CNSsolve>  evaluate (&toppar.c4sym_seg4_$nsym=&c4sym_seg4_$nsym) 
 CNSsolve>  evaluate ($nsym = $nsym + 1) 
 CNSsolve>end loop sym 
 CNSsolve> 
 CNSsolve>evaluate (&data.numc5sym=&numc5sym) 
 EVALUATE: symbol $_1_DATA.NUMC5SYM set to    0.00000     (real)
 CNSsolve>evaluate ($nsym=1) 
 EVALUATE: symbol $NSYM set to    1.00000     (real)
 CNSsolve>while ($nsym <= &numc5sym) loop sym 
 NEXTCD: condition evaluated as false
 CNSsolve>  evaluate (&toppar.c5sym_sta1_$nsym=&c5sym_sta1_$nsym) 
 CNSsolve>  evaluate (&toppar.c5sym_end1_$nsym=&c5sym_end1_$nsym) 
 CNSsolve>  evaluate (&toppar.c5sym_seg1_$nsym=&c5sym_seg1_$nsym) 
 CNSsolve>  evaluate (&toppar.c5sym_sta2_$nsym=&c5sym_sta2_$nsym) 
 CNSsolve>  evaluate (&toppar.c5sym_end2_$nsym=&c5sym_end2_$nsym) 
 CNSsolve>  evaluate (&toppar.c5sym_seg2_$nsym=&c5sym_seg2_$nsym) 
 CNSsolve>  evaluate (&toppar.c5sym_sta3_$nsym=&c5sym_sta3_$nsym) 
 CNSsolve>  evaluate (&toppar.c5sym_end3_$nsym=&c5sym_end3_$nsym) 
 CNSsolve>  evaluate (&toppar.c5sym_seg3_$nsym=&c5sym_seg3_$nsym) 
 CNSsolve>  evaluate (&toppar.c5sym_sta4_$nsym=&c5sym_sta4_$nsym) 
 CNSsolve>  evaluate (&toppar.c5sym_end4_$nsym=&c5sym_end4_$nsym) 
 CNSsolve>  evaluate (&toppar.c5sym_seg4_$nsym=&c5sym_seg4_$nsym) 
 CNSsolve>  evaluate (&toppar.c5sym_sta5_$nsym=&c5sym_sta5_$nsym) 
 CNSsolve>  evaluate (&toppar.c5sym_end5_$nsym=&c5sym_end5_$nsym) 
 CNSsolve>  evaluate (&toppar.c5sym_seg5_$nsym=&c5sym_seg5_$nsym) 
 CNSsolve>  evaluate ($nsym = $nsym + 1) 
 CNSsolve>end loop sym 
 CNSsolve> 
 CNSsolve>evaluate (&data.numc6sym=&numc6sym) 
 EVALUATE: symbol $_1_DATA.NUMC6SYM set to    0.00000     (real)
 CNSsolve>evaluate ($nsym=1) 
 EVALUATE: symbol $NSYM set to    1.00000     (real)
 CNSsolve>while ($nsym <= &numc6sym) loop sym 
 NEXTCD: condition evaluated as false
 CNSsolve>  evaluate (&toppar.c6sym_sta1_$nsym=&c6sym_sta1_$nsym) 
 CNSsolve>  evaluate (&toppar.c6sym_end1_$nsym=&c6sym_end1_$nsym) 
 CNSsolve>  evaluate (&toppar.c6sym_seg1_$nsym=&c6sym_seg1_$nsym) 
 CNSsolve>  evaluate (&toppar.c6sym_sta2_$nsym=&c6sym_sta2_$nsym) 
 CNSsolve>  evaluate (&toppar.c6sym_end2_$nsym=&c6sym_end2_$nsym) 
 CNSsolve>  evaluate (&toppar.c6sym_seg2_$nsym=&c6sym_seg2_$nsym) 
 CNSsolve>  evaluate (&toppar.c6sym_sta3_$nsym=&c6sym_sta3_$nsym) 
 CNSsolve>  evaluate (&toppar.c6sym_end3_$nsym=&c6sym_end3_$nsym) 
 CNSsolve>  evaluate (&toppar.c6sym_seg3_$nsym=&c6sym_seg3_$nsym) 
 CNSsolve>  evaluate (&toppar.c6sym_sta4_$nsym=&c6sym_sta4_$nsym) 
 CNSsolve>  evaluate (&toppar.c6sym_end4_$nsym=&c6sym_end4_$nsym) 
 CNSsolve>  evaluate (&toppar.c6sym_seg4_$nsym=&c6sym_seg4_$nsym) 
 CNSsolve>  evaluate (&toppar.c6sym_sta5_$nsym=&c6sym_sta5_$nsym) 
 CNSsolve>  evaluate (&toppar.c6sym_end5_$nsym=&c6sym_end5_$nsym) 
 CNSsolve>  evaluate (&toppar.c6sym_seg5_$nsym=&c6sym_seg5_$nsym) 
 CNSsolve>  evaluate (&toppar.c6sym_sta6_$nsym=&c6sym_sta6_$nsym) 
 CNSsolve>  evaluate (&toppar.c6sym_end6_$nsym=&c6sym_end6_$nsym) 
 CNSsolve>  evaluate (&toppar.c6sym_seg6_$nsym=&c6sym_seg6_$nsym) 
 CNSsolve>  evaluate ($nsym = $nsym + 1) 
 CNSsolve>end loop sym 
 CNSsolve> 
 CNSsolve>if ( &data.numc2sym eq 6) then 
 NEXTCD: condition evaluated as false
 CNSsolve>  evaluate (&saprotocol.rotate180_it0 = false) 
 CNSsolve>  evaluate (&saprotocol.rotate180_it1 = false) 
 CNSsolve>end if 
 CNSsolve>if ( &data.numc3sym ne 0) then 
 NEXTCD: condition evaluated as false
 CNSsolve>  evaluate (&saprotocol.rotate180_it0 = false) 
 CNSsolve>  evaluate (&saprotocol.rotate180_it1 = false) 
 CNSsolve>end if 
 CNSsolve>if ( &data.numc4sym ne 0) then 
 NEXTCD: condition evaluated as false
 CNSsolve>  evaluate (&saprotocol.rotate180_it0 = false) 
 CNSsolve>  evaluate (&saprotocol.rotate180_it1 = false) 
 CNSsolve>end if 
 CNSsolve>if ( &data.numc5sym ne 0) then 
 NEXTCD: condition evaluated as false
 CNSsolve>  evaluate (&saprotocol.rotate180_it0 = false) 
 CNSsolve>  evaluate (&saprotocol.rotate180_it1 = false) 
 CNSsolve>end if 
 CNSsolve>if ( &data.numc6sym ne 0) then 
 NEXTCD: condition evaluated as false
 CNSsolve>  evaluate (&saprotocol.rotate180_it0 = false) 
 CNSsolve>  evaluate (&saprotocol.rotate180_it1 = false) 
 CNSsolve>end if 
 CNSsolve> 
 CNSsolve> 
 CNSsolve>!Dihedrals, DNA and distance restraints 
 CNSsolve>evaluate (&Data.dnarest = &dnarest_on) 
 EVALUATE: symbol $_1_DATA.DNAREST set to TRUE (logical)
 CNSsolve>evaluate (&Data.flags.cdih =  &dihedrals_on) 
 EVALUATE: symbol $_1_DATA.FLAGS.CDIH set to FALSE (logical)
 CNSsolve>evaluate (&Data.cdih.on = &dihedrals_on) 
 EVALUATE: symbol $_1_DATA.CDIH.ON set to FALSE (logical)
 CNSsolve>evaluate (&Data.ssdihed = &ssdihed) 
 Assuming literal string "NONE"
 EVALUATE: symbol $_1_DATA.SSDIHED set to "NONE" (string)
 CNSsolve>evaluate (&Data.error_dih = &error_dih) 
 EVALUATE: symbol $_1_DATA.ERROR_DIH set to    10.0000     (real)
 CNSsolve>evaluate (&data.dihedrals.on=&dihedrals_on) 
 EVALUATE: symbol $_1_DATA.DIHEDRALS.ON set to FALSE (logical)
 CNSsolve>evaluate (&data.dihedrals_hot=&dihedrals_hot) 
 EVALUATE: symbol $_1_DATA.DIHEDRALS_HOT set to    5.00000     (real)
 CNSsolve>evaluate (&data.dihedrals_cool1=&dihedrals_cool1) 
 EVALUATE: symbol $_1_DATA.DIHEDRALS_COOL1 set to    5.00000     (real)
 CNSsolve>evaluate (&data.dihedrals_cool2=&dihedrals_cool2) 
 EVALUATE: symbol $_1_DATA.DIHEDRALS_COOL2 set to    50.0000     (real)
 CNSsolve>evaluate (&data.dihedrals_cool3=&dihedrals_cool3) 
 EVALUATE: symbol $_1_DATA.DIHEDRALS_COOL3 set to    200.000     (real)
 CNSsolve>evaluate (&data.hbonds_on=&hbonds_on) 
 EVALUATE: symbol $_1_DATA.HBONDS_ON set to FALSE (logical)
 CNSsolve> 
 CNSsolve>! RDC restraints 
 CNSsolve>evaluate (&Data.flags.vean =  false) 
 EVALUATE: symbol $_1_DATA.FLAGS.VEAN set to FALSE (logical)
 CNSsolve>evaluate (&Data.flags.xrdc =  false) 
 EVALUATE: symbol $_1_DATA.FLAGS.XRDC set to FALSE (logical)
 CNSsolve>evaluate (&Data.flags.sani =  false) 
 EVALUATE: symbol $_1_DATA.FLAGS.SANI set to FALSE (logical)
 CNSsolve>evaluate (&data.numrdc=&numrdc) 
 EVALUATE: symbol $_1_DATA.NUMRDC set to    0.00000     (real)
 CNSsolve>evaluate ($ncc=1) 
 EVALUATE: symbol $NCC set to    1.00000     (real)
 CNSsolve>while ($ncc <= &data.numrdc) loop rdc 
 NEXTCD: condition evaluated as false
 CNSsolve>  if (&rdc_choice_$ncc = "VANGLE") then 
 CNSsolve>    evaluate (&Data.flags.vean =  true) 
 CNSsolve>  end if 
 CNSsolve>  if (&rdc_choice_$ncc = "SANI") then 
 CNSsolve>    evaluate (&Data.flags.sani =  true) 
 CNSsolve>  end if 
 CNSsolve>  if (&rdc_choice_$ncc = "XRDC") then 
 CNSsolve>    evaluate (&Data.flags.xrdc =  true) 
 CNSsolve>  end if 
 CNSsolve>  evaluate (&data.rdc_choice_$ncc=&rdc_choice_$ncc) 
 CNSsolve>  evaluate (&data.rdc_firstIt_$ncc=&rdc_firstIt_$ncc) 
 CNSsolve>  evaluate (&data.rdc_lastIt_$ncc=&rdc_lastIt_$ncc) 
 CNSsolve>  evaluate (&data.rdc_hot_$ncc=&rdc_hot_$ncc) 
 CNSsolve>  evaluate (&data.rdc_cool1_$ncc=&rdc_cool1_$ncc) 
 CNSsolve>  evaluate (&data.rdc_cool2_$ncc=&rdc_cool2_$ncc) 
 CNSsolve>  evaluate (&data.rdc_cool3_$ncc=&rdc_cool3_$ncc) 
 CNSsolve>  evaluate (&data.rdc_r_$ncc=&rdc_r_$ncc) 
 CNSsolve>  evaluate (&data.rdc_d_$ncc=&rdc_d_$ncc) 
 CNSsolve>  evaluate (&data.ini_bor_hot_$ncc=&ini_bor_hot_$ncc) 
 CNSsolve>  evaluate (&data.ini_bor_cool1_$ncc=&ini_bor_cool1_$ncc) 
 CNSsolve>  evaluate (&data.ini_bor_cool2_$ncc=&ini_bor_cool2_$ncc) 
 CNSsolve>  evaluate (&data.ini_bor_cool3_$ncc=&ini_bor_cool3_$ncc) 
 CNSsolve>  evaluate (&data.ini_cen_hot_$ncc=&ini_cen_hot_$ncc) 
 CNSsolve>  evaluate (&data.ini_cen_cool1_$ncc=&ini_cen_cool1_$ncc) 
 CNSsolve>  evaluate (&data.ini_cen_cool2_$ncc=&ini_cen_cool2_$ncc) 
 CNSsolve>  evaluate (&data.ini_cen_cool3_$ncc=&ini_cen_cool3_$ncc) 
 CNSsolve>  evaluate (&data.fin_bor_hot_$ncc=&fin_bor_hot_$ncc) 
 CNSsolve>  evaluate (&data.fin_bor_cool1_$ncc=&fin_bor_cool1_$ncc) 
 CNSsolve>  evaluate (&data.fin_bor_cool2_$ncc=&fin_bor_cool2_$ncc) 
 CNSsolve>  evaluate (&data.fin_bor_cool3_$ncc=&fin_bor_cool3_$ncc) 
 CNSsolve>  evaluate (&data.fin_cen_hot_$ncc=&fin_cen_hot_$ncc) 
 CNSsolve>  evaluate (&data.fin_cen_cool1_$ncc=&fin_cen_cool1_$ncc) 
 CNSsolve>  evaluate (&data.fin_cen_cool2_$ncc=&fin_cen_cool2_$ncc) 
 CNSsolve>  evaluate (&data.fin_cen_cool3_$ncc=&fin_cen_cool3_$ncc) 
 CNSsolve>  evaluate ($ncc=$ncc+1) 
 CNSsolve>end loop rdc 
 CNSsolve> 
 CNSsolve>! PCS restraints 
 CNSsolve>evaluate (&Data.flags.xpcs =  false) 
 EVALUATE: symbol $_1_DATA.FLAGS.XPCS set to FALSE (logical)
 CNSsolve>evaluate (&data.numpcs=&numpcs) 
 EVALUATE: symbol $_1_DATA.NUMPCS set to    0.00000     (real)
 CNSsolve>evaluate ($ncc=1) 
 EVALUATE: symbol $NCC set to    1.00000     (real)
 CNSsolve>while ($ncc <= &numpcs) loop pcs 
 NEXTCD: condition evaluated as false
 CNSsolve>  if (&pcs_choice_$ncc = "XPCS") then 
 CNSsolve>    evaluate (&Data.flags.xpcs =  true) 
 CNSsolve>  end if 
 CNSsolve>  evaluate (&data.pcs_choice_$ncc=&pcs_choice_$ncc) 
 CNSsolve>  evaluate (&data.pcs_firstIt_$ncc=&pcs_firstIt_$ncc) 
 CNSsolve>  evaluate (&data.pcs_lastIt_$ncc=&pcs_lastIt_$ncc) 
 CNSsolve>  evaluate (&data.pcs_hot_$ncc=&pcs_hot_$ncc) 
 CNSsolve>  evaluate (&data.pcs_cool1_$ncc=&pcs_cool1_$ncc) 
 CNSsolve>  evaluate (&data.pcs_cool2_$ncc=&pcs_cool2_$ncc) 
 CNSsolve>  evaluate (&data.pcs_cool3_$ncc=&pcs_cool3_$ncc) 
 CNSsolve>  evaluate (&data.pcs_r_$ncc=&pcs_r_$ncc) 
 CNSsolve>  evaluate (&data.pcs_d_$ncc=&pcs_d_$ncc) 
 CNSsolve>  evaluate ($ncc=$ncc+1) 
 CNSsolve>end loop pcs 
 CNSsolve> 
 CNSsolve>! DANI restraints 
 CNSsolve>evaluate (&Data.flags.dani =  false) 
 EVALUATE: symbol $_1_DATA.FLAGS.DANI set to FALSE (logical)
 CNSsolve>evaluate (&data.numdani=&numdani) 
 EVALUATE: symbol $_1_DATA.NUMDANI set to    0.00000     (real)
 CNSsolve>evaluate ($ncc=1) 
 EVALUATE: symbol $NCC set to    1.00000     (real)
 CNSsolve>while ($ncc <= &numdani) loop dani 
 NEXTCD: condition evaluated as false
 CNSsolve>  if (&dan_choice_$ncc = "DANI") then 
 CNSsolve>    evaluate (&Data.flags.dani =  true) 
 CNSsolve>  end if 
 CNSsolve>  evaluate (&data.dan_choice_$ncc=&dan_choice_$ncc) 
 CNSsolve>  evaluate (&data.dan_firstIt_$ncc=&dan_firstIt_$ncc) 
 CNSsolve>  evaluate (&data.dan_lastIt_$ncc=&dan_lastIt_$ncc) 
 CNSsolve>  evaluate (&data.dan_hot_$ncc=&dan_hot_$ncc) 
 CNSsolve>  evaluate (&data.dan_cool1_$ncc=&dan_cool1_$ncc) 
 CNSsolve>  evaluate (&data.dan_cool2_$ncc=&dan_cool2_$ncc) 
 CNSsolve>  evaluate (&data.dan_cool3_$ncc=&dan_cool3_$ncc) 
 CNSsolve>  evaluate (&data.dan_tc_$ncc=&dan_tc_$ncc) 
 CNSsolve>  evaluate (&data.dan_anis_$ncc=&dan_anis_$ncc) 
 CNSsolve>  evaluate (&data.dan_r_$ncc=&dan_r_$ncc) 
 CNSsolve>  evaluate (&data.dan_wh_$ncc=&dan_wh_$ncc) 
 CNSsolve>  evaluate (&data.dan_wn_$ncc=&dan_wn_$ncc) 
 CNSsolve>  evaluate ($ncc=$ncc+1) 
 CNSsolve>end loop dani 
 CNSsolve> 
 CNSsolve>! planarity restraints 
 CNSsolve>evaluate (&Data.flags.plan =  false) 
 EVALUATE: symbol $_1_DATA.FLAGS.PLAN set to FALSE (logical)
 CNSsolve> 
 CNSsolve>! distance restraints 
 CNSsolve>evaluate (&Data.flags.noe  =  true) 
 EVALUATE: symbol $_1_DATA.FLAGS.NOE set to TRUE (logical)
 CNSsolve>evaluate (&data.scaling=&air_scaling) 
 EVALUATE: symbol $_1_DATA.SCALING set to FALSE (logical)
 CNSsolve>evaluate (&data.totnoe_unamb=&tot_unamb) 
 EVALUATE: symbol $_1_DATA.TOTNOE_UNAMB set to    25.0000     (real)
 CNSsolve>evaluate (&data.unamb_firstit=&unamb_firstit) 
 EVALUATE: symbol $_1_DATA.UNAMB_FIRSTIT set to    0.00000     (real)
 CNSsolve>evaluate (&data.unamb_lastit=&unamb_lastit) 
 EVALUATE: symbol $_1_DATA.UNAMB_LASTIT set to    2.00000     (real)
 CNSsolve>evaluate (&data.unamb_hot=&unamb_hot) 
 EVALUATE: symbol $_1_DATA.UNAMB_HOT set to    10.0000     (real)
 CNSsolve>evaluate (&data.unamb_cool1=&unamb_cool1) 
 EVALUATE: symbol $_1_DATA.UNAMB_COOL1 set to    10.0000     (real)
 CNSsolve>evaluate (&data.unamb_cool2=&unamb_cool2) 
 EVALUATE: symbol $_1_DATA.UNAMB_COOL2 set to    50.0000     (real)
 CNSsolve>evaluate (&data.unamb_cool3=&unamb_cool3) 
 EVALUATE: symbol $_1_DATA.UNAMB_COOL3 set to    50.0000     (real)
 CNSsolve>evaluate (&data.noecv=&noecv) 
 EVALUATE: symbol $_1_DATA.NOECV set to TRUE (logical)
 CNSsolve>evaluate (&data.ncvpart=&ncvpart) 
 EVALUATE: symbol $_1_DATA.NCVPART set to    2.00000     (real)
 CNSsolve> 
 CNSsolve>evaluate (&data.totnoe_amb=&tot_amb) 
 EVALUATE: symbol $_1_DATA.TOTNOE_AMB set to    0.00000     (real)
 CNSsolve>evaluate (&data.amb_firstit=&amb_firstit) 
 EVALUATE: symbol $_1_DATA.AMB_FIRSTIT set to    0.00000     (real)
 CNSsolve>evaluate (&data.amb_lastit=&amb_lastit) 
 EVALUATE: symbol $_1_DATA.AMB_LASTIT set to    2.00000     (real)
 CNSsolve>evaluate (&data.amb_hot=&amb_hot) 
 EVALUATE: symbol $_1_DATA.AMB_HOT set to    10.0000     (real)
 CNSsolve>evaluate (&data.amb_cool1=&amb_cool1) 
 EVALUATE: symbol $_1_DATA.AMB_COOL1 set to    10.0000     (real)
 CNSsolve>evaluate (&data.amb_cool2=&amb_cool2) 
 EVALUATE: symbol $_1_DATA.AMB_COOL2 set to    50.0000     (real)
 CNSsolve>evaluate (&data.amb_cool3=&amb_cool3) 
 EVALUATE: symbol $_1_DATA.AMB_COOL3 set to    50.0000     (real)
 CNSsolve> 
 CNSsolve>evaluate (&data.hbond_firstit=&hbond_firstit) 
 EVALUATE: symbol $_1_DATA.HBOND_FIRSTIT set to    0.00000     (real)
 CNSsolve>evaluate (&data.hbond_lastit=&hbond_lastit) 
 EVALUATE: symbol $_1_DATA.HBOND_LASTIT set to    2.00000     (real)
 CNSsolve>evaluate (&data.hbond_hot=&hbond_hot) 
 EVALUATE: symbol $_1_DATA.HBOND_HOT set to    10.0000     (real)
 CNSsolve>evaluate (&data.hbond_cool1=&hbond_cool1) 
 EVALUATE: symbol $_1_DATA.HBOND_COOL1 set to    10.0000     (real)
 CNSsolve>evaluate (&data.hbond_cool2=&hbond_cool2) 
 EVALUATE: symbol $_1_DATA.HBOND_COOL2 set to    50.0000     (real)
 CNSsolve>evaluate (&data.hbond_cool3=&hbond_cool3) 
 EVALUATE: symbol $_1_DATA.HBOND_COOL3 set to    50.0000     (real)
 CNSsolve> 
 CNSsolve>evaluate (&data.mrswi_hot=&mrswi_hot) 
 EVALUATE: symbol $_1_DATA.MRSWI_HOT set to   0.500000     (real)
 CNSsolve>evaluate (&data.mrswi_cool1=&mrswi_cool1) 
 EVALUATE: symbol $_1_DATA.MRSWI_COOL1 set to   0.500000     (real)
 CNSsolve>evaluate (&data.mrswi_cool2=&mrswi_cool2) 
 EVALUATE: symbol $_1_DATA.MRSWI_COOL2 set to   0.500000     (real)
 CNSsolve>evaluate (&data.mrswi_cool3=&mrswi_cool3) 
 EVALUATE: symbol $_1_DATA.MRSWI_COOL3 set to   0.500000     (real)
 CNSsolve> 
 CNSsolve>evaluate (&data.rswi_hot=&rswi_hot) 
 EVALUATE: symbol $_1_DATA.RSWI_HOT set to   0.500000     (real)
 CNSsolve>evaluate (&data.rswi_cool1=&rswi_cool1) 
 EVALUATE: symbol $_1_DATA.RSWI_COOL1 set to   0.500000     (real)
 CNSsolve>evaluate (&data.rswi_cool2=&rswi_cool2) 
 EVALUATE: symbol $_1_DATA.RSWI_COOL2 set to   0.500000     (real)
 CNSsolve>evaluate (&data.rswi_cool3=&rswi_cool3) 
 EVALUATE: symbol $_1_DATA.RSWI_COOL3 set to   0.500000     (real)
 CNSsolve> 
 CNSsolve>evaluate (&data.masy_hot=&masy_hot) 
 EVALUATE: symbol $_1_DATA.MASY_HOT set to   -1.00000     (real)
 CNSsolve>evaluate (&data.masy_cool1=&masy_cool1) 
 EVALUATE: symbol $_1_DATA.MASY_COOL1 set to   -1.00000     (real)
 CNSsolve>evaluate (&data.masy_cool2=&masy_cool2) 
 EVALUATE: symbol $_1_DATA.MASY_COOL2 set to  -0.100000     (real)
 CNSsolve>evaluate (&data.masy_cool3=&masy_cool3) 
 EVALUATE: symbol $_1_DATA.MASY_COOL3 set to  -0.100000     (real)
 CNSsolve> 
 CNSsolve>evaluate (&data.asy_hot=&asy_hot) 
 EVALUATE: symbol $_1_DATA.ASY_HOT set to    1.00000     (real)
 CNSsolve>evaluate (&data.asy_cool1=&asy_cool1) 
 EVALUATE: symbol $_1_DATA.ASY_COOL1 set to    1.00000     (real)
 CNSsolve>evaluate (&data.asy_cool2=&asy_cool2) 
 EVALUATE: symbol $_1_DATA.ASY_COOL2 set to   0.100000     (real)
 CNSsolve>evaluate (&data.asy_cool3=&asy_cool3) 
 EVALUATE: symbol $_1_DATA.ASY_COOL3 set to   0.100000     (real)
 CNSsolve> 
 CNSsolve>evaluate (&data.ranair=&ranair) 
 EVALUATE: symbol $_1_DATA.RANAIR set to FALSE (logical)
 CNSsolve>if (&data.ranair eq true) then 
 NEXTCD: condition evaluated as false
 CNSsolve>  evaluate (&data.noecv = false) 
 CNSsolve>end if 
 CNSsolve>evaluate (&data.cmrest=&cmrest) 
 EVALUATE: symbol $_1_DATA.CMREST set to FALSE (logical)
 CNSsolve>evaluate (&data.cmtight=&cmtight) 
 EVALUATE: symbol $_1_DATA.CMTIGHT set to FALSE (logical)
 CNSsolve>evaluate (&data.kcont=&kcont) 
 EVALUATE: symbol $_1_DATA.KCONT set to    1.00000     (real)
 CNSsolve>evaluate (&data.surfrest=&surfrest) 
 EVALUATE: symbol $_1_DATA.SURFREST set to FALSE (logical)
 CNSsolve>evaluate (&data.ksurf=&ksurf) 
 EVALUATE: symbol $_1_DATA.KSURF set to    1.00000     (real)
 CNSsolve> 
 CNSsolve> 
 CNSsolve>! radius of gydration restraints 
 CNSsolve>evaluate (&data.flags.rg=&rgrest) 
 EVALUATE: symbol $_1_DATA.FLAGS.RG set to FALSE (logical)
 CNSsolve>evaluate (&data.rgtarg=&rgtarg) 
 Assuming literal string "&RGTARG"
 EVALUATE: symbol $_1_DATA.RGTARG set to "&RGTARG" (string)
 CNSsolve>evaluate (&data.krg_hot=&krg_hot) 
 Assuming literal string "&KRG_HOT"
 EVALUATE: symbol $_1_DATA.KRG_HOT set to "&KRG_HOT" (string)
 CNSsolve>evaluate (&data.krg_cool1=&krg_cool1) 
 Assuming literal string "&KRG_COOL1"
 EVALUATE: symbol $_1_DATA.KRG_COOL1 set to "&KRG_COOL1" (string)
 CNSsolve>evaluate (&data.krg_cool2=&krg_cool2) 
 Assuming literal string "&KRG_COOL2"
 EVALUATE: symbol $_1_DATA.KRG_COOL2 set to "&KRG_COOL2" (string)
 CNSsolve>evaluate (&data.krg_cool3=&krg_cool3) 
 Assuming literal string "&KRG_COOL3"
 EVALUATE: symbol $_1_DATA.KRG_COOL3 set to "&KRG_COOL3" (string)
 CNSsolve>evaluate (&data.rgsele=&rgsele) 
 Assuming literal string "&RGSELE"
 EVALUATE: symbol $_1_DATA.RGSELE set to "&RGSELE" (string)
 CNSsolve> 
 CNSsolve>evaluate (&data.kzres=&kzres) 
 Assuming literal string "&KZRES"
 EVALUATE: symbol $_1_DATA.KZRES set to "&KZRES" (string)
 CNSsolve>evaluate (&data.zresmax=&zresmax) 
 Assuming literal string "&ZRESMAX"
 EVALUATE: symbol $_1_DATA.ZRESMAX set to "&ZRESMAX" (string)
 CNSsolve>evaluate (&data.zresmin=&zresmin) 
 Assuming literal string "&ZRESMIN"
 EVALUATE: symbol $_1_DATA.ZRESMIN set to "&ZRESMIN" (string)
 CNSsolve> 
 CNSsolve>! keep or delete non-polar hydrogens 
 CNSsolve>evaluate (&toppar.delenph=&delenph) 
 EVALUATE: symbol $_1_TOPPAR.DELENPH set to TRUE (logical)
 CNSsolve> 
 CNSsolve> 
 CNSsolve>!Electrostatics: 
 CNSsolve>evaluate (&Data.flags.dihed = &dihedflag) 
 EVALUATE: symbol $_1_DATA.FLAGS.DIHED set to TRUE (logical)
 CNSsolve>evaluate (&Data.flags.elec0 = &elecflag_0) 
 EVALUATE: symbol $_1_DATA.FLAGS.ELEC0 set to TRUE (logical)
 CNSsolve>evaluate (&Data.flags.elec1 = &elecflag_1) 
 EVALUATE: symbol $_1_DATA.FLAGS.ELEC1 set to TRUE (logical)
 CNSsolve>evaluate (&Data.epsilon0 = &epsilon_0) 
 EVALUATE: symbol $_1_DATA.EPSILON0 set to    78.0000     (real)
 CNSsolve>evaluate (&Data.epsilon1 = &epsilon_1) 
 EVALUATE: symbol $_1_DATA.EPSILON1 set to    78.0000     (real)
 CNSsolve>evaluate (&Data.dielec0  = &dielec_0) 
 Assuming literal string "CDIE"
 EVALUATE: symbol $_1_DATA.DIELEC0 set to "CDIE" (string)
 CNSsolve>evaluate (&Data.dielec1  = &dielec_1) 
 Assuming literal string "CDIE"
 EVALUATE: symbol $_1_DATA.DIELEC1 set to "CDIE" (string)
 CNSsolve> 
 CNSsolve>!Check for CG and if present force cdie 
 CNSsolve>evaluate($cg = false) 
 EVALUATE: symbol $CG set to FALSE (logical)
 CNSsolve>evaluate($nchain1 = 0) 
 EVALUATE: symbol $NCHAIN1 set to    0.00000     (real)
 CNSsolve>while ($nchain1 < $data.ncomponents) loop cgmol 
 NEXTCD: condition evaluated as true
 CNSsolve>  evaluate($nchain1 = $nchain1 + 1) 
 EVALUATE: symbol $NCHAIN1 set to    1.00000     (real)
 CNSsolve>  if ($Toppar.cg_$nchain1 eq true) then 
 NEXTCD: condition evaluated as false
 CNSsolve>    evaluate($cg = true) 
 CNSsolve>  end if 
 CNSsolve>end loop cgmol 
 CNSsolve>while ($nchain1 < $data.ncomponents) loop cgmol 
 NEXTCD: condition evaluated as true
 CNSsolve>  evaluate($nchain1 = $nchain1 + 1) 
 EVALUATE: symbol $NCHAIN1 set to    2.00000     (real)
 CNSsolve>  if ($Toppar.cg_$nchain1 eq true) then 
 NEXTCD: condition evaluated as false
 CNSsolve>    evaluate($cg = true) 
 CNSsolve>  end if 
 CNSsolve>end loop cgmol 
 CNSsolve>while ($nchain1 < $data.ncomponents) loop cgmol 
 NEXTCD: condition evaluated as false
 CNSsolve>  evaluate($nchain1 = $nchain1 + 1) 
 CNSsolve>  if ($Toppar.cg_$nchain1 eq true) then 
 CNSsolve>    evaluate($cg = true) 
 CNSsolve>  end if 
 CNSsolve>end loop cgmol 
 CNSsolve> 
 CNSsolve>if ($cg = true) then 
 NEXTCD: condition evaluated as false
 CNSsolve>  evaluate (&Data.dielec0  = cdie) 
 CNSsolve>  evaluate (&Data.dielec1  = cdie) 
 CNSsolve>  evaluate (&Data.epsilon1 = &Data.epsilon0) 
 CNSsolve>  display "FORCING CDIE FOR ELECTROSTATICS BECAUSE OF COARSE GRAINING" 
 CNSsolve>end if 
 CNSsolve> 
 CNSsolve>!Interaction matrix: 
 CNSsolve>evaluate ($nmol1=1) 
 EVALUATE: symbol $NMOL1 set to    1.00000     (real)
 CNSsolve>while ($nmol1 <= &data.ncomponents) loop mol1 
 NEXTCD: condition evaluated as true
 CNSsolve>  evaluate ($nmol2=$nmol1 + 1) 
 EVALUATE: symbol $NMOL2 set to    2.00000     (real)
 CNSsolve>  evaluate (&toppar.int_$nmol1_$nmol1 = &int_$nmol1_$nmol1) 
 EVALUATE: symbol $_1_TOPPAR.INT_1_1 set to    1.00000     (real)
 CNSsolve>  while ($nmol2 <= &data.ncomponents) loop mol2 
 NEXTCD: condition evaluated as true
 CNSsolve>    evaluate (&toppar.int_$nmol1_$nmol2 = &int_$nmol1_$nmol2) 
 EVALUATE: symbol $_1_TOPPAR.INT_1_2 set to    1.00000     (real)
 CNSsolve>    evaluate (&toppar.int_$nmol2_$nmol1 = &int_$nmol1_$nmol2) 
 EVALUATE: symbol $_1_TOPPAR.INT_2_1 set to    1.00000     (real)
 CNSsolve>    evaluate ($nmol2=$nmol2 + 1) 
 EVALUATE: symbol $NMOL2 set to    3.00000     (real)
 CNSsolve>  end loop mol2 
 CNSsolve>  while ($nmol2 <= &data.ncomponents) loop mol2 
 NEXTCD: condition evaluated as false
 CNSsolve>    evaluate (&toppar.int_$nmol1_$nmol2 = &int_$nmol1_$nmol2) 
 CNSsolve>    evaluate (&toppar.int_$nmol2_$nmol1 = &int_$nmol1_$nmol2) 
 CNSsolve>    evaluate ($nmol2=$nmol2 + 1) 
 CNSsolve>  end loop mol2 
 CNSsolve>  evaluate ($nmol1 = $nmol1 + 1) 
 EVALUATE: symbol $NMOL1 set to    2.00000     (real)
 CNSsolve>end loop mol1 
 CNSsolve>while ($nmol1 <= &data.ncomponents) loop mol1 
 NEXTCD: condition evaluated as true
 CNSsolve>  evaluate ($nmol2=$nmol1 + 1) 
 EVALUATE: symbol $NMOL2 set to    3.00000     (real)
 CNSsolve>  evaluate (&toppar.int_$nmol1_$nmol1 = &int_$nmol1_$nmol1) 
 EVALUATE: symbol $_1_TOPPAR.INT_2_2 set to    1.00000     (real)
 CNSsolve>  while ($nmol2 <= &data.ncomponents) loop mol2 
 NEXTCD: condition evaluated as false
 CNSsolve>    evaluate (&toppar.int_$nmol1_$nmol2 = &int_$nmol1_$nmol2) 
 CNSsolve>    evaluate (&toppar.int_$nmol2_$nmol1 = &int_$nmol1_$nmol2) 
 CNSsolve>    evaluate ($nmol2=$nmol2 + 1) 
 CNSsolve>  end loop mol2 
 CNSsolve>  evaluate ($nmol1 = $nmol1 + 1) 
 EVALUATE: symbol $NMOL1 set to    3.00000     (real)
 CNSsolve>end loop mol1 
 CNSsolve>while ($nmol1 <= &data.ncomponents) loop mol1 
 NEXTCD: condition evaluated as false
 CNSsolve>  evaluate ($nmol2=$nmol1 + 1) 
 CNSsolve>  evaluate (&toppar.int_$nmol1_$nmol1 = &int_$nmol1_$nmol1) 
 CNSsolve>  while ($nmol2 <= &data.ncomponents) loop mol2 
 CNSsolve>    evaluate (&toppar.int_$nmol1_$nmol2 = &int_$nmol1_$nmol2) 
 CNSsolve>    evaluate (&toppar.int_$nmol2_$nmol1 = &int_$nmol1_$nmol2) 
 CNSsolve>    evaluate ($nmol2=$nmol2 + 1) 
 CNSsolve>  end loop mol2 
 CNSsolve>  evaluate ($nmol1 = $nmol1 + 1) 
 CNSsolve>end loop mol1 
 CNSsolve> 
 CNSsolve>!intermolecular contacts analysis 
 CNSsolve>evaluate (&data.hb_dist=&dist_hb) 
 EVALUATE: symbol $_1_DATA.HB_DIST set to    2.50000     (real)
 CNSsolve>evaluate (&data.nb_dist=&dist_nb) 
 EVALUATE: symbol $_1_DATA.NB_DIST set to    3.90000     (real)
 CNSsolve> 
 CNSsolve> 
 CNSsolve>!water refinement 
 CNSsolve>evaluate (&refine.firstwater=&firstwater) 
 EVALUATE: symbol $_1_REFINE.FIRSTWATER set to "yes" (string)
 CNSsolve>evaluate (&refine.solvshell=&solvshell) 
 EVALUATE: symbol $_1_REFINE.SOLVSHELL set to TRUE (logical)
 CNSsolve>evaluate (&refine.keepwater=&keepwater) 
 EVALUATE: symbol $_1_REFINE.KEEPWATER set to TRUE (logical)
 CNSsolve>evaluate (&refine.waterrefine=min(&structures_1,&waterrefine)) 
 EVALUATE: symbol $_1_REFINE.WATERREFINE set to    200.000     (real)
 CNSsolve>evaluate (&refine.solvent=&solvent) 
 EVALUATE: symbol $_1_REFINE.SOLVENT set to "water" (string)
 CNSsolve>evaluate (&refine.heatsteps=&waterheatsteps) 
 EVALUATE: symbol $_1_REFINE.HEATSTEPS set to    100.000     (real)
 CNSsolve>evaluate (&refine.steps=&watersteps) 
 EVALUATE: symbol $_1_REFINE.STEPS set to    1250.00     (real)
 CNSsolve>evaluate (&refine.coolsteps=&watercoolsteps) 
 EVALUATE: symbol $_1_REFINE.COOLSTEPS set to    500.000     (real)
 CNSsolve> 
 CNSsolve> 
 CNSsolve>!for the non-bonded parameters (the section was taken out of 
 CNSsolve>!parallhdg5.0.pro and parallhdg5.1.pro, so be careful!): 
 CNSsolve>if (&toppar.par_nonbonded eq "PROLSQ") then 
 NEXTCD: condition evaluated as false
 CNSsolve>    evaluate (&toppar.repel_radius = 1.0) 
 CNSsolve>    evaluate (&toppar.repel_rcons = 20) 
 CNSsolve>    evaluate (&toppar.repel_rexpo  = 4) 
 CNSsolve>    evaluate (&toppar.repel_irexp  = 1) 
 CNSsolve>elseif (&toppar.par_nonbonded eq "PARMALLH6") then 
 NEXTCD: condition evaluated as false
 CNSsolve>    evaluate (&toppar.repel_radius = 0.8) 
 CNSsolve>    evaluate (&toppar.repel_rcons = 5.0) 
 CNSsolve>    evaluate (&toppar.repel_rexpo  = 2) 
 CNSsolve>    evaluate (&toppar.repel_irexp  = 2) 
 CNSsolve>elseif (&toppar.par_nonbonded eq "OPLSX") then 
 NEXTCD: condition evaluated as true
 CNSsolve>    evaluate (&toppar.repel_radius = 0.0) 
 EVALUATE: symbol $_1_TOPPAR.REPEL_RADIUS set to    0.00000     (real)
 CNSsolve>else        {...now the standard PARALLHDG parameters} 
 CNSsolve>    evaluate (&toppar.repel_radius = 0.78) 
 CNSsolve>    evaluate (&toppar.repel_rcons = 5.0) 
 CNSsolve>    evaluate (&toppar.repel_rexpo  = 2) 
 CNSsolve>    evaluate (&toppar.repel_irexp  = 2) 
 CNSsolve>end if 
 CNSsolve> 
 CNSsolve>! Water in rigid body docking 
 CNSsolve>evaluate (&data.waterdock=&waterdock) 
 EVALUATE: symbol $_1_DATA.WATERDOCK set to FALSE (logical)
 CNSsolve>evaluate (&data.db_method=&db_method) 
 EVALUATE: symbol $_1_DATA.DB_METHOD set to "kytedoolittle" (string)
 CNSsolve>evaluate (&data.water_tokeep=&water_tokeep) 
 EVALUATE: symbol $_1_DATA.WATER_TOKEEP set to   0.500000     (real)
 CNSsolve>evaluate (&data.dnap_water_tokeep=&dnap_water_tokeep) 
 EVALUATE: symbol $_1_DATA.DNAP_WATER_TOKEEP set to   0.750000     (real)
 CNSsolve>evaluate (&data.water_randfrac=&water_randfrac) 
 EVALUATE: symbol $_1_DATA.WATER_RANDFRAC set to    0.00000     (real)
 CNSsolve>evaluate (&data.solvate_method=&solvate_method) 
 EVALUATE: symbol $_1_DATA.SOLVATE_METHOD set to "db" (string)
 CNSsolve>evaluate (&data.water_surfcutoff=&water_surfcutoff) 
 EVALUATE: symbol $_1_DATA.WATER_SURFCUTOFF set to    8.00000     (real)
 CNSsolve>evaluate (&data.water_analysis=&water_analysis) 
 EVALUATE: symbol $_1_DATA.WATER_ANALYSIS set to FALSE (logical)
 CNSsolve>evaluate (&data.transwater=&transwater) 
 EVALUATE: symbol $_1_DATA.TRANSWATER set to TRUE (logical)
 CNSsolve>evaluate (&data.water_restraint_initial=&water_restraint_initial) 
 EVALUATE: symbol $_1_DATA.WATER_RESTRAINT_INITIAL set to    5.00000     (real)
 CNSsolve>evaluate (&data.water_restraint_cutoff=&water_restraint_cutoff) 
 EVALUATE: symbol $_1_DATA.WATER_RESTRAINT_CUTOFF set to    5.00000     (real)
 CNSsolve>evaluate (&data.water_restraint_scale=&water_restraint_scale) 
 EVALUATE: symbol $_1_DATA.WATER_RESTRAINT_SCALE set to    25.0000     (real)
 CNSsolve>evaluate (&data.waterensemble=&waterensemble) 
 EVALUATE: symbol $_1_DATA.WATERENSEMBLE set to    1.00000     (real)
 CNSsolve> 
 CNSsolve>! Centroid parameters 
 CNSsolve>eval(&data.flags.centroids = &centroid_rest) 
 EVALUATE: symbol $_1_DATA.FLAGS.CENTROIDS set to FALSE (logical)
 CNSsolve>eval(&data.centroids.kscale = &centroid_kscale) 
 EVALUATE: symbol $_1_DATA.CENTROIDS.KSCALE set to    50.0000     (real)
 CNSsolve>eval($nchain = 0) 
 EVALUATE: symbol $NCHAIN set to    0.00000     (real)
 CNSsolve>while ($nchain < &ncomponents) loop nloop1 
 NEXTCD: condition evaluated as true
 CNSsolve>    eval($nchain = $nchain + 1) 
 EVALUATE: symbol $NCHAIN set to    1.00000     (real)
 CNSsolve>    eval(&data.centroids.xcom_$nchain = &xcom_$nchain) 
 Assuming literal string "&XCOM_$NCHAIN"
 EVALUATE: symbol $_1_DATA.CENTROIDS.XCOM_1 set to "&XCOM_$NCHAIN" (string)
 CNSsolve>    eval(&data.centroids.ycom_$nchain = &ycom_$nchain) 
 Assuming literal string "&YCOM_$NCHAIN"
 EVALUATE: symbol $_1_DATA.CENTROIDS.YCOM_1 set to "&YCOM_$NCHAIN" (string)
 CNSsolve>    eval(&data.centroids.zcom_$nchain = &zcom_$nchain) 
 Assuming literal string "&ZCOM_$NCHAIN"
 EVALUATE: symbol $_1_DATA.CENTROIDS.ZCOM_1 set to "&ZCOM_$NCHAIN" (string)
 CNSsolve>    eval(&data.centroids.ambi_$nchain = &ambi_$nchain) 
 Assuming literal string "&AMBI_$NCHAIN"
 EVALUATE: symbol $_1_DATA.CENTROIDS.AMBI_1 set to "&AMBI_$NCHAIN" (string)
 CNSsolve>end loop nloop1 
 CNSsolve>while ($nchain < &ncomponents) loop nloop1 
 NEXTCD: condition evaluated as true
 CNSsolve>    eval($nchain = $nchain + 1) 
 EVALUATE: symbol $NCHAIN set to    2.00000     (real)
 CNSsolve>    eval(&data.centroids.xcom_$nchain = &xcom_$nchain) 
 Assuming literal string "&XCOM_$NCHAIN"
 EVALUATE: symbol $_1_DATA.CENTROIDS.XCOM_2 set to "&XCOM_$NCHAIN" (string)
 CNSsolve>    eval(&data.centroids.ycom_$nchain = &ycom_$nchain) 
 Assuming literal string "&YCOM_$NCHAIN"
 EVALUATE: symbol $_1_DATA.CENTROIDS.YCOM_2 set to "&YCOM_$NCHAIN" (string)
 CNSsolve>    eval(&data.centroids.zcom_$nchain = &zcom_$nchain) 
 Assuming literal string "&ZCOM_$NCHAIN"
 EVALUATE: symbol $_1_DATA.CENTROIDS.ZCOM_2 set to "&ZCOM_$NCHAIN" (string)
 CNSsolve>    eval(&data.centroids.ambi_$nchain = &ambi_$nchain) 
 Assuming literal string "&AMBI_$NCHAIN"
 EVALUATE: symbol $_1_DATA.CENTROIDS.AMBI_2 set to "&AMBI_$NCHAIN" (string)
 CNSsolve>end loop nloop1 
 CNSsolve>while ($nchain < &ncomponents) loop nloop1 
 NEXTCD: condition evaluated as false
 CNSsolve>    eval($nchain = $nchain + 1) 
 CNSsolve>    eval(&data.centroids.xcom_$nchain = &xcom_$nchain) 
 CNSsolve>    eval(&data.centroids.ycom_$nchain = &ycom_$nchain) 
 CNSsolve>    eval(&data.centroids.zcom_$nchain = &zcom_$nchain) 
 CNSsolve>    eval(&data.centroids.ambi_$nchain = &ambi_$nchain) 
 CNSsolve>end loop nloop1 
 CNSsolve> 
 CNSsolve>if (&saprotocol.expand eq true) then 
 NEXTCD: condition evaluated as false
 CNSsolve>  eval(&data.flags.centroids = true) 
 CNSsolve>end if 
 CNSsolve> 
 CNSsolve>! Cryo-EM parameters 
 CNSsolve>eval(&data.flags.em = &em_rest) 
 EVALUATE: symbol $_1_DATA.FLAGS.EM set to FALSE (logical)
 CNSsolve>eval(&data.em.kscale = &em_kscale) 
 EVALUATE: symbol $_1_DATA.EM.KSCALE set to    15000.0     (real)
 CNSsolve>eval(&data.em.it0 = &em_it0) 
 EVALUATE: symbol $_1_DATA.EM.IT0 set to FALSE (logical)
 CNSsolve>eval(&data.em.it1 = &em_it1) 
 EVALUATE: symbol $_1_DATA.EM.IT1 set to FALSE (logical)
 CNSsolve>eval(&data.em.itw = &em_itw) 
 EVALUATE: symbol $_1_DATA.EM.ITW set to FALSE (logical)
 CNSsolve>eval(&data.em.resolution = &em_resolution) 
 Assuming literal string "NONE"
 EVALUATE: symbol $_1_DATA.EM.RESOLUTION set to "NONE" (string)
 CNSsolve>eval(&data.em.nx = &nx) 
 EVALUATE: symbol $_1_DATA.EM.NX set to    32.0000     (real)
 CNSsolve>eval(&data.em.ny = &ny) 
 EVALUATE: symbol $_1_DATA.EM.NY set to    32.0000     (real)
 CNSsolve>eval(&data.em.nz = &nz) 
 EVALUATE: symbol $_1_DATA.EM.NZ set to    32.0000     (real)
 CNSsolve>eval(&data.em.xlength = &xlength) 
 EVALUATE: symbol $_1_DATA.EM.XLENGTH set to    80.0000     (real)
 CNSsolve>eval(&data.em.ylength = &ylength) 
 EVALUATE: symbol $_1_DATA.EM.YLENGTH set to    80.0000     (real)
 CNSsolve>eval(&data.em.zlength = &zlength) 
 EVALUATE: symbol $_1_DATA.EM.ZLENGTH set to    80.0000     (real)
 CNSsolve> 
 CNSsolve>if (&data.flags.em eq true) then 
 NEXTCD: condition evaluated as false
 CNSsolve>  eval(&data.waterdock = false) 
 CNSsolve>  display "EM restraints and solvated docking are incompatible - turning solvated docking OFF" 
 CNSsolve>end if 
 CNSsolve> 
 CNSsolve>if (&data.waterdock eq true) then 
 NEXTCD: condition evaluated as false
 CNSsolve>  evaluate (&saprotocol.rotate180_it0 = false) 
 CNSsolve>  evaluate (&saprotocol.rotate180_it1 = false) 
 CNSsolve>  evaluate (&SaProtocol.initiosteps = 0) 
 CNSsolve>  evaluate (&SaProtocol.cool1_steps = 0) 
 CNSsolve>  evaluate (&refine.keepwater = true) 
 CNSsolve>  display SOLVATED DOCKING TURNED ON: initiosteps and cool1_steps set to 0, rotate180 set to false 
 CNSsolve>end if 
 CNSsolve> 
 CNSsolve>! Flexible region cutoff 
 CNSsolve>evaluate (&data.flcut_nb = &flcut_nb) 
 EVALUATE: symbol $_1_DATA.FLCUT_NB set to    5.00000     (real)
 CNSsolve> 
 CNSsolve>evaluate ($log_level=quiet) 
 Assuming literal string "QUIET"
 EVALUATE: symbol $LOG_LEVEL set to "QUIET" (string)
 CNSsolve>!evaluate ($log_level=verbose) 
 CNSsolve> 
 CNSsolve>if ( $log_level = verbose ) then 
 NEXTCD: condition evaluated as false
 CNSsolve>   set message=normal echo=on end 
 CNSsolve>else 
 CNSsolve>   set message=off echo=off end 
 CNSsolve>evaluate ($structurefile = "RUN:begin/" + $Filenames.fileroot + ".psf") 
 EVALUATE: symbol $STRUCTUREFILE set to "RUN:begin/complex.psf" (string)
 CNSsolve>structure @@$structurefile end 
 ASSFIL: file complex.psf opened.
 STRUcture>data_cns_mtf 
 REMARKS FILENAME="complex.psf"
 REMARKS DATE:23-Apr-2026  03:33:03       created by user: enmr
 REMARKS VERSION:1.3U
 Status of internal molecular topology database:
 -> NATOM=       1621(MAXA=     1000000)  NBOND=       1743(MAXB=     1000000)
 -> NTHETA=      3166(MAXT=     2000000)  NGRP=         516(MAXGRP=   1000000)
 -> NPHI=          22(MAXP=     2000000)  NIMPHI=      1079(MAXIMP=   1000000)
 -> NNB=          150(MAXNB=    1000000) 
 STRUcture> 
 STRUcture> end 
 CNSsolve> 
 CNSsolve>! create and set the dummy atoms if centroids are required in rigid body stage 
 CNSsolve>if ($Data.flags.centroids = true) then 
 NEXTCD: condition evaluated as false
 CNSsolve>    if ($iteration = 0) then 
 CNSsolve>        @RUN:protocols/centroids_create.cns(ncomponents=$Data.ncomponents; Toppar=$Toppar;) 
 ASSFIL: file centroids_create.cns opened.
 CNSsolve>module (ncomponents; Toppar;) 
 CNSsolve>    {Create and initialize Dummy residues for each segid 
 CNSsolve> 
 CNSsolve>    Parameters 
 CNSsolve>    ---------- 
 CNSsolve>    ncomponents : int 
 CNSsolve>        Number of components/segids 
 CNSsolve> 
 CNSsolve>    Toppar : data-structure 
 CNSsolve>        The Toppar data-structure 
 CNSsolve> 
 CNSsolve>    Side-effects 
 CNSsolve>    ------------ 
 CNSsolve>    A DUM residue is appended to each segid and placed at the origin 
 CNSsolve>    } 
 CNSsolve> 
 CNSsolve>    ! define topology of DUM residue 
 CNSsolve>    topology 
 CNSsolve>        mass DD 100.00 
 CNSsolve>        residue DUM group 
 CNSsolve>            atom DUM type=DD charge=0.000 end 
 CNSsolve>            atom MAP type=DD charge=0.000 end 
 CNSsolve>        end 
 CNSsolve>    end 
 CNSsolve>    ! define non-bonded parameters 
 CNSsolve>    parameter 
 CNSsolve>        nonbonded DD 0.001 0.001 0.001 0.001 end 
 CNSsolve>    end 
 CNSsolve> 
 CNSsolve>    ! place dummy atom of dummy residue in the center of each chain 
 CNSsolve>    evaluate($nchain1 = 0) 
 CNSsolve>    while ($nchain1 < &ncomponents) loop nloopdum 
 CNSsolve>        evaluate($nchain1 = $nchain1 + 1) 
 CNSsolve> 
 CNSsolve>        ! create the dummy residue 
 CNSsolve>        segment 
 CNSsolve>            name="TMP1" 
 CNSsolve>            chain 
 CNSsolve>                sequence "DUM" end 
 CNSsolve>            end 
 CNSsolve>        end 
 CNSsolve> 
 CNSsolve>        ! set the residue id of dummy to last residue + 1 
 CNSsolve>        show max(decode(resid)) (segid &Toppar.prot_segid_$nchain1) 
 CNSsolve>        evaluate($maxresid = $result) 
 CNSsolve> 
 CNSsolve>        ! change the segid of the dummy residue 
 CNSsolve>        do (segid = &Toppar.prot_segid_$nchain1) (segid TMP1) 
 CNSsolve> 
 CNSsolve>        ! set residue id and coordinate of the dummy residue 
 CNSsolve>        do (x = 0) (segid &Toppar.prot_segid_$nchain1 and resn DUM) 
 CNSsolve>        do (y = 0) (segid &Toppar.prot_segid_$nchain1 and resn DUM) 
 CNSsolve>        do (z = 0) (segid &Toppar.prot_segid_$nchain1 and resn DUM) 
 CNSsolve>        do (resid = encode($maxresid + 1)) (segid &Toppar.prot_segid_$nchain1 and resn DUM) 
 CNSsolve> 
 CNSsolve>    end loop nloopdum 
 CNSsolve>        @RUN:protocols/centroids_initialize.cns 
 ASSFIL: file centroids_initialize.cns opened.
 CNSsolve>{Places DUM-residue on the center of each segid} 
 CNSsolve> 
 CNSsolve>eval($nchain1 = 0) 
 CNSsolve>while ($nchain1 < $data.ncomponents) loop nloop1 
 CNSsolve>    eval($nchain1 = $nchain1 + 1) 
 CNSsolve> 
 CNSsolve>    show ave(x) (segid $Toppar.prot_segid_$nchain1 and (not name H*) and (not resn DUM)) 
 CNSsolve>    eval($center.x = $RESULT) 
 CNSsolve>    show ave(y) (segid $Toppar.prot_segid_$nchain1 and (not name H*) and (not resn DUM)) 
 CNSsolve>    eval($center.y = $RESULT) 
 CNSsolve>    show ave(z) (segid $Toppar.prot_segid_$nchain1 and (not name H*) and (not resn DUM)) 
 CNSsolve>    eval($center.z = $RESULT) 
 CNSsolve> 
 CNSsolve>    do (x = $center.x) (segid $Toppar.prot_segid_$nchain1 and resn DUM) 
 CNSsolve>    do (y = $center.y) (segid $Toppar.prot_segid_$nchain1 and resn DUM) 
 CNSsolve>    do (z = $center.z) (segid $Toppar.prot_segid_$nchain1 and resn DUM) 
 CNSsolve>end loop nloop1 
 CNSsolve>    end if 
 CNSsolve>    if ($iteration = 1) then 
 CNSsolve>      if ($saprotocol.expand = true) then 
 CNSsolve>        @RUN:protocols/centroids_create.cns(ncomponents=$Data.ncomponents; Toppar=$Toppar;) 
 ASSFIL: file centroids_create.cns opened.
 CNSsolve>module (ncomponents; Toppar;) 
 CNSsolve>    {Create and initialize Dummy residues for each segid 
 CNSsolve> 
 CNSsolve>    Parameters 
 CNSsolve>    ---------- 
 CNSsolve>    ncomponents : int 
 CNSsolve>        Number of components/segids 
 CNSsolve> 
 CNSsolve>    Toppar : data-structure 
 CNSsolve>        The Toppar data-structure 
 CNSsolve> 
 CNSsolve>    Side-effects 
 CNSsolve>    ------------ 
 CNSsolve>    A DUM residue is appended to each segid and placed at the origin 
 CNSsolve>    } 
 CNSsolve> 
 CNSsolve>    ! define topology of DUM residue 
 CNSsolve>    topology 
 CNSsolve>        mass DD 100.00 
 CNSsolve>        residue DUM group 
 CNSsolve>            atom DUM type=DD charge=0.000 end 
 CNSsolve>            atom MAP type=DD charge=0.000 end 
 CNSsolve>        end 
 CNSsolve>    end 
 CNSsolve>    ! define non-bonded parameters 
 CNSsolve>    parameter 
 CNSsolve>        nonbonded DD 0.001 0.001 0.001 0.001 end 
 CNSsolve>    end 
 CNSsolve> 
 CNSsolve>    ! place dummy atom of dummy residue in the center of each chain 
 CNSsolve>    evaluate($nchain1 = 0) 
 CNSsolve>    while ($nchain1 < &ncomponents) loop nloopdum 
 CNSsolve>        evaluate($nchain1 = $nchain1 + 1) 
 CNSsolve> 
 CNSsolve>        ! create the dummy residue 
 CNSsolve>        segment 
 CNSsolve>            name="TMP1" 
 CNSsolve>            chain 
 CNSsolve>                sequence "DUM" end 
 CNSsolve>            end 
 CNSsolve>        end 
 CNSsolve> 
 CNSsolve>        ! set the residue id of dummy to last residue + 1 
 CNSsolve>        show max(decode(resid)) (segid &Toppar.prot_segid_$nchain1) 
 CNSsolve>        evaluate($maxresid = $result) 
 CNSsolve> 
 CNSsolve>        ! change the segid of the dummy residue 
 CNSsolve>        do (segid = &Toppar.prot_segid_$nchain1) (segid TMP1) 
 CNSsolve> 
 CNSsolve>        ! set residue id and coordinate of the dummy residue 
 CNSsolve>        do (x = 0) (segid &Toppar.prot_segid_$nchain1 and resn DUM) 
 CNSsolve>        do (y = 0) (segid &Toppar.prot_segid_$nchain1 and resn DUM) 
 CNSsolve>        do (z = 0) (segid &Toppar.prot_segid_$nchain1 and resn DUM) 
 CNSsolve>        do (resid = encode($maxresid + 1)) (segid &Toppar.prot_segid_$nchain1 and resn DUM) 
 CNSsolve> 
 CNSsolve>    end loop nloopdum 
 CNSsolve>        @RUN:protocols/centroids_initialize.cns 
 ASSFIL: file centroids_initialize.cns opened.
 CNSsolve>{Places DUM-residue on the center of each segid} 
 CNSsolve> 
 CNSsolve>eval($nchain1 = 0) 
 CNSsolve>while ($nchain1 < $data.ncomponents) loop nloop1 
 CNSsolve>    eval($nchain1 = $nchain1 + 1) 
 CNSsolve> 
 CNSsolve>    show ave(x) (segid $Toppar.prot_segid_$nchain1 and (not name H*) and (not resn DUM)) 
 CNSsolve>    eval($center.x = $RESULT) 
 CNSsolve>    show ave(y) (segid $Toppar.prot_segid_$nchain1 and (not name H*) and (not resn DUM)) 
 CNSsolve>    eval($center.y = $RESULT) 
 CNSsolve>    show ave(z) (segid $Toppar.prot_segid_$nchain1 and (not name H*) and (not resn DUM)) 
 CNSsolve>    eval($center.z = $RESULT) 
 CNSsolve> 
 CNSsolve>    do (x = $center.x) (segid $Toppar.prot_segid_$nchain1 and resn DUM) 
 CNSsolve>    do (y = $center.y) (segid $Toppar.prot_segid_$nchain1 and resn DUM) 
 CNSsolve>    do (z = $center.z) (segid $Toppar.prot_segid_$nchain1 and resn DUM) 
 CNSsolve>end loop nloop1 
 CNSsolve>        delete sele=(name MAP) end 
 CNSsolve>      end if 
 CNSsolve>    end if 
 CNSsolve>end if 
 CNSsolve> 
 CNSsolve>!for the rdc restraints: 
 CNSsolve>if ($Data.flags.sani = true) then 
 NEXTCD: condition evaluated as false
 CNSsolve>  topology  @@RUN:toppar/top_axis.pro end 
 CNSsolve>  parameter @@RUN:toppar/par_axis.pro end 
 CNSsolve>  structure @@RUN:toppar/tensor.psf end 
 CNSsolve>end if 
 CNSsolve>eval ($xtensor = false) 
 EVALUATE: symbol $XTENSOR set to FALSE (logical)
 CNSsolve>if ($Data.flags.xrdc = true) then 
 NEXTCD: condition evaluated as false
 CNSsolve>  eval ($xtensor = true) 
 CNSsolve>end if 
 CNSsolve>if ($Data.flags.xpcs = true) then 
 NEXTCD: condition evaluated as false
 CNSsolve>  eval ($xtensor = true) 
 CNSsolve>end if 
 CNSsolve>if ($xtensor = true) then 
 NEXTCD: condition evaluated as false
 CNSsolve>  topology  @@RUN:toppar/top_axis.pro end 
 CNSsolve>  parameter @@RUN:toppar/par_axis.pro end 
 CNSsolve>  structure @@RUN:toppar/tensor_para.psf end 
 CNSsolve>end if 
 CNSsolve>if ($Data.flags.dani = true) then 
 NEXTCD: condition evaluated as false
 CNSsolve>  topology  @@RUN:toppar/top_axis_dani.pro end 
 CNSsolve>  parameter @@RUN:toppar/par_axis.pro end 
 CNSsolve>  structure @@RUN:toppar/tensor_dani.psf end 
 CNSsolve>end if 
 CNSsolve> 
 CNSsolve>!read the parameter files: 
 CNSsolve>if ($toppar.par_nonbonded = "") then 
 NEXTCD: condition evaluated as false
 CNSsolve>  evaluate ($toppar.par_nonbonded = "OPLSX") 
 CNSsolve>end if 
 CNSsolve>evaluate ($par_nonbonded = $toppar.par_nonbonded) 
 EVALUATE: symbol $PAR_NONBONDED set to "OPLSX" (string)
 CNSsolve> 
 CNSsolve>eval($nchain1= 1) 
 EVALUATE: symbol $NCHAIN1 set to    1.00000     (real)
 CNSsolve>eval($coarse = false) 
 EVALUATE: symbol $COARSE set to FALSE (logical)
 CNSsolve>while ($nchain1 <= $data.ncomponents) loop cloop1 
 NEXTCD: condition evaluated as true
 CNSsolve>  evaluate ($par_cg_$nchain1 = false) 
 EVALUATE: symbol $PAR_CG_1 set to FALSE (logical)
 CNSsolve>  evaluate ($parstatus_cg_$nchain1 = false) 
 EVALUATE: symbol $PARSTATUS_CG_1 set to FALSE (logical)
 CNSsolve>  if ($toppar.cg_$nchain1 = true) then 
 NEXTCD: condition evaluated as false
 CNSsolve>    eval($coarse = true) 
 CNSsolve>    evaluate ($par_cg_$nchain1 = true) 
 CNSsolve>    evaluate ($parstatus_cg_$nchain1 = true) 
 CNSsolve>    if ( $iteration < 2) then 
 CNSsolve>      evaluate ($par_nonbonded_$nchain1 = "RUN:toppar/" + $toppar.prot_cg_par_$nchain1) 
 CNSsolve>      evaluate ($par_cg_nonbonded_$nchain1 = "RUN:toppar/" + $toppar.prot_cg_par_$nchain1) 
 CNSsolve>    else 
 CNSsolve>      evaluate ($par_nonbonded_$nchain1 = "RUN:toppar/" + $toppar.prot_par_$nchain1) 
 CNSsolve>      evaluate ($par_cg_nonbonded_$nchain1 = "RUN:toppar/" + $toppar.prot_cg_par_$nchain1) 
 CNSsolve>    end if 
 CNSsolve>  else 
 CNSsolve>    evaluate ($par_nonbonded_$nchain1 = "RUN:toppar/" + $toppar.prot_par_$nchain1) 
 EVALUATE: symbol $PAR_NONBONDED_1 set to "RUN:toppar/protein-allhdg5-4.param" (string)
 CNSsolve>  end if 
 CNSsolve>  eval($nchain1 = $nchain1 + 1) 
 EVALUATE: symbol $NCHAIN1 set to    2.00000     (real)
 CNSsolve>end loop cloop1 
 CNSsolve>while ($nchain1 <= $data.ncomponents) loop cloop1 
 NEXTCD: condition evaluated as true
 CNSsolve>  evaluate ($par_cg_$nchain1 = false) 
 EVALUATE: symbol $PAR_CG_2 set to FALSE (logical)
 CNSsolve>  evaluate ($parstatus_cg_$nchain1 = false) 
 EVALUATE: symbol $PARSTATUS_CG_2 set to FALSE (logical)
 CNSsolve>  if ($toppar.cg_$nchain1 = true) then 
 NEXTCD: condition evaluated as false
 CNSsolve>    eval($coarse = true) 
 CNSsolve>    evaluate ($par_cg_$nchain1 = true) 
 CNSsolve>    evaluate ($parstatus_cg_$nchain1 = true) 
 CNSsolve>    if ( $iteration < 2) then 
 CNSsolve>      evaluate ($par_nonbonded_$nchain1 = "RUN:toppar/" + $toppar.prot_cg_par_$nchain1) 
 CNSsolve>      evaluate ($par_cg_nonbonded_$nchain1 = "RUN:toppar/" + $toppar.prot_cg_par_$nchain1) 
 CNSsolve>    else 
 CNSsolve>      evaluate ($par_nonbonded_$nchain1 = "RUN:toppar/" + $toppar.prot_par_$nchain1) 
 CNSsolve>      evaluate ($par_cg_nonbonded_$nchain1 = "RUN:toppar/" + $toppar.prot_cg_par_$nchain1) 
 CNSsolve>    end if 
 CNSsolve>  else 
 CNSsolve>    evaluate ($par_nonbonded_$nchain1 = "RUN:toppar/" + $toppar.prot_par_$nchain1) 
 EVALUATE: symbol $PAR_NONBONDED_2 set to "RUN:toppar/dna-rna-allatom-hj-opls-1.3.param" (string)
 CNSsolve>  end if 
 CNSsolve>  eval($nchain1 = $nchain1 + 1) 
 EVALUATE: symbol $NCHAIN1 set to    3.00000     (real)
 CNSsolve>end loop cloop1 
 CNSsolve>while ($nchain1 <= $data.ncomponents) loop cloop1 
 NEXTCD: condition evaluated as false
 CNSsolve>  evaluate ($par_cg_$nchain1 = false) 
 CNSsolve>  evaluate ($parstatus_cg_$nchain1 = false) 
 CNSsolve>  if ($toppar.cg_$nchain1 = true) then 
 CNSsolve>    eval($coarse = true) 
 CNSsolve>    evaluate ($par_cg_$nchain1 = true) 
 CNSsolve>    evaluate ($parstatus_cg_$nchain1 = true) 
 CNSsolve>    if ( $iteration < 2) then 
 CNSsolve>      evaluate ($par_nonbonded_$nchain1 = "RUN:toppar/" + $toppar.prot_cg_par_$nchain1) 
 CNSsolve>      evaluate ($par_cg_nonbonded_$nchain1 = "RUN:toppar/" + $toppar.prot_cg_par_$nchain1) 
 CNSsolve>    else 
 CNSsolve>      evaluate ($par_nonbonded_$nchain1 = "RUN:toppar/" + $toppar.prot_par_$nchain1) 
 CNSsolve>      evaluate ($par_cg_nonbonded_$nchain1 = "RUN:toppar/" + $toppar.prot_cg_par_$nchain1) 
 CNSsolve>    end if 
 CNSsolve>  else 
 CNSsolve>    evaluate ($par_nonbonded_$nchain1 = "RUN:toppar/" + $toppar.prot_par_$nchain1) 
 CNSsolve>  end if 
 CNSsolve>  eval($nchain1 = $nchain1 + 1) 
 CNSsolve>end loop cloop1 
 CNSsolve> 
 CNSsolve>eval($nchain1= 0) 
 EVALUATE: symbol $NCHAIN1 set to    0.00000     (real)
 CNSsolve>while ($nchain1 < $data.ncomponents) loop cloop1 
 NEXTCD: condition evaluated as true
 CNSsolve>  eval($nchain1 = $nchain1 + 1) 
 EVALUATE: symbol $NCHAIN1 set to    1.00000     (real)
 CNSsolve>  eval($parstatus_$nchain1 = true) 
 EVALUATE: symbol $PARSTATUS_1 set to TRUE (logical)
 CNSsolve>end loop cloop1 
 CNSsolve>while ($nchain1 < $data.ncomponents) loop cloop1 
 NEXTCD: condition evaluated as true
 CNSsolve>  eval($nchain1 = $nchain1 + 1) 
 EVALUATE: symbol $NCHAIN1 set to    2.00000     (real)
 CNSsolve>  eval($parstatus_$nchain1 = true) 
 EVALUATE: symbol $PARSTATUS_2 set to TRUE (logical)
 CNSsolve>end loop cloop1 
 CNSsolve>while ($nchain1 < $data.ncomponents) loop cloop1 
 NEXTCD: condition evaluated as false
 CNSsolve>  eval($nchain1 = $nchain1 + 1) 
 CNSsolve>  eval($parstatus_$nchain1 = true) 
 CNSsolve>end loop cloop1 
 CNSsolve> 
 CNSsolve>eval($nchain1= 1) 
 EVALUATE: symbol $NCHAIN1 set to    1.00000     (real)
 CNSsolve>while ($nchain1 < $data.ncomponents) loop cloop2 
 NEXTCD: condition evaluated as true
 CNSsolve>  eval($nchain2 = $nchain1 + 1) 
 EVALUATE: symbol $NCHAIN2 set to    2.00000     (real)
 CNSsolve>  while ($nchain2 <= $data.ncomponents) loop cloop3 
 NEXTCD: condition evaluated as true
 CNSsolve>    if ($par_nonbonded_$nchain2 eq $par_nonbonded_$nchain1) then 
 NEXTCD: condition evaluated as false
 CNSsolve>      eval($parstatus_$nchain2 = false) 
 CNSsolve>    end if 
 CNSsolve>    eval($nchain2 = $nchain2 + 1) 
 EVALUATE: symbol $NCHAIN2 set to    3.00000     (real)
 CNSsolve>  end loop cloop3 
 CNSsolve>  while ($nchain2 <= $data.ncomponents) loop cloop3 
 NEXTCD: condition evaluated as false
 CNSsolve>    if ($par_nonbonded_$nchain2 eq $par_nonbonded_$nchain1) then 
 CNSsolve>      eval($parstatus_$nchain2 = false) 
 CNSsolve>    end if 
 CNSsolve>    eval($nchain2 = $nchain2 + 1) 
 CNSsolve>  end loop cloop3 
 CNSsolve>  eval($nchain1 = $nchain1 + 1) 
 EVALUATE: symbol $NCHAIN1 set to    2.00000     (real)
 CNSsolve>end loop cloop2 
 CNSsolve>while ($nchain1 < $data.ncomponents) loop cloop2 
 NEXTCD: condition evaluated as false
 CNSsolve>  eval($nchain2 = $nchain1 + 1) 
 CNSsolve>  while ($nchain2 <= $data.ncomponents) loop cloop3 
 CNSsolve>    if ($par_nonbonded_$nchain2 eq $par_nonbonded_$nchain1) then 
 CNSsolve>      eval($parstatus_$nchain2 = false) 
 CNSsolve>    end if 
 CNSsolve>    eval($nchain2 = $nchain2 + 1) 
 CNSsolve>  end loop cloop3 
 CNSsolve>  eval($nchain1 = $nchain1 + 1) 
 CNSsolve>end loop cloop2 
 CNSsolve> 
 CNSsolve>parameter @@$par_nonbonded_1 end 
 ASSFIL: file protein-allhdg5-4.param opened.
 PARRDR>remarks file toppar/protein-allhdg5-4.param 
 PARRDR>remark 
 PARRDR>remark   for file protein-allhdg-ucl.top  version UCL  date 14-MAR-00 
 PARRDR>remark   for file protein-allhdg-dih-ucl.top  version UCL  date 07-JUL-01 
 PARRDR>remark   Geometric energy function parameters for distance geometry and 
 PARRDR>remark   simulated annealing. 
 PARRDR>remark   Original author: Michael Nilges, EMBL Heidelberg 
 PARRDR>remark   Modifications: Mark A. Williams, UCL London 
 PARRDR>remark   Several modifications for HADDOCK: Alexandre Bonvin, Utrecht Uni 
 PARRDR>remark   Last modification 06-02-2021 
 PARRDR> 
 PARRDR>set message ? end eval ($old_message=$result) set echo ? end eval ($old_echo=$result) 
 MESSage=NORM
 EVALUATE: symbol $OLD_MESSAGE set to "NORM" (string)
 ECHO=TRUE {ON}
 EVALUATE: symbol $OLD_ECHO set to TRUE (logical)
 PARRDR>set message=off echo=off end 
 PARRDR> 
 PARRDR> 
 PARRDR> end 
 %PARRDR-info: duplication of angle CR1E CR1E CY2 
 CNSsolve>eval($nchain1= 2) 
 EVALUATE: symbol $NCHAIN1 set to    2.00000     (real)
 CNSsolve>while ($nchain1 <= $data.ncomponents) loop cloop1 
 NEXTCD: condition evaluated as true
 CNSsolve>  if ($parstatus_$nchain1 = true) then 
 NEXTCD: condition evaluated as true
 CNSsolve>    parameter @@$par_nonbonded_$nchain1 end 
 ASSFIL: file dna-rna-allatom-hj-opls-1.3.param opened.
 PARRDR>remarks file toppar/dna-rna-allatom.top 
 PARRDR>remarks  dna-rna-allatom-hj-opls-1.3.param 
 PARRDR>remarks  all-hydrogen dna/rna parameters using the OPLS force field 
 PARRDR> 
 PARRDR>!RNA PARAMETER FILE 'FRAMEWORK' FROM PARALLHDG.DNA AND ATOM NAMES 
 PARRDR>! AND HEAVY ATOM PARAMETERS FROM DNA-RNA.PARAM 
 PARRDR>!INCLUDES ALL NONEXCHANGEABLE HYDROGEN TERMS FOR BOND, ANGLE, AND 
 PARRDR>!IMPROPERS WITH ENERGY CONSTANT VARIABLES: $kchbond, $kchangle, AND $kchimpr. 
 PARRDR>!BOND, ANGLE, AND IMPROPERS WERE ESTIMATED FROM VALUES FROM THE STANDARD 
 PARRDR>!NUCLEOTIDES OF INSIGHTII 95.0 (BIOSYM/MOLECULAR SIMULATIONS). 
 PARRDR>!CREATED 2/24/96 -- JASON P. RIFE AND PETER B. MOORE 
 PARRDR>!ADDED OPLSX SECTION 6/2/07 -- HENRY JONKER 
 PARRDR>!ADAPTED/CLEANED FOR HADDOCK -- ALEXANDRE BONVIN 
 PARRDR> 
 PARRDR>set message ? end eval ($old_message=$result) set echo ? end eval ($old_echo=$result) 
 MESSage=NORM
 EVALUATE: symbol $OLD_MESSAGE set to "NORM" (string)
 ECHO=TRUE {ON}
 EVALUATE: symbol $OLD_ECHO set to TRUE (logical)
 PARRDR>set message=off echo=off end 
 PARRDR> 
 PARRDR> end 
 %PARRDR-info: duplication of bond HN   N3T 
 %PARRDR-info: duplication of angle CR1E CR1E CY2 
 %PARRDR-info: duplication of nonbonded entry H   
 %PARRDR-info: duplication of nonbonded entry HA  
 %PARRDR-info: duplication of nonbonded entry HC  
 %PARRDR-info: duplication of nonbonded entry OP1 
 %PARRDR-info: duplication of nonbonded entry OH  
 %PARRDR-info: duplication of nonbonded entry P   
 %PARRDR-info: duplication of nonbonded entry HO  
 %PARRDR-info: duplication of nonbonded entry HN  
 CNSsolve>  end if 
 CNSsolve>  eval($nchain1 = $nchain1 + 1) 
 EVALUATE: symbol $NCHAIN1 set to    3.00000     (real)
 CNSsolve>end loop cloop1 
 CNSsolve>while ($nchain1 <= $data.ncomponents) loop cloop1 
 NEXTCD: condition evaluated as false
 CNSsolve>  if ($parstatus_$nchain1 = true) then 
 CNSsolve>    parameter @@$par_nonbonded_$nchain1 end 
 CNSsolve>  end if 
 CNSsolve>  eval($nchain1 = $nchain1 + 1) 
 CNSsolve>end loop cloop1 
 CNSsolve> 
 CNSsolve>parameter 
 PARRDR>  nbonds 
 NBDSET>    nbxmod=5 atom cdie shift 
 NBDSET>    cutnb=9.5 ctofnb=8.5 ctonnb=6.5 eps=1.0 e14fac=0.4 inhibit 0.25 
 NBDSET>    wmin=0.5 tolerance  0.5 
 NBDSET>  end 
 PARRDR>end 
 %PARRDR-info: duplication of bond HN   N3T 
 %PARRDR-info: duplication of angle CR1E CR1E CY2 
 %PARRDR-info: duplication of nonbonded entry H   
 %PARRDR-info: duplication of nonbonded entry HA  
 %PARRDR-info: duplication of nonbonded entry HC  
 %PARRDR-info: duplication of nonbonded entry OP1 
 %PARRDR-info: duplication of nonbonded entry OH  
 %PARRDR-info: duplication of nonbonded entry P   
 %PARRDR-info: duplication of nonbonded entry HO  
 %PARRDR-info: duplication of nonbonded entry HN  
 CNSsolve> 
 CNSsolve>if ($coarse eq true) then 
 NEXTCD: condition evaluated as false
 CNSsolve>  if ( $iteration == 2) then 
 CNSsolve>    ! We need to read both the AA and CG parameters, but avoid duplication 
 CNSsolve>    eval($nchain1= 1) 
 CNSsolve>    while ($nchain1 <= $data.ncomponents) loop cloop1 
 CNSsolve>      if ($par_cg_$nchain1 eq true) then 
 CNSsolve>        eval($nchain2 = $nchain1 + 1) 
 CNSsolve>        while ($nchain2 <= $data.ncomponents) loop cloop2 
 CNSsolve>          if ($par_cg_$nchain2 eq true) then 
 CNSsolve>            if ($par_cg_nonbonded_$nchain2 eq $par_cg_nonbonded_$nchain1) then 
 CNSsolve>              eval($parstatus_cg_$nchain2 = false) 
 CNSsolve>            end if 
 CNSsolve>          end if 
 CNSsolve>          eval($nchain2 = $nchain2 + 1) 
 CNSsolve>        end loop cloop2 
 CNSsolve>      else 
 CNSsolve>        eval($parstatus_cg_$nchain1 = false) 
 CNSsolve>      end if 
 CNSsolve>      eval($nchain1 = $nchain1 + 1) 
 CNSsolve>    end loop cloop1 
 CNSsolve> 
 CNSsolve>    eval($nchain1= 1) 
 CNSsolve>    while ($nchain1 <= $data.ncomponents) loop cloop1 
 CNSsolve>      if ($parstatus_cg_$nchain1 = true) then 
 CNSsolve>        parameter @@$par_cg_nonbonded_$nchain1 end 
 CNSsolve>      end if 
 CNSsolve>      eval($nchain1 = $nchain1 + 1) 
 CNSsolve>    end loop cloop1 
 CNSsolve> 
 CNSsolve>  else 
 CNSsolve>    ! Only CG paramters have been read - only need to set the nonbonded flags 
 CNSsolve>    parameter 
 CNSsolve>      nbonds 
 CNSsolve>        nbxmod=5 atom cdie shift 
 CNSsolve>        cutnb=15.0 ctofnb=14.0 ctonnb=12.0 eps=1.0 e14fac=0.4 inhibit 0.25 
 CNSsolve>        wmin=0.5 tolerance  0.5 
 CNSsolve>      end 
 CNSsolve>    end 
 CNSsolve>  end if 
 CNSsolve>end if 
 CNSsolve> 
 CNSsolve>! this is required for protein-DNA complexes 
 CNSsolve>! bur not needed if a DNA param file has already been defined 
 CNSsolve>if ( &BLANK%nucl_parameter_infile = false ) then 
 NEXTCD: condition evaluated as true
 CNSsolve>  eval($dnaparam = "RUN:toppar/" + &nucl_parameter_infile) 
 EVALUATE: symbol $DNAPARAM set to "RUN:toppar/dna-rna-allatom-hj-opls-1.3.param" (string)
 CNSsolve>  eval($read_dna_param = true) 
 EVALUATE: symbol $READ_DNA_PARAM set to TRUE (logical)
 CNSsolve>  eval($nchain1 = 1) 
 EVALUATE: symbol $NCHAIN1 set to    1.00000     (real)
 CNSsolve>  while ($nchain1 <= $data.ncomponents) loop cloop1 
 NEXTCD: condition evaluated as true
 CNSsolve>    if ($par_nonbonded_$nchain1 = $dnaparam) then 
 NEXTCD: condition evaluated as false
 CNSsolve>      eval($read_dna_param = false) 
 CNSsolve>    end if 
 CNSsolve>    eval($nchain1 = $nchain1 + 1) 
 EVALUATE: symbol $NCHAIN1 set to    2.00000     (real)
 CNSsolve>  end loop cloop1 
 CNSsolve>  while ($nchain1 <= $data.ncomponents) loop cloop1 
 NEXTCD: condition evaluated as true
 CNSsolve>    if ($par_nonbonded_$nchain1 = $dnaparam) then 
 NEXTCD: condition evaluated as true
 CNSsolve>      eval($read_dna_param = false) 
 EVALUATE: symbol $READ_DNA_PARAM set to FALSE (logical)
 CNSsolve>    end if 
 CNSsolve>    eval($nchain1 = $nchain1 + 1) 
 EVALUATE: symbol $NCHAIN1 set to    3.00000     (real)
 CNSsolve>  end loop cloop1 
 CNSsolve>  while ($nchain1 <= $data.ncomponents) loop cloop1 
 NEXTCD: condition evaluated as false
 CNSsolve>    if ($par_nonbonded_$nchain1 = $dnaparam) then 
 CNSsolve>      eval($read_dna_param = false) 
 CNSsolve>    end if 
 CNSsolve>    eval($nchain1 = $nchain1 + 1) 
 CNSsolve>  end loop cloop1 
 CNSsolve>  if ($read_dna_param = true) then 
 NEXTCD: condition evaluated as false
 CNSsolve>    param @@$dnaparam end 
 CNSsolve>  end if 
 CNSsolve>end if 
 CNSsolve> 
 CNSsolve>! and the same for the CG version 
 CNSsolve>if ($coarse eq true) then 
 NEXTCD: condition evaluated as false
 CNSsolve>  if ( &BLANK%nucl_cgparameter_infile = false ) then 
 CNSsolve>    eval($dnacgparam = "RUN:toppar/" + &nucl_cgparameter_infile) 
 CNSsolve>    eval($read_dna_cgparam = true) 
 CNSsolve>    eval($nchain1 = 1) 
 CNSsolve>    while ($nchain1 <= $data.ncomponents) loop cloop1 
 CNSsolve>      if ($par_cg_nonbonded_$nchain1 = $dnacgparam) then 
 CNSsolve>        eval($read_dna_cgparam = false) 
 CNSsolve>      end if 
 CNSsolve>      eval($nchain1 = $nchain1 + 1) 
 CNSsolve>    end loop cloop1 
 CNSsolve>    if ($read_dna_cgparam = true) then 
 CNSsolve>      param @@$dnacgparam end 
 CNSsolve>    end if 
 CNSsolve>  end if 
 CNSsolve>end if 
 CNSsolve> 
 CNSsolve>parameter @@RUN:toppar/carbohydrate.param end 
 ASSFIL: file carbohydrate.param opened.
 PARRDR>remarks file toppar/carbohydrate.param 
 PARRDR>REMARKS Parameter file for pyranose sugars 
 PARRDR>REMARKS Alexandre Bonvin - adapted to use unique atom types for sugar-specific atoms 
 PARRDR>REMARKS Joao Rodrigues 11-June-2020 
 PARRDR>REMARKS Parameters updated to Feng, PLoS One, 2017 
 PARRDR>REMARKS PMC 5726640 
 PARRDR> 
 PARRDR>REMARKS Bill Weis 10-July-1988 
 PARRDR>REMARKS Additions for atom type combinations not covered in PARAM19X.PRO. 
 PARRDR>REMARKS Needed additions are for ether oxygen and aliphatic carbon in all-atom 
 PARRDR>REMARKS representation used for sugars (type CC).  Ditto for type HA. 
 PARRDR>REMARKS Values from J. Brady glucose parameters unless noted. 
 PARRDR>REMARKS These should be sufficient for refinement. 
 PARRDR> 
 PARRDR>REMARKS Additions 6-March-1992 Bill Weis 
 PARRDR>REMARKS New atom types CCA, CCE,  OASfor the C1 & O1 positions to account 
 PARRDR>REMARKS for different BOND and ANGLe values due to the anomeric effect. 
 PARRDR>REMARKS More accurate equilibrium values for BOND ANGLe around this oxygen 
 PARRDR>REMARKS in glycosidic linkages.  CCE for equatorial O1, CCA for 
 PARRDR>REMAKRS axial O1.   For free sugar, keep OH1 as O1 atomtype; changed to OA 
 PARRDR>REMARKS for linkages. 
 PARRDR>REMARKS References: G.A. Jeffrey (1990) Acta Cryst B46, 89-103; 
 PARRDR>REMARKS K. Hirotsu & A.Shimada, (1974) Bull. Chem. Soc. Japan, 47, 1872-1879. 
 PARRDR> 
 PARRDR>REMARKS  This set has been modified to be roughly consistent with 
 PARRDR>REMARKS  the csd-derived protein parameters of Engh and Huber. 
 PARRDR>REMARKS  New atom type CC6 for exocyclic 6 carbon 
 PARRDR>REMARKS  Bill Weis 5/11/92 
 PARRDR> 
 PARRDR>set message ? end eval ($old_message=$result) set echo ? end eval ($old_echo=$result) 
 MESSage=NORM
 EVALUATE: symbol $OLD_MESSAGE set to "NORM" (string)
 ECHO=TRUE {ON}
 EVALUATE: symbol $OLD_ECHO set to TRUE (logical)
 PARRDR>set message=off echo=off end 
 PARRDR> 
 PARRDR> 
 PARRDR> end 
 %PARRDR-info: duplication of bond CH1E OAS 
 %PARRDR-info: duplication of bond HN   N3T 
 %PARRDR-info: duplication of angle CH2E C    NH1 
 %PARRDR-info: duplication of angle CR1E CR1E CY2 
 %PARRDR-info: duplication of nonbonded entry H   
 %PARRDR-info: duplication of nonbonded entry HA  
 %PARRDR-info: duplication of nonbonded entry HC  
 %PARRDR-info: duplication of nonbonded entry OP1 
 %PARRDR-info: duplication of nonbonded entry OH  
 %PARRDR-info: duplication of nonbonded entry P   
 %PARRDR-info: duplication of nonbonded entry HO  
 %PARRDR-info: duplication of nonbonded entry HN  
 CNSsolve>parameter @@RUN:toppar/ion.param end 
 ASSFIL: file ion.param opened.
 PARRDR>remarks file toppar/ion.param 
 PARRDR>remarks nonbonded parameters for common ions 
 PARRDR>remarks new parameters derived from literature for single atom species 
 PARRDR>remarks PDA 02/09/99 
 PARRDR> 
 PARRDR>set echo=off end 
 PARRDR> end 
 %PARRDR-info: duplication of bond CH1E OAS 
 %PARRDR-info: duplication of bond HN   N3T 
 %PARRDR-info: duplication of angle CH2E C    NH1 
 %PARRDR-info: duplication of angle CR1E CR1E CY2 
 %PARRDR-info: duplication of nonbonded entry H   
 %PARRDR-info: duplication of nonbonded entry HA  
 %PARRDR-info: duplication of nonbonded entry HC  
 %PARRDR-info: duplication of nonbonded entry OP1 
 %PARRDR-info: duplication of nonbonded entry OH  
 %PARRDR-info: duplication of nonbonded entry P   
 %PARRDR-info: duplication of nonbonded entry HO  
 %PARRDR-info: duplication of nonbonded entry HN  
 %PARRDR-info: duplication of nonbonded entry HO  
 %PARRDR-info: duplication of nonbonded entry HO  
 CNSsolve>parameter @@RUN:toppar/ligand.param end 
 ASSFIL: file ligand.param opened.
 PARRDR>! Put in this file your ligand parameters if needed 
 PARRDR>! 
 PARRDR>! 
 PARRDR>!       This file was generated by PRODRG version 070118.0614 
 PARRDR>!       PRODRG written/copyrighted by Daan van Aalten 
 PARRDR>!       and Alexander Schuettelkopf 
 PARRDR>! 
 PARRDR>!       Questions/comments to dava@davapc1.bioch.dundee.ac.uk 
 PARRDR>! 
 PARRDR>!       When using this software in a publication, cite: 
 PARRDR>!       A. W. Schuettelkopf and D. M. F. van Aalten (2004). 
 PARRDR>!       PRODRG - a tool for high-throughput crystallography 
 PARRDR>!       of protein-ligand complexes. 
 PARRDR>!       Acta Crystallogr. D60, 1355--1363. 
 PARRDR>! 
 PARRDR>! 
 PARRDR>!  *** NOTE *** IF YOU USE MORE THAN ONE PRODRG-GENERATED TOPOLOGY IN CNS, 
 PARRDR>!               PLEASE CAREFULLY READ THE FAQ AS THIS MAY CAUSE PROBLEMS 
 PARRDR>! 
 PARRDR>! 
 PARRDR>set echo=off message=on end 
 EVALUATE: symbol $PD_X set to    1.00000     (real)
 EVALUATE: symbol $PD_V set to    17900.0     (real)
 EVALUATE: symbol $PD_V set to    16000.0     (real)
 EVALUATE: symbol $PD_V set to    18000.0     (real)
 EVALUATE: symbol $PD_V set to    18000.0     (real)
 EVALUATE: symbol $PD_V set to    16000.0     (real)
 EVALUATE: symbol $PD_V set to    17900.0     (real)
 EVALUATE: symbol $PD_V set to    17900.0     (real)
 EVALUATE: symbol $PD_V set to    16000.0     (real)
 EVALUATE: symbol $PD_V set to    16000.0     (real)
 EVALUATE: symbol $PD_V set to    16000.0     (real)
 EVALUATE: symbol $PD_V set to    16000.0     (real)
 EVALUATE: symbol $PD_V set to    16000.0     (real)
 EVALUATE: symbol $PD_V set to    16000.0     (real)
 EVALUATE: symbol $PD_V set to    16000.0     (real)
 EVALUATE: symbol $PD_V set to    15000.0     (real)
 EVALUATE: symbol $PD_V set to    15000.0     (real)
 EVALUATE: symbol $PD_V set to    12000.0     (real)
 EVALUATE: symbol $PD_V set to    16000.0     (real)
 EVALUATE: symbol $PD_V set to    17900.0     (real)
 EVALUATE: symbol $PD_V set to    20000.0     (real)
 EVALUATE: symbol $PD_V set to    18000.0     (real)
 EVALUATE: symbol $PD_V set to    20000.0     (real)
 EVALUATE: symbol $PD_V set to    17900.0     (real)
 EVALUATE: symbol $PD_V set to    17900.0     (real)
 EVALUATE: symbol $PD_V set to    17900.0     (real)
 EVALUATE: symbol $PD_V set to    18000.0     (real)
 EVALUATE: symbol $PD_V set to    16000.0     (real)
 EVALUATE: symbol $PD_V set to    16000.0     (real)
 EVALUATE: symbol $PD_V set to    12000.0     (real)
 EVALUATE: symbol $PD_V set to    18000.0     (real)
 EVALUATE: symbol $PD_V set to    24000.0     (real)
 EVALUATE: symbol $PD_V set to    18000.0     (real)
 EVALUATE: symbol $PD_V set to    17900.0     (real)
 EVALUATE: symbol $PD_V set to    17900.0     (real)
 EVALUATE: symbol $PD_V set to    720.000     (real)
 EVALUATE: symbol $PD_V set to    800.000     (real)
 EVALUATE: symbol $PD_V set to    800.000     (real)
 EVALUATE: symbol $PD_V set to    800.000     (real)
 EVALUATE: symbol $PD_V set to    800.000     (real)
 EVALUATE: symbol $PD_V set to    800.000     (real)
 EVALUATE: symbol $PD_V set to    800.000     (real)
 EVALUATE: symbol $PD_V set to    800.000     (real)
 EVALUATE: symbol $PD_V set to    640.000     (real)
 EVALUATE: symbol $PD_V set to    800.000     (real)
 EVALUATE: symbol $PD_V set to    800.000     (real)
 EVALUATE: symbol $PD_V set to    800.000     (real)
 EVALUATE: symbol $PD_V set to    880.000     (real)
 EVALUATE: symbol $PD_V set to    880.000     (real)
 EVALUATE: symbol $PD_V set to    880.000     (real)
 EVALUATE: symbol $PD_V set to    880.000     (real)
 EVALUATE: symbol $PD_V set to    880.000     (real)
 EVALUATE: symbol $PD_V set to    760.000     (real)
 EVALUATE: symbol $PD_V set to    880.000     (real)
 EVALUATE: symbol $PD_V set to    880.000     (real)
 EVALUATE: symbol $PD_V set to    760.000     (real)
 EVALUATE: symbol $PD_V set to    760.000     (real)
 EVALUATE: symbol $PD_V set to    880.000     (real)
 EVALUATE: symbol $PD_V set to    760.000     (real)
 EVALUATE: symbol $PD_V set to    760.000     (real)
 EVALUATE: symbol $PD_V set to    760.000     (real)
 EVALUATE: symbol $PD_V set to    880.000     (real)
 EVALUATE: symbol $PD_V set to    880.000     (real)
 EVALUATE: symbol $PD_V set to    800.000     (real)
 EVALUATE: symbol $PD_V set to    800.000     (real)
 EVALUATE: symbol $PD_V set to    720.000     (real)
 EVALUATE: symbol $PD_V set to    800.000     (real)
 EVALUATE: symbol $PD_V set to    800.000     (real)
 EVALUATE: symbol $PD_V set to    800.000     (real)
 EVALUATE: symbol $PD_V set to    800.000     (real)
 EVALUATE: symbol $PD_V set to    800.000     (real)
 EVALUATE: symbol $PD_V set to    640.000     (real)
 EVALUATE: symbol $PD_V set to    720.000     (real)
 EVALUATE: symbol $PD_V set to    800.000     (real)
 EVALUATE: symbol $PD_V set to    800.000     (real)
 EVALUATE: symbol $PD_V set to    880.000     (real)
 EVALUATE: symbol $PD_V set to    880.000     (real)
 EVALUATE: symbol $PD_V set to    880.000     (real)
 EVALUATE: symbol $PD_V set to    880.000     (real)
 EVALUATE: symbol $PD_V set to    880.000     (real)
 EVALUATE: symbol $PD_V set to    880.000     (real)
 EVALUATE: symbol $PD_V set to    544.000     (real)
 EVALUATE: symbol $PD_V set to    640.000     (real)
 EVALUATE: symbol $PD_V set to    800.000     (real)
 EVALUATE: symbol $PD_V set to    800.000     (real)
 EVALUATE: symbol $PD_V set to    960.000     (real)
 EVALUATE: symbol $PD_V set to    560.000     (real)
 EVALUATE: symbol $PD_V set to    560.000     (real)
 EVALUATE: symbol $PD_V set to    640.000     (real)
 EVALUATE: symbol $PD_V set to    800.000     (real)
 EVALUATE: symbol $PD_V set to    800.000     (real)
 EVALUATE: symbol $PD_V set to    800.000     (real)
 EVALUATE: symbol $PD_V set to    800.000     (real)
 EVALUATE: symbol $PD_V set to    800.000     (real)
 EVALUATE: symbol $PD_V set to    800.000     (real)
 EVALUATE: symbol $PD_V set to    800.000     (real)
 EVALUATE: symbol $PD_V set to    800.000     (real)
 EVALUATE: symbol $PD_V set to    800.000     (real)
 EVALUATE: symbol $PD_V set to    800.000     (real)
 EVALUATE: symbol $PD_V set to    400.000     (real)
 EVALUATE: symbol $PD_V set to    400.000     (real)
 EVALUATE: symbol $PD_V set to    400.000     (real)
 EVALUATE: symbol $PD_V set to    400.000     (real)
 EVALUATE: symbol $PD_V set to    640.000     (real)
 EVALUATE: symbol $PD_V set to    8.10000     (real)
 EVALUATE: symbol $PD_V set to    640.000     (real)
 EVALUATE: symbol $PD_V set to    640.000     (real)
 EVALUATE: symbol $PD_V set to   0.100000     (real)
 EVALUATE: symbol $PD_V set to   0.100000     (real)
 EVALUATE: symbol $PD_V set to    19.6000     (real)
 EVALUATE: symbol $PD_V set to    19.6000     (real)
 EVALUATE: symbol $PD_V set to   0.900000     (real)
 EVALUATE: symbol $PD_V set to   0.900000     (real)
 EVALUATE: symbol $PD_V set to    19.6000     (real)
 EVALUATE: symbol $PD_V set to    0.00000     (real)
 EVALUATE: symbol $PD_V set to    19.6000     (real)
 EVALUATE: symbol $PD_V set to    640.000     (real)
 EVALUATE: symbol $PD_V set to    640.000     (real)
 EVALUATE: symbol $PD_V set to    640.000     (real)
 EVALUATE: symbol $PD_V set to    8.10000     (real)
 EVALUATE: symbol $PD_V set to    19.6000     (real)
 EVALUATE: symbol $PD_V set to    19.6000     (real)
 EVALUATE: symbol $PD_V set to    8.10000     (real)
 EVALUATE: symbol $PD_V set to    160.000     (real)
 EVALUATE: symbol $PD_V set to    640.000     (real)
 PARRDR> end 
 %PARRDR-info: duplication of bond CH1E OAS 
 %PARRDR-info: duplication of bond HN   N3T 
 %PARRDR-info: duplication of angle CH2E C    NH1 
 %PARRDR-info: duplication of angle CR1E CR1E CY2 
 %PARRDR-info: duplication of nonbonded entry H   
 %PARRDR-info: duplication of nonbonded entry HA  
 %PARRDR-info: duplication of nonbonded entry HC  
 %PARRDR-info: duplication of nonbonded entry OP1 
 %PARRDR-info: duplication of nonbonded entry OH  
 %PARRDR-info: duplication of nonbonded entry P   
 %PARRDR-info: duplication of nonbonded entry HO  
 %PARRDR-info: duplication of nonbonded entry HN  
 %PARRDR-info: duplication of nonbonded entry HO  
 %PARRDR-info: duplication of nonbonded entry HO  
 CNSsolve>parameter @@RUN:toppar/fragment_probes.param end 
 ASSFIL: file fragment_probes.param opened.
 PARRDR>Remarks Parameters for Fragment-based Ligand Binding Site Mapping 
 PARRDR>Remarks created by acpype (Rev: 7268) on Mon Apr 13 10:01:53 2015 
 PARRDR> 
 PARRDR>set echo=false end 
 PARRDR> end 
 %PARRDR-info: duplication of bond CH1E OAS 
 %PARRDR-info: duplication of bond HN   N3T 
 %PARRDR-info: duplication of angle CH2E C    NH1 
 %PARRDR-info: duplication of angle CR1E CR1E CY2 
 %PARRDR-info: duplication of nonbonded entry H   
 %PARRDR-info: duplication of nonbonded entry HA  
 %PARRDR-info: duplication of nonbonded entry HC  
 %PARRDR-info: duplication of nonbonded entry OP1 
 %PARRDR-info: duplication of nonbonded entry OH  
 %PARRDR-info: duplication of nonbonded entry P   
 %PARRDR-info: duplication of nonbonded entry HO  
 %PARRDR-info: duplication of nonbonded entry HN  
 %PARRDR-info: duplication of nonbonded entry HO  
 %PARRDR-info: duplication of nonbonded entry HO  
 CNSsolve>parameter @@RUN:toppar/hemes-allhdg.param end 
 ASSFIL: file hemes-allhdg.param opened.
 PARRDR>remark  file parallhdg.hemes 
 PARRDR> 
 PARRDR>set message off echo off end 
 PARRDR> end 
 %PARRDR-info: duplication of bond C    OC  
 %PARRDR-info: duplication of bond CH1E OAS 
 %PARRDR-info: duplication of bond HN   N3T 
 %PARRDR-info: duplication of angle CH2E C    NH1 
 %PARRDR-info: duplication of angle CR1E CR1E CY2 
 %PARRDR-info: duplication of angle OC   C    OC  
 %PARRDR-info: duplication of nonbonded entry H   
 %PARRDR-info: duplication of nonbonded entry HA  
 %PARRDR-info: duplication of nonbonded entry HC  
 %PARRDR-info: duplication of nonbonded entry OP1 
 %PARRDR-info: duplication of nonbonded entry OH  
 %PARRDR-info: duplication of nonbonded entry P   
 %PARRDR-info: duplication of nonbonded entry HO  
 %PARRDR-info: duplication of nonbonded entry HN  
 %PARRDR-info: duplication of nonbonded entry HO  
 %PARRDR-info: duplication of nonbonded entry HO  
 %PARRDR-info: duplication of nonbonded entry HA  
 %PARRDR-info: duplication of nonbonded entry HA  
 %PARRDR-info: duplication of nonbonded entry OC  
 %PARRDR-info: duplication of nonbonded entry C   
 CNSsolve>parameter @@RUN:toppar/water-allhdg5-4.param end 
 ASSFIL: file water-allhdg5-4.param opened.
 PARRDR>remarks file toppar/water-allhdg5-4.param 
 PARRDR>remarks 
 PARRDR>remarks   PARAM19.SOL (solvent parameters) 
 PARRDR>remarks   =========== 
 PARRDR>remarks   available: TIPS3P and DMSO model 
 PARRDR> 
 PARRDR>set message ? end eval ($old_message=$result) set echo ? end eval ($old_echo=$result) 
 MESSage=NORM
 EVALUATE: symbol $OLD_MESSAGE set to "NORM" (string)
 ECHO=TRUE {ON}
 EVALUATE: symbol $OLD_ECHO set to TRUE (logical)
 PARRDR>set message=off echo=off end 
 PARRDR> end 
 %PARRDR-info: duplication of bond C    OC  
 %PARRDR-info: duplication of bond CH1E OAS 
 %PARRDR-info: duplication of bond HN   N3T 
 %PARRDR-info: duplication of angle CH2E C    NH1 
 %PARRDR-info: duplication of angle CR1E CR1E CY2 
 %PARRDR-info: duplication of angle OC   C    OC  
 %PARRDR-info: duplication of nonbonded entry H   
 %PARRDR-info: duplication of nonbonded entry HA  
 %PARRDR-info: duplication of nonbonded entry HC  
 %PARRDR-info: duplication of nonbonded entry OP1 
 %PARRDR-info: duplication of nonbonded entry OH  
 %PARRDR-info: duplication of nonbonded entry P   
 %PARRDR-info: duplication of nonbonded entry HO  
 %PARRDR-info: duplication of nonbonded entry HN  
 %PARRDR-info: duplication of nonbonded entry HO  
 %PARRDR-info: duplication of nonbonded entry HO  
 %PARRDR-info: duplication of nonbonded entry HA  
 %PARRDR-info: duplication of nonbonded entry HA  
 %PARRDR-info: duplication of nonbonded entry OC  
 %PARRDR-info: duplication of nonbonded entry C   
 CNSsolve>parameter @@RUN:toppar/shape.param end 
 ASSFIL: file shape.param opened.
 PARRDR>NONBonded  SHA    0.01  0.01     0.01  0.01 
 PARRDR> 
 PARRDR>BOND SHA  SHA  0.0	2.0 
 PARRDR> 
 PARRDR> end 
 %PARRDR-info: duplication of bond C    OC  
 %PARRDR-info: duplication of bond CH1E OAS 
 %PARRDR-info: duplication of bond HN   N3T 
 %PARRDR-info: duplication of angle CH2E C    NH1 
 %PARRDR-info: duplication of angle CR1E CR1E CY2 
 %PARRDR-info: duplication of angle OC   C    OC  
 %PARRDR-info: duplication of nonbonded entry H   
 %PARRDR-info: duplication of nonbonded entry HA  
 %PARRDR-info: duplication of nonbonded entry HC  
 %PARRDR-info: duplication of nonbonded entry OP1 
 %PARRDR-info: duplication of nonbonded entry OH  
 %PARRDR-info: duplication of nonbonded entry P   
 %PARRDR-info: duplication of nonbonded entry HO  
 %PARRDR-info: duplication of nonbonded entry HN  
 %PARRDR-info: duplication of nonbonded entry HO  
 %PARRDR-info: duplication of nonbonded entry HO  
 %PARRDR-info: duplication of nonbonded entry HA  
 %PARRDR-info: duplication of nonbonded entry HA  
 %PARRDR-info: duplication of nonbonded entry OC  
 %PARRDR-info: duplication of nonbonded entry C   
 CNSsolve> 
 CNSsolve>igroup 
 IGROup>  interaction  (not (resn ANI or resn DAN or resn XAN or resn DUM or resn SHA)) 
 SELRPN:   1621 atoms have been selected out of   1621
 SELRPN>               (not (resn ANI or resn DAN or resn XAN or resn DUM or resn SHA)) weight * 1 end 
 SELRPN:   1621 atoms have been selected out of   1621
 IGROup>  interaction  (resn ANI or resn DAN or resn XAN or resn DUM or resn DUM) 
 SELRPN:      0 atoms have been selected out of   1621
 SELRPN>               (resn ANI or resn DAN or resn XAN or resn DUM or resn DUM) weight * 1 vdw 0.0 elec 0.0 end 
 SELRPN:      0 atoms have been selected out of   1621
 IGROup>  interaction  (resn SHA) (not resn SHA) weight * 0 end 
 SELRPN:      0 atoms have been selected out of   1621
 SELRPN:   1621 atoms have been selected out of   1621
 IGROup> 
 IGROup>end 
 CNSsolve> 
 CNSsolve>inline @RUN:protocols/charge-beads-interactions.cns 
 ASSFIL: file charge-beads-interactions.cns opened.
 CNSsolve>! charge-beads-interactions.cns 
 CNSsolve>! 
 CNSsolve>! *********************************************************************** 
 CNSsolve>! * Copyright 2003-2018 Alexandre Bonvin, Utrecht University.           * 
 CNSsolve>! * Originally adapted from Aria 1.2 from Nilges and Linge, EMBL.       * 
 CNSsolve>! * and from the CNS distriution of Brunger and Adams                   * 
 CNSsolve>! * All rights reserved.                                                * 
 CNSsolve>! * This code is part of the HADDOCK software and governed by its       * 
 CNSsolve>! * license. Please see the LICENSE file that should have been included * 
 CNSsolve>! * as part of this package.                                            * 
 CNSsolve>! *********************************************************************** 
 CNSsolve>! 
 CNSsolve>for $id1 in id ( (resn SER or resn THR or resn ASN or resn GLN) and name BB ) loop c1beads 
 SELRPN:      0 atoms have been selected out of   1621
 CNSsolve> 
 CNSsolve>   show (segid) (id $id1) 
 CNSsolve>   evaluate ($cgsegid=$result) 
 CNSsolve>   show (resid) (id $id1) 
 CNSsolve>   evaluate ($cgresid=$result) 
 CNSsolve> 
 CNSsolve>   igroup 
 CNSsolve>     ! turn off all vdw interactions between charged beads and all beads 
 CNSsolve>     interaction (segid $cgsegid and resid $cgresid and name SCD1) (all) weight vdw 0.0 end 
 CNSsolve>     interaction (segid $cgsegid and resid $cgresid and name SCD2) (all) weight vdw 0.0 end 
 CNSsolve> 
 CNSsolve>     ! turn off all vdw and elec interactions between the charged beads within one residue 
 CNSsolve>     interaction (segid $cgsegid and resid $cgresid and name SCD1) 
 CNSsolve>                 (segid $cgsegid and resid $cgresid and name SCD2) weight * 1.0 vdw 0.0 elec 0.0 end 
 CNSsolve>   end 
 CNSsolve> 
 CNSsolve>end loop c1beads 
 CNSsolve> 
 CNSsolve>for $id1 in id ( (resn LYS or resn ARG or resn ASP or resn GLU) and name BB ) loop c2beads 
 SELRPN:      0 atoms have been selected out of   1621
 CNSsolve> 
 CNSsolve>   show (segid) (id $id1) 
 CNSsolve>   evaluate ($cgsegid=$result) 
 CNSsolve>   show (resid) (id $id1) 
 CNSsolve>   evaluate ($cgresid=$result) 
 CNSsolve> 
 CNSsolve>   igroup 
 CNSsolve>     ! turn off all vdw interactions between charged beads and all beads 
 CNSsolve>     interaction (segid $cgsegid and resid $cgresid and name SCD1) (all) weight vdw 0.0 end 
 CNSsolve>   end 
 CNSsolve> 
 CNSsolve>end loop c2beads 
 CNSsolve> 
 CNSsolve> 
 CNSsolve>flag include bond angle impr vdw end 
 CNSsolve> 
 CNSsolve>if ($Data.flags.dihed eq true) then 
 NEXTCD: condition evaluated as true
 CNSsolve>  flag include dihed end 
 CNSsolve>end if 
 CNSsolve> 
 CNSsolve>do (fbeta=$Saprotocol.fbeta) (all) 
 SELRPN:   1621 atoms have been selected out of   1621
 CNSsolve>do (mass=$Saprotocol.mass) (all) 
 SELRPN:   1621 atoms have been selected out of   1621
 CNSsolve>do (mass=1000) (resn ani) 
 SELRPN:      0 atoms have been selected out of   1621
 CNSsolve>do (mass=1000) (resn xan) 
 SELRPN:      0 atoms have been selected out of   1621
 CNSsolve>do (mass=1000) (resn dan) 
 SELRPN:      0 atoms have been selected out of   1621
 CNSsolve> 
 CNSsolve>evaluate ($end_count = $iterations.ini_count + $iterations.structures - 1) 
 EVALUATE: symbol $END_COUNT set to    1000.00     (real)
 CNSsolve> 
 CNSsolve>noe 
 NOE>  reset 
 NOE>  nrestraints = 100000     ! allocate space for distance restraints 
 NOE: allocating space for  100000 restraints.
 NOE>  ceiling 1000 
 NOE>end 
 CNSsolve> 
 CNSsolve>if ($Data.noecv eq true) then 
 NEXTCD: condition evaluated as true
 CNSsolve>  if ($iteration = 0) then 
 NEXTCD: condition evaluated as true
 CNSsolve>    evaluate ($npart = 1 + mod($count,$Data.ncvpart)) 
 EVALUATE: symbol $NPART set to    2.00000     (real)
 CNSsolve>    evaluate ($fileseed="NEWIT:" + $Filenames.fileroot + "_" + encode($count) + ".seed") 
 EVALUATE: symbol $FILESEED set to "NEWIT:complex_1.seed" (string)
 CNSsolve>    evaluate ($seed = max($iteration,1)*$count*$Saprotocol.iniseed) 
 EVALUATE: symbol $SEED set to    917.000     (real)
 CNSsolve>  else 
 CNSsolve>    evaluate ($fileseed= $file - ".pdb" + ".seed") 
 CNSsolve>    @@$fileseed (seed=$seed;npart=$npart ) 
 CNSsolve>    evaluate ($fileseed="NEWIT:" + $Filenames.fileroot + "_" + encode($count) + ".seed") 
 CNSsolve>    evaluate ($num = $count + $iterations.structures) 
 CNSsolve>    evaluate ($file_r_seed="NEWIT:" + $Filenames.fileroot + "_" + encode($num) + ".seed") 
 CNSsolve>    if ($saprotocol.rotate180_it1 eq true) then 
 CNSsolve>      set display=$file_r_seed end 
 CNSsolve>      display module(seed;npart) 
 CNSsolve>      display define ( 
 CNSsolve>      display currentseed = $seed; 
 CNSsolve>      display currentpart = $npart; 
 CNSsolve>      display ) 
 CNSsolve>      display evaluate (&seed=&currentseed) 
 CNSsolve>      display evaluate (&npart=&currentpart) 
 CNSsolve>      close $file_r_seed end 
 CNSsolve>    end if 
 CNSsolve>  end if 
 CNSsolve>  set display=$fileseed end 
 ASSFIL: file complex_1.seed opened.
 CNSsolve>  display module(seed;npart) 
 CNSsolve>  display define ( 
 CNSsolve>  display currentseed = $seed; 
 CNSsolve>  display currentpart = $npart; 
 CNSsolve>  display ) 
 CNSsolve>  display evaluate (&seed=&currentseed) 
 CNSsolve>  display evaluate (&npart=&currentpart) 
 CNSsolve>  close $fileseed end 
 VCLOSE: Display file reset to OUTPUT.
 CNSsolve>else 
 CNSsolve>  evaluate ($seed = max($iteration,1)*$count*$Saprotocol.iniseed) 
 CNSsolve>end if 
 CNSsolve>set seed $seed end 
 CNSsolve> 
 CNSsolve>coor init end 
 COOR: selected main coordinates initialized
 CNSsolve>coor @@$file 
 ASSFIL: file complex_1.pdb opened.
 COOR>REMARK FILENAME="complex_1.pdb" 
 COOR>REMARK DATE:23-Apr-2026  03:33:03       created by user: enmr 
 COOR>REMARK VERSION:1.3U 
 COOR>ATOM      1  N1  SAX A   1       1.066  -0.016  -1.238  1.00 15.00      A    N 
 COOR>ATOM      2  HAI SAX A   1       1.758  -0.305  -1.900  1.00 15.00      A    H 
 CNSsolve> 
 CNSsolve>! reinitialize the DUM residue 
 CNSsolve>if ($Data.flags.centroids = true) then 
 NEXTCD: condition evaluated as false
 CNSsolve>    if ($iteration = 0) then 
 CNSsolve>        @RUN:protocols/centroids_initialize.cns 
 ASSFIL: file centroids_initialize.cns opened.
 CNSsolve>{Places DUM-residue on the center of each segid} 
 CNSsolve> 
 CNSsolve>eval($nchain1 = 0) 
 CNSsolve>while ($nchain1 < $data.ncomponents) loop nloop1 
 CNSsolve>    eval($nchain1 = $nchain1 + 1) 
 CNSsolve> 
 CNSsolve>    show ave(x) (segid $Toppar.prot_segid_$nchain1 and (not name H*) and (not resn DUM)) 
 CNSsolve>    eval($center.x = $RESULT) 
 CNSsolve>    show ave(y) (segid $Toppar.prot_segid_$nchain1 and (not name H*) and (not resn DUM)) 
 CNSsolve>    eval($center.y = $RESULT) 
 CNSsolve>    show ave(z) (segid $Toppar.prot_segid_$nchain1 and (not name H*) and (not resn DUM)) 
 CNSsolve>    eval($center.z = $RESULT) 
 CNSsolve> 
 CNSsolve>    do (x = $center.x) (segid $Toppar.prot_segid_$nchain1 and resn DUM) 
 CNSsolve>    do (y = $center.y) (segid $Toppar.prot_segid_$nchain1 and resn DUM) 
 CNSsolve>    do (z = $center.z) (segid $Toppar.prot_segid_$nchain1 and resn DUM) 
 CNSsolve>end loop nloop1 
 CNSsolve>    end if 
 CNSsolve>end if 
 CNSsolve> 
 CNSsolve>! check for the presence of ions and add covalent bond 
 CNSsolve>if ($iteration = 1) then 
 NEXTCD: condition evaluated as false
 CNSsolve>  @RUN:protocols/covalions.cns 
 ASSFIL: file covalions.cns opened.
 CNSsolve>! covalions.cns 
 CNSsolve>!    Add a covalent bond between an ion and its closest coordinating atom 
 CNSsolve>! 
 CNSsolve>! *********************************************************************** 
 CNSsolve>! * Copyright 2003-2018 Alexandre Bonvin, Utrecht University.           * 
 CNSsolve>! * All rights reserved.                                                * 
 CNSsolve>! * This code is part of the HADDOCK software and governed by its       * 
 CNSsolve>! * license. Please see the LICENSE file that should have been included * 
 CNSsolve>! * as part of this package.                                            * 
 CNSsolve>! *********************************************************************** 
 CNSsolve>! 
 CNSsolve>  evaluate ($pcount = 0) 
 CNSsolve>  for $id1 in id ( name "LI+1" or name "F-1"  or name "NA+1" or name "MG+2" or name "AL+3" 
 FOR-clause=                or name "CL-1" or name "K+1"  or name "CA+2" or name "V+2"  or name "V+3" 
 FOR-clause=                or name "CR+2" or name "CR+3" or name "MN+2" or name "MN+3" or name "FE+2" 
 FOR-clause=                or name "FE+3" or name "NI+2" or name "CO+2" or name "CO+3" or name "CU+1" 
 FOR-clause=                or name "CU+2" or name "ZN+2" or name "BR-1" or name "SR+2" or name "MO+3" 
 FOR-clause=                or name "AG+1" or name "CD+2" or name "I-1"  or name "CS+2" or name "HO+3" 
 FOR-clause=                or name "YB+2" or name "YB+3" or name "OS+4" or name "IR+3" or name "PT+2" 
 FOR-clause=                or name "AU+1" or name "AU+2" or name "HG+1" or name "HG+2" or name "PB+2" 
 FOR-clause=                or name "U+3"  or name "U+4"  or name "ZN+1" or name "ZN"  ) loop ions 
 CNSsolve> 
 CNSsolve>     show (segid) (id $id1) 
 CNSsolve>     evaluate ($segid1=$result) 
 CNSsolve>     show (resid) (id $id1) 
 CNSsolve>     evaluate ($resid1=$result) 
 CNSsolve>     show (resname) (id $id1) 
 CNSsolve>     evaluate ($resname1=$result) 
 CNSsolve>     show (name) (id $id1) 
 CNSsolve>     evaluate ($name1=$result) 
 CNSsolve>     show (chem) (id $id1) 
 CNSsolve>     evaluate ($chem1=$result) 
 CNSsolve> 
 CNSsolve>     evaluate ($mindis = 7.5) 
 CNSsolve>     evaluate ($minid  = 0) 
 CNSsolve>     for $id2 in id ( (name O* or name S* or name N*) and (id $id1) around $mindis and 
 FOR-clause=                      (resn ACE or resn ALA or resn ALY or resn ARG or resn ASN or resn ASH or resn ASP or 
 FOR-clause=                       resn CSP or resn CTN or resn CYC or resn CYF or resn CYM or resn CYS or resn DDZ or 
 FOR-clause=                       resn GLN or resn GLH or resn GLU or resn GLY or resn HIS or resn HY3 or resn HYP or 
 FOR-clause=                       resn ILE or resn LEU or resn LYS or resn M3L or resn MLY or resn MLZ or resn MET or 
 FOR-clause=                       resn MSE or resn NEP or resn NME or resn PHE or resn PNS or resn PRO or resn PTR or 
 FOR-clause=                       resn QSR or resn SEP or resn SER or resn THR or resn TOP or resn TRP or resn TYP or 
 FOR-clause=                       resn TYR or resn TYS or resn VAL or resn A   or resn C   or resn G   or resn T   or 
 FOR-clause=                       resn DA  or resn DC  or resn DG  or resn DT or resn DJ   )) loop search 
 CNSsolve> 
 CNSsolve>         pick bond (id $id1) (id $id2) geometry 
 CNSsolve> 
 CNSsolve>         if ( $result < $mindis) then 
 CNSsolve>           evaluate ($mindis = $result) 
 CNSsolve>           evaluate ($minid = $id2) 
 CNSsolve>         end if 
 CNSsolve> 
 CNSsolve>     end loop search 
 CNSsolve> 
 CNSsolve>     if ($minid> 0) then 
 CNSsolve>         show (segid) (id $minid) 
 CNSsolve>         evaluate ($segid2=$result) 
 CNSsolve>         show (resid) (id $minid) 
 CNSsolve>         evaluate ($resid2=$result) 
 CNSsolve>         show (resname) (id $minid) 
 CNSsolve>         evaluate ($resname2=$result) 
 CNSsolve>         show (name) (id $minid) 
 CNSsolve>         evaluate ($name2=$result) 
 CNSsolve>         show (chem) (id $minid) 
 CNSsolve>         evaluate ($chem2=$result) 
 CNSsolve> 
 CNSsolve>         evaluate ($pat1 = "1"+$name1) 
 CNSsolve>         evaluate ($pat2 = "2"+$name2) 
 CNSsolve>         evaluate ($pcount = $pcount + 1) 
 CNSsolve>         evaluate ($pname = "cb" + encode($pcount)) 
 CNSsolve>         topology 
 CNSsolve>           presidue $pname   ! Patch to add a covalent bond between two atoms 
 CNSsolve>             add bond $pat1 $pat2 
 CNSsolve>           end 
 CNSsolve>         end 
 CNSsolve>         patch $pname refe=1=(resid $resid1 and segid $segid1) refe=2=(resid $resid2 and segid $segid2) end 
 CNSsolve>         display COVALION: ADDED ONE COVALENT BOND BETWEEN $name1 $resid1 AND $name2 $resname2 $resid2 
 CNSsolve>     end if 
 CNSsolve> 
 CNSsolve>     param bond $chem1 $chem2 0.0 $mindis end 
 CNSsolve> 
 CNSsolve>   end loop ions 
 CNSsolve> 
 CNSsolve>end if 
 CNSsolve> 
 CNSsolve>{* Find CoM of protein *} 
 CNSsolve>show ave (x) (name CA or name BB or name C1') 
 SELRPN:     50 atoms have been selected out of   1621
 SHOW: average of selected elements =       1.259400
 CNSsolve>evaluate ($xcent=$result) 
 EVALUATE: symbol $XCENT set to    1.25940     (real)
 CNSsolve>show ave (y) (name CA or name BB or name C1') 
 SELRPN:     50 atoms have been selected out of   1621
 SHOW: average of selected elements =      -1.346420
 CNSsolve>evaluate ($ycent=$result) 
 EVALUATE: symbol $YCENT set to   -1.34642     (real)
 CNSsolve>show ave (z) (name CA or name BB or name C1') 
 SELRPN:     50 atoms have been selected out of   1621
 SHOW: average of selected elements =      -0.327620
 CNSsolve>evaluate ($zcent=$result) 
 EVALUATE: symbol $ZCENT set to  -0.327620     (real)
 CNSsolve> 
 CNSsolve>coor select (not known and resn ani) end 
 SELRPN:      0 atoms have been selected out of   1621
 COOR: using atom subset.
 CNSsolve>if ($select gt 0) then 
 NEXTCD: condition evaluated as false
 CNSsolve>  coor @@RUN:toppar/tensor.pdb 
 CNSsolve> 
 CNSsolve>  {* Find CoM of protein and move tensor 100 A away *} 
 CNSsolve>  show ave (x) (name CA or name BB or name C1') 
 CNSsolve>  evaluate ($xcent=$result) 
 CNSsolve>  show ave (y) (name CA or name BB or name C1') 
 CNSsolve>  evaluate ($ycent=$result) 
 CNSsolve>  show ave (z) (name CA or name BB or name C1') 
 CNSsolve>  evaluate ($zcent=$result) 
 CNSsolve>  do (x=x+$xcent+100) (resn ANI) 
 CNSsolve>  do (y=y+$ycent+100) (resn ANI) 
 CNSsolve>  do (z=z+$zcent+100) (resn ANI) 
 CNSsolve>  evaluate ($rantens = true) 
 CNSsolve>else 
 CNSsolve>  evaluate ($rantens = false) 
 EVALUATE: symbol $RANTENS set to FALSE (logical)
 CNSsolve>end if 
 CNSsolve> 
 CNSsolve>coor select (not known and resn xan) end 
 SELRPN:      0 atoms have been selected out of   1621
 COOR: using atom subset.
 CNSsolve>if ($select gt 0) then 
 NEXTCD: condition evaluated as false
 CNSsolve>  coor @@RUN:toppar/tensor_para.pdb 
 CNSsolve>  evaluate ($rantens_para = true) 
 CNSsolve>else 
 CNSsolve>  evaluate ($rantens_para = false) 
 EVALUATE: symbol $RANTENS_PARA set to FALSE (logical)
 CNSsolve>end if 
 CNSsolve> 
 CNSsolve>coor select (not known and resn dan) end 
 SELRPN:      0 atoms have been selected out of   1621
 COOR: using atom subset.
 CNSsolve>if ($select gt 0) then 
 NEXTCD: condition evaluated as false
 CNSsolve>  coor @@RUN:toppar/tensor_dani.pdb 
 CNSsolve> 
 CNSsolve>  {* Find CoM of protein and move tensor 100 A away *} 
 CNSsolve>  show ave (x) (name CA or name BB or name C1') 
 CNSsolve>  evaluate ($xcent=$result) 
 CNSsolve>  show ave (y) (name CA or name BB or name C1') 
 CNSsolve>  evaluate ($ycent=$result) 
 CNSsolve>  show ave (z) (name CA or name BB or name C1') 
 CNSsolve>  evaluate ($zcent=$result) 
 CNSsolve>  do (x=x+$xcent+100) (resn DAN) 
 CNSsolve>  do (y=y+$ycent+100) (resn DAN) 
 CNSsolve>  do (z=z+$zcent+100) (resn DAN) 
 CNSsolve>  evaluate ($rantens_dani = true) 
 CNSsolve>else 
 CNSsolve>  evaluate ($rantens_dani = false) 
 EVALUATE: symbol $RANTENS_DANI set to FALSE (logical)
 CNSsolve>end if 
 CNSsolve> 
 CNSsolve>!catch possible bound water and set high T steps to 0 
 CNSsolve>coor select ((resn WAT or resn HOH or resn TIP*)) end 
 SELRPN:      0 atoms have been selected out of   1621
 COOR: using atom subset.
 CNSsolve>if ($select gt 0) then 
 NEXTCD: condition evaluated as false
 CNSsolve>  evaluate ($SaProtocol.initiosteps = 0) 
 CNSsolve>  evaluate ($SaProtocol.cool1_steps = 0) 
 CNSsolve>  evaluate ($refine.keepwater = true) 
 CNSsolve>end if 
 CNSsolve> 
 CNSsolve>do (refx=x) (all) 
 SELRPN:   1621 atoms have been selected out of   1621
 CNSsolve>do (refy=y) (all) 
 SELRPN:   1621 atoms have been selected out of   1621
 CNSsolve>do (refz=z) (all) 
 SELRPN:   1621 atoms have been selected out of   1621
 CNSsolve> 
 CNSsolve>!set the energy flags: 
 CNSsolve>inline @RUN:protocols/setflags.cns 
 ASSFIL: file setflags.cns opened.
 CNSsolve>! setflags.cns 
 CNSsolve>!    Defines energy flags 
 CNSsolve>! 
 CNSsolve>! *********************************************************************** 
 CNSsolve>! * Copyright 2003-2018 Alexandre Bonvin, Utrecht University.           * 
 CNSsolve>! * Originally adapted from Aria 1.2 from Nilges and Linge, EMBL.       * 
 CNSsolve>! * All rights reserved.                                                * 
 CNSsolve>! * This code is part of the HADDOCK software and governed by its       * 
 CNSsolve>! * license. Please see the LICENSE file that should have been included * 
 CNSsolve>! * as part of this package.                                            * 
 CNSsolve>! *********************************************************************** 
 CNSsolve>! 
 CNSsolve> 
 CNSsolve>if ($Data.cdih.on eq true) then 
 NEXTCD: condition evaluated as false
 CNSsolve>   evaluate ($Data.flags.cdih =  true) 
 CNSsolve>end if 
 CNSsolve> 
 CNSsolve>evaluate ($nrdc=1) 
 EVALUATE: symbol $NRDC set to    1.00000     (real)
 CNSsolve>while ($nrdc <= $Data.numrdc) loop rdc 
 NEXTCD: condition evaluated as false
 CNSsolve>  if ($Data.rdc_choice_$nrdc eq "SANI") then 
 CNSsolve>    evaluate ($Data.flags.sani = true) 
 CNSsolve>  end if 
 CNSsolve>  if ($Data.rdc_choice_$nrdc eq "VANGLE") then 
 CNSsolve>    evaluate ($Data.flags.vean = true) 
 CNSsolve>  end if 
 CNSsolve>  if ($Data.rdc_choice_$nrdc eq "XRDC") then 
 CNSsolve>    evaluate ($Data.flags.xrdc = true) 
 CNSsolve>  end if 
 CNSsolve>  evaluate ($nrdc=$nrdc+1) 
 CNSsolve>end loop rdc 
 CNSsolve> 
 CNSsolve>evaluate ($ndani=1) 
 EVALUATE: symbol $NDANI set to    1.00000     (real)
 CNSsolve>while ($ndani <= $Data.numdani) loop dani 
 NEXTCD: condition evaluated as false
 CNSsolve>  if ($Data.dan_choice_$ndani eq "DANI") then 
 CNSsolve>     evaluate ($Data.flags.DANI = true) 
 CNSsolve>  end if 
 CNSsolve>  evaluate ($ndani=$ndani+1) 
 CNSsolve>end loop dani 
 CNSsolve> 
 CNSsolve>evaluate ($npcs=1) 
 EVALUATE: symbol $NPCS set to    1.00000     (real)
 CNSsolve>while ($npcs <= $Data.numpcs) loop pcs 
 NEXTCD: condition evaluated as false
 CNSsolve>  if ($Data.pcs_choice_$npcs eq "XPCS") then 
 CNSsolve>     evaluate ($Data.flags.XPCS = true) 
 CNSsolve>  end if 
 CNSsolve>  evaluate ($npcs=$npcs+1) 
 CNSsolve>end loop pcs 
 CNSsolve> 
 CNSsolve>if ($Data.flags.sani eq TRUE) then 
 NEXTCD: condition evaluated as false
 CNSsolve>  evaluate ($Data.flags.harm = true) 
 CNSsolve>end if 
 CNSsolve>if ($Data.flags.dani eq TRUE) then 
 NEXTCD: condition evaluated as false
 CNSsolve>  evaluate ($Data.flags.harm = true) 
 CNSsolve>end if 
 CNSsolve> 
 CNSsolve>if ($Data.flags.noe  =  TRUE) then 
 NEXTCD: condition evaluated as true
 CNSsolve>   flags include noe end 
 CNSsolve>elseif ($Data.flags.centroids = true) then 
 CNSsolve>    flags include noe end 
 CNSsolve>end if 
 CNSsolve> 
 CNSsolve>if ($Data.flags.cdih =  TRUE) then 
 NEXTCD: condition evaluated as false
 CNSsolve>   flags include cdih end 
 CNSsolve>end if 
 CNSsolve>if ($Data.flags.vean =  TRUE) then 
 NEXTCD: condition evaluated as false
 CNSsolve>   flags include vean end 
 CNSsolve>end if 
 CNSsolve>if ($Data.flags.sani =  TRUE) then 
 NEXTCD: condition evaluated as false
 CNSsolve>   flags include sani end 
 CNSsolve>end if 
 CNSsolve>if ($Data.flags.xrdc =  TRUE) then 
 NEXTCD: condition evaluated as false
 CNSsolve>   flags include xrdc end 
 CNSsolve>end if 
 CNSsolve>if ($Data.flags.xpcs =  TRUE) then 
 NEXTCD: condition evaluated as false
 CNSsolve>   flags include xpcs end 
 CNSsolve>end if 
 CNSsolve>if ($Data.flags.dani =  TRUE) then 
 NEXTCD: condition evaluated as false
 CNSsolve>   flags include dani end 
 CNSsolve>end if 
 CNSsolve> 
 CNSsolve>if ($Data.flags.plan =  TRUE) then 
 NEXTCD: condition evaluated as false
 CNSsolve>   flags include plan end 
 CNSsolve>end if 
 CNSsolve>if ($Data.flags.ncs  =  TRUE) then 
 NEXTCD: condition evaluated as false
 CNSsolve>   flags include ncs end 
 CNSsolve>end if 
 CNSsolve> 
 CNSsolve>if ($Data.flags.rg = TRUE) then 
 NEXTCD: condition evaluated as false
 CNSsolve>  if ($data.rgtarg > 0) then 
 CNSsolve>    flags include coll end 
 CNSsolve>  else 
 CNSsolve>    evaluate ($Data.flags.rg = false) 
 CNSsolve>  end if 
 CNSsolve>end if 
 CNSsolve> 
 CNSsolve>!read all the experimental Data: 
 CNSsolve>evaluate ($lcc = 0) 
 EVALUATE: symbol $LCC set to    0.00000     (real)
 CNSsolve>set seed $seed end 
 CNSsolve>set message=normal echo=on end 
 CNSsolve>if ($data.waterdock eq false) then 
 NEXTCD: condition evaluated as true
 CNSsolve>    inline @RUN:protocols/read_data.cns 
 ASSFIL: file read_data.cns opened.
 CNSsolve>! read_data.cns 
 CNSsolve>!    Read the various restraints data 
 CNSsolve>! 
 CNSsolve>! *********************************************************************** 
 CNSsolve>! * Copyright 2003-2018 Alexandre Bonvin, Utrecht University.           * 
 CNSsolve>! * Originally adapted from Aria 1.2 from Nilges and Linge, EMBL.       * 
 CNSsolve>! * All rights reserved.                                                * 
 CNSsolve>! * This code is part of the HADDOCK software and governed by its       * 
 CNSsolve>! * license. Please see the LICENSE file that should have been included * 
 CNSsolve>! * as part of this package.                                            * 
 CNSsolve>! *********************************************************************** 
 CNSsolve>! 
 CNSsolve> 
 CNSsolve>!module(Iteration; Data; count;) 
 CNSsolve> 
 CNSsolve>!NOEs, hbonds 
 CNSsolve>noe 
 NOE>  reset 
 NOE>  nrestraints = 12000000     ! allocate space for NOEs 
 NOE: allocating space for ******* restraints.
 NOE>  ceiling 1000 
 NOE>end 
 CNSsolve> 
 CNSsolve>if ($Data.amb_lastit ge $Iteration) then 
 NEXTCD: condition evaluated as true
 CNSsolve>  if ($Data.amb_firstit le $Iteration)   then 
 NEXTCD: condition evaluated as true
 CNSsolve>     evaluate ($filenam0 = "NEWIT:ambig.tbl_" + encode($count)) 
 EVALUATE: symbol $FILENAM0 set to "NEWIT:ambig.tbl_1" (string)
 CNSsolve>     fileexist $filenam0 end 
 MISCOM: file does not exist
 CNSsolve>     if ($result eq false) then 
 NEXTCD: condition evaluated as true
 CNSsolve>       evaluate ($filenam0 = "NEWIT:ambig.tbl") 
 EVALUATE: symbol $FILENAM0 set to "NEWIT:ambig.tbl" (string)
 CNSsolve>     end if 
 CNSsolve>     noe class ambi @@$filenam0 end 
 ASSFIL: file ambig.tbl opened.
 NOE>! HADDOCK AIR restraints for 1st partner 
 NOE>! 
 NOE>assign ( resid 1  and segid A) 
 SELRPN:     32 atoms have been selected out of   1621
 SELRPN>       ( 
 SELRPN>        ( resid 16  and segid B) 
 SELRPN>     or 
 SELRPN>        ( resid 17  and segid B) 
 SELRPN>     or 
 SELRPN>        ( resid 18  and segid B) 
 SELRPN>     or 
 SELRPN>        ( resid 19  and segid B) 
 SELRPN>     or 
 SELRPN>        ( resid 20  and segid B) 
 SELRPN>     or 
 SELRPN>        ( resid 21  and segid B) 
 SELRPN>     or 
 SELRPN>        ( resid 22  and segid B) 
 SELRPN>     or 
 SELRPN>        ( resid 23  and segid B) 
 SELRPN>     or 
 SELRPN>        ( resid 24  and segid B) 
 SELRPN>     or 
 SELRPN>        ( resid 25  and segid B) 
 SELRPN>     or 
 SELRPN>        ( resid 26  and segid B) 
 SELRPN>     or 
 SELRPN>        ( resid 27  and segid B) 
 SELRPN>     or 
 SELRPN>        ( resid 28  and segid B) 
 SELRPN>     or 
 SELRPN>        ( resid 29  and segid B) 
 SELRPN>     or 
 SELRPN>        ( resid 30  and segid B) 
 SELRPN>     or 
 SELRPN>        ( resid 13  and segid B) 
 SELRPN>     or 
 SELRPN>        ( resid 14  and segid B) 
 SELRPN>     or 
 SELRPN>        ( resid 15  and segid B) 
 SELRPN>     or 
 SELRPN>        ( resid 31  and segid B) 
 SELRPN>     or 
 SELRPN>        ( resid 40  and segid B) 
 SELRPN>     or 
 SELRPN>        ( resid 41  and segid B) 
 SELRPN>       )  2.0 2.0 0.0 
 SELRPN:    666 atoms have been selected out of   1621
 NOE>! 
 NOE>! HADDOCK AIR restraints for 2nd partner 
 NOE>! 
 NOE>assign ( resid 16  and segid B) 
 SELRPN:     32 atoms have been selected out of   1621
 SELRPN>       ( 
 SELRPN>        ( resid 1  and segid A) 
 SELRPN>       )  2.0 2.0 0.0 
 SELRPN:     32 atoms have been selected out of   1621
 NOE>! 
 NOE>assign ( resid 17  and segid B) 
 SELRPN:     30 atoms have been selected out of   1621
 SELRPN>       ( 
 SELRPN>        ( resid 1  and segid A) 
 SELRPN>       )  2.0 2.0 0.0 
 SELRPN:     32 atoms have been selected out of   1621
 NOE>! 
 NOE>assign ( resid 18  and segid B) 
 SELRPN:     33 atoms have been selected out of   1621
 SELRPN>       ( 
 SELRPN>        ( resid 1  and segid A) 
 SELRPN>       )  2.0 2.0 0.0 
 SELRPN:     32 atoms have been selected out of   1621
 NOE>! 
 NOE>assign ( resid 19  and segid B) 
 SELRPN:     30 atoms have been selected out of   1621
 SELRPN>       ( 
 SELRPN>        ( resid 1  and segid A) 
 SELRPN>       )  2.0 2.0 0.0 
 SELRPN:     32 atoms have been selected out of   1621
 NOE>! 
 NOE>assign ( resid 20  and segid B) 
 SELRPN:     32 atoms have been selected out of   1621
 SELRPN>       ( 
 SELRPN>        ( resid 1  and segid A) 
 SELRPN>       )  2.0 2.0 0.0 
 SELRPN:     32 atoms have been selected out of   1621
 NOE>! 
 NOE>assign ( resid 21  and segid B) 
 SELRPN:     32 atoms have been selected out of   1621
 SELRPN>       ( 
 SELRPN>        ( resid 1  and segid A) 
 SELRPN>       )  2.0 2.0 0.0 
 SELRPN:     32 atoms have been selected out of   1621
 NOE>! 
 NOE>assign ( resid 22  and segid B) 
 SELRPN:     30 atoms have been selected out of   1621
 SELRPN>       ( 
 SELRPN>        ( resid 1  and segid A) 
 SELRPN>       )  2.0 2.0 0.0 
 SELRPN:     32 atoms have been selected out of   1621
 NOE>! 
 NOE>assign ( resid 23  and segid B) 
 SELRPN:     30 atoms have been selected out of   1621
 SELRPN>       ( 
 SELRPN>        ( resid 1  and segid A) 
 SELRPN>       )  2.0 2.0 0.0 
 SELRPN:     32 atoms have been selected out of   1621
 NOE>! 
 NOE>assign ( resid 24  and segid B) 
 SELRPN:     30 atoms have been selected out of   1621
 SELRPN>       ( 
 SELRPN>        ( resid 1  and segid A) 
 SELRPN>       )  2.0 2.0 0.0 
 SELRPN:     32 atoms have been selected out of   1621
 NOE>! 
 NOE>assign ( resid 25  and segid B) 
 SELRPN:     33 atoms have been selected out of   1621
 SELRPN>       ( 
 SELRPN>        ( resid 1  and segid A) 
 SELRPN>       )  2.0 2.0 0.0 
 SELRPN:     32 atoms have been selected out of   1621
 NOE>! 
 NOE>assign ( resid 26  and segid B) 
 SELRPN:     32 atoms have been selected out of   1621
 SELRPN>       ( 
 SELRPN>        ( resid 1  and segid A) 
 SELRPN>       )  2.0 2.0 0.0 
 SELRPN:     32 atoms have been selected out of   1621
 NOE>! 
 NOE>assign ( resid 27  and segid B) 
 SELRPN:     33 atoms have been selected out of   1621
 SELRPN>       ( 
 SELRPN>        ( resid 1  and segid A) 
 SELRPN>       )  2.0 2.0 0.0 
 SELRPN:     32 atoms have been selected out of   1621
 NOE>! 
 NOE>assign ( resid 28  and segid B) 
 SELRPN:     33 atoms have been selected out of   1621
 SELRPN>       ( 
 SELRPN>        ( resid 1  and segid A) 
 SELRPN>       )  2.0 2.0 0.0 
 SELRPN:     32 atoms have been selected out of   1621
 NOE>! 
 NOE>assign ( resid 29  and segid B) 
 SELRPN:     32 atoms have been selected out of   1621
 SELRPN>       ( 
 SELRPN>        ( resid 1  and segid A) 
 SELRPN>       )  2.0 2.0 0.0 
 SELRPN:     32 atoms have been selected out of   1621
 NOE>! 
 NOE>assign ( resid 30  and segid B) 
 SELRPN:     32 atoms have been selected out of   1621
 SELRPN>       ( 
 SELRPN>        ( resid 1  and segid A) 
 SELRPN>       )  2.0 2.0 0.0 
 SELRPN:     32 atoms have been selected out of   1621
 NOE> 
 NOE> end 
 CNSsolve>     if ($Data.noecv eq true) then 
 NEXTCD: condition evaluated as true
 CNSsolve>       noe part $Data.ncvpart end 
 For set   1 there are     5 distance restraints.
 For set   2 there are    11 distance restraints.
 CNSsolve>     end if 
 CNSsolve>  end if 
 CNSsolve>end if 
 CNSsolve> 
 CNSsolve>if ($Data.unamb_lastit ge $Iteration) then 
 NEXTCD: condition evaluated as true
 CNSsolve>  if ($Data.unamb_firstit le $Iteration) then 
 NEXTCD: condition evaluated as true
 CNSsolve>     noe class dist @@NEWIT:unambig.tbl end 
 ASSFIL: file unambig.tbl opened.
 CNSsolve>  end if 
 CNSsolve>end if 
 CNSsolve> 
 CNSsolve>if ($Data.hbond_lastit ge $Iteration) then 
 NEXTCD: condition evaluated as true
 CNSsolve>  if ($Data.hbond_firstit le $Iteration) then 
 NEXTCD: condition evaluated as true
 CNSsolve>    if ($Data.hbonds_on eq true) then 
 NEXTCD: condition evaluated as false
 CNSsolve>      noe class hbon @@RUN:data/hbonds/hbonds.tbl end 
 CNSsolve>    end if 
 CNSsolve>  end if 
 CNSsolve>end if 
 CNSsolve> 
 CNSsolve>noe 
 NOE>  averaging  * sum 
 NOE>  potential  * soft 
 NOE>  scale      * 1.0 
 NOE>  sqconstant * 1.0 
 NOE>  sqexponent * 2 
 NOE>  soexponent * 1 
 NOE>  rswitch    * 1.0 
 NOE>  sqoffset   * 0.0 
 NOE>  asymptote  * 2.0 
 NOE>  msoexponent * 1 
 NOE>  masymptote  * -0.1 
 NOE>  mrswitch    * 1.0 
 NOE>end 
 CNSsolve> 
 CNSsolve> 
 CNSsolve>!!!!!!!!!!!!!!!!!!!!!!!!!!!!!!!!!!!!!!!!!!!!!!!!!!!!!!!!!!!!!!!!!!!!!!!!!!!!!!! 
 CNSsolve>!dihedral restraints: 
 CNSsolve>restraints dihedral 
 DIHEDRAL>   reset 
 DIHEDRAL>   nassign 50000 
 RSTDIH: allocating space for   50000 assignments.
 DIHEDRAL>end 
 CNSsolve>if ($Data.cdih.on eq true) then 
 NEXTCD: condition evaluated as false
 CNSsolve>  restraints dihedral 
 CNSsolve>    @@RUN:data/dihedrals/dihedrals.tbl 
 CNSsolve>  end 
 CNSsolve>end if 
 CNSsolve> 
 CNSsolve>restraints dihedral ? end 
 Total number of dihedral angle restraints=     0
  overall scale =    1.0000
 Number of dihedral angle restraints=    0
 RMS deviation=   0.000
 CNSsolve> 
 CNSsolve>!!!!!!!!!!!!!!!!!!!!!!!!!!!!!!!!!!!!!!!!!!!!!!!!!!!!!!!!!!!!!!!!!!!!!!!!!!!!!!! 
 CNSsolve>!residual dipolar couplings: 
 CNSsolve> 
 CNSsolve>evaluate ($Data.flags.sani = false) 
 EVALUATE: symbol $DATA.FLAGS.SANI set to FALSE (logical)
 CNSsolve>evaluate ($Data.flags.xrdc = false) 
 EVALUATE: symbol $DATA.FLAGS.XRDC set to FALSE (logical)
 CNSsolve>evaluate ($Data.flags.xpcs = false) 
 EVALUATE: symbol $DATA.FLAGS.XPCS set to FALSE (logical)
 CNSsolve>evaluate ($Data.flags.dani = false) 
 EVALUATE: symbol $DATA.FLAGS.DANI set to FALSE (logical)
 CNSsolve>evaluate ($Data.flags.vean = false) 
 EVALUATE: symbol $DATA.FLAGS.VEAN set to FALSE (logical)
 CNSsolve>evaluate ($inisani=0) 
 EVALUATE: symbol $INISANI set to    0.00000     (real)
 CNSsolve>evaluate ($inixrdc=0) 
 EVALUATE: symbol $INIXRDC set to    0.00000     (real)
 CNSsolve>evaluate ($inixpcs=0) 
 EVALUATE: symbol $INIXPCS set to    0.00000     (real)
 CNSsolve>evaluate ($inidani=0) 
 EVALUATE: symbol $INIDANI set to    0.00000     (real)
 CNSsolve>evaluate ($inivean = 0) 
 EVALUATE: symbol $INIVEAN set to    0.00000     (real)
 CNSsolve> 
 CNSsolve>sani reset nres=5000 end 
SANI: Allocating space for    5000
number of constraints 
 CNSsolve>vean reset nres=10000 end 
 CNSsolve>xrdc reset nres=5000 end 
XDIPO_RDC: Allocating space for    5000number of restraints.
 CNSsolve>evaluate ($nrdc=1) 
 EVALUATE: symbol $NRDC set to    1.00000     (real)
 CNSsolve>while ($nrdc <= $Data.numrdc) loop rdc 
 NEXTCD: condition evaluated as false
 CNSsolve>  evaluate ($cln="rd"+encode($nrdc)) 
 CNSsolve>  if ($Data.rdc_lastit_$nrdc ge $Iteration) then 
 CNSsolve>    if ($Data.rdc_firstit_$nrdc le $Iteration) then 
 CNSsolve>      if ($Data.rdc_choice_$nrdc eq "SANI") then 
 CNSsolve>        evaluate ($Data.flags.sani = true) 
 CNSsolve>	evaluate ($restfile="RUN:data/rdcs/rdc"+encode($nrdc)+".tbl") 
 CNSsolve>        evaluate ($inisani=1) 
 CNSsolve>        sani 
 CNSsolve>          class $cln 
 CNSsolve>          force 0.0 
 CNSsolve>          potential square 
 CNSsolve>          @@$restfile 
 CNSsolve>        end 
 CNSsolve>      end if 
 CNSsolve>      if ($Data.rdc_choice_$nrdc eq "XRDC") then 
 CNSsolve>        evaluate ($Data.flags.xrdc = true) 
 CNSsolve>	evaluate ($restfile="RUN:data/rdcs/rdc"+encode($nrdc)+".tbl") 
 CNSsolve>        evaluate ($inixrdc=1) 
 CNSsolve>        xrdc 
 CNSsolve>          class $cln 
 CNSsolve>          force 0.0 
 CNSsolve>          @@$restfile 
 CNSsolve>        end 
 CNSsolve>      end if 
 CNSsolve>      if ($Data.rdc_choice_$nrdc eq "VANGLE") then 
 CNSsolve>        evaluate ($Data.flags.vean = true) 
 CNSsolve>	evaluate ($restfile="RUN:data/rdcs/rdc"+encode($nrdc)+".tbl") 
 CNSsolve>        evaluate ($inivean = 1) 
 CNSsolve>        if ($Data.rdc_firstIt_$nrdc le $Iteration) then 
 CNSsolve>          vean 
 CNSsolve>            class $cln 
 CNSsolve>            force 0.0 0.0 
 CNSsolve>            @@$restfile 
 CNSsolve>          end 
 CNSsolve>        end if 
 CNSsolve>      end if 
 CNSsolve>    end if 
 CNSsolve>  end if 
 CNSsolve>  evaluate ($nrdc = $nrdc + 1) 
 CNSsolve>end loop rdc 
 CNSsolve> 
 CNSsolve>evaluate ($tensread = false) 
 EVALUATE: symbol $TENSREAD set to FALSE (logical)
 CNSsolve>if ($Data.flags.xrdc = true) then 
 NEXTCD: condition evaluated as false
 CNSsolve>  noe 
 CNSsolve>    class tens 
 CNSsolve>    @@RUN:data/tensor/tensor.tbl 
 CNSsolve>    potential tens square 
 CNSsolve>    scale     tens 500.0 
 CNSsolve>  end 
 CNSsolve>  evaluate ($tensread = true) 
 CNSsolve>end if 
 CNSsolve> 
 CNSsolve>!!!!!!!!!!!!!!!!!!!!!!!!!!!!!!!!!!!!!!!!!!!!!!!!!!!!!!!!!!!!!!!!!!!!!!!!!!!!!!! 
 CNSsolve>!PCS restraints: 
 CNSsolve>xpcs reset nres=5000 end 
XDIPO_PCS: Allocating space for    5000number of restraints.
 CNSsolve>evaluate ($npcs=1) 
 EVALUATE: symbol $NPCS set to    1.00000     (real)
 CNSsolve>while ($npcs <= $Data.numpcs) loop pcs 
 NEXTCD: condition evaluated as false
 CNSsolve>  if ($Data.pcs_lastit_$npcs ge $Iteration) then 
 CNSsolve>    if ($Data.pcs_firstit_$npcs le $Iteration) then 
 CNSsolve>      if ($Data.pcs_choice_$npcs eq "XPCS") then 
 CNSsolve>        evaluate ($Data.flags.xpcs = true) 
 CNSsolve>	evaluate ($restfile="RUN:data/pcs/pcs"+encode($npcs)+".tbl") 
 CNSsolve>	evaluate ($cln="pc"+encode($npcs)) 
 CNSsolve>        evaluate ($inixpcs=1) 
 CNSsolve>        xpcs 
 CNSsolve>          class $cln 
 CNSsolve>          force 0.0 
 CNSsolve>          @@$restfile 
 CNSsolve>        end 
 CNSsolve>      end if 
 CNSsolve>    end if 
 CNSsolve>  end if 
 CNSsolve>  evaluate ($npcs= $npcs + 1) 
 CNSsolve>end loop pcs 
 CNSsolve> 
 CNSsolve>if ($Data.flags.xpcs = true) then 
 NEXTCD: condition evaluated as false
 CNSsolve>  if ($tensread eq FALSE) then 
 CNSsolve>    noe 
 CNSsolve>      class tens 
 CNSsolve>      @@RUN:data/tensor/tensor.tbl 
 CNSsolve>      potential tens square 
 CNSsolve>      scale     tens 500.0 
 CNSsolve>    end 
 CNSsolve>  end if 
 CNSsolve>end if 
 CNSsolve> 
 CNSsolve>!!!!!!!!!!!!!!!!!!!!!!!!!!!!!!!!!!!!!!!!!!!!!!!!!!!!!!!!!!!!!!!!!!!!!!!!!!!!!!! 
 CNSsolve>!DANI restraints: 
 CNSsolve> 
 CNSsolve>evaluate ($ndani=1) 
 EVALUATE: symbol $NDANI set to    1.00000     (real)
 CNSsolve>dani reset nres=5000 end 
DANI: Allocating space for    5000
number of constraints 
 CNSsolve>while ($ndani <= $Data.numdani) loop dani 
 NEXTCD: condition evaluated as false
 CNSsolve>  if ($Data.dan_lastit_$ndani ge $Iteration) then 
 CNSsolve>    if ($Data.dan_firstit_$ndani le $Iteration) then 
 CNSsolve>      if ($Data.dan_choice_$ndani eq "DANI") then 
 CNSsolve>        evaluate ($Data.flags.dani = true) 
 CNSsolve>	evaluate ($restfile="RUN:data/dani/dani"+encode($ndani)+".tbl") 
 CNSsolve>	evaluate ($cln="da"+encode($ndani)) 
 CNSsolve>        evaluate ($inidani=1) 
 CNSsolve>        dani 
 CNSsolve>          class $cln 
 CNSsolve>          force 0.0 
 CNSsolve>          potential square 
 CNSsolve>          @@$restfile 
 CNSsolve>        end 
 CNSsolve>      end if 
 CNSsolve>    end if 
 CNSsolve>  end if 
 CNSsolve>  evaluate ($ndani = $ndani + 1) 
 CNSsolve>end loop dani 
 CNSsolve>    if ($data.flags.em = true) then 
 NEXTCD: condition evaluated as false
 CNSsolve>        @RUN:protocols/em_read_data.cns(Data=$data;) 
 ASSFIL: file em_read_data.cns opened.
 CNSsolve>module (Data;) 
 CNSsolve>    {* 
 CNSsolve>    Module reads in the cryoEM data, supposed to be the CryoEM map. Since CNS 
 CNSsolve>    is mainly build for X-ray Crystallography and thus reciprocal space, 
 CNSsolve>    working in real space is a bit cumbersome. Therefor we first determine the 
 CNSsolve>    map size and such befor reading it in. The unit cell is determined first 
 CNSsolve>    and the resolution cutoff.  After that the FFT parameters can be determined 
 CNSsolve>    and space is generated for the reflections. 
 CNSsolve> 
 CNSsolve>    It follows with reading in the form factors for all the atoms. The arrays 
 CNSsolve>    FOBS, FCALC, FPART and MAP are allocated. The CryoEM map is read and the 
 CNSsolve>    target function is set, which is here the so called vector potential. The 
 CNSsolve>    vector potential is the reciprocal space variant of the cross correlation 
 CNSsolve>    between two maps. 
 CNSsolve> 
 CNSsolve>    Parameters 
 CNSsolve>    ---------- 
 CNSsolve>    Data : Data object 
 CNSsolve>        The Data object holds all the parameter for the CryoEM functionality 
 CNSsolve> 
 CNSsolve>    Notes 
 CNSsolve>    ----- 
 CNSsolve>    After the call of this module one is able to use the XREF energy flag at will. 
 CNSsolve> 
 CNSsolve>    Examples 
 CNSsolve>    -------- 
 CNSsolve>    >>> ! Use the XREF energy term 
 CNSsolve>    >>> @RUN:protocols/em_read_data.cns(Data=&Data;) 
 CNSsolve>    >>> flags include XREF end 
 CNSsolve>    *} 
 CNSsolve> 
 CNSsolve>    xray 
 CNSsolve>        ! Set unit cell parameters. The angles are implicitely assumed to be 90' 
 CNSsolve>        symmetry=(x, y, z) 
 CNSsolve>        a=&Data.em.xlength 
 CNSsolve>        b=&Data.em.ylength 
 CNSsolve>        c=&Data.em.zlength 
 CNSsolve> 
 CNSsolve>        ! set target resolution 
 CNSsolve>        mapresolution &Data.em.resolution 
 CNSsolve> 
 CNSsolve>        ! set up FFT 
 CNSsolve>        method=FFT 
 CNSsolve>        evaluate($voxelspacing = &Data.em.xlength / &Data.em.nx) 
 CNSsolve>        evaluate($gridsize = $voxelspacing/&Data.em.resolution) 
 CNSsolve>        fft 
 CNSsolve>            automemory=true 
 CNSsolve>            gridsize=$gridsize 
 CNSsolve>            bscale=100 
 CNSsolve>            elimit=9 
 CNSsolve>            prime=5 
 CNSsolve>        end 
 CNSsolve> 
 CNSsolve>        ! allocate space for the reflections. 
 CNSsolve>        generate 100000 &Data.em.resolution 
 CNSsolve>    end 
 CNSsolve> 
 CNSsolve>    xray 
 CNSsolve>        ! read in atomic form factors 
 CNSsolve>        @RUN:toppar/scatter.lib 
 ASSFIL: file scatter.lib opened.
 CNSsolve>! file libraries/xray/scatter.lib 
 CNSsolve>! Atomic scattering factors without anomalous contribution 
 CNSsolve>! Library for CNS 
 CNSsolve> 
 CNSsolve>! Authors: Paul Adams, Joe Jaeger, and Axel T. Brunger 
 CNSsolve> 
 CNSsolve>!BEWARE: 
 CNSsolve>!(1) element Cf (Californium) has to be referred to as Cff 
 CNSsolve>!(2) element Sm (Samarium) has to be referred to as Smm 
 CNSsolve>!(3) element Np (Neptunium) has to be referred to as Npp 
 CNSsolve>!(3) types of elements with ionic state (i.e., +/-) specifications have 
 CNSsolve>!    to be put in double quotes in selection statements. 
 CNSsolve> 
 CNSsolve>set message ? end 
 CNSsolve>evaluate ($message_old_sclib=$result) 
 CNSsolve>set echo ? end 
 CNSsolve>evaluate ($echo_old_sclib=$result) 
 CNSsolve>set echo=off message=off end 
 CNSsolve> 
 CNSsolve> checkversion 1.3 
 CNSsolve> 
 CNSsolve> 
 CNSsolve>SCATter ( chemical H* and not ( 
 CNSsolve>          chemical "He" or chemical "HE" or 
 CNSsolve>          chemical "Ho" or chemical "HO" or 
 CNSsolve>          chemical "Ho+3" or chemical "HO+3" or 
 CNSsolve>          chemical "Hf" or chemical "HF" or 
 CNSsolve>          chemical "Hf+4" or chemical "HF+4" or 
 CNSsolve>          chemical "Hg" or chemical "HG" or 
 CNSsolve>          chemical "Hg+1" or chemical "HG+1" or 
 CNSsolve>          chemical "Hg+2" or chemical "HG+2" )) 
 CNSsolve>  0.489918 20.6593 0.262003 7.74039 0.196767 49.5519 0.049879 2.20159 0.001305 
 CNSsolve>SCATter ( chemical "He" or chemical "HE" ) 
 CNSsolve>  0.8734 9.1037 0.6309 3.3568 0.3112 22.9276 0.178 0.9821 0.0064 
 CNSsolve>SCATter ( chemical "Li" or chemical "LI" ) 
 CNSsolve>  1.1282 3.9546 0.7508 1.0524 0.6175 85.3905 0.4653 168.261 0.0377 
 CNSsolve>SCATter ( chemical "Li+1" or chemical "LI+1" ) 
 CNSsolve>  0.6968 4.6237 0.7888 1.9557 0.3414 0.6316 0.1563 10.0953 0.0167 
 CNSsolve>SCATter ( chemical "Be" or chemical "BE" ) 
 CNSsolve>  1.5919 43.6427 1.1278 1.8623 0.5391 103.483 0.7029 0.542 0.0385 
 CNSsolve>SCATter ( chemical "Be+2" or chemical "BE+2" ) 
 CNSsolve>  6.2603 0.0027 0.8849 0.8313 0.7993 2.2758 0.1647 5.1146 -6.1092 
 CNSsolve>SCATter ( chemical "B" ) 
 CNSsolve>  2.0545 23.2185 1.3326 1.021 1.0979 60.3498 0.7068 0.1403 -0.1932 
 CNSsolve>SCATter ( chemical C* and not 
 CNSsolve>        ( chem "Ca" or chem "CA" or chem "Ca+2" or chem "CA+2" or 
 CNSsolve>          chem "Ce" or chem "CE" or chem "Ce+3" or chem "CE+3" or chem "Ce+4" or chem "CE+4" or 
 CNSsolve>          chem "Co" or chem "CO" or chem "Co+2" or chem "CO+2" or chem "Co+3" or chem "CO+3" or 
 CNSsolve>          chem "Cr" or chem "CR" or chem "Cr+2" or chem "CR+2" or chem "Cr+3" or chem "CR+3" or 
 CNSsolve>          chem "Cu" or chem "CU" or chem "Cu+1" or chem "CU+1" or chem "Cu+2" or chem "CU+2" or 
 CNSsolve>          chem "Cd" or chem "CD" or chem "Cd+2" or chem "CD+2" or 
 CNSsolve>          chem "Cs" or chem "CS" or chem "Cs+1" or chem "CS+1" or 
 CNSsolve>          chem "Cm" or chem "CM" or 
 CNSsolve>          chem "Cl" or chem "CL" or chem "Cl-1" or chem "CL-1" or 
 CNSsolve>          chem "Cff" or chem "CFF" or chem "Cval" or chem "CVAL" )) 
 CNSsolve>  2.31 20.8439 1.02 10.2075 1.5886 0.5687 0.865 51.6512 0.2156 
 CNSsolve>SCATter ( chemical "Cval" or chemical "CVAL" ) 
 CNSsolve>  2.26069 22.6907 1.56165 0.656665 1.05075 9.75618 0.839259 55.5949 0.286977 
 CNSsolve>SCATter ( chemical N* and not 
 CNSsolve>        ( chem "Ne" or chem "NE" or 
 CNSsolve>          chem "Na" or chem "NA" or chem "Na+1" or chem "NA+1" or 
 CNSsolve>          chem "Ni" or chem "NI" or chem "Ni+2" or chem "NI+2" or chem "Ni+3" or chem "NI+3" or 
 CNSsolve>          chem "Nb" or chem "NB" or chem "Nb+3" or chem "NB+3" or chem "Nb+5" or chem "NB+5" or 
 CNSsolve>          chem "Nd" or chem "ND" or chem "Nd+3" or chem "ND+3" or 
 CNSsolve>          chem "Npp" or chem "NPP" or chem "Np+3" or chem "NP+3" or chem "Np+4" or chem "NP+4" or 
 CNSsolve>          chem "Np+6" or chem "NP+6" )) 
 CNSsolve>  12.2126 0.0057 3.1322 9.8933 2.0125 28.9975 1.1663 0.5826 -11.529 
 CNSsolve>SCATter ( chemical O* and not ( chem "O-1" or chem "Os" or chem "OS" or chem "Os+4" or chem "OS+4" ) ) 
 CNSsolve>  3.0485 13.2771 2.2868 5.7011 1.5463 0.3239 0.867 32.9089 0.2508 
 CNSsolve>SCATter ( chemical "O-1" ) 
 CNSsolve>  4.1916 12.8573 1.63969 4.17236 1.52673 47.0179 -20.307 -0.01404 21.9412 
 CNSsolve>SCATter ( chemical "F" ) 
 CNSsolve>  3.5392 10.2825 2.6412 4.2944 1.517 0.2615 1.0243 26.1476 0.2776 
 CNSsolve>SCATter ( chemical "F-1" ) 
 CNSsolve>  3.6322 5.27756 3.51057 14.7353 1.26064 0.442258 0.940706 47.3437 0.653396 
 CNSsolve>SCATter ( chemical "Ne" or chemical "NE" ) 
 CNSsolve>  3.9553 8.4042 3.1125 3.4262 1.4546 0.2306 1.1251 21.7184 0.3515 
 CNSsolve>SCATter ( chemical "Na" or chemical "NA" ) 
 CNSsolve>  4.7626 3.285 3.1736 8.8422 1.2674 0.3136 1.1128 129.424 0.676 
 CNSsolve>SCATter ( chemical "Na+1" or chemical "NA+1" ) 
 CNSsolve>  3.2565 2.6671 3.9362 6.1153 1.3998 0.2001 1.0032 14.039 0.404 
 CNSsolve>SCATter ( chemical "Mg" or chemical "MG" ) 
 CNSsolve>  5.4204 2.8275 2.1735 79.2611 1.2269 0.3808 2.3073 7.1937 0.8584 
 CNSsolve>SCATter ( chemical "Mg+2" or chemical "MG+2" ) 
 CNSsolve>  3.4988 2.1676 3.8378 4.7542 1.3284 0.185 0.8497 10.1411 0.4853 
 CNSsolve>SCATter ( chemical "Al" or chemical "AL" ) 
 CNSsolve>  6.4202 3.0387 1.9002 0.7426 1.5936 31.5472 1.9646 85.0886 1.1151 
 CNSsolve>SCATter ( chemical "Al+3" or chemical "AL+3" ) 
 CNSsolve>  4.17448 1.93816 3.3876 4.14553 1.20296 0.228753 0.528137 8.28524 0.706786 
 CNSsolve>SCATter ( chemical "Si" or chemical "SI" ) 
 CNSsolve>  6.2915 2.4386 3.0353 32.3337 1.9891 0.6785 1.541 81.6937 1.1407 
 CNSsolve>SCATter ( chemical "Siv" or chemical "SIV" ) 
 CNSsolve>  5.66269 2.6652 3.07164 38.6634 2.62446 0.916946 1.3932 93.5458 1.24707 
 CNSsolve>SCATter ( chemical "Si+4" or chemical "SI+4" ) 
 CNSsolve>  4.43918 1.64167 3.20345 3.43757 1.19453 0.2149 0.41653 6.65365 0.746297 
 CNSsolve>SCATter ( chemical P* and not ( 
 CNSsolve>          chem "Pd" or chem "Pr" or chem "Pm" or chem "Pt" or 
 CNSsolve>          chem "Pb" or chem "Po" or chem "Pa" or chem "Pu" or 
 CNSsolve>          chem "PD" or chem "PR" or chem "PM" or chem "PT" or 
 CNSsolve>          chem "PB" or chem "PO" or chem "PA" or chem "PU" or 
 CNSsolve>          chem "Pr+3" or chem "PR+3" or 
 CNSsolve>          chem "Pr+4" or chem "PR+4" or 
 CNSsolve>          chem "Pm+3" or chem "PM+3" or 
 CNSsolve>          chem "Pt+2" or chem "PT+2" or 
 CNSsolve>          chem "Pt+4" or chem "PT+4" or 
 CNSsolve>          chem "Pb+2" or chem "PB+2" or 
 CNSsolve>          chem "Pb+4" or chem "PB+4" or 
 CNSsolve>          chem "Pu+3" or chem "PU+3" or 
 CNSsolve>          chem "Pu+4" or chem "PU+4" or 
 CNSsolve>          chem "Pu+6" or chem "PU+6" )) 
 CNSsolve>  6.4345 1.9067 4.1791 27.157 1.78 0.526 1.4908 68.1645 1.1149 
 CNSsolve>SCATter ( chemical S* and not ( 
 CNSsolve>          chem "Sc" or chem "SC" or chem "Sc+3" or chem "SC+3" or 
 CNSsolve>          chem "Se" or chem "SE" or 
 CNSsolve>          chem "Sr" or chem "SR" or chem "Sr+2" or chem "SR+2" or 
 CNSsolve>          chem "Sn" or chem "SN" or chem "Sn+2" or chem "SN+2" or chem "Sn+4" or chem "SN+4" or 
 CNSsolve>          chem "Sb" or chem "SB" or chem "Sb+3" or chem "SB+3" or chem "Sb+5" or chem "SB+5" or 
 CNSsolve>          chem "Smm" or chem "SMM" or chem "Sm+3" or chem "SM+3" or 
 CNSsolve>          chem "Si" or chem "SI" or chem "Si+4" or chem "SI+4"  )) 
 CNSsolve>  6.9053 1.4679 5.2034 22.2151 1.4379 0.2536 1.5863 56.172 0.8669 
 CNSsolve>SCATter ( chemical "Cl" or chemical "CL" ) 
 CNSsolve>  11.4604 0.0104 7.1964 1.1662 6.2556 18.5194 1.6455 47.7784 -9.5574 
 CNSsolve>SCATter ( chemical "Cl-1" or chemical "CL-1" ) 
 CNSsolve>  18.2915 0.0066 7.2084 1.1717 6.5337 19.5424 2.3386 60.4486 -16.378 
 CNSsolve>SCATter ( chemical "Ar" or chemical "AR" ) 
 CNSsolve>  7.4845 0.9072 6.7723 14.8407 0.6539 43.8983 1.6442 33.3929 1.4445 
 CNSsolve>SCATter ( chemical "K" ) 
 CNSsolve>  8.2186 12.7949 7.4398 0.7748 1.0519 213.187 0.8659 41.6841 1.4228 
 CNSsolve>SCATter ( chemical "K+1" ) 
 CNSsolve>  7.9578 12.6331 7.4917 0.7674 6.359 -0.002 1.1915 31.9128 -4.9978 
 CNSsolve>SCATter ( chemical "Ca" or chemical "CA" ) 
 CNSsolve>  8.6266 10.4421 7.3873 0.6599 1.5899 85.7484 1.0211 178.437 1.3751 
 CNSsolve>SCATter ( chemical "Ca+2" or chemical "CA+2" ) 
 CNSsolve>  15.6348 -0.0074 7.9518 0.6089 8.4372 10.3116 0.8537 25.9905 -14.875 
 CNSsolve>SCATter ( chemical "Sc" or chemical "SC" ) 
 CNSsolve>  9.189 9.0213 7.3679 0.5729 1.6409 136.108 1.468 51.3531 1.3329 
 CNSsolve>SCATter ( chemical "Sc+3" or chemical "SC+3" ) 
 CNSsolve>  13.4008 0.29854 8.0273 7.9629 1.65943 -0.28604 1.57936 16.0662 -6.6667 
 CNSsolve>SCATter ( chemical "Ti" or chemical "TI" ) 
 CNSsolve>  9.7595 7.8508 7.3558 0.5 1.6991 35.6338 1.9021 116.105 1.2807 
 CNSsolve>SCATter ( chemical "Ti+2" or chemical "TI+2" ) 
 CNSsolve>  9.11423 7.5243 7.62174 0.457585 2.2793 19.5361 0.087899 61.6558 0.897155 
 CNSsolve>SCATter ( chemical "Ti+3" or chemical "TI+3" ) 
 CNSsolve>  17.7344 0.22061 8.73816 7.04716 5.25691 -0.15762 1.92134 15.9768 -14.652 
 CNSsolve>SCATter ( chemical "Ti+4" or chemical "TI+4" ) 
 CNSsolve>  19.5114 0.178847 8.23473 6.67018 2.01341 -0.29263 1.5208 12.9464 -13.28 
 CNSsolve>SCATter ( chemical "V" ) 
 CNSsolve>  10.2971 6.8657 7.3511 0.4385 2.0703 26.8938 2.0571 102.478 1.2199 
 CNSsolve>SCATter ( chemical "V+2" ) 
 CNSsolve>  10.106 6.8818 7.3541 0.4409 2.2884 20.3004 0.0223 115.122 1.2298 
 CNSsolve>SCATter ( chemical "V+3" ) 
 CNSsolve>  9.43141 6.39535 7.7419 0.383349 2.15343 15.1908 0.016865 63.969 0.656565 
 CNSsolve>SCATter ( chemical "V+5" ) 
 CNSsolve>  15.6887 0.679003 8.14208 5.40135 2.03081 9.97278 -9.576 0.940464 1.7143 
 CNSsolve>SCATter ( chemical "Cr" or chemical "CR" ) 
 CNSsolve>  10.6406 6.1038 7.3537 0.392 3.324 20.2626 1.4922 98.7399 1.1832 
 CNSsolve>SCATter ( chemical "Cr+2" or chemical "CR+2" ) 
 CNSsolve>  9.54034 5.66078 7.7509 0.344261 3.58274 13.3075 0.509107 32.4224 0.616898 
 CNSsolve>SCATter ( chemical "Cr+3" or chemical "CR+3" ) 
 CNSsolve>  9.6809 5.59463 7.81136 0.334393 2.87603 12.8288 0.113575 32.8761 0.518275 
 CNSsolve>SCATter ( chemical "Mn" or chemical "MN" ) 
 CNSsolve>  11.2819 5.3409 7.3573 0.3432 3.0193 17.8674 2.2441 83.7543 1.0896 
 CNSsolve>SCATter ( chemical "Mn+2" or chemical "MN+2" ) 
 CNSsolve>  10.8061 5.2796 7.362 0.3435 3.5268 14.343 0.2184 41.3235 1.0874 
 CNSsolve>SCATter ( chemical "Mn+3" or chemical "MN+3" ) 
 CNSsolve>  9.84521 4.91797 7.87194 0.294393 3.56531 10.8171 0.323613 24.1281 0.393974 
 CNSsolve>SCATter ( chemical "Mn+4" or chemical "MN+4" ) 
 CNSsolve>  9.96253 4.8485 7.97057 0.283303 2.76067 10.4852 0.054447 27.573 0.251877 
 CNSsolve>SCATter ( chemical "Fe" or chemical "FE" ) 
 CNSsolve>  11.7695 4.7611 7.3573 0.3072 3.5222 15.3535 2.3045 76.8805 1.0369 
 CNSsolve>SCATter ( chemical "Fe+2" or chemical "FE+2" ) 
 CNSsolve>  11.0424 4.6538 7.374 0.3053 4.1346 12.0546 0.4399 31.2809 1.0097 
 CNSsolve>SCATter ( chemical "Fe+3" or chemical "FE+3" ) 
 CNSsolve>  11.1764 4.6147 7.3863 0.3005 3.3948 11.6729 0.0724 38.5566 0.9707 
 CNSsolve>SCATter ( chemical "Co" or chemical "CO" ) 
 CNSsolve>  12.2841 4.2791 7.3409 0.2784 4.0034 13.5359 2.3488 71.1692 1.0118 
 CNSsolve>SCATter ( chemical "Co+2" or chemical "CO+2" ) 
 CNSsolve>  11.2296 4.1231 7.3883 0.2726 4.7393 10.2443 0.7108 25.6466 0.9324 
 CNSsolve>SCATter ( chemical "Co+3" or chemical "CO+3" ) 
 CNSsolve>  10.338 3.90969 7.88173 0.238668 4.76795 8.35583 0.725591 18.3491 0.286667 
 CNSsolve>SCATter ( chemical "Ni" or chemical "NI" ) 
 CNSsolve>  12.8376 3.8785 7.292 0.2565 4.4438 12.1763 2.38 66.3421 1.0341 
 CNSsolve>SCATter ( chemical "Ni+2" or chemical "NI+2" ) 
 CNSsolve>  11.4166 3.6766 7.4005 0.2449 5.3442 8.873 0.9773 22.1626 0.8614 
 CNSsolve>SCATter ( chemical "Ni+3" or chemical "NI+3" ) 
 CNSsolve>  10.7806 3.5477 7.75868 0.22314 5.22746 7.64468 0.847114 16.9673 0.386044 
 CNSsolve>SCATter ( chemical "Cu" or chemical "CU" ) 
 CNSsolve>  13.338 3.5828 7.1676 0.247 5.6158 11.3966 1.6735 64.8126 1.191 
 CNSsolve>SCATter ( chemical "Cu+1" or chemical "CU+1" ) 
 CNSsolve>  11.9475 3.3669 7.3573 0.2274 6.2455 8.6625 1.5578 25.8487 0.89 
 CNSsolve>SCATter ( chemical "Cu+2" or chemical "CU+2" ) 
 CNSsolve>  11.8168 3.37484 7.11181 0.244078 5.78135 7.9876 1.14523 19.897 1.14431 
 CNSsolve>SCATter ( chemical "Zn" or chemical "ZN" ) 
 CNSsolve>  14.0743 3.2655 7.0318 0.2333 5.1652 10.3163 2.41 58.7097 1.3041 
 CNSsolve>SCATter ( chemical "Zn+2" or chemical "ZN+2" ) 
 CNSsolve>  11.9719 2.9946 7.3862 0.2031 6.4668 7.0826 1.394 18.0995 0.7807 
 CNSsolve>SCATter ( chemical "Ga" or chemical "GA" ) 
 CNSsolve>  15.2354 3.0669 6.7006 0.2412 4.3591 10.7805 2.9623 61.4135 1.7189 
 CNSsolve>SCATter ( chemical "Ga+3" or chemical "GA+3" ) 
 CNSsolve>  12.692 2.81262 6.69883 0.22789 6.06692 6.36441 1.0066 14.4122 1.53545 
 CNSsolve>SCATter ( chemical "Ge" or chemical "GE" ) 
 CNSsolve>  16.0816 2.8509 6.3747 0.2516 3.7068 11.4468 3.683 54.7625 2.1313 
 CNSsolve>SCATter ( chemical "Ge+4" or chemical "GE+4" ) 
 CNSsolve>  12.9172 2.53718 6.70003 0.205855 6.06791 5.47913 0.859041 11.603 1.45572 
 CNSsolve>SCATter ( chemical "As" or chemical "AS" ) 
 CNSsolve>  16.6723 2.6345 6.0701 0.2647 3.4313 12.9479 4.2779 47.7972 2.531 
 CNSsolve>SCATter ( chemical "Se" or chemical "SE" ) 
 CNSsolve>  17.0006 2.4098 5.8196 0.2726 3.9731 15.2372 4.3543 43.8163 2.8409 
 CNSsolve>SCATter ( chemical "Br" or chemical "BR" ) 
 CNSsolve>  17.1789 2.1723 5.2358 16.5796 5.6377 0.2609 3.9851 41.4328 2.9557 
 CNSsolve>SCATter ( chemical "Br-1" or chemical "BR-1" ) 
 CNSsolve>  17.1718 2.2059 6.3338 19.3345 5.5754 0.2871 3.7272 58.1535 3.1776 
 CNSsolve>SCATter ( chemical "Kr" or chemical "KR" ) 
 CNSsolve>  17.3555 1.9384 6.7286 16.5623 5.5493 0.2261 3.5375 39.3972 2.825 
 CNSsolve>SCATter ( chemical "Rb" or chemical "RB" ) 
 CNSsolve>  17.1784 1.7888 9.6435 17.3151 5.1399 0.2748 1.5292 164.934 3.4873 
 CNSsolve>SCATter ( chemical "Rb+1" or chemical "RB+1" ) 
 CNSsolve>  17.5816 1.7139 7.6598 14.7957 5.8981 0.1603 2.7817 31.2087 2.0782 
 CNSsolve>SCATter ( chemical "Sr" or chemical "SR" ) 
 CNSsolve>  17.5663 1.5564 9.8184 14.0988 5.422 0.1664 2.6694 132.376 2.5064 
 CNSsolve>SCATter ( chemical "Sr+2" or chemical "SR+2" ) 
 CNSsolve>  18.0874 1.4907 8.1373 12.6963 2.5654 24.5651 -34.193 -0.0138 41.4025 
 CNSsolve>SCATter ( chemical "Y" ) 
 CNSsolve>  17.776 1.4029 10.2946 12.8006 5.72629 0.125599 3.26588 104.354 1.91213 
 CNSsolve>SCATter ( chemical "Y+3" ) 
 CNSsolve>  17.9268 1.35417 9.1531 11.2145 1.76795 22.6599 -33.108 -0.01319 40.2602 
 CNSsolve>SCATter ( chemical "Zr" or chemical "ZR" ) 
 CNSsolve>  17.8765 1.27618 10.948 11.916 5.41732 0.117622 3.65721 87.6627 2.06929 
 CNSsolve>SCATter ( chemical "Zr+4" or chemical "ZR+4" ) 
 CNSsolve>  18.1668 1.2148 10.0562 10.1483 1.01118 21.6054 -2.6479 -0.10276 9.41454 
 CNSsolve>SCATter ( chemical "Nb" or chemical "NB" ) 
 CNSsolve>  17.6142 1.18865 12.0144 11.766 4.04183 0.204785 3.53346 69.7957 3.75591 
 CNSsolve>SCATter ( chemical "Nb+3" or chemical "NB+3" ) 
 CNSsolve>  19.8812 0.019175 18.0653 1.13305 11.0177 10.1621 1.94715 28.3389 -12.912 
 CNSsolve>SCATter ( chemical "Nb+5" or chemical "NB+5" ) 
 CNSsolve>  17.9163 1.12446 13.3417 0.028781 10.799 9.28206 0.337905 25.7228 -6.3934 
 CNSsolve>SCATter ( chemical "Mo" or chemical "MO" ) 
 CNSsolve>  3.7025 0.2772 17.2356 1.0958 12.8876 11.004 3.7429 61.6584 4.3875 
 CNSsolve>SCATter ( chemical "Mo+3" or chemical "MO+3" ) 
 CNSsolve>  21.1664 0.014734 18.2017 1.03031 11.7423 9.53659 2.30951 26.6307 -14.421 
 CNSsolve>SCATter ( chemical "Mo+5" or chemical "MO+5" ) 
 CNSsolve>  21.0149 0.014345 18.0992 1.02238 11.4632 8.78809 0.740625 23.3452 -14.316 
 CNSsolve>SCATter ( chemical "Mo+6" or chemical "MO+6" ) 
 CNSsolve>  17.8871 1.03649 11.175 8.48061 6.57891 0.058881 0 0 0.344941 
 CNSsolve>SCATter ( chemical "Tc" or chemical "TC" ) 
 CNSsolve>  19.1301 0.864132 11.0948 8.14487 4.64901 21.5707 2.71263 86.8472 5.40428 
 CNSsolve>SCATter ( chemical "Ru" or chemical "RU" ) 
 CNSsolve>  19.2674 0.80852 12.9182 8.43467 4.86337 24.7997 1.56756 94.2928 5.37874 
 CNSsolve>SCATter ( chemical "Ru+3" or chemical "RU+3" ) 
 CNSsolve>  18.5638 0.847329 13.2885 8.37164 9.32602 0.017662 3.00964 22.887 -3.1892 
 CNSsolve>SCATter ( chemical "Ru+4" or chemical "RU+4" ) 
 CNSsolve>  18.5003 0.844582 13.1787 8.12534 4.71304 0.36495 2.18535 20.8504 1.42357 
 CNSsolve>SCATter ( chemical "Rh" or chemical "RH" ) 
 CNSsolve>  19.2957 0.751536 14.3501 8.21758 4.73425 25.8749 1.28918 98.6062 5.328 
 CNSsolve>SCATter ( chemical "Rh+3" or chemical "RH+3" ) 
 CNSsolve>  18.8785 0.764252 14.1259 7.84438 3.32515 21.2487 -6.1989 -0.01036 11.8678 
 CNSsolve>SCATter ( chemical "Rh+4" or chemical "RH+4" ) 
 CNSsolve>  18.8545 0.760825 13.9806 7.62436 2.53464 19.3317 -5.6526 -0.0102 11.2835 
 CNSsolve>SCATter ( chemical "Pd" or chemical "PD" ) 
 CNSsolve>  19.3319 0.698655 15.5017 7.98929 5.29537 25.2052 0.605844 76.8986 5.26593 
 CNSsolve>SCATter ( chemical "Pd+2" or chemical "PD+2" ) 
 CNSsolve>  19.1701 0.696219 15.2096 7.55573 4.32234 22.5057 0 0 5.2916 
 CNSsolve>SCATter ( chemical "Pd+4" or chemical "PD+4" ) 
 CNSsolve>  19.2493 0.683839 14.79 7.14833 2.89289 17.9144 -7.9492 0.005127 13.0174 
 CNSsolve>SCATter ( chemical "Ag" or chemical "AG" ) 
 CNSsolve>  19.2808 0.6446 16.6885 7.4726 4.8045 24.6605 1.0463 99.8156 5.179 
 CNSsolve>SCATter ( chemical "Ag+1" or chemical "AG+1" ) 
 CNSsolve>  19.1812 0.646179 15.9719 7.19123 5.27475 21.7326 0.357534 66.1147 5.21572 
 CNSsolve>SCATter ( chemical "Ag+2" or chemical "AG+2" ) 
 CNSsolve>  19.1643 0.645643 16.2456 7.18544 4.3709 21.4072 0 0 5.21404 
 CNSsolve>SCATter ( chemical "Cd" or chemical "CD" ) 
 CNSsolve>  19.2214 0.5946 17.6444 6.9089 4.461 24.7008 1.6029 87.4825 5.0694 
 CNSsolve>SCATter ( chemical "Cd+2" or chemical "CD+2" ) 
 CNSsolve>  19.1514 0.597922 17.2535 6.80639 4.47128 20.2521 0 0 5.11937 
 CNSsolve>SCATter ( chemical "In" or chemical "IN" ) 
 CNSsolve>  19.1624 0.5476 18.5596 6.3776 4.2948 25.8499 2.0396 92.8029 4.9391 
 CNSsolve>SCATter ( chemical "In+3" or chemical "IN+3" ) 
 CNSsolve>  19.1045 0.551522 18.1108 6.3247 3.78897 17.3595 0 0 4.99635 
 CNSsolve>SCATter ( chemical "Sn" or chemical "SN" ) 
 CNSsolve>  19.1889 5.8303 19.1005 0.5031 4.4585 26.8909 2.4663 83.9571 4.7821 
 CNSsolve>SCATter ( chemical "Sn+2" or chemical "SN+2" ) 
 CNSsolve>  19.1094 0.5036 19.0548 5.8378 4.5648 23.3752 0.487 62.2061 4.7861 
 CNSsolve>SCATter ( chemical "Sn+4" or chemical "SN+4" ) 
 CNSsolve>  18.9333 5.764 19.7131 0.4655 3.4182 14.0049 0.0193 -0.7583 3.9182 
 CNSsolve>SCATter ( chemical "Sb" or chemical "SB" ) 
 CNSsolve>  19.6418 5.3034 19.0455 0.4607 5.0371 27.9074 2.6827 75.2825 4.5909 
 CNSsolve>SCATter ( chemical "Sb+3" or chemical "SB+3" ) 
 CNSsolve>  18.9755 0.467196 18.933 5.22126 5.10789 19.5902 0.288753 55.5113 4.69626 
 CNSsolve>SCATter ( chemical "Sb+5" or chemical "SB+5" ) 
 CNSsolve>  19.8685 5.44853 19.0302 0.467973 2.41253 14.1259 0 0 4.69263 
 CNSsolve>SCATter ( chemical "Te" or chemical "TE" ) 
 CNSsolve>  19.9644 4.81742 19.0138 0.420885 6.14487 28.5284 2.5239 70.8403 4.352 
 CNSsolve>SCATter ( chemical "I" or chemical "I5U" ) 
 CNSsolve>  20.1472 4.347 18.9949 0.3814 7.5138 27.766 2.2735 66.8776 4.0712 
 CNSsolve>SCATter ( chemical "I-1" ) 
 CNSsolve>  20.2332 4.3579 18.997 0.3815 7.8069 29.5259 2.8868 84.9304 4.0714 
 CNSsolve>SCATter ( chemical "Xe" or chemical "XE" ) 
 CNSsolve>  20.2933 3.9282 19.0298 0.344 8.9767 26.4659 1.99 64.2658 3.7118 
 CNSsolve>SCATter ( chemical "Cs" or chemical "CS" ) 
 CNSsolve>  20.3892 3.569 19.1062 0.3107 10.662 24.3879 1.4953 213.904 3.3352 
 CNSsolve>SCATter ( chemical "Cs+1" or chemical "CS+1" ) 
 CNSsolve>  20.3524 3.552 19.1278 0.3086 10.2821 23.7128 0.9615 59.4565 3.2791 
 CNSsolve>SCATter ( chemical "Ba" or chemical "BA" ) 
 CNSsolve>  20.3361 3.216 19.297 0.2756 10.888 20.2073 2.6959 167.202 2.7731 
 CNSsolve>SCATter ( chemical "Ba+2" or chemical "BA+2" ) 
 CNSsolve>  20.1807 3.21367 19.1136 0.28331 10.9054 20.0558 0.77634 51.746 3.02902 
 CNSsolve>SCATter ( chemical "La" or chemical "LA" ) 
 CNSsolve>  20.578 2.94817 19.599 0.244475 11.3727 18.7726 3.28719 133.124 2.14678 
 CNSsolve>SCATter ( chemical "La+3" or chemical "LA+3" ) 
 CNSsolve>  20.2489 2.9207 19.3763 0.250698 11.6323 17.8211 0.336048 54.9453 2.4086 
 CNSsolve>SCATter ( chemical "Ce" or chemical "CE" ) 
 CNSsolve>  21.1671 2.81219 19.7695 0.226836 11.8513 17.6083 3.33049 127.113 1.86264 
 CNSsolve>SCATter ( chemical "Ce+3" or chemical "CE+3" ) 
 CNSsolve>  20.8036 2.77691 19.559 0.23154 11.9369 16.5408 0.612376 43.1692 2.09013 
 CNSsolve>SCATter ( chemical "Ce+4" or chemical "CE+4" ) 
 CNSsolve>  20.3235 2.65941 19.8186 0.21885 12.1233 15.7992 0.144583 62.2355 1.5918 
 CNSsolve>SCATter ( chemical "Pr" or chemical "PR" ) 
 CNSsolve>  22.044 2.77393 19.6697 0.222087 12.3856 16.7669 2.82428 143.644 2.0583 
 CNSsolve>SCATter ( chemical "Pr+3" or chemical "PR+3" ) 
 CNSsolve>  21.3727 2.6452 19.7491 0.214299 12.1329 15.323 0.97518 36.4065 1.77132 
 CNSsolve>SCATter ( chemical "Pr+4" or chemical "PR+4" ) 
 CNSsolve>  20.9413 2.54467 20.0539 0.202481 12.4668 14.8137 0.296689 45.4643 1.24285 
 CNSsolve>SCATter ( chemical "Nd" or chemical "ND" ) 
 CNSsolve>  22.6845 2.66248 19.6847 0.210628 12.774 15.885 2.85137 137.903 1.98486 
 CNSsolve>SCATter ( chemical "Nd+3" or chemical "ND+3" ) 
 CNSsolve>  21.961 2.52722 19.9339 0.199237 12.12 14.1783 1.51031 30.8717 1.47588 
 CNSsolve>SCATter ( chemical "Pm" or chemical "PM" ) 
 CNSsolve>  23.3405 2.5627 19.6095 0.202088 13.1235 15.1009 2.87516 132.721 2.02876 
 CNSsolve>SCATter ( chemical "Pm+3" or chemical "PM+3" ) 
 CNSsolve>  22.5527 2.4174 20.1108 0.185769 12.0671 13.1275 2.07492 27.4491 1.19499 
 CNSsolve>SCATter ( chemical "Smm" or chemical "SMM" ) 
 CNSsolve>  24.0042 2.47274 19.4258 0.196451 13.4396 14.3996 2.89604 128.007 2.20963 
 CNSsolve>SCATter ( chemical "Sm+3" or chemical "SM+3" ) 
 CNSsolve>  23.1504 2.31641 20.2599 0.174081 11.9202 12.1571 2.71488 24.8242 0.954586 
 CNSsolve>SCATter ( chemical "Eu" or chemical "EU" ) 
 CNSsolve>  24.6274 2.3879 19.0886 0.1942 13.7603 13.7546 2.9227 123.174 2.5745 
 CNSsolve>SCATter ( chemical "Eu+2" or chemical "EU+2" ) 
 CNSsolve>  24.0063 2.27783 19.9504 0.17353 11.8034 11.6096 3.87243 26.5156 1.36389 
 CNSsolve>SCATter ( chemical "Eu+3" or chemical "EU+3" ) 
 CNSsolve>  23.7497 2.22258 20.3745 0.16394 11.8509 11.311 3.26503 22.9966 0.759344 
 CNSsolve>SCATter ( chemical "Gd" or chemical "GD" ) 
 CNSsolve>  25.0709 2.25341 19.0798 0.181951 13.8518 12.9331 3.54545 101.398 2.4196 
 CNSsolve>SCATter ( chemical "Gd+3" or chemical "GD+3" ) 
 CNSsolve>  24.3466 2.13553 20.4208 0.155525 11.8708 10.5782 3.7149 21.7029 0.645089 
 CNSsolve>SCATter ( chemical "Tb" or chemical "TB" ) 
 CNSsolve>  25.8976 2.24256 18.2185 0.196143 14.3167 12.6648 2.95354 115.362 3.58324 
 CNSsolve>SCATter ( chemical "Tb+3" or chemical "TB+3" ) 
 CNSsolve>  24.9559 2.05601 20.3271 0.149525 12.2471 10.0499 3.773 21.2773 0.691967 
 CNSsolve>SCATter ( chemical "Dy" or chemical "DY" ) 
 CNSsolve>  26.507 2.1802 17.6383 0.202172 14.5596 12.1899 2.96577 111.874 4.29728 
 CNSsolve>SCATter ( chemical "Dy+3" or chemical "DY+3" ) 
 CNSsolve>  25.5395 1.9804 20.2861 0.143384 11.9812 9.34972 4.50073 19.581 0.68969 
 CNSsolve>SCATter ( chemical "Ho" or chemical "HO" ) 
 CNSsolve>  26.9049 2.07051 17.294 0.19794 14.5583 11.4407 3.63837 92.6566 4.56796 
 CNSsolve>SCATter ( chemical "Ho+3" or chemical "HO+3" ) 
 CNSsolve>  26.1296 1.91072 20.0994 0.139358 11.9788 8.80018 4.93676 18.5908 0.852795 
 CNSsolve>SCATter ( chemical "Er" or chemical "ER" ) 
 CNSsolve>  27.6563 2.07356 16.4285 0.223545 14.9779 11.3604 2.98233 105.703 5.92046 
 CNSsolve>SCATter ( chemical "Er+3" or chemical "ER+3" ) 
 CNSsolve>  26.722 1.84659 19.7748 0.13729 12.1506 8.36225 5.17379 17.8974 1.17613 
 CNSsolve>SCATter ( chemical "Tm" or chemical "TM" ) 
 CNSsolve>  28.1819 2.02859 15.8851 0.238849 15.1542 10.9975 2.98706 102.961 6.75621 
 CNSsolve>SCATter ( chemical "Tm+3" or chemical "TM+3" ) 
 CNSsolve>  27.3083 1.78711 19.332 0.136974 12.3339 7.96778 5.38348 17.2922 1.63929 
 CNSsolve>SCATter ( chemical "Yb" or chemical "YB" ) 
 CNSsolve>  28.6641 1.9889 15.4345 0.257119 15.3087 10.6647 2.98963 100.417 7.56672 
 CNSsolve>SCATter ( chemical "Yb+2" or chemical "YB+2" ) 
 CNSsolve>  28.1209 1.78503 17.6817 0.15997 13.3335 8.18304 5.14657 20.39 3.70983 
 CNSsolve>SCATter ( chemical "Yb+3" or chemical "YB+3" ) 
 CNSsolve>  27.8917 1.73272 18.7614 0.13879 12.6072 7.64412 5.47647 16.8153 2.26001 
 CNSsolve>SCATter ( chemical "Lu" or chemical "LU" ) 
 CNSsolve>  28.9476 1.90182 15.2208 9.98519 15.1 0.261033 3.71601 84.3298 7.97628 
 CNSsolve>SCATter ( chemical "Lu+3" or chemical "LU+3" ) 
 CNSsolve>  28.4628 1.68216 18.121 0.142292 12.8429 7.33727 5.59415 16.3535 2.97573 
 CNSsolve>SCATter ( chemical "Hf" or chemical "HF" ) 
 CNSsolve>  29.144 1.83262 15.1726 9.5999 14.7586 0.275116 4.30013 72.029 8.58154 
 CNSsolve>SCATter ( chemical "Hf+4" or chemical "HF+4" ) 
 CNSsolve>  28.8131 1.59136 18.4601 0.128903 12.7285 6.76232 5.59927 14.0366 2.39699 
 CNSsolve>SCATter ( chemical "Ta" or chemical "TA" ) 
 CNSsolve>  29.2024 1.77333 15.2293 9.37046 14.5135 0.295977 4.76492 63.3644 9.24354 
 CNSsolve>SCATter ( chemical "Ta+5" or chemical "TA+5" ) 
 CNSsolve>  29.1587 1.50711 18.8407 0.116741 12.8268 6.31524 5.38695 12.4244 1.78555 
 CNSsolve>SCATter ( chemical "W" ) 
 CNSsolve>  29.0818 1.72029 15.43 9.2259 14.4327 0.321703 5.11982 57.056 9.8875 
 CNSsolve>SCATter ( chemical "W+6" ) 
 CNSsolve>  29.4936 1.42755 19.3763 0.104621 13.0544 5.93667 5.06412 11.1972 1.01074 
 CNSsolve>SCATter ( chemical "Re" or chemical "RE" ) 
 CNSsolve>  28.7621 1.67191 15.7189 9.09227 14.5564 0.3505 5.44174 52.0861 10.472 
 CNSsolve>SCATter ( chemical "Os" or chemical "OS" ) 
 CNSsolve>  28.1894 1.62903 16.155 8.97948 14.9305 0.382661 5.67589 48.1647 11.0005 
 CNSsolve>SCATter ( chemical "Os+4" or chemical "OS+4" ) 
 CNSsolve>  30.419 1.37113 15.2637 6.84706 14.7458 0.165191 5.06795 18.003 6.49804 
 CNSsolve>SCATter ( chemical "Ir" or chemical "IR" ) 
 CNSsolve>  27.3049 1.59279 16.7296 8.86553 15.6115 0.417916 5.83377 45.0011 11.4722 
 CNSsolve>SCATter ( chemical "Ir+3" or chemical "IR+3" ) 
 CNSsolve>  30.4156 1.34323 15.862 7.10909 13.6145 0.204633 5.82008 20.3254 8.27903 
 CNSsolve>SCATter ( chemical "Ir+4" or chemical "IR+4" ) 
 CNSsolve>  30.7058 1.30923 15.5512 6.71983 14.2326 0.167252 5.53672 17.4911 6.96824 
 CNSsolve>SCATter ( chemical "Pt" or chemical "PT" ) 
 CNSsolve>  27.0059 1.51293 17.7639 8.81174 15.7131 0.424593 5.7837 38.6103 11.6883 
 CNSsolve>SCATter ( chemical "Pt+2" or chemical "PT+2" ) 
 CNSsolve>  29.8429 1.32927 16.7224 7.38979 13.2153 0.263297 6.35234 22.9426 9.85329 
 CNSsolve>SCATter ( chemical "Pt+4" or chemical "PT+4" ) 
 CNSsolve>  30.9612 1.24813 15.9829 6.60834 13.7348 0.16864 5.92034 16.9392 7.39534 
 CNSsolve>SCATter ( chemical "Au" or chemical "AU" ) 
 CNSsolve>  16.8819 0.4611 18.5913 8.6216 25.5582 1.4826 5.86 36.3956 12.0658 
 CNSsolve>SCATter ( chemical "Au+1" or chemical "AU+1" ) 
 CNSsolve>  28.0109 1.35321 17.8204 7.7395 14.3359 0.356752 6.58077 26.4043 11.2299 
 CNSsolve>SCATter ( chemical "Au+3" or chemical "AU+3" ) 
 CNSsolve>  30.6886 1.2199 16.9029 6.82872 12.7801 0.212867 6.52354 18.659 9.0968 
 CNSsolve>SCATter ( chemical "Hg" or chemical "HG" ) 
 CNSsolve>  20.6809 0.545 19.0417 8.4484 21.6575 1.5729 5.9676 38.3246 12.6089 
 CNSsolve>SCATter ( chemical "Hg+1" or chemical "HG+1" ) 
 CNSsolve>  25.0853 1.39507 18.4973 7.65105 16.8883 0.443378 6.48216 28.2262 12.0205 
 CNSsolve>SCATter ( chemical "Hg+2" or chemical "HG+2" ) 
 CNSsolve>  29.5641 1.21152 18.06 7.05639 12.8374 0.284738 6.89912 20.7482 10.6268 
 CNSsolve>SCATter ( chemical "Tl" or chemical "TL" ) 
 CNSsolve>  27.5446 0.65515 19.1584 8.70751 15.538 1.96347 5.52593 45.8149 13.1746 
 CNSsolve>SCATter ( chemical "Tl+1" or chemical "TL+1" ) 
 CNSsolve>  21.3985 1.4711 20.4723 0.517394 18.7478 7.43463 6.82847 28.8482 12.5258 
 CNSsolve>SCATter ( chemical "Tl+3" or chemical "TL+3" ) 
 CNSsolve>  30.8695 1.1008 18.3841 6.53852 11.9328 0.219074 7.00574 17.2114 9.8027 
 CNSsolve>SCATter ( chemical "Pb" or chemical "PB" ) 
 CNSsolve>  31.0617 0.6902 13.0637 2.3576 18.442 8.618 5.9696 47.2579 13.4118 
 CNSsolve>SCATter ( chemical "Pb+2" or chemical "PB+2" ) 
 CNSsolve>  21.7886 1.3366 19.5682 0.488383 19.1406 6.7727 7.01107 23.8132 12.4734 
 CNSsolve>SCATter ( chemical "Pb+4" or chemical "PB+4" ) 
 CNSsolve>  32.1244 1.00566 18.8003 6.10926 12.0175 0.147041 6.96886 14.714 8.08428 
 CNSsolve>SCATter ( chemical "Bi" or chemical "BI" ) 
 CNSsolve>  33.3689 0.704 12.951 2.9238 16.5877 8.7937 6.4692 48.0093 13.5782 
 CNSsolve>SCATter ( chemical "Bi+3" or chemical "BI+3" ) 
 CNSsolve>  21.8053 1.2356 19.5026 6.24149 19.1053 0.469999 7.10295 20.3185 12.4711 
 CNSsolve>SCATter ( chemical "Bi+5" or chemical "BI+5" ) 
 CNSsolve>  33.5364 0.91654 25.0946 0.39042 19.2497 5.71414 6.91555 12.8285 -6.7994 
 CNSsolve>SCATter ( chemical "Po" or chemical "PO" ) 
 CNSsolve>  34.6726 0.700999 15.4733 3.55078 13.1138 9.55642 7.02588 47.0045 13.677 
 CNSsolve>SCATter ( chemical "At" or chemical "AT" ) 
 CNSsolve>  35.3163 0.68587 19.0211 3.97458 9.49887 11.3824 7.42518 45.4715 13.7108 
 CNSsolve>SCATter ( chemical "Rn" or chemical "RN" ) 
 CNSsolve>  35.5631 0.6631 21.2816 4.0691 8.0037 14.0422 7.4433 44.2473 13.6905 
 CNSsolve>SCATter ( chemical "Fr" or chemical "FR" ) 
 CNSsolve>  35.9299 0.646453 23.0547 4.17619 12.1439 23.1052 2.11253 150.645 13.7247 
 CNSsolve>SCATter ( chemical "Ra" or chemical "RA" ) 
 CNSsolve>  35.763 0.616341 22.9064 3.87135 12.4739 19.9887 3.21097 142.325 13.6211 
 CNSsolve>SCATter ( chemical "Ra+2" or chemical "RA+2" ) 
 CNSsolve>  35.215 0.604909 21.67 3.5767 7.91342 12.601 7.65078 29.8436 13.5431 
 CNSsolve>SCATter ( chemical "Ac" or chemical "AC" ) 
 CNSsolve>  35.6597 0.589092 23.1032 3.65155 12.5977 18.599 4.08655 117.02 13.5266 
 CNSsolve>SCATter ( chemical "Ac+3" or chemical "AC+3" ) 
 CNSsolve>  35.1736 0.579689 22.1112 3.41437 8.19216 12.9187 7.05545 25.9443 13.4637 
 CNSsolve>SCATter ( chemical "Th" or chemical "TH" ) 
 CNSsolve>  35.5645 0.563359 23.4219 3.46204 12.7473 17.8309 4.80703 99.1722 13.4314 
 CNSsolve>SCATter ( chemical "Th+4" or chemical "TH+4" ) 
 CNSsolve>  35.1007 0.555054 22.4418 3.24498 9.78554 13.4661 5.29444 23.9533 13.376 
 CNSsolve>SCATter ( chemical "Pa" or chemical "PA" ) 
 CNSsolve>  35.8847 0.547751 23.2948 3.41519 14.1891 16.9235 4.17287 105.251 13.4287 
 CNSsolve>SCATter ( chemical "U" ) 
 CNSsolve>  36.0228 0.5293 23.4128 3.3253 14.9491 16.0927 4.188 100.613 13.3966 
 CNSsolve>SCATter ( chemical "U+3" ) 
 CNSsolve>  35.5747 0.52048 22.5259 3.12293 12.2165 12.7148 5.37073 26.3394 13.3092 
 CNSsolve>SCATter ( chemical "U+4" ) 
 CNSsolve>  35.3715 0.516598 22.5326 3.05053 12.0291 12.5723 4.7984 23.4582 13.2671 
 CNSsolve>SCATter ( chemical "U+6" ) 
 CNSsolve>  34.8509 0.507079 22.7584 2.8903 14.0099 13.1767 1.21457 25.2017 13.1665 
 CNSsolve>SCATter ( chemical "Npp" or chemical "NPP" ) 
 CNSsolve>  36.1874 0.511929 23.5964 3.25396 15.6402 15.3622 4.1855 97.4908 13.3573 
 CNSsolve>SCATter ( chemical "Np+3" or chemical "NP+3" ) 
 CNSsolve>  35.7074 0.502322 22.613 3.03807 12.9898 12.1449 5.43227 25.4928 13.2544 
 CNSsolve>SCATter ( chemical "Np+4" or chemical "NP+4" ) 
 CNSsolve>  35.5103 0.498626 22.5787 2.96627 12.7766 11.9484 4.92159 22.7502 13.2116 
 CNSsolve>SCATter ( chemical "Np+6" or chemical "NP+6" ) 
 CNSsolve>  35.0136 0.48981 22.7286 2.81099 14.3884 12.33 1.75669 22.6581 13.113 
 CNSsolve>SCATter ( chemical "Pu" or chemical "PU" ) 
 CNSsolve>  36.5254 0.499384 23.8083 3.26371 16.7707 14.9455 3.47947 105.98 13.3812 
 CNSsolve>SCATter ( chemical "Pu+3" or chemical "PU+3" ) 
 CNSsolve>  35.84 0.484938 22.7169 2.96118 13.5807 11.5331 5.66016 24.3992 13.1991 
 CNSsolve>SCATter ( chemical "Pu+4" or chemical "PU+4" ) 
 CNSsolve>  35.6493 0.481422 22.646 2.8902 13.3595 11.316 5.18831 21.8301 13.1555 
 CNSsolve>SCATter ( chemical "Pu+6" or chemical "PU+6" ) 
 CNSsolve>  35.1736 0.473204 22.7181 2.73848 14.7635 11.553 2.28678 20.9303 13.0582 
 CNSsolve>SCATter ( chemical "Am" or chemical "AM" ) 
 CNSsolve>  36.6706 0.483629 24.0992 3.20647 17.3415 14.3136 3.49331 102.273 13.3592 
 CNSsolve>SCATter ( chemical "Cm" or chemical "CM" ) 
 CNSsolve>  36.6488 0.465154 24.4096 3.08997 17.399 13.4346 4.21665 88.4834 13.2887 
 CNSsolve>SCATter ( chemical "Bk" or chemical "BK" ) 
 CNSsolve>  36.7881 0.451018 24.7736 3.04619 17.8919 12.8946 4.23284 86.003 13.2754 
 CNSsolve>SCATter ( chemical "Cff" or chemical "CFF" ) 
 CNSsolve>  36.9185 0.437533 25.1995 3.00775 18.3317 12.4044 4.24391 83.7881 13.2674 
 CNSsolve> 
 CNSsolve>set message=$message_old_sclib echo=$echo_old_sclib end 
 CNSsolve> 
 CNSsolve>        ! reciprocal space complex arrays 
 CNSsolve>        declare name=fobs  domain=reciprocal type=complex end 
 CNSsolve>        declare name=fcalc domain=reciprocal type=complex end 
 CNSsolve>        declare name=fpart domain=reciprocal type=complex end 
 CNSsolve> 
 CNSsolve>        ! real space arrays 
 CNSsolve>        declare name=map domain=real end 
 CNSsolve> 
 CNSsolve>        ! only calculate structure factors for protein and DNA 
 CNSsolve>        associate fcalc (not (name H* or resn HOH or resn TIP3 or resn DAN or resn XAN or resn DUM)) 
 CNSsolve> 
 CNSsolve>        ! read in map 
 CNSsolve>        read map 
 CNSsolve>            to=map 
 CNSsolve>            input=RUN:data/cryo-em/cryo-em.xplor 
 CNSsolve>            formatted=True 
 CNSsolve>        end 
 CNSsolve> 
 CNSsolve>        ! set initial values 
 CNSsolve>        do (fobs = ft(map)) (all) 
 CNSsolve>        do (fcalc = 0) (all) 
 CNSsolve>        do (fpart = 0) (all) 
 CNSsolve> 
 CNSsolve>        ! set which Fourier coefficients are used for XREF term and which 
 CNSsolve>        ! are used for cross-validation 
 CNSsolve>        tselection=(all) 
 CNSsolve>        cvselection=(not all) 
 CNSsolve> 
 CNSsolve>        ! set target function and target derivative function for XREF energy 
 CNSsolve>        target =( vector(combine(amplitude(fobs),phase(fobs)), (fcalc), 1)) 
 CNSsolve>        dtarget=(dvector(combine(amplitude(fobs),phase(fobs)), (fcalc), 1)) 
 CNSsolve> 
 CNSsolve>        ! set weight of target function 
 CNSsolve>        wa=&Data.em.kscale 
 CNSsolve> 
 CNSsolve>        ! set tolerance level for recomputing structure factors. This 
 CNSsolve>        ! should maybe be higher during the refinement stage. 
 CNSsolve>        tolerance=0.0 
 CNSsolve>    end 
 CNSsolve>    end if 
 CNSsolve> 
 CNSsolve>    if ($Data.flags.centroids = true) then 
 NEXTCD: condition evaluated as false
 CNSsolve>        if ($iteration = 0) then 
 CNSsolve>            @RUN:protocols/centroids_set_restraints.cns 
 ASSFIL: file centroids_set_restraints.cns opened.
 CNSsolve>{Sets the centroid based distance restraints} 
 CNSsolve> 
 CNSsolve>if ($iteration = 0) then 
 CNSsolve> 
 CNSsolve>  noe 
 CNSsolve>    ! define a new class for the centroid based distance restraints 
 CNSsolve>    class       centroid 
 CNSsolve>    averaging   centroid sum 
 CNSsolve>    potential   centroid soft 
 CNSsolve>    scale       centroid $Data.centroids.kscale 
 CNSsolve>    sqconstant  centroid 1.0 
 CNSsolve>    sqexponent  centroid 2 
 CNSsolve>    soexponent  centroid 1 
 CNSsolve>    rswitch     centroid 1.0 
 CNSsolve>    sqoffset    centroid 0.0 
 CNSsolve>    asymptote   centroid 2.0 
 CNSsolve>    msoexponent centroid 1 
 CNSsolve>    masymptote  centroid -0.1 
 CNSsolve>    mrswitch    centroid 1.0 
 CNSsolve> 
 CNSsolve>    ! set the restraints between each DUM and MAP atom for each chain. in case 
 CNSsolve>    ! of ambiguous restraints, each DUM atom is assigned with all MAP atoms 
 CNSsolve>    evaluate($nchain1 = 0) 
 CNSsolve>    while ($nchain1 < $Data.ncomponents) loop distloop 
 CNSsolve>        evaluate($nchain1 = $nchain1 + 1) 
 CNSsolve> 
 CNSsolve>        if ($Data.centroids.ambi_$nchain1 = true) then 
 CNSsolve>            assign (name MAP) 
 CNSsolve>                   ((name DUM) and (segid $Toppar.prot_segid_$nchain1)) 0.0 0.0 0.0 
 CNSsolve>        else 
 CNSsolve>            assign ((name MAP) and (segid $Toppar.prot_segid_$nchain1)) 
 CNSsolve>                   ((name DUM) and (segid $Toppar.prot_segid_$nchain1)) 0.0 0.0 0.0 
 CNSsolve>        end if 
 CNSsolve>    end loop distloop 
 CNSsolve>  end 
 CNSsolve>end if 
 CNSsolve> 
 CNSsolve>if ($iteration > 0) then 
 CNSsolve> 
 CNSsolve>! define centroid based distance restraints for expand/refine protocol 
 CNSsolve> 
 CNSsolve>  noe 
 CNSsolve>    ! define a new class for the centroid based distance restraints 
 CNSsolve>    class       centroid 
 CNSsolve>    averaging   centroid center 
 CNSsolve>    potential   centroid soft 
 CNSsolve>    scale       centroid $Data.centroids.kscale 
 CNSsolve>    sqconstant  centroid 1.0 
 CNSsolve>    sqexponent  centroid 2 
 CNSsolve>    soexponent  centroid 1 
 CNSsolve>    rswitch     centroid 1.0 
 CNSsolve>    sqoffset    centroid 0.0 
 CNSsolve>    asymptote   centroid 2.0 
 CNSsolve>    msoexponent centroid 1 
 CNSsolve>    masymptote  centroid -0.1 
 CNSsolve>    mrswitch    centroid 1.0 
 CNSsolve> 
 CNSsolve>    ! set the restraints between the heavy atoms of each chain and the 
 CNSsolve>    ! initially stored center of mass of each chain 
 CNSsolve>    evaluate($nchain1 = 0) 
 CNSsolve>    while ($nchain1 < $Data.ncomponents) loop distloop 
 CNSsolve>        evaluate($nchain1 = $nchain1 + 1) 
 CNSsolve> 
 CNSsolve>        assign (not name H* and not name DUM and segid $Toppar.prot_segid_$nchain1) 
 CNSsolve>               (name DUM and segid $Toppar.prot_segid_$nchain1) 0.0 0.0 0.0 
 CNSsolve>    end loop distloop 
 CNSsolve> 
 CNSsolve>  end 
 CNSsolve> 
 CNSsolve>end if 
 CNSsolve>        end if 
 CNSsolve>    end if 
 CNSsolve>end if 
 CNSsolve> 
 CNSsolve>{* ======================= reset coordinates and proceed *} 
 CNSsolve> 
 CNSsolve>do (x = refx) (all) 
 SELRPN:   1621 atoms have been selected out of   1621
 CNSsolve>do (y = refy) (all) 
 SELRPN:   1621 atoms have been selected out of   1621
 CNSsolve>do (z = refz) (all) 
 SELRPN:   1621 atoms have been selected out of   1621
 CNSsolve> 
 CNSsolve>inline @RUN:protocols/read_water1.cns 
 ASSFIL: file read_water1.cns opened.
 CNSsolve>! read_water1.cns 
 CNSsolve>!   Read water coordinates from solvated docking 
 CNSsolve>! 
 CNSsolve>! *********************************************************************** 
 CNSsolve>! * Copyright 2003-2018 Alexandre Bonvin, Utrecht University.           * 
 CNSsolve>! * All rights reserved.                                                * 
 CNSsolve>! * This code is part of the HADDOCK software and governed by its       * 
 CNSsolve>! * license. Please see the LICENSE file that should have been included * 
 CNSsolve>! * as part of this package.                                            * 
 CNSsolve>! *********************************************************************** 
 CNSsolve>! 
 CNSsolve> 
 CNSsolve>evaluate ($nchain=0) 
 EVALUATE: symbol $NCHAIN set to    0.00000     (real)
 CNSsolve>while ($nchain < $data.ncomponents) loop nloop1 
 NEXTCD: condition evaluated as true
 CNSsolve>  evaluate ($nchain = $nchain + 1) 
 EVALUATE: symbol $NCHAIN set to    1.00000     (real)
 CNSsolve>  evaluate ($watersegname_$nchain="WA" + encode($nchain)) 
 EVALUATE: symbol $WATERSEGNAME_1 set to "WA1" (string)
 CNSsolve>end loop nloop1 
 CNSsolve>while ($nchain < $data.ncomponents) loop nloop1 
 NEXTCD: condition evaluated as true
 CNSsolve>  evaluate ($nchain = $nchain + 1) 
 EVALUATE: symbol $NCHAIN set to    2.00000     (real)
 CNSsolve>  evaluate ($watersegname_$nchain="WA" + encode($nchain)) 
 EVALUATE: symbol $WATERSEGNAME_2 set to "WA2" (string)
 CNSsolve>end loop nloop1 
 CNSsolve>while ($nchain < $data.ncomponents) loop nloop1 
 NEXTCD: condition evaluated as false
 CNSsolve>  evaluate ($nchain = $nchain + 1) 
 CNSsolve>  evaluate ($watersegname_$nchain="WA" + encode($nchain)) 
 CNSsolve>end loop nloop1 
 CNSsolve> 
 CNSsolve> 
 CNSsolve>if ($data.waterdock eq true) then 
 NEXTCD: condition evaluated as false
 CNSsolve>  noe reset end 
 CNSsolve>  rest dihe reset end 
 CNSsolve>  evaluate($watercoorfile = $file - ".pdb" + "_water.pdbw") 
 CNSsolve>  fileexist $watercoorfile end 
 CNSsolve>  evaluate ($waterfileexist=$result) 
 CNSsolve>  if ($waterfileexist eq true) then 
 CNSsolve>    if ($iteration < 2) then 
 CNSsolve>      evaluate($sol_topology_infile="RUN:/toppar/water-allhdg5-4.top") 
 CNSsolve>      topology @@$sol_topology_infile end 
 CNSsolve>    end if 
 CNSsolve>    segment 
 CNSsolve>      chain 
 CNSsolve>        separate-by-segid = true 
 CNSsolve>        coor @@$watercoorfile 
 CNSsolve>      end 
 CNSsolve>    end 
 CNSsolve>    coor @@$watercoorfile 
 CNSsolve>    ident (store5) (not all) 
 CNSsolve>  end if 
 CNSsolve> 
 CNSsolve>end if 
 CNSsolve>if ($data.waterdock eq true) then 
 NEXTCD: condition evaluated as false
 CNSsolve>  inline @RUN:protocols/water_rest.cns 
 ASSFIL: file water_rest.cns opened.
 CNSsolve>! water_rest.cns 
 CNSsolve>!    Define restraints between interfacial water molecules and highly solvated 
 CNSsolve>!    amino-acids 
 CNSsolve>! 
 CNSsolve>! *********************************************************************** 
 CNSsolve>! * Copyright 2003-2018 Alexandre Bonvin, Utrecht University.           * 
 CNSsolve>! * All rights reserved.                                                * 
 CNSsolve>! * This code is part of the HADDOCK software and governed by its       * 
 CNSsolve>! * license. Please see the LICENSE file that should have been included * 
 CNSsolve>! * as part of this package.                                            * 
 CNSsolve>! *********************************************************************** 
 CNSsolve>! 
 CNSsolve>! This script define distance restraints between water molecule and amino-acids 
 CNSsolve>! often found to be involved in water-mediated contacts 
 CNSsolve>! See van Dijk and Bonvin, Bioinformatics 2006 
 CNSsolve>! 
 CNSsolve> 
 CNSsolve>evaluate ($nchain=0) 
 CNSsolve>while ($nchain < $data.ncomponents) loop nloop1 
 CNSsolve>  evaluate ($nchain = $nchain + 1) 
 CNSsolve>  evaluate ($watersegname_$nchain="WA" + encode($nchain)) 
 CNSsolve>end loop nloop1 
 CNSsolve> 
 CNSsolve> 
 CNSsolve>if ($data.waterdock eq true) then 
 CNSsolve> 
 CNSsolve>  if ($data.solvate_method eq "restraints") then 
 CNSsolve>    evaluate ($nchain=0) 
 CNSsolve>    while ($nchain < $data.ncomponents) loop nloop2 
 CNSsolve>      evaluate ($nchain = $nchain + 1) 
 CNSsolve>      noe class amwa end 
 CNSsolve>      for $atom_id in id ((resn WAT or resn HOH) and name OH2 and segid $watersegname_$nchain and not store5) loop waterrestraint 
 CNSsolve>        noe 
 CNSsolve>          assi (segid $toppar.prot_segid_$nchain and 
 CNSsolve>	        (resn arg or resn asn or resn asp or resn gln or resn glu or resn his* 
 CNSsolve>		 or resn lys or resn pro or resn ser or resn thr or resn tyr) 
 CNSsolve>	        and ((id $atom_id) around $data.water_restraint_cutoff)) 
 CNSsolve>               (id $atom_id) $data.water_restraint_cutoff $data.water_restraint_cutoff 0.0 
 CNSsolve>        end 
 CNSsolve>      end loop waterrestraint 
 CNSsolve>    end loop nloop2 
 CNSsolve>    evaluate($amwa_scale = $data.water_restraint_scale) 
 CNSsolve>    noe scale amwa $amwa_scale end 
 CNSsolve>  end if 
 CNSsolve> 
 CNSsolve>end if 
 CNSsolve>  set seed $seed end 
 CNSsolve>  set message=normal echo=on end 
 CNSsolve>  inline @RUN:protocols/read_data.cns 
 ASSFIL: file read_data.cns opened.
 CNSsolve>! read_data.cns 
 CNSsolve>!    Read the various restraints data 
 CNSsolve>! 
 CNSsolve>! *********************************************************************** 
 CNSsolve>! * Copyright 2003-2018 Alexandre Bonvin, Utrecht University.           * 
 CNSsolve>! * Originally adapted from Aria 1.2 from Nilges and Linge, EMBL.       * 
 CNSsolve>! * All rights reserved.                                                * 
 CNSsolve>! * This code is part of the HADDOCK software and governed by its       * 
 CNSsolve>! * license. Please see the LICENSE file that should have been included * 
 CNSsolve>! * as part of this package.                                            * 
 CNSsolve>! *********************************************************************** 
 CNSsolve>! 
 CNSsolve> 
 CNSsolve>!module(Iteration; Data; count;) 
 CNSsolve> 
 CNSsolve>!NOEs, hbonds 
 CNSsolve>noe 
 CNSsolve>  reset 
 CNSsolve>  nrestraints = 12000000     ! allocate space for NOEs 
 CNSsolve>  ceiling 1000 
 CNSsolve>end 
 CNSsolve> 
 CNSsolve>if ($Data.amb_lastit ge $Iteration) then 
 CNSsolve>  if ($Data.amb_firstit le $Iteration)   then 
 CNSsolve>     evaluate ($filenam0 = "NEWIT:ambig.tbl_" + encode($count)) 
 CNSsolve>     fileexist $filenam0 end 
 CNSsolve>     if ($result eq false) then 
 CNSsolve>       evaluate ($filenam0 = "NEWIT:ambig.tbl") 
 CNSsolve>     end if 
 CNSsolve>     noe class ambi @@$filenam0 end 
 CNSsolve>     if ($Data.noecv eq true) then 
 CNSsolve>       noe part $Data.ncvpart end 
 CNSsolve>     end if 
 CNSsolve>  end if 
 CNSsolve>end if 
 CNSsolve> 
 CNSsolve>if ($Data.unamb_lastit ge $Iteration) then 
 CNSsolve>  if ($Data.unamb_firstit le $Iteration) then 
 CNSsolve>     noe class dist @@NEWIT:unambig.tbl end 
 CNSsolve>  end if 
 CNSsolve>end if 
 CNSsolve> 
 CNSsolve>if ($Data.hbond_lastit ge $Iteration) then 
 CNSsolve>  if ($Data.hbond_firstit le $Iteration) then 
 CNSsolve>    if ($Data.hbonds_on eq true) then 
 CNSsolve>      noe class hbon @@RUN:data/hbonds/hbonds.tbl end 
 CNSsolve>    end if 
 CNSsolve>  end if 
 CNSsolve>end if 
 CNSsolve> 
 CNSsolve>noe 
 CNSsolve>  averaging  * sum 
 CNSsolve>  potential  * soft 
 CNSsolve>  scale      * 1.0 
 CNSsolve>  sqconstant * 1.0 
 CNSsolve>  sqexponent * 2 
 CNSsolve>  soexponent * 1 
 CNSsolve>  rswitch    * 1.0 
 CNSsolve>  sqoffset   * 0.0 
 CNSsolve>  asymptote  * 2.0 
 CNSsolve>  msoexponent * 1 
 CNSsolve>  masymptote  * -0.1 
 CNSsolve>  mrswitch    * 1.0 
 CNSsolve>end 
 CNSsolve> 
 CNSsolve> 
 CNSsolve>!!!!!!!!!!!!!!!!!!!!!!!!!!!!!!!!!!!!!!!!!!!!!!!!!!!!!!!!!!!!!!!!!!!!!!!!!!!!!!! 
 CNSsolve>!dihedral restraints: 
 CNSsolve>restraints dihedral 
 CNSsolve>   reset 
 CNSsolve>   nassign 50000 
 CNSsolve>end 
 CNSsolve>if ($Data.cdih.on eq true) then 
 CNSsolve>  restraints dihedral 
 CNSsolve>    @@RUN:data/dihedrals/dihedrals.tbl 
 CNSsolve>  end 
 CNSsolve>end if 
 CNSsolve> 
 CNSsolve>restraints dihedral ? end 
 CNSsolve> 
 CNSsolve>!!!!!!!!!!!!!!!!!!!!!!!!!!!!!!!!!!!!!!!!!!!!!!!!!!!!!!!!!!!!!!!!!!!!!!!!!!!!!!! 
 CNSsolve>!residual dipolar couplings: 
 CNSsolve> 
 CNSsolve>evaluate ($Data.flags.sani = false) 
 CNSsolve>evaluate ($Data.flags.xrdc = false) 
 CNSsolve>evaluate ($Data.flags.xpcs = false) 
 CNSsolve>evaluate ($Data.flags.dani = false) 
 CNSsolve>evaluate ($Data.flags.vean = false) 
 CNSsolve>evaluate ($inisani=0) 
 CNSsolve>evaluate ($inixrdc=0) 
 CNSsolve>evaluate ($inixpcs=0) 
 CNSsolve>evaluate ($inidani=0) 
 CNSsolve>evaluate ($inivean = 0) 
 CNSsolve> 
 CNSsolve>sani reset nres=5000 end 
 CNSsolve>vean reset nres=10000 end 
 CNSsolve>xrdc reset nres=5000 end 
 CNSsolve>evaluate ($nrdc=1) 
 CNSsolve>while ($nrdc <= $Data.numrdc) loop rdc 
 CNSsolve>  evaluate ($cln="rd"+encode($nrdc)) 
 CNSsolve>  if ($Data.rdc_lastit_$nrdc ge $Iteration) then 
 CNSsolve>    if ($Data.rdc_firstit_$nrdc le $Iteration) then 
 CNSsolve>      if ($Data.rdc_choice_$nrdc eq "SANI") then 
 CNSsolve>        evaluate ($Data.flags.sani = true) 
 CNSsolve>	evaluate ($restfile="RUN:data/rdcs/rdc"+encode($nrdc)+".tbl") 
 CNSsolve>        evaluate ($inisani=1) 
 CNSsolve>        sani 
 CNSsolve>          class $cln 
 CNSsolve>          force 0.0 
 CNSsolve>          potential square 
 CNSsolve>          @@$restfile 
 CNSsolve>        end 
 CNSsolve>      end if 
 CNSsolve>      if ($Data.rdc_choice_$nrdc eq "XRDC") then 
 CNSsolve>        evaluate ($Data.flags.xrdc = true) 
 CNSsolve>	evaluate ($restfile="RUN:data/rdcs/rdc"+encode($nrdc)+".tbl") 
 CNSsolve>        evaluate ($inixrdc=1) 
 CNSsolve>        xrdc 
 CNSsolve>          class $cln 
 CNSsolve>          force 0.0 
 CNSsolve>          @@$restfile 
 CNSsolve>        end 
 CNSsolve>      end if 
 CNSsolve>      if ($Data.rdc_choice_$nrdc eq "VANGLE") then 
 CNSsolve>        evaluate ($Data.flags.vean = true) 
 CNSsolve>	evaluate ($restfile="RUN:data/rdcs/rdc"+encode($nrdc)+".tbl") 
 CNSsolve>        evaluate ($inivean = 1) 
 CNSsolve>        if ($Data.rdc_firstIt_$nrdc le $Iteration) then 
 CNSsolve>          vean 
 CNSsolve>            class $cln 
 CNSsolve>            force 0.0 0.0 
 CNSsolve>            @@$restfile 
 CNSsolve>          end 
 CNSsolve>        end if 
 CNSsolve>      end if 
 CNSsolve>    end if 
 CNSsolve>  end if 
 CNSsolve>  evaluate ($nrdc = $nrdc + 1) 
 CNSsolve>end loop rdc 
 CNSsolve> 
 CNSsolve>evaluate ($tensread = false) 
 CNSsolve>if ($Data.flags.xrdc = true) then 
 CNSsolve>  noe 
 CNSsolve>    class tens 
 CNSsolve>    @@RUN:data/tensor/tensor.tbl 
 CNSsolve>    potential tens square 
 CNSsolve>    scale     tens 500.0 
 CNSsolve>  end 
 CNSsolve>  evaluate ($tensread = true) 
 CNSsolve>end if 
 CNSsolve> 
 CNSsolve>!!!!!!!!!!!!!!!!!!!!!!!!!!!!!!!!!!!!!!!!!!!!!!!!!!!!!!!!!!!!!!!!!!!!!!!!!!!!!!! 
 CNSsolve>!PCS restraints: 
 CNSsolve>xpcs reset nres=5000 end 
 CNSsolve>evaluate ($npcs=1) 
 CNSsolve>while ($npcs <= $Data.numpcs) loop pcs 
 CNSsolve>  if ($Data.pcs_lastit_$npcs ge $Iteration) then 
 CNSsolve>    if ($Data.pcs_firstit_$npcs le $Iteration) then 
 CNSsolve>      if ($Data.pcs_choice_$npcs eq "XPCS") then 
 CNSsolve>        evaluate ($Data.flags.xpcs = true) 
 CNSsolve>	evaluate ($restfile="RUN:data/pcs/pcs"+encode($npcs)+".tbl") 
 CNSsolve>	evaluate ($cln="pc"+encode($npcs)) 
 CNSsolve>        evaluate ($inixpcs=1) 
 CNSsolve>        xpcs 
 CNSsolve>          class $cln 
 CNSsolve>          force 0.0 
 CNSsolve>          @@$restfile 
 CNSsolve>        end 
 CNSsolve>      end if 
 CNSsolve>    end if 
 CNSsolve>  end if 
 CNSsolve>  evaluate ($npcs= $npcs + 1) 
 CNSsolve>end loop pcs 
 CNSsolve> 
 CNSsolve>if ($Data.flags.xpcs = true) then 
 CNSsolve>  if ($tensread eq FALSE) then 
 CNSsolve>    noe 
 CNSsolve>      class tens 
 CNSsolve>      @@RUN:data/tensor/tensor.tbl 
 CNSsolve>      potential tens square 
 CNSsolve>      scale     tens 500.0 
 CNSsolve>    end 
 CNSsolve>  end if 
 CNSsolve>end if 
 CNSsolve> 
 CNSsolve>!!!!!!!!!!!!!!!!!!!!!!!!!!!!!!!!!!!!!!!!!!!!!!!!!!!!!!!!!!!!!!!!!!!!!!!!!!!!!!! 
 CNSsolve>!DANI restraints: 
 CNSsolve> 
 CNSsolve>evaluate ($ndani=1) 
 CNSsolve>dani reset nres=5000 end 
 CNSsolve>while ($ndani <= $Data.numdani) loop dani 
 CNSsolve>  if ($Data.dan_lastit_$ndani ge $Iteration) then 
 CNSsolve>    if ($Data.dan_firstit_$ndani le $Iteration) then 
 CNSsolve>      if ($Data.dan_choice_$ndani eq "DANI") then 
 CNSsolve>        evaluate ($Data.flags.dani = true) 
 CNSsolve>	evaluate ($restfile="RUN:data/dani/dani"+encode($ndani)+".tbl") 
 CNSsolve>	evaluate ($cln="da"+encode($ndani)) 
 CNSsolve>        evaluate ($inidani=1) 
 CNSsolve>        dani 
 CNSsolve>          class $cln 
 CNSsolve>          force 0.0 
 CNSsolve>          potential square 
 CNSsolve>          @@$restfile 
 CNSsolve>        end 
 CNSsolve>      end if 
 CNSsolve>    end if 
 CNSsolve>  end if 
 CNSsolve>  evaluate ($ndani = $ndani + 1) 
 CNSsolve>end loop dani 
 CNSsolve>end if 
 CNSsolve> 
 CNSsolve>!set the energy flags: 
 CNSsolve>inline @RUN:protocols/setflags.cns 
 ASSFIL: file setflags.cns opened.
 CNSsolve>! setflags.cns 
 CNSsolve>!    Defines energy flags 
 CNSsolve>! 
 CNSsolve>! *********************************************************************** 
 CNSsolve>! * Copyright 2003-2018 Alexandre Bonvin, Utrecht University.           * 
 CNSsolve>! * Originally adapted from Aria 1.2 from Nilges and Linge, EMBL.       * 
 CNSsolve>! * All rights reserved.                                                * 
 CNSsolve>! * This code is part of the HADDOCK software and governed by its       * 
 CNSsolve>! * license. Please see the LICENSE file that should have been included * 
 CNSsolve>! * as part of this package.                                            * 
 CNSsolve>! *********************************************************************** 
 CNSsolve>! 
 CNSsolve> 
 CNSsolve>if ($Data.cdih.on eq true) then 
 NEXTCD: condition evaluated as false
 CNSsolve>   evaluate ($Data.flags.cdih =  true) 
 CNSsolve>end if 
 CNSsolve> 
 CNSsolve>evaluate ($nrdc=1) 
 EVALUATE: symbol $NRDC set to    1.00000     (real)
 CNSsolve>while ($nrdc <= $Data.numrdc) loop rdc 
 NEXTCD: condition evaluated as false
 CNSsolve>  if ($Data.rdc_choice_$nrdc eq "SANI") then 
 CNSsolve>    evaluate ($Data.flags.sani = true) 
 CNSsolve>  end if 
 CNSsolve>  if ($Data.rdc_choice_$nrdc eq "VANGLE") then 
 CNSsolve>    evaluate ($Data.flags.vean = true) 
 CNSsolve>  end if 
 CNSsolve>  if ($Data.rdc_choice_$nrdc eq "XRDC") then 
 CNSsolve>    evaluate ($Data.flags.xrdc = true) 
 CNSsolve>  end if 
 CNSsolve>  evaluate ($nrdc=$nrdc+1) 
 CNSsolve>end loop rdc 
 CNSsolve> 
 CNSsolve>evaluate ($ndani=1) 
 EVALUATE: symbol $NDANI set to    1.00000     (real)
 CNSsolve>while ($ndani <= $Data.numdani) loop dani 
 NEXTCD: condition evaluated as false
 CNSsolve>  if ($Data.dan_choice_$ndani eq "DANI") then 
 CNSsolve>     evaluate ($Data.flags.DANI = true) 
 CNSsolve>  end if 
 CNSsolve>  evaluate ($ndani=$ndani+1) 
 CNSsolve>end loop dani 
 CNSsolve> 
 CNSsolve>evaluate ($npcs=1) 
 EVALUATE: symbol $NPCS set to    1.00000     (real)
 CNSsolve>while ($npcs <= $Data.numpcs) loop pcs 
 NEXTCD: condition evaluated as false
 CNSsolve>  if ($Data.pcs_choice_$npcs eq "XPCS") then 
 CNSsolve>     evaluate ($Data.flags.XPCS = true) 
 CNSsolve>  end if 
 CNSsolve>  evaluate ($npcs=$npcs+1) 
 CNSsolve>end loop pcs 
 CNSsolve> 
 CNSsolve>if ($Data.flags.sani eq TRUE) then 
 NEXTCD: condition evaluated as false
 CNSsolve>  evaluate ($Data.flags.harm = true) 
 CNSsolve>end if 
 CNSsolve>if ($Data.flags.dani eq TRUE) then 
 NEXTCD: condition evaluated as false
 CNSsolve>  evaluate ($Data.flags.harm = true) 
 CNSsolve>end if 
 CNSsolve> 
 CNSsolve>if ($Data.flags.noe  =  TRUE) then 
 NEXTCD: condition evaluated as true
 CNSsolve>   flags include noe end 
 CNSsolve>elseif ($Data.flags.centroids = true) then 
 CNSsolve>    flags include noe end 
 CNSsolve>end if 
 CNSsolve> 
 CNSsolve>if ($Data.flags.cdih =  TRUE) then 
 NEXTCD: condition evaluated as false
 CNSsolve>   flags include cdih end 
 CNSsolve>end if 
 CNSsolve>if ($Data.flags.vean =  TRUE) then 
 NEXTCD: condition evaluated as false
 CNSsolve>   flags include vean end 
 CNSsolve>end if 
 CNSsolve>if ($Data.flags.sani =  TRUE) then 
 NEXTCD: condition evaluated as false
 CNSsolve>   flags include sani end 
 CNSsolve>end if 
 CNSsolve>if ($Data.flags.xrdc =  TRUE) then 
 NEXTCD: condition evaluated as false
 CNSsolve>   flags include xrdc end 
 CNSsolve>end if 
 CNSsolve>if ($Data.flags.xpcs =  TRUE) then 
 NEXTCD: condition evaluated as false
 CNSsolve>   flags include xpcs end 
 CNSsolve>end if 
 CNSsolve>if ($Data.flags.dani =  TRUE) then 
 NEXTCD: condition evaluated as false
 CNSsolve>   flags include dani end 
 CNSsolve>end if 
 CNSsolve> 
 CNSsolve>if ($Data.flags.plan =  TRUE) then 
 NEXTCD: condition evaluated as false
 CNSsolve>   flags include plan end 
 CNSsolve>end if 
 CNSsolve>if ($Data.flags.ncs  =  TRUE) then 
 NEXTCD: condition evaluated as false
 CNSsolve>   flags include ncs end 
 CNSsolve>end if 
 CNSsolve> 
 CNSsolve>if ($Data.flags.rg = TRUE) then 
 NEXTCD: condition evaluated as false
 CNSsolve>  if ($data.rgtarg > 0) then 
 CNSsolve>    flags include coll end 
 CNSsolve>  else 
 CNSsolve>    evaluate ($Data.flags.rg = false) 
 CNSsolve>  end if 
 CNSsolve>end if 
 CNSsolve> 
 CNSsolve>{* random removal of restaints ================================== *} 
 CNSsolve>if ($Data.noecv eq true) then 
 NEXTCD: condition evaluated as true
 CNSsolve>  set message=on echo=on end 
 CNSsolve>  noe cv $npart ? end 
 NOE: total number of restraints:    16 partitioned into      2 classes
 NOE: ceiling=    1000.000 current allocation=12000000
 NOE: data are partitioned into working set and test set.
 NOE: test set number=     2
 CNSsolve>else 
 CNSsolve>  evaluate ($npart = 0) 
 CNSsolve>end if 
 CNSsolve> 
 CNSsolve>if ( $log_level = verbose ) then 
 NEXTCD: condition evaluated as false
 CNSsolve>   set message=normal echo=on end 
 CNSsolve>else 
 CNSsolve>   set message=off echo=off end 
 NOE: total number of restraints:    16 partitioned into      2 classes
 NOE: ceiling=    1000.000 current allocation=12000000
 NOE: data are partitioned into working set and test set.
 NOE: test set number=     2
 %PARRDR-info: duplication of bond C    OC  
 %PARRDR-info: duplication of bond CH1E OAS 
 %PARRDR-info: duplication of bond HN   N3T 
 %PARRDR-info: duplication of angle CH2E C    NH1 
 %PARRDR-info: duplication of angle CR1E CR1E CY2 
 %PARRDR-info: duplication of angle OC   C    OC  
 %PARRDR-info: duplication of nonbonded entry H   
 %PARRDR-info: duplication of nonbonded entry HA  
 %PARRDR-info: duplication of nonbonded entry HC  
 %PARRDR-info: duplication of nonbonded entry OP1 
 %PARRDR-info: duplication of nonbonded entry OH  
 %PARRDR-info: duplication of nonbonded entry P   
 %PARRDR-info: duplication of nonbonded entry HO  
 %PARRDR-info: duplication of nonbonded entry HN  
 %PARRDR-info: duplication of nonbonded entry HO  
 %PARRDR-info: duplication of nonbonded entry HO  
 %PARRDR-info: duplication of nonbonded entry HA  
 %PARRDR-info: duplication of nonbonded entry HA  
 %PARRDR-info: duplication of nonbonded entry OC  
 %PARRDR-info: duplication of nonbonded entry C   
 -----nonbonded-list-options-------------------------------
 | CUTNb=   9.500 TOLErance=   0.500 WMIN=   0.500 ATOM   |
 | INHIbit=   0.250                                       |
 -----electrostatic options--------------------------------
 | EPS=  78.000 E14Fac=   0.400 CDIElectric POTEN SHIFt   |
 -----van der Waals options--------------------------------
 | VSWItch                                                |
 -----switching /shifting parameters-----------------------
 | CTONNB=   6.500 CTOFNB=   8.500                        |
 -----exclusion list options-------------------------------
 | NBXMOD=   5                                            |
 ----------------------------------------------------------
 %PARRDR-info: duplication of bond C    OC  
 %PARRDR-info: duplication of bond CH1E OAS 
 %PARRDR-info: duplication of bond HN   N3T 
 %PARRDR-info: duplication of angle CH2E C    NH1 
 %PARRDR-info: duplication of angle CR1E CR1E CY2 
 %PARRDR-info: duplication of angle OC   C    OC  
 %PARRDR-info: duplication of nonbonded entry H   
 %PARRDR-info: duplication of nonbonded entry HA  
 %PARRDR-info: duplication of nonbonded entry HC  
 %PARRDR-info: duplication of nonbonded entry OP1 
 %PARRDR-info: duplication of nonbonded entry OH  
 %PARRDR-info: duplication of nonbonded entry P   
 %PARRDR-info: duplication of nonbonded entry HO  
 %PARRDR-info: duplication of nonbonded entry HN  
 %PARRDR-info: duplication of nonbonded entry HO  
 %PARRDR-info: duplication of nonbonded entry HO  
 %PARRDR-info: duplication of nonbonded entry HA  
 %PARRDR-info: duplication of nonbonded entry HA  
 %PARRDR-info: duplication of nonbonded entry OC  
 %PARRDR-info: duplication of nonbonded entry C   
 MOMENTS
     73.47386922    -14.12247759    -13.89687291
                     80.98108947     -9.23535097
                                    224.96974847

 MOMENTS
 161691.76036895 120404.95587970   -725.25811776
                 182551.18482744  33957.40957625
                                 145955.43648335


 ***** WARNING ***** FROM ORINTC. ROTATION MATRIX IS NOT UNITARY.
 DETERMINANT=   -1.00000000

SPACING SET TO 84.1208 ANGSTROM
 ZXCGR: gradient converged
 RIGID: main coordinates set to best minimum
 ZXCGR: gradient converged
 RIGID: main coordinates set to best minimum
 ZXCGR: gradient converged
 RIGID: main coordinates set to best minimum
 ZXCGR: gradient converged
 RIGID: main coordinates set to best minimum
 ZXCGR: gradient converged
 RIGID: main coordinates set to best minimum
 ZXCGR: gradient converged
 RIGID: main coordinates set to best minimum
 ZXCGR: gradient converged
 RIGID: main coordinates set to best minimum
 ZXCGR: gradient converged
 RIGID: main coordinates set to best minimum
 ZXCGR: gradient converged
 RIGID: main coordinates set to best minimum
 ZXCGR: gradient converged
 RIGID: main coordinates set to best minimum
 NBONDS: generating intra-molecular exclusion list with mode= 5
 MAKINB: mode   5 found      0 exclusions and      0 interactions(1-4)
 NBONDS: found        0 intra-atom interactions
 NBONDS: found        0 intra-atom interactions
 NBONDS: found        0 intra-atom interactions
 NBONDS: found        0 intra-atom interactions
 NBONDS: found        0 intra-atom interactions
 NBONDS: found        0 intra-atom interactions
 %atoms "A   -1   -SAX -N2  " and "B   -25  -DG  -H21 " only  0.41 A apart
 %atoms "A   -1   -SAX -HAK " and "B   -25  -DG  -O6  " only  0.36 A apart
 NBONDS: found     6479 intra-atom interactions
 NBONDS: found        2 nonbonded violations
 NBONDS: found        0 intra-atom interactions

 --------------- cycle=    10 --------------------------------------------------
 | Etotal =3299.754   grad(E)=0.271      E(VDW )=0.000      E(ELEC)=0.000      |
 | E(NOE )=3299.754                                                            |
 -------------------------------------------------------------------------------
 NBONDS: found       62 intra-atom interactions
 %atoms "A   -1   -SAX -C9  " and "B   -22  -DC  -C5  " only  0.48 A apart
 NBONDS: found     3745 intra-atom interactions
 NBONDS: found        1 nonbonded violations
 NBONDS: found       62 intra-atom interactions
 NBONDS: found     1361 intra-atom interactions
 NBONDS: found      802 intra-atom interactions
 NBONDS: found     1176 intra-atom interactions
 NBONDS: found        0 intra-atom interactions
 NBONDS: found     1515 intra-atom interactions

 --------------- cycle=    20 --------------------------------------------------
 | Etotal =0.25E+07   grad(E)=499716.482 E(VDW )=0.25E+07   E(ELEC)=-1.711     |
 | E(NOE )=680.475                                                             |
 -------------------------------------------------------------------------------
 NBONDS: found     1247 intra-atom interactions
 NBONDS: found     2134 intra-atom interactions
 NBONDS: found     1263 intra-atom interactions
 NBONDS: found     1900 intra-atom interactions
 NBONDS: found     1632 intra-atom interactions
 NBONDS: found     2288 intra-atom interactions
 NBONDS: found     1970 intra-atom interactions
 NBONDS: found     1676 intra-atom interactions

 --------------- cycle=    30 --------------------------------------------------
 | Etotal =722.154    grad(E)=1.130      E(VDW )=4.607      E(ELEC)=-0.988     |
 | E(NOE )=718.535                                                             |
 -------------------------------------------------------------------------------
 NBONDS: found     1710 intra-atom interactions
 NBONDS: found     1673 intra-atom interactions

 --------------- cycle=    40 --------------------------------------------------
 | Etotal =713.464    grad(E)=1.084      E(VDW )=6.233      E(ELEC)=-1.017     |
 | E(NOE )=708.249                                                             |
 -------------------------------------------------------------------------------
 NBONDS: found     1671 intra-atom interactions
 NBONDS: found     1676 intra-atom interactions
 NBONDS: found     1682 intra-atom interactions
 NBONDS: found     1626 intra-atom interactions
 NBONDS: found     1653 intra-atom interactions
 NBONDS: found     1588 intra-atom interactions
 NBONDS: found     2976 intra-atom interactions
 NBONDS: found     2237 intra-atom interactions

 --------------- cycle=    50 --------------------------------------------------
 | Etotal =482.730    grad(E)=0.929      E(VDW )=-0.296     E(ELEC)=-0.997     |
 | E(NOE )=484.023                                                             |
 -------------------------------------------------------------------------------
 NBONDS: found     2372 intra-atom interactions
 %atoms "A   -1   -SAX -H17 " and "B   -26  -DT  -H5''" only  0.42 A apart
 NBONDS: found     1727 intra-atom interactions
 NBONDS: found        1 nonbonded violations
 NBONDS: found     2373 intra-atom interactions
 NBONDS: found     2292 intra-atom interactions
 NBONDS: found     2437 intra-atom interactions
 NBONDS: found     2450 intra-atom interactions
 NBONDS: found     2465 intra-atom interactions
 NBONDS: found     2760 intra-atom interactions
 NBONDS: found     2745 intra-atom interactions
 NBONDS: found     2758 intra-atom interactions

 --------------- cycle=    60 --------------------------------------------------
 | Etotal =303.010    grad(E)=1.614      E(VDW )=7.710      E(ELEC)=0.017      |
 | E(NOE )=295.282                                                             |
 -------------------------------------------------------------------------------
 NBONDS: found     2163 intra-atom interactions
 NBONDS: found     2569 intra-atom interactions
 NBONDS: found     2419 intra-atom interactions
 NBONDS: found     2534 intra-atom interactions
 NBONDS: found     2754 intra-atom interactions
 NBONDS: found     3865 intra-atom interactions
 %atoms "A   -1   -SAX -C5  " and "B   -18  -DG  -C4  " only  0.34 A apart
 NBONDS: found     6372 intra-atom interactions
 NBONDS: found        1 nonbonded violations
 NBONDS: found     3865 intra-atom interactions
 NBONDS: found     6549 intra-atom interactions

 --------------- cycle=    70 --------------------------------------------------
 | Etotal =0.14E+07   grad(E)=227375.753 E(VDW )=0.14E+07   E(ELEC)=-1.199     |
 | E(NOE )=96.718                                                              |
 -------------------------------------------------------------------------------
 NBONDS: found     5536 intra-atom interactions
 NBONDS: found     4794 intra-atom interactions
 NBONDS: found     4489 intra-atom interactions
 NBONDS: found     4598 intra-atom interactions

 --------------- cycle=    80 --------------------------------------------------
 | Etotal =165.605    grad(E)=0.800      E(VDW )=-5.645     E(ELEC)=-0.224     |
 | E(NOE )=171.474                                                             |
 -------------------------------------------------------------------------------
 NBONDS: found     4835 intra-atom interactions
 NBONDS: found     4777 intra-atom interactions
 NBONDS: found     4835 intra-atom interactions
 NBONDS: found     4957 intra-atom interactions
 NBONDS: found     4927 intra-atom interactions
 NBONDS: found     4931 intra-atom interactions
 NBONDS: found     4950 intra-atom interactions

 --------------- cycle=    90 --------------------------------------------------
 | Etotal =156.516    grad(E)=0.521      E(VDW )=-12.551    E(ELEC)=-0.154     |
 | E(NOE )=169.220                                                             |
 -------------------------------------------------------------------------------
 NBONDS: found     4972 intra-atom interactions

 --------------- cycle=   100 --------------------------------------------------
 | Etotal =156.797    grad(E)=0.733      E(VDW )=-7.154     E(ELEC)=-0.218     |
 | E(NOE )=164.169                                                             |
 -------------------------------------------------------------------------------
 NBONDS: found     5020 intra-atom interactions

 --------------- cycle=   110 --------------------------------------------------
 | Etotal =154.284    grad(E)=0.521      E(VDW )=-12.163    E(ELEC)=-0.250     |
 | E(NOE )=166.697                                                             |
 -------------------------------------------------------------------------------
 NBONDS: found     5016 intra-atom interactions
 NBONDS: found     5053 intra-atom interactions

 --------------- cycle=   120 --------------------------------------------------
 | Etotal =153.295    grad(E)=0.566      E(VDW )=-11.791    E(ELEC)=-0.319     |
 | E(NOE )=165.406                                                             |
 -------------------------------------------------------------------------------
 NBONDS: found     5063 intra-atom interactions
 NBONDS: found     5148 intra-atom interactions

 --------------- cycle=   130 --------------------------------------------------
 | Etotal =152.193    grad(E)=0.569      E(VDW )=-12.716    E(ELEC)=-0.422     |
 | E(NOE )=165.331                                                             |
 -------------------------------------------------------------------------------

 --------------- cycle=   140 --------------------------------------------------
 | Etotal =152.173    grad(E)=0.568      E(VDW )=-12.759    E(ELEC)=-0.418     |
 | E(NOE )=165.350                                                             |
 -------------------------------------------------------------------------------
 NBONDS: found     5110 intra-atom interactions
 ZXCGR: gradient converged
 RIGID: main coordinates set to best minimum
SOLVATED-DOCKING: INITIAL NUMBER OF WATERS IS 0
SOLVATED-DOCKING: REMAINING NUMBER OF INTERFACIAL WATERS IS 0
 NBONDS: generating intra-molecular exclusion list with mode= 5
 MAKINB: mode   5 found      0 exclusions and      0 interactions(1-4)
 NBONDS: found     5091 intra-atom interactions
 NBONDS: generating intra-molecular exclusion list with mode= 5
 MAKINB: mode   5 found      0 exclusions and      0 interactions(1-4)
 NBONDS: found        0 intra-atom interactions
 NBONDS: generating intra-molecular exclusion list with mode= 5
 MAKINB: mode   5 found      0 exclusions and      0 interactions(1-4)
 NBONDS: found        0 intra-atom interactions
 NBONDS: generating intra-molecular exclusion list with mode= 5
 MAKINB: mode   5 found      0 exclusions and      0 interactions(1-4)
 NBONDS: found        0 intra-atom interactions
 --------------- cycle=     1 --------------------------------------------------
 | Etotal =152.159    grad(E)=0.573      E(VDW )=-12.848    E(ELEC)=-0.421     |
 | E(NOE )=165.428                                                             |
 -------------------------------------------------------------------------------
 ZXCGR: gradient converged
 RIGID: main coordinates set to best minimum
 --------------- cycle=     2 --------------------------------------------------
 | Etotal =152.159    grad(E)=0.573      E(VDW )=-12.848    E(ELEC)=-0.421     |
 | E(NOE )=165.428                                                             |
 -------------------------------------------------------------------------------
 ZXCGR: gradient converged
 RIGID: main coordinates set to best minimum
 --------------- cycle=     3 --------------------------------------------------
 | Etotal =152.159    grad(E)=0.573      E(VDW )=-12.848    E(ELEC)=-0.421     |
 | E(NOE )=165.428                                                             |
 -------------------------------------------------------------------------------
 NBONDS: generating intra-molecular exclusion list with mode= 5
 MAKINB: mode   5 found      0 exclusions and      0 interactions(1-4)
 NBONDS: found     5091 intra-atom interactions
 --------------- cycle=     4 --------------------------------------------------
 | Etotal =245.212    grad(E)=0.675      E(VDW )=-12.848    E(ELEC)=-0.421     |
 | E(NOE )=258.482                                                             |
 -------------------------------------------------------------------------------
 SURFAC: half the sigma value being used for atomic radii.
 SURFAC: ACCEssible surface area
 SURFAC: ACCUracy= 0.07 RH2O=  1.40
         Z-grid=  0.32 number-of-Z-sections=   41
         measures-of-arc=    49 and   192
 SURFAC: half the sigma value being used for atomic radii.
 SURFAC: ACCEssible surface area
 SURFAC: ACCUracy= 0.07 RH2O=  1.40
         Z-grid=  0.25 number-of-Z-sections=  213
         measures-of-arc= 10972 and 21012
 SURFAC: half the sigma value being used for atomic radii.
 SURFAC: ACCEssible surface area
 SURFAC: ACCUracy= 0.07 RH2O=  1.40
         Z-grid=  0.25 number-of-Z-sections=  213
         measures-of-arc= 11405 and 21426
 NBONDS: generating intra-molecular exclusion list with mode= 5
 MAKINB: mode   5 found      0 exclusions and      0 interactions(1-4)
 NBONDS: found     4955 intra-atom interactions

 --------------- cycle=    10 --------------------------------------------------
 | Etotal =125719.986 grad(E)=20482.390  E(VDW )=125544.012 E(ELEC)=-0.229     |
 | E(NOE )=176.203                                                             |
 -------------------------------------------------------------------------------
 NBONDS: found     4586 intra-atom interactions

 --------------- cycle=    20 --------------------------------------------------
 | Etotal =1423.452   grad(E)=119.317    E(VDW )=1220.339   E(ELEC)=-0.235     |
 | E(NOE )=203.347                                                             |
 -------------------------------------------------------------------------------
 NBONDS: found     3932 intra-atom interactions

 --------------- cycle=    30 --------------------------------------------------
 | Etotal =249.647    grad(E)=0.775      E(VDW )=-1.333     E(ELEC)=-0.198     |
 | E(NOE )=251.178                                                             |
 -------------------------------------------------------------------------------
 NBONDS: found     3836 intra-atom interactions
 NBONDS: found     4582 intra-atom interactions
 NBONDS: found     4269 intra-atom interactions
 NBONDS: found     3966 intra-atom interactions

 --------------- cycle=    40 --------------------------------------------------
 | Etotal =208.173    grad(E)=1.453      E(VDW )=-0.956     E(ELEC)=0.065      |
 | E(NOE )=209.064                                                             |
 -------------------------------------------------------------------------------
 NBONDS: found     4196 intra-atom interactions

 --------------- cycle=    50 --------------------------------------------------
 | Etotal =188.514    grad(E)=1.225      E(VDW )=0.209      E(ELEC)=-0.434     |
 | E(NOE )=188.739                                                             |
 -------------------------------------------------------------------------------
 NBONDS: found     4423 intra-atom interactions
 NBONDS: found     4505 intra-atom interactions

 --------------- cycle=    60 --------------------------------------------------
 | Etotal =182.054    grad(E)=0.919      E(VDW )=-3.720     E(ELEC)=-0.466     |
 | E(NOE )=186.240                                                             |
 -------------------------------------------------------------------------------
 NBONDS: found     4788 intra-atom interactions
 NBONDS: found     4671 intra-atom interactions
 NBONDS: found     4567 intra-atom interactions
 NBONDS: found     4603 intra-atom interactions
 NBONDS: found     4597 intra-atom interactions
 NBONDS: found     4507 intra-atom interactions

 --------------- cycle=    70 --------------------------------------------------
 | Etotal =174.950    grad(E)=0.539      E(VDW )=-10.028    E(ELEC)=-0.476     |
 | E(NOE )=185.453                                                             |
 -------------------------------------------------------------------------------
 NBONDS: found     4589 intra-atom interactions

 --------------- cycle=    80 --------------------------------------------------
 | Etotal =172.700    grad(E)=0.604      E(VDW )=-9.660     E(ELEC)=-0.513     |
 | E(NOE )=182.873                                                             |
 -------------------------------------------------------------------------------
 NBONDS: found     4596 intra-atom interactions
 NBONDS: found     4628 intra-atom interactions
 NBONDS: found     4551 intra-atom interactions
 NBONDS: found     4575 intra-atom interactions
 NBONDS: found     4654 intra-atom interactions

 --------------- cycle=    90 --------------------------------------------------
 | Etotal =171.235    grad(E)=0.750      E(VDW )=-6.178     E(ELEC)=-0.223     |
 | E(NOE )=177.636                                                             |
 -------------------------------------------------------------------------------

 --------------- cycle=   100 --------------------------------------------------
 | Etotal =167.673    grad(E)=0.417      E(VDW )=-10.155    E(ELEC)=-0.283     |
 | E(NOE )=178.111                                                             |
 -------------------------------------------------------------------------------
 NBONDS: found     4598 intra-atom interactions
 NBONDS: found     4772 intra-atom interactions
 NBONDS: found     4653 intra-atom interactions

 --------------- cycle=   110 --------------------------------------------------
 | Etotal =166.293    grad(E)=0.427      E(VDW )=-9.192     E(ELEC)=-0.221     |
 | E(NOE )=175.705                                                             |
 -------------------------------------------------------------------------------
 NBONDS: found     4652 intra-atom interactions
 NBONDS: found     4586 intra-atom interactions
 NBONDS: found     4203 intra-atom interactions
 NBONDS: found     4441 intra-atom interactions
 NBONDS: found     4487 intra-atom interactions

 --------------- cycle=   120 --------------------------------------------------
 | Etotal =168.772    grad(E)=0.616      E(VDW )=-7.494     E(ELEC)=-0.053     |
 | E(NOE )=176.319                                                             |
 -------------------------------------------------------------------------------
 NBONDS: found     4498 intra-atom interactions

 --------------- cycle=   130 --------------------------------------------------
 | Etotal =160.820    grad(E)=0.444      E(VDW )=-9.550     E(ELEC)=-0.004     |
 | E(NOE )=170.374                                                             |
 -------------------------------------------------------------------------------
 NBONDS: found     4602 intra-atom interactions
 NBONDS: found     4661 intra-atom interactions

 --------------- cycle=   140 --------------------------------------------------
 | Etotal =156.339    grad(E)=0.582      E(VDW )=-8.972     E(ELEC)=-0.212     |
 | E(NOE )=165.524                                                             |
 -------------------------------------------------------------------------------
 NBONDS: found     4658 intra-atom interactions
 NBONDS: found     4735 intra-atom interactions
 NBONDS: found     4781 intra-atom interactions

 --------------- cycle=   150 --------------------------------------------------
 | Etotal =153.054    grad(E)=0.373      E(VDW )=-12.023    E(ELEC)=-0.117     |
 | E(NOE )=165.194                                                             |
 -------------------------------------------------------------------------------
 NBONDS: found     4772 intra-atom interactions

 --------------- cycle=   160 --------------------------------------------------
 | Etotal =151.761    grad(E)=0.461      E(VDW )=-10.554    E(ELEC)=-0.074     |
 | E(NOE )=162.390                                                             |
 -------------------------------------------------------------------------------
 NBONDS: found     4737 intra-atom interactions

 --------------- cycle=   170 --------------------------------------------------
 | Etotal =151.251    grad(E)=0.422      E(VDW )=-11.018    E(ELEC)=-0.033     |
 | E(NOE )=162.301                                                             |
 -------------------------------------------------------------------------------
 NBONDS: found     4750 intra-atom interactions

 --------------- cycle=   180 --------------------------------------------------
 | Etotal =151.084    grad(E)=0.365      E(VDW )=-11.726    E(ELEC)=-0.006     |
 | E(NOE )=162.816                                                             |
 -------------------------------------------------------------------------------
 NBONDS: found     4785 intra-atom interactions
 NBONDS: found     4843 intra-atom interactions

 --------------- cycle=   190 --------------------------------------------------
 | Etotal =150.934    grad(E)=0.406      E(VDW )=-11.372    E(ELEC)=-0.041     |
 | E(NOE )=162.347                                                             |
 -------------------------------------------------------------------------------
 NBONDS: found     4813 intra-atom interactions

 --------------- cycle=   200 --------------------------------------------------
 | Etotal =150.883    grad(E)=0.421      E(VDW )=-11.116    E(ELEC)=-0.081     |
 | E(NOE )=162.080                                                             |
 -------------------------------------------------------------------------------

 --------------- cycle=   210 --------------------------------------------------
 | Etotal =150.858    grad(E)=0.412      E(VDW )=-11.179    E(ELEC)=-0.091     |
 | E(NOE )=162.128                                                             |
 -------------------------------------------------------------------------------
 NBONDS: found     4806 intra-atom interactions

 --------------- cycle=   220 --------------------------------------------------
 | Etotal =150.554    grad(E)=0.395      E(VDW )=-11.562    E(ELEC)=-0.040     |
 | E(NOE )=162.156                                                             |
 -------------------------------------------------------------------------------

 --------------- cycle=   230 --------------------------------------------------
 | Etotal =150.497    grad(E)=0.376      E(VDW )=-12.102    E(ELEC)=-0.030     |
 | E(NOE )=162.629                                                             |
 -------------------------------------------------------------------------------
 NBONDS: found     4819 intra-atom interactions

 --------------- cycle=   240 --------------------------------------------------
 | Etotal =150.396    grad(E)=0.366      E(VDW )=-12.152    E(ELEC)=-0.035     |
 | E(NOE )=162.584                                                             |
 -------------------------------------------------------------------------------
 NBONDS: found     4820 intra-atom interactions

 --------------- cycle=   250 --------------------------------------------------
 | Etotal =150.180    grad(E)=0.355      E(VDW )=-12.324    E(ELEC)=-0.066     |
 | E(NOE )=162.569                                                             |
 -------------------------------------------------------------------------------
 ZXCGR: NSTEP limit reached
 RIGID: main coordinates set to best minimum

 --------------- cycle=    10 --------------------------------------------------
 | Etotal =150.130    grad(E)=0.346      E(VDW )=-12.742    E(ELEC)=-0.062     |
 | E(NOE )=162.934                                                             |
 -------------------------------------------------------------------------------
 NBONDS: found     4853 intra-atom interactions
 NBONDS: found     4879 intra-atom interactions
 NBONDS: found     4880 intra-atom interactions
 NBONDS: found     4874 intra-atom interactions

 --------------- cycle=    20 --------------------------------------------------
 | Etotal =149.597    grad(E)=0.264      E(VDW )=-16.294    E(ELEC)=-0.273     |
 | E(NOE )=166.164                                                             |
 -------------------------------------------------------------------------------
 NBONDS: found     4957 intra-atom interactions
 NBONDS: found     4936 intra-atom interactions
 NBONDS: found     4971 intra-atom interactions

 --------------- cycle=    30 --------------------------------------------------
 | Etotal =148.145    grad(E)=0.376      E(VDW )=-14.212    E(ELEC)=-0.407     |
 | E(NOE )=162.764                                                             |
 -------------------------------------------------------------------------------

 --------------- cycle=    40 --------------------------------------------------
 | Etotal =148.077    grad(E)=0.362      E(VDW )=-14.670    E(ELEC)=-0.400     |
 | E(NOE )=163.148                                                             |
 -------------------------------------------------------------------------------
 NBONDS: found     4871 intra-atom interactions

 --------------- cycle=    50 --------------------------------------------------
 | Etotal =148.042    grad(E)=0.378      E(VDW )=-14.255    E(ELEC)=-0.413     |
 | E(NOE )=162.710                                                             |
 -------------------------------------------------------------------------------
 NBONDS: found     4967 intra-atom interactions
 NBONDS: found     5029 intra-atom interactions
 NBONDS: found     5094 intra-atom interactions
 NBONDS: found     5035 intra-atom interactions

 --------------- cycle=    60 --------------------------------------------------
 | Etotal =147.371    grad(E)=0.487      E(VDW )=-13.132    E(ELEC)=-0.669     |
 | E(NOE )=161.172                                                             |
 -------------------------------------------------------------------------------
 NBONDS: found     5096 intra-atom interactions
 NBONDS: found     5069 intra-atom interactions

 --------------- cycle=    70 --------------------------------------------------
 | Etotal =143.539    grad(E)=0.505      E(VDW )=-14.825    E(ELEC)=-0.897     |
 | E(NOE )=159.261                                                             |
 -------------------------------------------------------------------------------
 NBONDS: found     5209 intra-atom interactions
 NBONDS: found     5105 intra-atom interactions
 NBONDS: found     5173 intra-atom interactions

 --------------- cycle=    80 --------------------------------------------------
 | Etotal =139.391    grad(E)=0.496      E(VDW )=-16.192    E(ELEC)=-0.900     |
 | E(NOE )=156.484                                                             |
 -------------------------------------------------------------------------------
 NBONDS: found     5178 intra-atom interactions
 NBONDS: found     5179 intra-atom interactions
 NBONDS: found     5172 intra-atom interactions

 --------------- cycle=    90 --------------------------------------------------
 | Etotal =138.603    grad(E)=0.526      E(VDW )=-15.461    E(ELEC)=-0.945     |
 | E(NOE )=155.009                                                             |
 -------------------------------------------------------------------------------

 --------------- cycle=   100 --------------------------------------------------
 | Etotal =138.491    grad(E)=0.495      E(VDW )=-15.756    E(ELEC)=-0.947     |
 | E(NOE )=155.195                                                             |
 -------------------------------------------------------------------------------
 NBONDS: found     5143 intra-atom interactions

 --------------- cycle=   110 --------------------------------------------------
 | Etotal =138.342    grad(E)=0.497      E(VDW )=-15.493    E(ELEC)=-0.945     |
 | E(NOE )=154.780                                                             |
 -------------------------------------------------------------------------------
 NBONDS: found     5154 intra-atom interactions

 --------------- cycle=   120 --------------------------------------------------
 | Etotal =138.196    grad(E)=0.507      E(VDW )=-15.283    E(ELEC)=-0.923     |
 | E(NOE )=154.402                                                             |
 -------------------------------------------------------------------------------

 --------------- cycle=   130 --------------------------------------------------
 | Etotal =138.016    grad(E)=0.478      E(VDW )=-15.716    E(ELEC)=-0.914     |
 | E(NOE )=154.646                                                             |
 -------------------------------------------------------------------------------

 --------------- cycle=   140 --------------------------------------------------
 | Etotal =137.973    grad(E)=0.478      E(VDW )=-15.530    E(ELEC)=-0.924     |
 | E(NOE )=154.428                                                             |
 -------------------------------------------------------------------------------
 ZXCGR: gradient converged
 RIGID: main coordinates set to best minimum
 --------------- cycle=     5 --------------------------------------------------
 | Etotal =137.973    grad(E)=0.479      E(VDW )=-15.502    E(ELEC)=-0.924     |
 | E(NOE )=154.399                                                             |
 -------------------------------------------------------------------------------
 NBONDS: generating intra-molecular exclusion list with mode= 5
 MAKINB: mode   5 found      0 exclusions and      0 interactions(1-4)
 NBONDS: found     5151 intra-atom interactions
 --------------- cycle=     6 --------------------------------------------------
 | Etotal =224.822    grad(E)=0.601      E(VDW )=-15.502    E(ELEC)=-0.924     |
 | E(NOE )=241.248                                                             |
 -------------------------------------------------------------------------------
 SURFAC: half the sigma value being used for atomic radii.
 SURFAC: ACCEssible surface area
 SURFAC: ACCUracy= 0.07 RH2O=  1.40
         Z-grid=  0.32 number-of-Z-sections=   39
         measures-of-arc=    55 and   206
 SURFAC: half the sigma value being used for atomic radii.
 SURFAC: ACCEssible surface area
 SURFAC: ACCUracy= 0.07 RH2O=  1.40
         Z-grid=  0.25 number-of-Z-sections=  163
         measures-of-arc= 10828 and 19424
 SURFAC: half the sigma value being used for atomic radii.
 SURFAC: ACCEssible surface area
 SURFAC: ACCUracy= 0.07 RH2O=  1.40
         Z-grid=  0.25 number-of-Z-sections=  163
         measures-of-arc= 11232 and 19904
 MOMENTS
    133.55890200     45.01292035    -68.44820856
                    105.32711723    -26.62634484
                                    140.53872632

 MOMENTS
  76890.73814774 -25879.32898583  69324.49087024
                 138515.79551188  16023.10006596
                                 274791.85727156

SPACING SET TO 84.1208 ANGSTROM
 ZXCGR: gradient converged
 RIGID: main coordinates set to best minimum
 ZXCGR: gradient converged
 RIGID: main coordinates set to best minimum
 ZXCGR: gradient converged
 RIGID: main coordinates set to best minimum
 ZXCGR: gradient converged
 RIGID: main coordinates set to best minimum
 ZXCGR: gradient converged
 RIGID: main coordinates set to best minimum
 ZXCGR: gradient converged
 RIGID: main coordinates set to best minimum
 ZXCGR: gradient converged
 RIGID: main coordinates set to best minimum
 ZXCGR: gradient converged
 RIGID: main coordinates set to best minimum
 ZXCGR: gradient converged
 RIGID: main coordinates set to best minimum
 ZXCGR: gradient converged
 RIGID: main coordinates set to best minimum
 NBONDS: generating intra-molecular exclusion list with mode= 5
 MAKINB: mode   5 found      0 exclusions and      0 interactions(1-4)
 NBONDS: found        0 intra-atom interactions
 NBONDS: found        0 intra-atom interactions
 NBONDS: found        0 intra-atom interactions
 NBONDS: found        0 intra-atom interactions
 NBONDS: found        0 intra-atom interactions
 NBONDS: found        0 intra-atom interactions
 %atoms "A   -1   -SAX -N3  " and "B   -25  -DG  -H1  " only  0.49 A apart
 %atoms "A   -1   -SAX -HAA " and "B   -18  -DG  -N3  " only  0.47 A apart
 NBONDS: found     6647 intra-atom interactions
 NBONDS: found        2 nonbonded violations
 NBONDS: found      455 intra-atom interactions

 --------------- cycle=    10 --------------------------------------------------
 | Etotal =979.890    grad(E)=0.327      E(VDW )=-0.160     E(ELEC)=-0.193     |
 | E(NOE )=980.243                                                             |
 -------------------------------------------------------------------------------
 NBONDS: found     4629 intra-atom interactions
 NBONDS: found      455 intra-atom interactions
 NBONDS: found     2251 intra-atom interactions
 NBONDS: found     1218 intra-atom interactions
 NBONDS: found     1722 intra-atom interactions
 NBONDS: found     1461 intra-atom interactions
 NBONDS: found        0 intra-atom interactions
 NBONDS: found      594 intra-atom interactions

 --------------- cycle=    20 --------------------------------------------------
 | Etotal =666.289    grad(E)=0.339      E(VDW )=-0.753     E(ELEC)=-0.606     |
 | E(NOE )=667.648                                                             |
 -------------------------------------------------------------------------------
 NBONDS: found     1790 intra-atom interactions
 %atoms "A   -1   -SAX -O3  " and "B   -24  -DC  -H4' " only  0.47 A apart
 NBONDS: found     1508 intra-atom interactions
 NBONDS: found        1 nonbonded violations
 NBONDS: found     1790 intra-atom interactions
 NBONDS: found      494 intra-atom interactions
 NBONDS: found     1368 intra-atom interactions
 NBONDS: found     1665 intra-atom interactions
 NBONDS: found     1527 intra-atom interactions
 NBONDS: found     1725 intra-atom interactions

 --------------- cycle=    30 --------------------------------------------------
 | Etotal =1008.581   grad(E)=92.379     E(VDW )=490.034    E(ELEC)=-1.690     |
 | E(NOE )=520.238                                                             |
 -------------------------------------------------------------------------------
 NBONDS: found     1635 intra-atom interactions
 NBONDS: found     1772 intra-atom interactions
 NBONDS: found     1693 intra-atom interactions
 NBONDS: found     1490 intra-atom interactions
 NBONDS: found      938 intra-atom interactions

 --------------- cycle=    40 --------------------------------------------------
 | Etotal =536.826    grad(E)=0.338      E(VDW )=-0.659     E(ELEC)=-0.010     |
 | E(NOE )=537.495                                                             |
 -------------------------------------------------------------------------------
 NBONDS: found     1409 intra-atom interactions
 NBONDS: found     1414 intra-atom interactions
 NBONDS: found     1286 intra-atom interactions
 NBONDS: found     2320 intra-atom interactions
 NBONDS: found     4916 intra-atom interactions
 NBONDS: found     4034 intra-atom interactions
 NBONDS: found     3229 intra-atom interactions
 NBONDS: found     3660 intra-atom interactions

 --------------- cycle=    50 --------------------------------------------------
 | Etotal =253.600    grad(E)=2.146      E(VDW )=7.754      E(ELEC)=-0.350     |
 | E(NOE )=246.196                                                             |
 -------------------------------------------------------------------------------
 NBONDS: found     4050 intra-atom interactions
 NBONDS: found     3602 intra-atom interactions
 NBONDS: found     3740 intra-atom interactions
 NBONDS: found     3898 intra-atom interactions

 --------------- cycle=    60 --------------------------------------------------
 | Etotal =229.826    grad(E)=0.450      E(VDW )=-7.109     E(ELEC)=-0.836     |
 | E(NOE )=237.771                                                             |
 -------------------------------------------------------------------------------
 NBONDS: found     3780 intra-atom interactions
 NBONDS: found     3736 intra-atom interactions
 NBONDS: found     3822 intra-atom interactions

 --------------- cycle=    70 --------------------------------------------------
 | Etotal =222.457    grad(E)=0.439      E(VDW )=-7.295     E(ELEC)=-0.749     |
 | E(NOE )=230.501                                                             |
 -------------------------------------------------------------------------------
 NBONDS: found     3829 intra-atom interactions
 NBONDS: found     3871 intra-atom interactions

 --------------- cycle=    80 --------------------------------------------------
 | Etotal =215.629    grad(E)=0.414      E(VDW )=-7.152     E(ELEC)=-0.704     |
 | E(NOE )=223.485                                                             |
 -------------------------------------------------------------------------------
 NBONDS: found     3762 intra-atom interactions
 NBONDS: found     3756 intra-atom interactions
 NBONDS: found     4235 intra-atom interactions
 NBONDS: found     3998 intra-atom interactions
 NBONDS: found     3891 intra-atom interactions

 --------------- cycle=    90 --------------------------------------------------
 | Etotal =204.158    grad(E)=0.248      E(VDW )=-10.946    E(ELEC)=-0.448     |
 | E(NOE )=215.552                                                             |
 -------------------------------------------------------------------------------
 NBONDS: found     4284 intra-atom interactions
 NBONDS: found     4110 intra-atom interactions

 --------------- cycle=   100 --------------------------------------------------
 | Etotal =198.921    grad(E)=0.273      E(VDW )=-11.363    E(ELEC)=-0.763     |
 | E(NOE )=211.047                                                             |
 -------------------------------------------------------------------------------
 NBONDS: found     4114 intra-atom interactions
 NBONDS: found     4131 intra-atom interactions
 NBONDS: found     4134 intra-atom interactions
 NBONDS: found     4149 intra-atom interactions

 --------------- cycle=   110 --------------------------------------------------
 | Etotal =196.648    grad(E)=0.322      E(VDW )=-10.598    E(ELEC)=-0.684     |
 | E(NOE )=207.930                                                             |
 -------------------------------------------------------------------------------
 NBONDS: found     4169 intra-atom interactions
 NBONDS: found     4128 intra-atom interactions

 --------------- cycle=   120 --------------------------------------------------
 | Etotal =195.633    grad(E)=0.352      E(VDW )=-10.135    E(ELEC)=-0.621     |
 | E(NOE )=206.389                                                             |
 -------------------------------------------------------------------------------

 --------------- cycle=   130 --------------------------------------------------
 | Etotal =195.563    grad(E)=0.343      E(VDW )=-10.180    E(ELEC)=-0.631     |
 | E(NOE )=206.373                                                             |
 -------------------------------------------------------------------------------

 --------------- cycle=   140 --------------------------------------------------
 | Etotal =195.515    grad(E)=0.324      E(VDW )=-10.507    E(ELEC)=-0.649     |
 | E(NOE )=206.671                                                             |
 -------------------------------------------------------------------------------
 NBONDS: found     4131 intra-atom interactions
 NBONDS: found     3549 intra-atom interactions
 NBONDS: found     3883 intra-atom interactions
 NBONDS: found     3946 intra-atom interactions
 NBONDS: found     3706 intra-atom interactions
 NBONDS: found     3916 intra-atom interactions

 --------------- cycle=   150 --------------------------------------------------
 | Etotal =194.014    grad(E)=0.358      E(VDW )=-8.368     E(ELEC)=-0.452     |
 | E(NOE )=202.834                                                             |
 -------------------------------------------------------------------------------
 NBONDS: found     3931 intra-atom interactions
 NBONDS: found     3977 intra-atom interactions
 NBONDS: found     3979 intra-atom interactions
 NBONDS: found     3977 intra-atom interactions

 --------------- cycle=   160 --------------------------------------------------
 | Etotal =190.158    grad(E)=0.438      E(VDW )=-8.072     E(ELEC)=-0.718     |
 | E(NOE )=198.949                                                             |
 -------------------------------------------------------------------------------
 NBONDS: found     4009 intra-atom interactions
 NBONDS: found     4046 intra-atom interactions
 NBONDS: found     4093 intra-atom interactions

 --------------- cycle=   170 --------------------------------------------------
 | Etotal =185.175    grad(E)=0.425      E(VDW )=-7.856     E(ELEC)=-0.575     |
 | E(NOE )=193.605                                                             |
 -------------------------------------------------------------------------------
 NBONDS: found     4113 intra-atom interactions
 NBONDS: found     4151 intra-atom interactions
 NBONDS: found     4100 intra-atom interactions

 --------------- cycle=   180 --------------------------------------------------
 | Etotal =182.365    grad(E)=0.490      E(VDW )=-7.523     E(ELEC)=-0.603     |
 | E(NOE )=190.490                                                             |
 -------------------------------------------------------------------------------

 --------------- cycle=   190 --------------------------------------------------
 | Etotal =181.980    grad(E)=0.467      E(VDW )=-8.201     E(ELEC)=-0.597     |
 | E(NOE )=190.779                                                             |
 -------------------------------------------------------------------------------
 NBONDS: found     4096 intra-atom interactions

 --------------- cycle=   200 --------------------------------------------------
 | Etotal =181.464    grad(E)=0.509      E(VDW )=-8.194     E(ELEC)=-0.617     |
 | E(NOE )=190.275                                                             |
 -------------------------------------------------------------------------------
 NBONDS: found     4099 intra-atom interactions

 --------------- cycle=   210 --------------------------------------------------
 | Etotal =180.878    grad(E)=0.458      E(VDW )=-8.547     E(ELEC)=-0.647     |
 | E(NOE )=190.072                                                             |
 -------------------------------------------------------------------------------
 NBONDS: found     4115 intra-atom interactions

 --------------- cycle=   220 --------------------------------------------------
 | Etotal =180.480    grad(E)=0.423      E(VDW )=-9.114     E(ELEC)=-0.671     |
 | E(NOE )=190.265                                                             |
 -------------------------------------------------------------------------------
 NBONDS: found     4115 intra-atom interactions
 NBONDS: found     4190 intra-atom interactions

 --------------- cycle=   230 --------------------------------------------------
 | Etotal =180.205    grad(E)=0.439      E(VDW )=-9.046     E(ELEC)=-0.691     |
 | E(NOE )=189.942                                                             |
 -------------------------------------------------------------------------------
 NBONDS: found     4104 intra-atom interactions

 --------------- cycle=   240 --------------------------------------------------
 | Etotal =180.156    grad(E)=0.425      E(VDW )=-9.338     E(ELEC)=-0.723     |
 | E(NOE )=190.217                                                             |
 -------------------------------------------------------------------------------
 NBONDS: found     4108 intra-atom interactions

 --------------- cycle=   250 --------------------------------------------------
 | Etotal =180.131    grad(E)=0.387      E(VDW )=-9.881     E(ELEC)=-0.753     |
 | E(NOE )=190.765                                                             |
 -------------------------------------------------------------------------------
 NBONDS: found     4100 intra-atom interactions

 --------------- cycle=   260 --------------------------------------------------
 | Etotal =179.947    grad(E)=0.380      E(VDW )=-9.871     E(ELEC)=-0.765     |
 | E(NOE )=190.583                                                             |
 -------------------------------------------------------------------------------

 --------------- cycle=   270 --------------------------------------------------
 | Etotal =179.939    grad(E)=0.381      E(VDW )=-9.832     E(ELEC)=-0.765     |
 | E(NOE )=190.535                                                             |
 -------------------------------------------------------------------------------

 --------------- cycle=   280 --------------------------------------------------
 | Etotal =179.933    grad(E)=0.375      E(VDW )=-9.939     E(ELEC)=-0.776     |
 | E(NOE )=190.648                                                             |
 -------------------------------------------------------------------------------

 --------------- cycle=   290 --------------------------------------------------
 | Etotal =179.930    grad(E)=0.368      E(VDW )=-10.020    E(ELEC)=-0.782     |
 | E(NOE )=190.732                                                             |
 -------------------------------------------------------------------------------

 --------------- cycle=   300 --------------------------------------------------
 | Etotal =179.928    grad(E)=0.367      E(VDW )=-10.028    E(ELEC)=-0.786     |
 | E(NOE )=190.742                                                             |
 -------------------------------------------------------------------------------
 ZXCGR: gradient converged
 RIGID: main coordinates set to best minimum
SOLVATED-DOCKING: INITIAL NUMBER OF WATERS IS 0
SOLVATED-DOCKING: REMAINING NUMBER OF INTERFACIAL WATERS IS 0
 NBONDS: generating intra-molecular exclusion list with mode= 5
 MAKINB: mode   5 found      0 exclusions and      0 interactions(1-4)
 NBONDS: found     4124 intra-atom interactions
 NBONDS: generating intra-molecular exclusion list with mode= 5
 MAKINB: mode   5 found      0 exclusions and      0 interactions(1-4)
 NBONDS: found        0 intra-atom interactions
 NBONDS: generating intra-molecular exclusion list with mode= 5
 MAKINB: mode   5 found      0 exclusions and      0 interactions(1-4)
 NBONDS: found        0 intra-atom interactions
 NBONDS: generating intra-molecular exclusion list with mode= 5
 MAKINB: mode   5 found      0 exclusions and      0 interactions(1-4)
 NBONDS: found        0 intra-atom interactions
 --------------- cycle=     7 --------------------------------------------------
 | Etotal =179.928    grad(E)=0.367      E(VDW )=-10.029    E(ELEC)=-0.785     |
 | E(NOE )=190.742                                                             |
 -------------------------------------------------------------------------------
 ZXCGR: gradient converged
 RIGID: main coordinates set to best minimum
 --------------- cycle=     8 --------------------------------------------------
 | Etotal =179.928    grad(E)=0.367      E(VDW )=-10.029    E(ELEC)=-0.785     |
 | E(NOE )=190.742                                                             |
 -------------------------------------------------------------------------------
 ZXCGR: gradient converged
 RIGID: main coordinates set to best minimum
 --------------- cycle=     9 --------------------------------------------------
 | Etotal =179.928    grad(E)=0.367      E(VDW )=-10.029    E(ELEC)=-0.785     |
 | E(NOE )=190.742                                                             |
 -------------------------------------------------------------------------------
 NBONDS: generating intra-molecular exclusion list with mode= 5
 MAKINB: mode   5 found      0 exclusions and      0 interactions(1-4)
 NBONDS: found     4124 intra-atom interactions
 --------------- cycle=    10 --------------------------------------------------
 | Etotal =287.221    grad(E)=0.431      E(VDW )=-10.029    E(ELEC)=-0.785     |
 | E(NOE )=298.035                                                             |
 -------------------------------------------------------------------------------
 SURFAC: half the sigma value being used for atomic radii.
 SURFAC: ACCEssible surface area
 SURFAC: ACCUracy= 0.07 RH2O=  1.40
         Z-grid=  0.32 number-of-Z-sections=   34
         measures-of-arc=    64 and   233
 SURFAC: half the sigma value being used for atomic radii.
 SURFAC: ACCEssible surface area
 SURFAC: ACCUracy= 0.07 RH2O=  1.40
         Z-grid=  0.25 number-of-Z-sections=  215
         measures-of-arc= 11978 and 20536
 SURFAC: half the sigma value being used for atomic radii.
 SURFAC: ACCEssible surface area
 SURFAC: ACCUracy= 0.07 RH2O=  1.40
         Z-grid=  0.25 number-of-Z-sections=  215
         measures-of-arc= 12352 and 20940
 NBONDS: generating intra-molecular exclusion list with mode= 5
 MAKINB: mode   5 found      0 exclusions and      0 interactions(1-4)
 NBONDS: found     4261 intra-atom interactions

 --------------- cycle=    10 --------------------------------------------------
 | Etotal =204.230    grad(E)=0.586      E(VDW )=-4.843     E(ELEC)=-0.736     |
 | E(NOE )=209.809                                                             |
 -------------------------------------------------------------------------------
 NBONDS: found     4316 intra-atom interactions
 NBONDS: found     4365 intra-atom interactions
 NBONDS: found     4442 intra-atom interactions
 NBONDS: found     4454 intra-atom interactions
 NBONDS: found     4433 intra-atom interactions

 --------------- cycle=    20 --------------------------------------------------
 | Etotal =199.509    grad(E)=0.622      E(VDW )=-4.934     E(ELEC)=-0.848     |
 | E(NOE )=205.292                                                             |
 -------------------------------------------------------------------------------
 NBONDS: found     4435 intra-atom interactions
 NBONDS: found     4603 intra-atom interactions
 NBONDS: found     4521 intra-atom interactions

 --------------- cycle=    30 --------------------------------------------------
 | Etotal =198.621    grad(E)=0.798      E(VDW )=-1.041     E(ELEC)=-0.933     |
 | E(NOE )=200.595                                                             |
 -------------------------------------------------------------------------------
 NBONDS: found     4563 intra-atom interactions
 NBONDS: found     4519 intra-atom interactions
 NBONDS: found     4493 intra-atom interactions

 --------------- cycle=    40 --------------------------------------------------
 | Etotal =197.570    grad(E)=0.780      E(VDW )=-2.432     E(ELEC)=-0.901     |
 | E(NOE )=200.903                                                             |
 -------------------------------------------------------------------------------
 NBONDS: found     4501 intra-atom interactions
 NBONDS: found     4531 intra-atom interactions
 NBONDS: found     4550 intra-atom interactions

 --------------- cycle=    50 --------------------------------------------------
 | Etotal =196.951    grad(E)=1.013      E(VDW )=-0.766     E(ELEC)=-0.923     |
 | E(NOE )=198.640                                                             |
 -------------------------------------------------------------------------------
 NBONDS: found     4517 intra-atom interactions

 --------------- cycle=    60 --------------------------------------------------
 | Etotal =193.673    grad(E)=0.520      E(VDW )=-10.888    E(ELEC)=-0.984     |
 | E(NOE )=205.545                                                             |
 -------------------------------------------------------------------------------
 NBONDS: found     4492 intra-atom interactions

 --------------- cycle=    70 --------------------------------------------------
 | Etotal =193.144    grad(E)=0.508      E(VDW )=-11.932    E(ELEC)=-1.016     |
 | E(NOE )=206.091                                                             |
 -------------------------------------------------------------------------------
 NBONDS: found     4568 intra-atom interactions
 NBONDS: found     4485 intra-atom interactions
 NBONDS: found     4560 intra-atom interactions

 --------------- cycle=    80 --------------------------------------------------
 | Etotal =192.456    grad(E)=0.652      E(VDW )=-10.068    E(ELEC)=-1.068     |
 | E(NOE )=203.591                                                             |
 -------------------------------------------------------------------------------
 NBONDS: found     4578 intra-atom interactions
 NBONDS: found     4596 intra-atom interactions

 --------------- cycle=    90 --------------------------------------------------
 | Etotal =191.799    grad(E)=0.689      E(VDW )=-9.550     E(ELEC)=-1.183     |
 | E(NOE )=202.532                                                             |
 -------------------------------------------------------------------------------
 NBONDS: found     4695 intra-atom interactions
 NBONDS: found     4739 intra-atom interactions
 NBONDS: found     4686 intra-atom interactions
 NBONDS: found     4676 intra-atom interactions

 --------------- cycle=   100 --------------------------------------------------
 | Etotal =190.545    grad(E)=0.760      E(VDW )=-8.997     E(ELEC)=-1.220     |
 | E(NOE )=200.763                                                             |
 -------------------------------------------------------------------------------
 NBONDS: found     4655 intra-atom interactions
 NBONDS: found     4766 intra-atom interactions
 NBONDS: found     4763 intra-atom interactions

 --------------- cycle=   110 --------------------------------------------------
 | Etotal =185.397    grad(E)=0.510      E(VDW )=-13.918    E(ELEC)=-1.210     |
 | E(NOE )=200.525                                                             |
 -------------------------------------------------------------------------------
 NBONDS: found     4815 intra-atom interactions

 --------------- cycle=   120 --------------------------------------------------
 | Etotal =183.347    grad(E)=0.587      E(VDW )=-11.791    E(ELEC)=-1.307     |
 | E(NOE )=196.445                                                             |
 -------------------------------------------------------------------------------
 NBONDS: found     4850 intra-atom interactions

 --------------- cycle=   130 --------------------------------------------------
 | Etotal =184.039    grad(E)=0.702      E(VDW )=-9.308     E(ELEC)=-1.278     |
 | E(NOE )=194.625                                                             |
 -------------------------------------------------------------------------------

 --------------- cycle=   140 --------------------------------------------------
 | Etotal =182.179    grad(E)=0.521      E(VDW )=-13.367    E(ELEC)=-1.285     |
 | E(NOE )=196.831                                                             |
 -------------------------------------------------------------------------------
 NBONDS: found     4797 intra-atom interactions
 NBONDS: found     4723 intra-atom interactions
 NBONDS: found     4776 intra-atom interactions

 --------------- cycle=   150 --------------------------------------------------
 | Etotal =178.043    grad(E)=0.563      E(VDW )=-12.498    E(ELEC)=-1.303     |
 | E(NOE )=191.845                                                             |
 -------------------------------------------------------------------------------
 NBONDS: found     4882 intra-atom interactions

 --------------- cycle=   160 --------------------------------------------------
 | Etotal =173.394    grad(E)=0.592      E(VDW )=-10.798    E(ELEC)=-1.366     |
 | E(NOE )=185.558                                                             |
 -------------------------------------------------------------------------------
 NBONDS: found     4901 intra-atom interactions
 NBONDS: found     4478 intra-atom interactions
 NBONDS: found     4842 intra-atom interactions
 NBONDS: found     4861 intra-atom interactions
 NBONDS: found     4860 intra-atom interactions

 --------------- cycle=   170 --------------------------------------------------
 | Etotal =172.267    grad(E)=0.918      E(VDW )=-3.174     E(ELEC)=-1.425     |
 | E(NOE )=176.866                                                             |
 -------------------------------------------------------------------------------
 NBONDS: found     4906 intra-atom interactions
 NBONDS: found     1897 intra-atom interactions
 NBONDS: found     4906 intra-atom interactions
 NBONDS: found     4649 intra-atom interactions
 NBONDS: found     4923 intra-atom interactions
 NBONDS: found     4479 intra-atom interactions

 --------------- cycle=   180 --------------------------------------------------
 | Etotal =829.917    grad(E)=53.514     E(VDW )=606.047    E(ELEC)=-0.473     |
 | E(NOE )=224.343                                                             |
 -------------------------------------------------------------------------------
 NBONDS: found     4923 intra-atom interactions
 NBONDS: found     5245 intra-atom interactions
 NBONDS: found     5094 intra-atom interactions

 --------------- cycle=   190 --------------------------------------------------
 | Etotal =144.994    grad(E)=0.617      E(VDW )=-12.893    E(ELEC)=-1.136     |
 | E(NOE )=159.022                                                             |
 -------------------------------------------------------------------------------
 NBONDS: found     5262 intra-atom interactions

 --------------- cycle=   200 --------------------------------------------------
 | Etotal =142.149    grad(E)=0.541      E(VDW )=-15.949    E(ELEC)=-1.079     |
 | E(NOE )=159.177                                                             |
 -------------------------------------------------------------------------------
 NBONDS: found     5336 intra-atom interactions
 NBONDS: found     5364 intra-atom interactions
 NBONDS: found     5549 intra-atom interactions
 NBONDS: found     5399 intra-atom interactions

 --------------- cycle=   210 --------------------------------------------------
 | Etotal =140.611    grad(E)=0.443      E(VDW )=-18.574    E(ELEC)=-1.078     |
 | E(NOE )=160.263                                                             |
 -------------------------------------------------------------------------------

 --------------- cycle=   220 --------------------------------------------------
 | Etotal =140.568    grad(E)=0.459      E(VDW )=-18.209    E(ELEC)=-1.077     |
 | E(NOE )=159.854                                                             |
 -------------------------------------------------------------------------------
 NBONDS: found     5372 intra-atom interactions

 --------------- cycle=   230 --------------------------------------------------
 | Etotal =140.507    grad(E)=0.420      E(VDW )=-18.790    E(ELEC)=-1.049     |
 | E(NOE )=160.346                                                             |
 -------------------------------------------------------------------------------

 --------------- cycle=   240 --------------------------------------------------
 | Etotal =140.429    grad(E)=0.456      E(VDW )=-18.345    E(ELEC)=-1.063     |
 | E(NOE )=159.837                                                             |
 -------------------------------------------------------------------------------
 ZXCGR: gradient converged
 RIGID: main coordinates set to best minimum
 ZXCGR: gradient converged
 RIGID: main coordinates set to best minimum
 --------------- cycle=    11 --------------------------------------------------
 | Etotal =140.420    grad(E)=0.459      E(VDW )=-18.259    E(ELEC)=-1.065     |
 | E(NOE )=159.744                                                             |
 -------------------------------------------------------------------------------
 NBONDS: generating intra-molecular exclusion list with mode= 5
 MAKINB: mode   5 found      0 exclusions and      0 interactions(1-4)
 NBONDS: found     5354 intra-atom interactions
 --------------- cycle=    12 --------------------------------------------------
 | Etotal =230.275    grad(E)=0.549      E(VDW )=-18.259    E(ELEC)=-1.065     |
 | E(NOE )=249.600                                                             |
 -------------------------------------------------------------------------------
 SURFAC: half the sigma value being used for atomic radii.
 SURFAC: ACCEssible surface area
 SURFAC: ACCUracy= 0.07 RH2O=  1.40
         Z-grid=  0.32 number-of-Z-sections=   42
         measures-of-arc=    52 and   171
 SURFAC: half the sigma value being used for atomic radii.
 SURFAC: ACCEssible surface area
 SURFAC: ACCUracy= 0.07 RH2O=  1.40
         Z-grid=  0.25 number-of-Z-sections=  139
         measures-of-arc= 11058 and 21068
 SURFAC: half the sigma value being used for atomic radii.
 SURFAC: ACCEssible surface area
 SURFAC: ACCUracy= 0.07 RH2O=  1.40
         Z-grid=  0.25 number-of-Z-sections=  139
         measures-of-arc= 11510 and 21469
 MOMENTS
    151.14345964     78.01043891     -7.37595885
                    138.98691141    -23.53975043
                                     89.29440490


 ***** WARNING ***** FROM ORINTC. ROTATION MATRIX IS NOT UNITARY.
 DETERMINANT=   -1.00000000

 MOMENTS
 141545.27774190 -16358.38604825-115311.48180701
                 138843.82158115 -28397.03193881
                                 209809.30956462

SPACING SET TO 84.1208 ANGSTROM
 ZXCGR: gradient converged
 RIGID: main coordinates set to best minimum
 ZXCGR: gradient converged
 RIGID: main coordinates set to best minimum
 ZXCGR: gradient converged
 RIGID: main coordinates set to best minimum
 ZXCGR: gradient converged
 RIGID: main coordinates set to best minimum
 ZXCGR: gradient converged
 RIGID: main coordinates set to best minimum
 ZXCGR: gradient converged
 RIGID: main coordinates set to best minimum
 ZXCGR: gradient converged
 RIGID: main coordinates set to best minimum
 ZXCGR: gradient converged
 RIGID: main coordinates set to best minimum
 ZXCGR: gradient converged
 RIGID: main coordinates set to best minimum
 ZXCGR: gradient converged
 RIGID: main coordinates set to best minimum
 NBONDS: generating intra-molecular exclusion list with mode= 5
 MAKINB: mode   5 found      0 exclusions and      0 interactions(1-4)
 NBONDS: found        0 intra-atom interactions
 NBONDS: found        0 intra-atom interactions
 NBONDS: found        0 intra-atom interactions
 NBONDS: found        0 intra-atom interactions
 NBONDS: found        0 intra-atom interactions
 NBONDS: found        0 intra-atom interactions
 %atoms "A   -1   -SAX -N1  " and "B   -26  -DT  -O2  " only  0.36 A apart
 %atoms "A   -1   -SAX -H17 " and "B   -25  -DG  -H2''" only  0.44 A apart
 NBONDS: found     6633 intra-atom interactions
 NBONDS: found        2 nonbonded violations
 NBONDS: found      517 intra-atom interactions

 --------------- cycle=    10 --------------------------------------------------
 | Etotal =936.872    grad(E)=0.345      E(VDW )=-0.595     E(ELEC)=-0.184     |
 | E(NOE )=937.651                                                             |
 -------------------------------------------------------------------------------
 %atoms "A   -1   -SAX -N3  " and "B   -23  -DC  -N3  " only  0.37 A apart
 %atoms "A   -1   -SAX -C9  " and "B   -23  -DC  -C5  " only  0.42 A apart
 %atoms "A   -1   -SAX -O3  " and "B   -22  -DC  -H2' " only  0.26 A apart
 NBONDS: found     4795 intra-atom interactions
 NBONDS: found        3 nonbonded violations
 %atoms "A   -1   -SAX -C9  " and "B   -22  -DC  -H1' " only  0.48 A apart
 NBONDS: found     2503 intra-atom interactions
 NBONDS: found        1 nonbonded violations
 NBONDS: found     1391 intra-atom interactions
 NBONDS: found      917 intra-atom interactions
 NBONDS: found     1157 intra-atom interactions
 NBONDS: found        0 intra-atom interactions
 NBONDS: found      196 intra-atom interactions
 NBONDS: found      826 intra-atom interactions
 NBONDS: found      849 intra-atom interactions

 --------------- cycle=    20 --------------------------------------------------
 | Etotal =600.827    grad(E)=2.093      E(VDW )=16.238     E(ELEC)=-0.947     |
 | E(NOE )=585.536                                                             |
 -------------------------------------------------------------------------------
 NBONDS: found      971 intra-atom interactions
 NBONDS: found     2164 intra-atom interactions
 %atoms "A   -1   -SAX -HAB " and "B   -24  -DC  -C2  " only  0.46 A apart
 %atoms "A   -1   -SAX -O2  " and "B   -25  -DG  -C4' " only  0.21 A apart
 NBONDS: found     5270 intra-atom interactions
 NBONDS: found        2 nonbonded violations
 NBONDS: found     2164 intra-atom interactions
 NBONDS: found     3886 intra-atom interactions
 NBONDS: found     2998 intra-atom interactions
 NBONDS: found     4860 intra-atom interactions
 NBONDS: found     3915 intra-atom interactions
 NBONDS: found     3583 intra-atom interactions

 --------------- cycle=    30 --------------------------------------------------
 | Etotal =249.466    grad(E)=0.773      E(VDW )=-2.496     E(ELEC)=-0.764     |
 | E(NOE )=252.726                                                             |
 -------------------------------------------------------------------------------
 NBONDS: found     3269 intra-atom interactions
 NBONDS: found     3698 intra-atom interactions
 NBONDS: found     3521 intra-atom interactions

 --------------- cycle=    40 --------------------------------------------------
 | Etotal =234.725    grad(E)=0.279      E(VDW )=-8.064     E(ELEC)=-0.242     |
 | E(NOE )=243.031                                                             |
 -------------------------------------------------------------------------------
 NBONDS: found     3621 intra-atom interactions
 NBONDS: found     3691 intra-atom interactions
 NBONDS: found     3672 intra-atom interactions
 NBONDS: found     3698 intra-atom interactions

 --------------- cycle=    50 --------------------------------------------------
 | Etotal =226.711    grad(E)=0.432      E(VDW )=-7.569     E(ELEC)=-0.321     |
 | E(NOE )=234.600                                                             |
 -------------------------------------------------------------------------------
 NBONDS: found     3822 intra-atom interactions

 --------------- cycle=    60 --------------------------------------------------
 | Etotal =224.653    grad(E)=0.490      E(VDW )=-6.115     E(ELEC)=-0.234     |
 | E(NOE )=231.002                                                             |
 -------------------------------------------------------------------------------
 NBONDS: found     3716 intra-atom interactions
 NBONDS: found     3767 intra-atom interactions
 NBONDS: found     3640 intra-atom interactions
 NBONDS: found     3736 intra-atom interactions

 --------------- cycle=    70 --------------------------------------------------
 | Etotal =223.412    grad(E)=0.479      E(VDW )=-6.443     E(ELEC)=-0.206     |
 | E(NOE )=230.062                                                             |
 -------------------------------------------------------------------------------

 --------------- cycle=    80 --------------------------------------------------
 | Etotal =223.378    grad(E)=0.487      E(VDW )=-6.322     E(ELEC)=-0.211     |
 | E(NOE )=229.911                                                             |
 -------------------------------------------------------------------------------

 --------------- cycle=    90 --------------------------------------------------
 | Etotal =223.289    grad(E)=0.472      E(VDW )=-6.467     E(ELEC)=-0.243     |
 | E(NOE )=230.000                                                             |
 -------------------------------------------------------------------------------

 --------------- cycle=   100 --------------------------------------------------
 | Etotal =223.283    grad(E)=0.472      E(VDW )=-6.417     E(ELEC)=-0.234     |
 | E(NOE )=229.935                                                             |
 -------------------------------------------------------------------------------
 NBONDS: found     3737 intra-atom interactions
 NBONDS: found     3712 intra-atom interactions
 NBONDS: found     1975 intra-atom interactions

 --------------- cycle=   110 --------------------------------------------------
 | Etotal =327.452    grad(E)=0.303      E(VDW )=-2.285     E(ELEC)=-0.309     |
 | E(NOE )=330.046                                                             |
 -------------------------------------------------------------------------------
 NBONDS: found     3698 intra-atom interactions
 NBONDS: found     3656 intra-atom interactions
 NBONDS: found     3682 intra-atom interactions
 NBONDS: found     3585 intra-atom interactions
 NBONDS: found     3679 intra-atom interactions
 NBONDS: found     3701 intra-atom interactions

 --------------- cycle=   120 --------------------------------------------------
 | Etotal =222.440    grad(E)=0.453      E(VDW )=-4.242     E(ELEC)=-0.203     |
 | E(NOE )=226.885                                                             |
 -------------------------------------------------------------------------------
 NBONDS: found     3712 intra-atom interactions
 NBONDS: found     3698 intra-atom interactions
 NBONDS: found     3740 intra-atom interactions
 NBONDS: found     3738 intra-atom interactions
 NBONDS: found     3702 intra-atom interactions
 NBONDS: found     3712 intra-atom interactions
 NBONDS: found     3736 intra-atom interactions
 NBONDS: found     1916 intra-atom interactions
 NBONDS: found     3734 intra-atom interactions

 --------------- cycle=   130 --------------------------------------------------
 | Etotal =220.500    grad(E)=0.376      E(VDW )=-7.180     E(ELEC)=-0.104     |
 | E(NOE )=227.785                                                             |
 -------------------------------------------------------------------------------
 NBONDS: found     3699 intra-atom interactions
 NBONDS: found     3728 intra-atom interactions
 NBONDS: found     3677 intra-atom interactions
 NBONDS: found     3719 intra-atom interactions
 NBONDS: found     3758 intra-atom interactions
 NBONDS: found     3802 intra-atom interactions
 NBONDS: found     3773 intra-atom interactions

 --------------- cycle=   140 --------------------------------------------------
 | Etotal =216.130    grad(E)=0.487      E(VDW )=-5.612     E(ELEC)=-0.276     |
 | E(NOE )=222.017                                                             |
 -------------------------------------------------------------------------------
 NBONDS: found     3880 intra-atom interactions

 --------------- cycle=   150 --------------------------------------------------
 | Etotal =213.804    grad(E)=0.583      E(VDW )=-4.158     E(ELEC)=-0.080     |
 | E(NOE )=218.042                                                             |
 -------------------------------------------------------------------------------
 NBONDS: found     3895 intra-atom interactions
 NBONDS: found     3956 intra-atom interactions
 NBONDS: found     4209 intra-atom interactions
 NBONDS: found     4137 intra-atom interactions
 NBONDS: found     4159 intra-atom interactions
 NBONDS: found     3660 intra-atom interactions

 --------------- cycle=   160 --------------------------------------------------
 | Etotal =214.469    grad(E)=0.232      E(VDW )=-9.338     E(ELEC)=-0.117     |
 | E(NOE )=223.924                                                             |
 -------------------------------------------------------------------------------
 NBONDS: found     4073 intra-atom interactions
 NBONDS: found     4101 intra-atom interactions

 --------------- cycle=   170 --------------------------------------------------
 | Etotal =202.358    grad(E)=0.404      E(VDW )=-6.665     E(ELEC)=-0.398     |
 | E(NOE )=209.421                                                             |
 -------------------------------------------------------------------------------
 NBONDS: found     4088 intra-atom interactions
 NBONDS: found     4165 intra-atom interactions
 NBONDS: found     4093 intra-atom interactions

 --------------- cycle=   180 --------------------------------------------------
 | Etotal =201.373    grad(E)=0.385      E(VDW )=-6.714     E(ELEC)=-0.328     |
 | E(NOE )=208.415                                                             |
 -------------------------------------------------------------------------------
 NBONDS: found     4025 intra-atom interactions

 --------------- cycle=   190 --------------------------------------------------
 | Etotal =201.225    grad(E)=0.395      E(VDW )=-6.557     E(ELEC)=-0.292     |
 | E(NOE )=208.074                                                             |
 -------------------------------------------------------------------------------
 NBONDS: found     4036 intra-atom interactions
 NBONDS: found     4209 intra-atom interactions
 NBONDS: found     4041 intra-atom interactions
 NBONDS: found     4121 intra-atom interactions
 NBONDS: found     4077 intra-atom interactions
 NBONDS: found     3876 intra-atom interactions
 NBONDS: found     4055 intra-atom interactions

 --------------- cycle=   200 --------------------------------------------------
 | Etotal =199.062    grad(E)=0.360      E(VDW )=-7.870     E(ELEC)=-0.292     |
 | E(NOE )=207.224                                                             |
 -------------------------------------------------------------------------------

 --------------- cycle=   210 --------------------------------------------------
 | Etotal =198.902    grad(E)=0.371      E(VDW )=-7.505     E(ELEC)=-0.293     |
 | E(NOE )=206.701                                                             |
 -------------------------------------------------------------------------------
 NBONDS: found     4110 intra-atom interactions
 NBONDS: found     4315 intra-atom interactions
 NBONDS: found     4118 intra-atom interactions

 --------------- cycle=   220 --------------------------------------------------
 | Etotal =198.354    grad(E)=0.424      E(VDW )=-6.721     E(ELEC)=-0.263     |
 | E(NOE )=205.337                                                             |
 -------------------------------------------------------------------------------
 NBONDS: found     4098 intra-atom interactions

 --------------- cycle=   230 --------------------------------------------------
 | Etotal =198.135    grad(E)=0.405      E(VDW )=-7.115     E(ELEC)=-0.257     |
 | E(NOE )=205.507                                                             |
 -------------------------------------------------------------------------------
 NBONDS: found     4092 intra-atom interactions
 NBONDS: found     4177 intra-atom interactions
 NBONDS: found     4097 intra-atom interactions

 --------------- cycle=   240 --------------------------------------------------
 | Etotal =197.824    grad(E)=0.391      E(VDW )=-7.486     E(ELEC)=-0.235     |
 | E(NOE )=205.545                                                             |
 -------------------------------------------------------------------------------

 --------------- cycle=   250 --------------------------------------------------
 | Etotal =197.605    grad(E)=0.396      E(VDW )=-7.188     E(ELEC)=-0.234     |
 | E(NOE )=205.027                                                             |
 -------------------------------------------------------------------------------
 NBONDS: found     4091 intra-atom interactions
 NBONDS: found     4080 intra-atom interactions
 NBONDS: found     4091 intra-atom interactions

 --------------- cycle=   260 --------------------------------------------------
 | Etotal =196.975    grad(E)=0.399      E(VDW )=-7.444     E(ELEC)=-0.196     |
 | E(NOE )=204.616                                                             |
 -------------------------------------------------------------------------------
 NBONDS: found     4142 intra-atom interactions
 NBONDS: found     4274 intra-atom interactions
 NBONDS: found     4400 intra-atom interactions

 --------------- cycle=   270 --------------------------------------------------
 | Etotal =196.326    grad(E)=0.641      E(VDW )=-5.523     E(ELEC)=-0.262     |
 | E(NOE )=202.112                                                             |
 -------------------------------------------------------------------------------
 NBONDS: found     4348 intra-atom interactions

 --------------- cycle=   280 --------------------------------------------------
 | Etotal =195.518    grad(E)=0.463      E(VDW )=-7.436     E(ELEC)=-0.216     |
 | E(NOE )=203.171                                                             |
 -------------------------------------------------------------------------------
 NBONDS: found     4287 intra-atom interactions
 NBONDS: found     4341 intra-atom interactions
 NBONDS: found     4437 intra-atom interactions
 %atoms "A   -1   -SAX -H17 " and "B   -20  -DA  -H3' " only  0.33 A apart
 NBONDS: found     5167 intra-atom interactions
 NBONDS: found        1 nonbonded violations
 NBONDS: found     4437 intra-atom interactions
 NBONDS: found     4882 intra-atom interactions

 --------------- cycle=   290 --------------------------------------------------
 | Etotal =128443.019 grad(E)=36402.802  E(VDW )=128250.590 E(ELEC)=-0.939     |
 | E(NOE )=193.367                                                             |
 -------------------------------------------------------------------------------
 NBONDS: found     4630 intra-atom interactions
 NBONDS: found     4527 intra-atom interactions
 NBONDS: found     4469 intra-atom interactions
 NBONDS: found     4589 intra-atom interactions
 NBONDS: found     4522 intra-atom interactions
 NBONDS: found     4484 intra-atom interactions

 --------------- cycle=   300 --------------------------------------------------
 | Etotal =193.944    grad(E)=0.460      E(VDW )=-9.068     E(ELEC)=-0.345     |
 | E(NOE )=203.357                                                             |
 -------------------------------------------------------------------------------
 NBONDS: found     4458 intra-atom interactions

 --------------- cycle=   310 --------------------------------------------------
 | Etotal =193.727    grad(E)=0.462      E(VDW )=-9.131     E(ELEC)=-0.352     |
 | E(NOE )=203.210                                                             |
 -------------------------------------------------------------------------------
 NBONDS: found     4485 intra-atom interactions

 --------------- cycle=   320 --------------------------------------------------
 | Etotal =192.916    grad(E)=0.504      E(VDW )=-8.840     E(ELEC)=-0.363     |
 | E(NOE )=202.119                                                             |
 -------------------------------------------------------------------------------
 NBONDS: found     4500 intra-atom interactions
 NBONDS: found     4510 intra-atom interactions

 --------------- cycle=   330 --------------------------------------------------
 | Etotal =192.333    grad(E)=0.527      E(VDW )=-8.314     E(ELEC)=-0.411     |
 | E(NOE )=201.058                                                             |
 -------------------------------------------------------------------------------
 NBONDS: found     4572 intra-atom interactions
 NBONDS: found     4561 intra-atom interactions

 --------------- cycle=   340 --------------------------------------------------
 | Etotal =191.658    grad(E)=0.458      E(VDW )=-10.107    E(ELEC)=-0.433     |
 | E(NOE )=202.198                                                             |
 -------------------------------------------------------------------------------
 NBONDS: found     4586 intra-atom interactions
 NBONDS: found     4598 intra-atom interactions
 NBONDS: found     4741 intra-atom interactions
 NBONDS: found     4659 intra-atom interactions
 NBONDS: found     4628 intra-atom interactions
 NBONDS: found     4602 intra-atom interactions
 NBONDS: found     4665 intra-atom interactions

 --------------- cycle=   350 --------------------------------------------------
 | Etotal =313.583    grad(E)=16.229     E(VDW )=109.794    E(ELEC)=-0.536     |
 | E(NOE )=204.325                                                             |
 -------------------------------------------------------------------------------
 NBONDS: found     4640 intra-atom interactions
 NBONDS: found     4602 intra-atom interactions

 --------------- cycle=   360 --------------------------------------------------
 | Etotal =187.604    grad(E)=0.447      E(VDW )=-13.181    E(ELEC)=-0.492     |
 | E(NOE )=201.277                                                             |
 -------------------------------------------------------------------------------
 NBONDS: found     4613 intra-atom interactions
 NBONDS: found     4660 intra-atom interactions

 --------------- cycle=   370 --------------------------------------------------
 | Etotal =185.428    grad(E)=0.472      E(VDW )=-12.825    E(ELEC)=-0.477     |
 | E(NOE )=198.730                                                             |
 -------------------------------------------------------------------------------
 NBONDS: found     4730 intra-atom interactions
 NBONDS: found     4660 intra-atom interactions
 NBONDS: found     4734 intra-atom interactions
 NBONDS: found     4753 intra-atom interactions
 NBONDS: found     4756 intra-atom interactions
 NBONDS: found     4645 intra-atom interactions
 NBONDS: found     4687 intra-atom interactions
 NBONDS: found     4647 intra-atom interactions
 NBONDS: found     4552 intra-atom interactions

 --------------- cycle=   380 --------------------------------------------------
 | Etotal =181.614    grad(E)=0.513      E(VDW )=-9.339     E(ELEC)=-0.674     |
 | E(NOE )=191.627                                                             |
 -------------------------------------------------------------------------------
 NBONDS: found     4615 intra-atom interactions
 NBONDS: found     4603 intra-atom interactions
 NBONDS: found     4608 intra-atom interactions
 NBONDS: found     4654 intra-atom interactions
 NBONDS: found     4713 intra-atom interactions

 --------------- cycle=   390 --------------------------------------------------
 | Etotal =179.749    grad(E)=0.545      E(VDW )=-11.808    E(ELEC)=-0.528     |
 | E(NOE )=192.085                                                             |
 -------------------------------------------------------------------------------
 NBONDS: found     4856 intra-atom interactions
 NBONDS: found     4794 intra-atom interactions

 --------------- cycle=   400 --------------------------------------------------
 | Etotal =178.411    grad(E)=0.507      E(VDW )=-11.911    E(ELEC)=-0.546     |
 | E(NOE )=190.867                                                             |
 -------------------------------------------------------------------------------
 NBONDS: found     4762 intra-atom interactions

 --------------- cycle=   410 --------------------------------------------------
 | Etotal =176.921    grad(E)=0.490      E(VDW )=-12.470    E(ELEC)=-0.559     |
 | E(NOE )=189.950                                                             |
 -------------------------------------------------------------------------------
 NBONDS: found     4851 intra-atom interactions
 NBONDS: found     4767 intra-atom interactions
 NBONDS: found     4841 intra-atom interactions

 --------------- cycle=   420 --------------------------------------------------
 | Etotal =175.596    grad(E)=0.528      E(VDW )=-12.372    E(ELEC)=-0.632     |
 | E(NOE )=188.600                                                             |
 -------------------------------------------------------------------------------
 NBONDS: found     4809 intra-atom interactions
 NBONDS: found     4946 intra-atom interactions
 NBONDS: found     4832 intra-atom interactions

 --------------- cycle=   430 --------------------------------------------------
 | Etotal =172.748    grad(E)=0.460      E(VDW )=-13.979    E(ELEC)=-0.723     |
 | E(NOE )=187.449                                                             |
 -------------------------------------------------------------------------------
 NBONDS: found     4847 intra-atom interactions
 NBONDS: found     4873 intra-atom interactions
 NBONDS: found     4925 intra-atom interactions
 NBONDS: found     4201 intra-atom interactions

 --------------- cycle=   440 --------------------------------------------------
 | Etotal =171.901    grad(E)=0.507      E(VDW )=-6.750     E(ELEC)=-0.251     |
 | E(NOE )=178.902                                                             |
 -------------------------------------------------------------------------------
 NBONDS: found     4845 intra-atom interactions
 NBONDS: found     4920 intra-atom interactions
 NBONDS: found     4911 intra-atom interactions
 NBONDS: found     4920 intra-atom interactions
 NBONDS: found     5252 intra-atom interactions
 NBONDS: found     4922 intra-atom interactions

 --------------- cycle=   450 --------------------------------------------------
 | Etotal =169.097    grad(E)=0.484      E(VDW )=-15.808    E(ELEC)=-0.796     |
 | E(NOE )=185.701                                                             |
 -------------------------------------------------------------------------------
 NBONDS: found     4903 intra-atom interactions

 --------------- cycle=   460 --------------------------------------------------
 | Etotal =168.625    grad(E)=0.474      E(VDW )=-16.003    E(ELEC)=-0.789     |
 | E(NOE )=185.417                                                             |
 -------------------------------------------------------------------------------
 NBONDS: found     4975 intra-atom interactions

 --------------- cycle=   470 --------------------------------------------------
 | Etotal =168.175    grad(E)=0.344      E(VDW )=-18.736    E(ELEC)=-0.714     |
 | E(NOE )=187.625                                                             |
 -------------------------------------------------------------------------------

 --------------- cycle=   480 --------------------------------------------------
 | Etotal =167.534    grad(E)=0.423      E(VDW )=-17.194    E(ELEC)=-0.755     |
 | E(NOE )=185.484                                                             |
 -------------------------------------------------------------------------------

 --------------- cycle=   490 --------------------------------------------------
 | Etotal =167.520    grad(E)=0.420      E(VDW )=-17.177    E(ELEC)=-0.757     |
 | E(NOE )=185.454                                                             |
 -------------------------------------------------------------------------------
 ZXCGR: gradient converged

 --------------- cycle=   500 --------------------------------------------------
 | Etotal =167.517    grad(E)=0.421      E(VDW )=-17.145    E(ELEC)=-0.758     |
 | E(NOE )=185.420                                                             |
 -------------------------------------------------------------------------------
 RIGID: main coordinates set to best minimum
SOLVATED-DOCKING: INITIAL NUMBER OF WATERS IS 0
SOLVATED-DOCKING: REMAINING NUMBER OF INTERFACIAL WATERS IS 0
 NBONDS: generating intra-molecular exclusion list with mode= 5
 MAKINB: mode   5 found      0 exclusions and      0 interactions(1-4)
 NBONDS: found     4971 intra-atom interactions
 NBONDS: generating intra-molecular exclusion list with mode= 5
 MAKINB: mode   5 found      0 exclusions and      0 interactions(1-4)
 NBONDS: found        0 intra-atom interactions
 NBONDS: generating intra-molecular exclusion list with mode= 5
 MAKINB: mode   5 found      0 exclusions and      0 interactions(1-4)
 NBONDS: found        0 intra-atom interactions
 NBONDS: generating intra-molecular exclusion list with mode= 5
 MAKINB: mode   5 found      0 exclusions and      0 interactions(1-4)
 NBONDS: found        0 intra-atom interactions
 --------------- cycle=    13 --------------------------------------------------
 | Etotal =167.517    grad(E)=0.421      E(VDW )=-17.145    E(ELEC)=-0.758     |
 | E(NOE )=185.420                                                             |
 -------------------------------------------------------------------------------
 NBONDS: found        0 intra-atom interactions
 NBONDS: found        0 intra-atom interactions
 NBONDS: found        0 intra-atom interactions
 NBONDS: found        0 intra-atom interactions
 NBONDS: found     4975 intra-atom interactions
 NBONDS: found        0 intra-atom interactions
 NBONDS: found        0 intra-atom interactions
 NBONDS: found        0 intra-atom interactions

 --------------- cycle=    10 --------------------------------------------------
 | Etotal =167.518    grad(E)=0.421      E(VDW )=-17.159    E(ELEC)=-0.760     |
 | E(NOE )=185.437                                                             |
 -------------------------------------------------------------------------------
 ZXCGR: gradient converged
 RIGID: main coordinates set to best minimum
 --------------- cycle=    14 --------------------------------------------------
 | Etotal =167.517    grad(E)=0.421      E(VDW )=-17.151    E(ELEC)=-0.757     |
 | E(NOE )=185.425                                                             |
 -------------------------------------------------------------------------------
 ZXCGR: gradient converged
 RIGID: main coordinates set to best minimum
 --------------- cycle=    15 --------------------------------------------------
 | Etotal =167.517    grad(E)=0.421      E(VDW )=-17.151    E(ELEC)=-0.757     |
 | E(NOE )=185.425                                                             |
 -------------------------------------------------------------------------------
 NBONDS: generating intra-molecular exclusion list with mode= 5
 MAKINB: mode   5 found      0 exclusions and      0 interactions(1-4)
 NBONDS: found     4972 intra-atom interactions
 --------------- cycle=    16 --------------------------------------------------
 | Etotal =271.819    grad(E)=0.509      E(VDW )=-17.151    E(ELEC)=-0.757     |
 | E(NOE )=289.727                                                             |
 -------------------------------------------------------------------------------
 SURFAC: half the sigma value being used for atomic radii.
 SURFAC: ACCEssible surface area
 SURFAC: ACCUracy= 0.07 RH2O=  1.40
         Z-grid=  0.32 number-of-Z-sections=   46
         measures-of-arc=    57 and   166
 SURFAC: half the sigma value being used for atomic radii.
 SURFAC: ACCEssible surface area
 SURFAC: ACCUracy= 0.07 RH2O=  1.40
         Z-grid=  0.25 number-of-Z-sections=  218
         measures-of-arc= 11113 and 20280
 SURFAC: half the sigma value being used for atomic radii.
 SURFAC: ACCEssible surface area
 SURFAC: ACCUracy= 0.07 RH2O=  1.40
         Z-grid=  0.25 number-of-Z-sections=  218
         measures-of-arc= 11524 and 20718
 NBONDS: generating intra-molecular exclusion list with mode= 5
 MAKINB: mode   5 found      0 exclusions and      0 interactions(1-4)
 NBONDS: found     4992 intra-atom interactions
 NBONDS: found     4402 intra-atom interactions

 --------------- cycle=    10 --------------------------------------------------
 | Etotal =248.070    grad(E)=3.865      E(VDW )=40.198     E(ELEC)=-0.275     |
 | E(NOE )=208.147                                                             |
 -------------------------------------------------------------------------------

 --------------- cycle=    20 --------------------------------------------------
 | Etotal =220.909    grad(E)=1.136      E(VDW )=2.804      E(ELEC)=-0.094     |
 | E(NOE )=218.199                                                             |
 -------------------------------------------------------------------------------
 NBONDS: found     3839 intra-atom interactions
 NBONDS: found     4239 intra-atom interactions
 NBONDS: found     4287 intra-atom interactions

 --------------- cycle=    30 --------------------------------------------------
 | Etotal =200.924    grad(E)=0.469      E(VDW )=-7.979     E(ELEC)=0.011      |
 | E(NOE )=208.892                                                             |
 -------------------------------------------------------------------------------

 --------------- cycle=    40 --------------------------------------------------
 | Etotal =193.919    grad(E)=0.491      E(VDW )=-9.076     E(ELEC)=-0.057     |
 | E(NOE )=203.051                                                             |
 -------------------------------------------------------------------------------
 NBONDS: found     4360 intra-atom interactions
 NBONDS: found     4439 intra-atom interactions
 NBONDS: found     4449 intra-atom interactions
 NBONDS: found     4666 intra-atom interactions

 --------------- cycle=    50 --------------------------------------------------
 | Etotal =266.967    grad(E)=14.479     E(VDW )=86.832     E(ELEC)=-0.357     |
 | E(NOE )=180.491                                                             |
 -------------------------------------------------------------------------------
 NBONDS: found     4551 intra-atom interactions
 NBONDS: found     4483 intra-atom interactions
 NBONDS: found     4395 intra-atom interactions
 NBONDS: found     4066 intra-atom interactions
 NBONDS: found     4223 intra-atom interactions
 NBONDS: found     3988 intra-atom interactions
 NBONDS: found     4144 intra-atom interactions

 --------------- cycle=    60 --------------------------------------------------
 | Etotal =177.912    grad(E)=0.261      E(VDW )=-13.108    E(ELEC)=-0.219     |
 | E(NOE )=191.239                                                             |
 -------------------------------------------------------------------------------
 NBONDS: found     4169 intra-atom interactions
 NBONDS: found     4226 intra-atom interactions
 NBONDS: found     4225 intra-atom interactions
 NBONDS: found     4220 intra-atom interactions
 NBONDS: found     4244 intra-atom interactions

 --------------- cycle=    70 --------------------------------------------------
 | Etotal =165.366    grad(E)=0.616      E(VDW )=-9.440     E(ELEC)=-0.640     |
 | E(NOE )=175.446                                                             |
 -------------------------------------------------------------------------------
 NBONDS: found     4331 intra-atom interactions

 --------------- cycle=    80 --------------------------------------------------
 | Etotal =163.862    grad(E)=0.477      E(VDW )=-11.389    E(ELEC)=-0.652     |
 | E(NOE )=175.903                                                             |
 -------------------------------------------------------------------------------
 NBONDS: found     4324 intra-atom interactions
 NBONDS: found     4355 intra-atom interactions
 NBONDS: found     3664 intra-atom interactions
 NBONDS: found     4302 intra-atom interactions

 --------------- cycle=    90 --------------------------------------------------
 | Etotal =159.816    grad(E)=0.589      E(VDW )=-10.999    E(ELEC)=-0.318     |
 | E(NOE )=171.133                                                             |
 -------------------------------------------------------------------------------
 NBONDS: found     4406 intra-atom interactions

 --------------- cycle=   100 --------------------------------------------------
 | Etotal =158.781    grad(E)=0.349      E(VDW )=-12.843    E(ELEC)=-0.224     |
 | E(NOE )=171.848                                                             |
 -------------------------------------------------------------------------------
 NBONDS: found     4536 intra-atom interactions
 NBONDS: found     4521 intra-atom interactions
 NBONDS: found     4532 intra-atom interactions
 NBONDS: found     4464 intra-atom interactions

 --------------- cycle=   110 --------------------------------------------------
 | Etotal =156.165    grad(E)=0.408      E(VDW )=-11.348    E(ELEC)=-0.213     |
 | E(NOE )=167.725                                                             |
 -------------------------------------------------------------------------------

 --------------- cycle=   120 --------------------------------------------------
 | Etotal =155.978    grad(E)=0.456      E(VDW )=-10.926    E(ELEC)=-0.214     |
 | E(NOE )=167.117                                                             |
 -------------------------------------------------------------------------------
 NBONDS: found     4507 intra-atom interactions
 NBONDS: found     4593 intra-atom interactions
 NBONDS: found     4639 intra-atom interactions

 --------------- cycle=   130 --------------------------------------------------
 | Etotal =152.765    grad(E)=0.365      E(VDW )=-11.691    E(ELEC)=-0.059     |
 | E(NOE )=164.515                                                             |
 -------------------------------------------------------------------------------

 --------------- cycle=   140 --------------------------------------------------
 | Etotal =152.694    grad(E)=0.361      E(VDW )=-11.732    E(ELEC)=-0.053     |
 | E(NOE )=164.479                                                             |
 -------------------------------------------------------------------------------
 NBONDS: found     4647 intra-atom interactions

 --------------- cycle=   150 --------------------------------------------------
 | Etotal =152.418    grad(E)=0.383      E(VDW )=-11.537    E(ELEC)=-0.065     |
 | E(NOE )=164.021                                                             |
 -------------------------------------------------------------------------------
 NBONDS: found     4637 intra-atom interactions

 --------------- cycle=   160 --------------------------------------------------
 | Etotal =152.368    grad(E)=0.379      E(VDW )=-11.575    E(ELEC)=-0.067     |
 | E(NOE )=164.010                                                             |
 -------------------------------------------------------------------------------
 NBONDS: found     4692 intra-atom interactions

 --------------- cycle=   170 --------------------------------------------------
 | Etotal =152.049    grad(E)=0.414      E(VDW )=-10.983    E(ELEC)=-0.074     |
 | E(NOE )=163.106                                                             |
 -------------------------------------------------------------------------------
 NBONDS: found     4503 intra-atom interactions

 --------------- cycle=   180 --------------------------------------------------
 | Etotal =156.265    grad(E)=0.297      E(VDW )=-12.889    E(ELEC)=0.003      |
 | E(NOE )=169.151                                                             |
 -------------------------------------------------------------------------------

 --------------- cycle=   190 --------------------------------------------------
 | Etotal =151.903    grad(E)=0.372      E(VDW )=-11.398    E(ELEC)=-0.046     |
 | E(NOE )=163.347                                                             |
 -------------------------------------------------------------------------------
 NBONDS: found     4676 intra-atom interactions
 NBONDS: found     4665 intra-atom interactions
 NBONDS: found     4702 intra-atom interactions

 --------------- cycle=   200 --------------------------------------------------
 | Etotal =151.554    grad(E)=0.372      E(VDW )=-11.794    E(ELEC)=0.010      |
 | E(NOE )=163.338                                                             |
 -------------------------------------------------------------------------------
 NBONDS: found     4732 intra-atom interactions
 NBONDS: found     4804 intra-atom interactions
 NBONDS: found     4775 intra-atom interactions

 --------------- cycle=   210 --------------------------------------------------
 | Etotal =151.223    grad(E)=0.424      E(VDW )=-11.297    E(ELEC)=0.026      |
 | E(NOE )=162.494                                                             |
 -------------------------------------------------------------------------------
 NBONDS: found     4803 intra-atom interactions

 --------------- cycle=   220 --------------------------------------------------
 | Etotal =150.857    grad(E)=0.412      E(VDW )=-11.489    E(ELEC)=0.013      |
 | E(NOE )=162.333                                                             |
 -------------------------------------------------------------------------------
 NBONDS: found     4821 intra-atom interactions
 NBONDS: found     4812 intra-atom interactions

 --------------- cycle=   230 --------------------------------------------------
 | Etotal =150.553    grad(E)=0.378      E(VDW )=-11.922    E(ELEC)=-0.016     |
 | E(NOE )=162.491                                                             |
 -------------------------------------------------------------------------------
 NBONDS: found     4809 intra-atom interactions
 NBONDS: found     4920 intra-atom interactions
 NBONDS: found     4852 intra-atom interactions

 --------------- cycle=   240 --------------------------------------------------
 | Etotal =150.070    grad(E)=0.354      E(VDW )=-12.818    E(ELEC)=-0.095     |
 | E(NOE )=162.983                                                             |
 -------------------------------------------------------------------------------
 NBONDS: found     4901 intra-atom interactions
 NBONDS: found     4393 intra-atom interactions
 NBONDS: found     4788 intra-atom interactions
 NBONDS: found     4908 intra-atom interactions
 NBONDS: found     4896 intra-atom interactions
 NBONDS: found     4910 intra-atom interactions

 --------------- cycle=   250 --------------------------------------------------
 | Etotal =149.751    grad(E)=0.320      E(VDW )=-15.032    E(ELEC)=-0.270     |
 | E(NOE )=165.053                                                             |
 -------------------------------------------------------------------------------
 ZXCGR: NSTEP limit reached
 RIGID: main coordinates set to best minimum

 --------------- cycle=    10 --------------------------------------------------
 | Etotal =149.518    grad(E)=0.386      E(VDW )=-13.668    E(ELEC)=-0.270     |
 | E(NOE )=163.456                                                             |
 -------------------------------------------------------------------------------
 NBONDS: found     4945 intra-atom interactions

 --------------- cycle=    20 --------------------------------------------------
 | Etotal =148.443    grad(E)=0.322      E(VDW )=-15.066    E(ELEC)=-0.291     |
 | E(NOE )=163.800                                                             |
 -------------------------------------------------------------------------------
 NBONDS: found     4957 intra-atom interactions

 --------------- cycle=    30 --------------------------------------------------
 | Etotal =148.259    grad(E)=0.327      E(VDW )=-15.334    E(ELEC)=-0.339     |
 | E(NOE )=163.932                                                             |
 -------------------------------------------------------------------------------
 NBONDS: found     4878 intra-atom interactions
 NBONDS: found     4947 intra-atom interactions

 --------------- cycle=    40 --------------------------------------------------
 | Etotal =148.215    grad(E)=0.331      E(VDW )=-15.185    E(ELEC)=-0.349     |
 | E(NOE )=163.749                                                             |
 -------------------------------------------------------------------------------
 NBONDS: found     4954 intra-atom interactions
 NBONDS: found     5037 intra-atom interactions
 NBONDS: found     4981 intra-atom interactions
 NBONDS: found     5008 intra-atom interactions
 NBONDS: found     4991 intra-atom interactions
 NBONDS: found     5008 intra-atom interactions

 --------------- cycle=    50 --------------------------------------------------
 | Etotal =148.230    grad(E)=0.638      E(VDW )=-11.760    E(ELEC)=-0.689     |
 | E(NOE )=160.680                                                             |
 -------------------------------------------------------------------------------
 NBONDS: found     5001 intra-atom interactions
 NBONDS: found     4989 intra-atom interactions
 NBONDS: found     5048 intra-atom interactions
 NBONDS: found     5044 intra-atom interactions

 --------------- cycle=    60 --------------------------------------------------
 | Etotal =146.143    grad(E)=0.485      E(VDW )=-13.935    E(ELEC)=-0.724     |
 | E(NOE )=160.802                                                             |
 -------------------------------------------------------------------------------
 NBONDS: found     5063 intra-atom interactions
 NBONDS: found     4946 intra-atom interactions
 NBONDS: found     5034 intra-atom interactions

 --------------- cycle=    70 --------------------------------------------------
 | Etotal =144.404    grad(E)=0.515      E(VDW )=-12.783    E(ELEC)=-0.665     |
 | E(NOE )=157.852                                                             |
 -------------------------------------------------------------------------------

 --------------- cycle=    80 --------------------------------------------------
 | Etotal =144.067    grad(E)=0.452      E(VDW )=-14.041    E(ELEC)=-0.674     |
 | E(NOE )=158.782                                                             |
 -------------------------------------------------------------------------------
 NBONDS: found     5106 intra-atom interactions
 NBONDS: found     5046 intra-atom interactions
 NBONDS: found     5092 intra-atom interactions

 --------------- cycle=    90 --------------------------------------------------
 | Etotal =139.950    grad(E)=0.487      E(VDW )=-14.318    E(ELEC)=-0.811     |
 | E(NOE )=155.078                                                             |
 -------------------------------------------------------------------------------
 NBONDS: found     5145 intra-atom interactions
 NBONDS: found     4897 intra-atom interactions
 NBONDS: found     5140 intra-atom interactions

 --------------- cycle=   100 --------------------------------------------------
 | Etotal =138.555    grad(E)=0.441      E(VDW )=-16.354    E(ELEC)=-0.909     |
 | E(NOE )=155.818                                                             |
 -------------------------------------------------------------------------------
 NBONDS: found     5044 intra-atom interactions

 --------------- cycle=   110 --------------------------------------------------
 | Etotal =140.247    grad(E)=0.375      E(VDW )=-17.510    E(ELEC)=-0.847     |
 | E(NOE )=158.604                                                             |
 -------------------------------------------------------------------------------

 --------------- cycle=   120 --------------------------------------------------
 | Etotal =138.172    grad(E)=0.481      E(VDW )=-15.281    E(ELEC)=-0.892     |
 | E(NOE )=154.345                                                             |
 -------------------------------------------------------------------------------
 NBONDS: found     5150 intra-atom interactions

 --------------- cycle=   130 --------------------------------------------------
 | Etotal =137.977    grad(E)=0.480      E(VDW )=-15.538    E(ELEC)=-0.921     |
 | E(NOE )=154.436                                                             |
 -------------------------------------------------------------------------------

 --------------- cycle=   140 --------------------------------------------------
 | Etotal =137.974    grad(E)=0.478      E(VDW )=-15.525    E(ELEC)=-0.920     |
 | E(NOE )=154.419                                                             |
 -------------------------------------------------------------------------------
 ZXCGR: gradient converged
 RIGID: main coordinates set to best minimum
 --------------- cycle=    17 --------------------------------------------------
 | Etotal =137.973    grad(E)=0.478      E(VDW )=-15.526    E(ELEC)=-0.921     |
 | E(NOE )=154.420                                                             |
 -------------------------------------------------------------------------------
 NBONDS: generating intra-molecular exclusion list with mode= 5
 MAKINB: mode   5 found      0 exclusions and      0 interactions(1-4)
 NBONDS: found     5147 intra-atom interactions
 --------------- cycle=    18 --------------------------------------------------
 | Etotal =224.835    grad(E)=0.600      E(VDW )=-15.526    E(ELEC)=-0.921     |
 | E(NOE )=241.282                                                             |
 -------------------------------------------------------------------------------
 SURFAC: half the sigma value being used for atomic radii.
 SURFAC: ACCEssible surface area
 SURFAC: ACCUracy= 0.07 RH2O=  1.40
         Z-grid=  0.32 number-of-Z-sections=   43
         measures-of-arc=    63 and   165
 SURFAC: half the sigma value being used for atomic radii.
 SURFAC: ACCEssible surface area
 SURFAC: ACCUracy= 0.07 RH2O=  1.40
         Z-grid=  0.25 number-of-Z-sections=  213
         measures-of-arc= 11341 and 20658
 SURFAC: half the sigma value being used for atomic radii.
 SURFAC: ACCEssible surface area
 SURFAC: ACCUracy= 0.07 RH2O=  1.40
         Z-grid=  0.25 number-of-Z-sections=  213
         measures-of-arc= 11849 and 20973
 MOMENTS
    177.02314102     10.42151825    -64.74703479
                     61.98013745     -3.53446567
                                    140.42162153

 MOMENTS
  77071.24024877  26102.26988651 -69400.65308837
                 138375.00070135  15844.85003607
                                 274752.67565045

SPACING SET TO 84.1208 ANGSTROM
 ZXCGR: gradient converged
 RIGID: main coordinates set to best minimum
 ZXCGR: gradient converged
 RIGID: main coordinates set to best minimum
 ZXCGR: gradient converged
 RIGID: main coordinates set to best minimum
 ZXCGR: gradient converged
 RIGID: main coordinates set to best minimum
 ZXCGR: gradient converged
 RIGID: main coordinates set to best minimum
 ZXCGR: gradient converged
 RIGID: main coordinates set to best minimum
 ZXCGR: gradient converged
 RIGID: main coordinates set to best minimum
 ZXCGR: gradient converged
 RIGID: main coordinates set to best minimum
 ZXCGR: gradient converged
 RIGID: main coordinates set to best minimum
 ZXCGR: gradient converged
 RIGID: main coordinates set to best minimum
 NBONDS: generating intra-molecular exclusion list with mode= 5
 MAKINB: mode   5 found      0 exclusions and      0 interactions(1-4)
 NBONDS: found        0 intra-atom interactions
 NBONDS: found        0 intra-atom interactions
 NBONDS: found        0 intra-atom interactions
 NBONDS: found        0 intra-atom interactions
 NBONDS: found        0 intra-atom interactions
 NBONDS: found        0 intra-atom interactions
 %atoms "A   -1   -SAX -N3  " and "B   -18  -DG  -N2  " only  0.47 A apart
 %atoms "A   -1   -SAX -O1  " and "B   -25  -DG  -C4  " only  0.36 A apart
 NBONDS: found     6930 intra-atom interactions
 NBONDS: found        2 nonbonded violations
 NBONDS: found      839 intra-atom interactions

 --------------- cycle=    10 --------------------------------------------------
 | Etotal =844.313    grad(E)=0.353      E(VDW )=-1.339     E(ELEC)=-0.454     |
 | E(NOE )=846.105                                                             |
 -------------------------------------------------------------------------------
 %atoms "A   -1   -SAX -HAD " and "B   -22  -DC  -H2' " only  0.47 A apart
 NBONDS: found     5171 intra-atom interactions
 NBONDS: found        1 nonbonded violations
 NBONDS: found     2851 intra-atom interactions
 NBONDS: found     1795 intra-atom interactions
 NBONDS: found     1301 intra-atom interactions
 NBONDS: found     1537 intra-atom interactions
 NBONDS: found        0 intra-atom interactions
 NBONDS: found     1301 intra-atom interactions
 NBONDS: found     1591 intra-atom interactions
 %atoms "A   -1   -SAX -N3  " and "B   -24  -DC  -C5' " only  0.31 A apart
 NBONDS: found     2144 intra-atom interactions
 NBONDS: found        1 nonbonded violations

 --------------- cycle=    20 --------------------------------------------------
 | Etotal =0.86E+07   grad(E)=789106.017 E(VDW )=0.86E+07   E(ELEC)=-4.125     |
 | E(NOE )=513.011                                                             |
 -------------------------------------------------------------------------------
 NBONDS: found     2012 intra-atom interactions
 NBONDS: found     1846 intra-atom interactions
 NBONDS: found     2013 intra-atom interactions
 NBONDS: found     2276 intra-atom interactions
 NBONDS: found     2107 intra-atom interactions
 NBONDS: found     2045 intra-atom interactions
 NBONDS: found     1815 intra-atom interactions

 --------------- cycle=    30 --------------------------------------------------
 | Etotal =560.195    grad(E)=0.840      E(VDW )=5.136      E(ELEC)=-1.606     |
 | E(NOE )=556.664                                                             |
 -------------------------------------------------------------------------------
 NBONDS: found        0 intra-atom interactions
 NBONDS: found     1409 intra-atom interactions
 NBONDS: found     1750 intra-atom interactions
 NBONDS: found      616 intra-atom interactions
 NBONDS: found     1677 intra-atom interactions
 NBONDS: found     1771 intra-atom interactions

 --------------- cycle=    40 --------------------------------------------------
 | Etotal =476.734    grad(E)=0.811      E(VDW )=3.400      E(ELEC)=-0.538     |
 | E(NOE )=473.872                                                             |
 -------------------------------------------------------------------------------
 NBONDS: found     1075 intra-atom interactions
 NBONDS: found     1214 intra-atom interactions
 NBONDS: found     1940 intra-atom interactions
 NBONDS: found     1227 intra-atom interactions
 NBONDS: found     1656 intra-atom interactions
 NBONDS: found     2331 intra-atom interactions
 %atoms "A   -1   -SAX -N5  " and "B   -20  -DA  -C4  " only  0.48 A apart
 %atoms "A   -1   -SAX -HAK " and "B   -20  -DA  -N3  " only  0.39 A apart
 NBONDS: found     4939 intra-atom interactions
 NBONDS: found        2 nonbonded violations
 NBONDS: found     2331 intra-atom interactions
 NBONDS: found     4482 intra-atom interactions
 NBONDS: found     3499 intra-atom interactions

 --------------- cycle=    50 --------------------------------------------------
 | Etotal =240.128    grad(E)=0.189      E(VDW )=-7.739     E(ELEC)=-0.431     |
 | E(NOE )=248.298                                                             |
 -------------------------------------------------------------------------------
 NBONDS: found     4044 intra-atom interactions
 NBONDS: found     3731 intra-atom interactions
 NBONDS: found     4724 intra-atom interactions
 NBONDS: found     4236 intra-atom interactions
 NBONDS: found     3821 intra-atom interactions

 --------------- cycle=    60 --------------------------------------------------
 | Etotal =230.485    grad(E)=0.468      E(VDW )=-4.735     E(ELEC)=-0.610     |
 | E(NOE )=235.830                                                             |
 -------------------------------------------------------------------------------
 NBONDS: found     3887 intra-atom interactions
 NBONDS: found     4105 intra-atom interactions

 --------------- cycle=    70 --------------------------------------------------
 | Etotal =229.013    grad(E)=0.464      E(VDW )=-9.178     E(ELEC)=-0.827     |
 | E(NOE )=239.018                                                             |
 -------------------------------------------------------------------------------
 NBONDS: found     4360 intra-atom interactions

 --------------- cycle=    80 --------------------------------------------------
 | Etotal =227.371    grad(E)=0.536      E(VDW )=-9.685     E(ELEC)=-1.154     |
 | E(NOE )=238.209                                                             |
 -------------------------------------------------------------------------------
 NBONDS: found     4555 intra-atom interactions

 --------------- cycle=    90 --------------------------------------------------
 | Etotal =223.445    grad(E)=0.675      E(VDW )=-8.691     E(ELEC)=-1.515     |
 | E(NOE )=233.650                                                             |
 -------------------------------------------------------------------------------
 NBONDS: found     4559 intra-atom interactions
 NBONDS: found     4526 intra-atom interactions
 NBONDS: found     4398 intra-atom interactions
 NBONDS: found     4232 intra-atom interactions
 NBONDS: found     3973 intra-atom interactions
 NBONDS: found     4397 intra-atom interactions
 NBONDS: found     4194 intra-atom interactions
 NBONDS: found     4222 intra-atom interactions

 --------------- cycle=   100 --------------------------------------------------
 | Etotal =203.597    grad(E)=0.496      E(VDW )=-9.160     E(ELEC)=-1.173     |
 | E(NOE )=213.931                                                             |
 -------------------------------------------------------------------------------
 NBONDS: found     3954 intra-atom interactions
 NBONDS: found     4082 intra-atom interactions
 NBONDS: found     3958 intra-atom interactions
 NBONDS: found     4028 intra-atom interactions
 NBONDS: found     3760 intra-atom interactions

 --------------- cycle=   110 --------------------------------------------------
 | Etotal =200.316    grad(E)=0.315      E(VDW )=-8.185     E(ELEC)=-0.642     |
 | E(NOE )=209.144                                                             |
 -------------------------------------------------------------------------------
 NBONDS: found     3843 intra-atom interactions
 NBONDS: found     3946 intra-atom interactions

 --------------- cycle=   120 --------------------------------------------------
 | Etotal =196.961    grad(E)=0.483      E(VDW )=-7.813     E(ELEC)=-0.957     |
 | E(NOE )=205.731                                                             |
 -------------------------------------------------------------------------------
 NBONDS: found     3998 intra-atom interactions
 NBONDS: found     3957 intra-atom interactions
 NBONDS: found     3915 intra-atom interactions
 NBONDS: found     4337 intra-atom interactions
 NBONDS: found     4130 intra-atom interactions
 NBONDS: found     3986 intra-atom interactions

 --------------- cycle=   130 --------------------------------------------------
 | Etotal =191.522    grad(E)=0.456      E(VDW )=-7.199     E(ELEC)=-0.626     |
 | E(NOE )=199.347                                                             |
 -------------------------------------------------------------------------------
 NBONDS: found     4050 intra-atom interactions

 --------------- cycle=   140 --------------------------------------------------
 | Etotal =186.213    grad(E)=0.421      E(VDW )=-7.716     E(ELEC)=-0.580     |
 | E(NOE )=194.509                                                             |
 -------------------------------------------------------------------------------
 NBONDS: found     4185 intra-atom interactions
 NBONDS: found     4078 intra-atom interactions

 --------------- cycle=   150 --------------------------------------------------
 | Etotal =184.970    grad(E)=0.423      E(VDW )=-7.674     E(ELEC)=-0.588     |
 | E(NOE )=193.232                                                             |
 -------------------------------------------------------------------------------
 NBONDS: found     4108 intra-atom interactions
 NBONDS: found     4064 intra-atom interactions

 --------------- cycle=   160 --------------------------------------------------
 | Etotal =184.113    grad(E)=0.436      E(VDW )=-8.085     E(ELEC)=-0.543     |
 | E(NOE )=192.741                                                             |
 -------------------------------------------------------------------------------
 NBONDS: found     4156 intra-atom interactions
 NBONDS: found     4089 intra-atom interactions
 NBONDS: found     4064 intra-atom interactions

 --------------- cycle=   170 --------------------------------------------------
 | Etotal =183.635    grad(E)=0.512      E(VDW )=-7.296     E(ELEC)=-0.562     |
 | E(NOE )=191.494                                                             |
 -------------------------------------------------------------------------------
 NBONDS: found     4048 intra-atom interactions
 NBONDS: found     4098 intra-atom interactions

 --------------- cycle=   180 --------------------------------------------------
 | Etotal =182.032    grad(E)=0.471      E(VDW )=-7.859     E(ELEC)=-0.609     |
 | E(NOE )=190.500                                                             |
 -------------------------------------------------------------------------------
 NBONDS: found     4098 intra-atom interactions
 NBONDS: found     4104 intra-atom interactions
 NBONDS: found     4106 intra-atom interactions
 NBONDS: found     4098 intra-atom interactions

 --------------- cycle=   190 --------------------------------------------------
 | Etotal =180.207    grad(E)=0.398      E(VDW )=-9.599     E(ELEC)=-0.726     |
 | E(NOE )=190.532                                                             |
 -------------------------------------------------------------------------------
 NBONDS: found     4139 intra-atom interactions

 --------------- cycle=   200 --------------------------------------------------
 | Etotal =180.080    grad(E)=0.376      E(VDW )=-9.909     E(ELEC)=-0.779     |
 | E(NOE )=190.767                                                             |
 -------------------------------------------------------------------------------
 NBONDS: found     4126 intra-atom interactions
 NBONDS: found     4030 intra-atom interactions

 --------------- cycle=   210 --------------------------------------------------
 | Etotal =182.472    grad(E)=0.340      E(VDW )=-10.217    E(ELEC)=-0.624     |
 | E(NOE )=193.313                                                             |
 -------------------------------------------------------------------------------
 NBONDS: found     4121 intra-atom interactions
 ZXCGR: gradient converged

 --------------- cycle=   220 --------------------------------------------------
 | Etotal =179.929    grad(E)=0.370      E(VDW )=-9.985     E(ELEC)=-0.781     |
 | E(NOE )=190.696                                                             |
 -------------------------------------------------------------------------------
 RIGID: main coordinates set to best minimum
SOLVATED-DOCKING: INITIAL NUMBER OF WATERS IS 0
SOLVATED-DOCKING: REMAINING NUMBER OF INTERFACIAL WATERS IS 0
 NBONDS: generating intra-molecular exclusion list with mode= 5
 MAKINB: mode   5 found      0 exclusions and      0 interactions(1-4)
 NBONDS: found     4123 intra-atom interactions
 NBONDS: generating intra-molecular exclusion list with mode= 5
 MAKINB: mode   5 found      0 exclusions and      0 interactions(1-4)
 NBONDS: found        0 intra-atom interactions
 NBONDS: generating intra-molecular exclusion list with mode= 5
 MAKINB: mode   5 found      0 exclusions and      0 interactions(1-4)
 NBONDS: found        0 intra-atom interactions
 NBONDS: generating intra-molecular exclusion list with mode= 5
 MAKINB: mode   5 found      0 exclusions and      0 interactions(1-4)
 NBONDS: found        0 intra-atom interactions
 --------------- cycle=    19 --------------------------------------------------
 | Etotal =179.929    grad(E)=0.370      E(VDW )=-9.985     E(ELEC)=-0.781     |
 | E(NOE )=190.696                                                             |
 -------------------------------------------------------------------------------
 ZXCGR: gradient converged
 RIGID: main coordinates set to best minimum
 --------------- cycle=    20 --------------------------------------------------
 | Etotal =179.929    grad(E)=0.370      E(VDW )=-9.985     E(ELEC)=-0.781     |
 | E(NOE )=190.696                                                             |
 -------------------------------------------------------------------------------
 ZXCGR: gradient converged
 RIGID: main coordinates set to best minimum
 --------------- cycle=    21 --------------------------------------------------
 | Etotal =179.929    grad(E)=0.370      E(VDW )=-9.985     E(ELEC)=-0.781     |
 | E(NOE )=190.696                                                             |
 -------------------------------------------------------------------------------
 NBONDS: generating intra-molecular exclusion list with mode= 5
 MAKINB: mode   5 found      0 exclusions and      0 interactions(1-4)
 NBONDS: found     4123 intra-atom interactions
 --------------- cycle=    22 --------------------------------------------------
 | Etotal =287.195    grad(E)=0.434      E(VDW )=-9.985     E(ELEC)=-0.781     |
 | E(NOE )=297.962                                                             |
 -------------------------------------------------------------------------------
 SURFAC: half the sigma value being used for atomic radii.
 SURFAC: ACCEssible surface area
 SURFAC: ACCUracy= 0.07 RH2O=  1.40
         Z-grid=  0.32 number-of-Z-sections=   33
         measures-of-arc=    64 and   188
 SURFAC: half the sigma value being used for atomic radii.
 SURFAC: ACCEssible surface area
 SURFAC: ACCUracy= 0.07 RH2O=  1.40
         Z-grid=  0.25 number-of-Z-sections=  202
         measures-of-arc= 11512 and 20429
 SURFAC: half the sigma value being used for atomic radii.
 SURFAC: ACCEssible surface area
 SURFAC: ACCUracy= 0.07 RH2O=  1.40
         Z-grid=  0.25 number-of-Z-sections=  202
         measures-of-arc= 11795 and 20856
 NBONDS: generating intra-molecular exclusion list with mode= 5
 MAKINB: mode   5 found      0 exclusions and      0 interactions(1-4)
 NBONDS: found     4274 intra-atom interactions

 --------------- cycle=    10 --------------------------------------------------
 | Etotal =202.504    grad(E)=0.599      E(VDW )=-4.881     E(ELEC)=-0.775     |
 | E(NOE )=208.161                                                             |
 -------------------------------------------------------------------------------
 NBONDS: found     4376 intra-atom interactions
 NBONDS: found     4418 intra-atom interactions
 NBONDS: found     4405 intra-atom interactions
 NBONDS: found     4411 intra-atom interactions

 --------------- cycle=    20 --------------------------------------------------
 | Etotal =199.362    grad(E)=0.673      E(VDW )=-4.018     E(ELEC)=-0.850     |
 | E(NOE )=204.230                                                             |
 -------------------------------------------------------------------------------
 NBONDS: found     4422 intra-atom interactions
 NBONDS: found     4418 intra-atom interactions
 NBONDS: found     4409 intra-atom interactions
 NBONDS: found     4459 intra-atom interactions
 NBONDS: found     4434 intra-atom interactions

 --------------- cycle=    30 --------------------------------------------------
 | Etotal =197.430    grad(E)=0.803      E(VDW )=-3.035     E(ELEC)=-0.865     |
 | E(NOE )=201.330                                                             |
 -------------------------------------------------------------------------------
 NBONDS: found     4496 intra-atom interactions
 NBONDS: found     4581 intra-atom interactions

 --------------- cycle=    40 --------------------------------------------------
 | Etotal =209.843    grad(E)=1.754      E(VDW )=12.348     E(ELEC)=-1.023     |
 | E(NOE )=198.518                                                             |
 -------------------------------------------------------------------------------
 NBONDS: found     4575 intra-atom interactions
 NBONDS: found     4576 intra-atom interactions
 NBONDS: found     4575 intra-atom interactions

 --------------- cycle=    50 --------------------------------------------------
 | Etotal =194.618    grad(E)=0.765      E(VDW )=-5.382     E(ELEC)=-0.953     |
 | E(NOE )=200.952                                                             |
 -------------------------------------------------------------------------------
 NBONDS: found     4516 intra-atom interactions

 --------------- cycle=    60 --------------------------------------------------
 | Etotal =193.224    grad(E)=0.550      E(VDW )=-10.284    E(ELEC)=-1.007     |
 | E(NOE )=204.516                                                             |
 -------------------------------------------------------------------------------
 NBONDS: found     4482 intra-atom interactions

 --------------- cycle=    70 --------------------------------------------------
 | Etotal =192.936    grad(E)=0.605      E(VDW )=-10.080    E(ELEC)=-1.048     |
 | E(NOE )=204.064                                                             |
 -------------------------------------------------------------------------------
 NBONDS: found     4688 intra-atom interactions
 NBONDS: found     4758 intra-atom interactions

 --------------- cycle=    80 --------------------------------------------------
 | Etotal =190.039    grad(E)=0.838      E(VDW )=-6.459     E(ELEC)=-1.305     |
 | E(NOE )=197.803                                                             |
 -------------------------------------------------------------------------------
 NBONDS: found     4832 intra-atom interactions
 NBONDS: found     4769 intra-atom interactions

 --------------- cycle=    90 --------------------------------------------------
 | Etotal =188.225    grad(E)=0.655      E(VDW )=-10.308    E(ELEC)=-1.265     |
 | E(NOE )=199.799                                                             |
 -------------------------------------------------------------------------------
 NBONDS: found     4846 intra-atom interactions
 NBONDS: found     4801 intra-atom interactions
 NBONDS: found     4762 intra-atom interactions
 NBONDS: found     4767 intra-atom interactions
 NBONDS: found     4770 intra-atom interactions

 --------------- cycle=   100 --------------------------------------------------
 | Etotal =183.108    grad(E)=0.503      E(VDW )=-13.828    E(ELEC)=-1.263     |
 | E(NOE )=198.200                                                             |
 -------------------------------------------------------------------------------

 --------------- cycle=   110 --------------------------------------------------
 | Etotal =182.782    grad(E)=0.483      E(VDW )=-14.495    E(ELEC)=-1.231     |
 | E(NOE )=198.508                                                             |
 -------------------------------------------------------------------------------
 NBONDS: found     4791 intra-atom interactions
 NBONDS: found     4801 intra-atom interactions

 --------------- cycle=   120 --------------------------------------------------
 | Etotal =181.445    grad(E)=0.563      E(VDW )=-13.581    E(ELEC)=-1.184     |
 | E(NOE )=196.211                                                             |
 -------------------------------------------------------------------------------
 NBONDS: found     4786 intra-atom interactions
 NBONDS: found     4789 intra-atom interactions
 NBONDS: found     4794 intra-atom interactions
 NBONDS: found     4843 intra-atom interactions

 --------------- cycle=   130 --------------------------------------------------
 | Etotal =180.958    grad(E)=0.863      E(VDW )=-8.212     E(ELEC)=-1.193     |
 | E(NOE )=190.363                                                             |
 -------------------------------------------------------------------------------
 NBONDS: found     5017 intra-atom interactions
 NBONDS: found     4947 intra-atom interactions

 --------------- cycle=   140 --------------------------------------------------
 | Etotal =174.867    grad(E)=0.843      E(VDW )=-4.165     E(ELEC)=-1.447     |
 | E(NOE )=180.479                                                             |
 -------------------------------------------------------------------------------

 --------------- cycle=   150 --------------------------------------------------
 | Etotal =172.785    grad(E)=0.593      E(VDW )=-10.537    E(ELEC)=-1.369     |
 | E(NOE )=184.690                                                             |
 -------------------------------------------------------------------------------
 NBONDS: found     4858 intra-atom interactions

 --------------- cycle=   160 --------------------------------------------------
 | Etotal =172.525    grad(E)=0.616      E(VDW )=-9.894     E(ELEC)=-1.386     |
 | E(NOE )=183.804                                                             |
 -------------------------------------------------------------------------------
 NBONDS: found     4854 intra-atom interactions
 NBONDS: found     4892 intra-atom interactions
 NBONDS: found     4853 intra-atom interactions

 --------------- cycle=   170 --------------------------------------------------
 | Etotal =172.158    grad(E)=0.731      E(VDW )=-6.963     E(ELEC)=-1.391     |
 | E(NOE )=180.512                                                             |
 -------------------------------------------------------------------------------
 NBONDS: found     4861 intra-atom interactions
 NBONDS: found     4868 intra-atom interactions
 NBONDS: found     4893 intra-atom interactions
 NBONDS: found     4683 intra-atom interactions
 NBONDS: found     4899 intra-atom interactions

 --------------- cycle=   180 --------------------------------------------------
 | Etotal =171.734    grad(E)=0.964      E(VDW )=-1.095     E(ELEC)=-1.379     |
 | E(NOE )=174.208                                                             |
 -------------------------------------------------------------------------------
 NBONDS: found     4857 intra-atom interactions
 NBONDS: found     4883 intra-atom interactions
 NBONDS: found     4879 intra-atom interactions
 NBONDS: found     4789 intra-atom interactions
 NBONDS: found     4879 intra-atom interactions
 NBONDS: found     4855 intra-atom interactions

 --------------- cycle=   190 --------------------------------------------------
 | Etotal =167.096    grad(E)=1.127      E(VDW )=-1.689     E(ELEC)=-1.167     |
 | E(NOE )=169.952                                                             |
 -------------------------------------------------------------------------------
 NBONDS: found     4784 intra-atom interactions
 NBONDS: found     4827 intra-atom interactions
 NBONDS: found     4813 intra-atom interactions
 NBONDS: found     4916 intra-atom interactions
 NBONDS: found     5002 intra-atom interactions

 --------------- cycle=   200 --------------------------------------------------
 | Etotal =158.588    grad(E)=0.869      E(VDW )=-6.816     E(ELEC)=-1.095     |
 | E(NOE )=166.499                                                             |
 -------------------------------------------------------------------------------
 NBONDS: found     5054 intra-atom interactions
 NBONDS: found     5078 intra-atom interactions
 NBONDS: found     5073 intra-atom interactions

 --------------- cycle=   210 --------------------------------------------------
 | Etotal =156.649    grad(E)=0.759      E(VDW )=-9.131     E(ELEC)=-1.109     |
 | E(NOE )=166.889                                                             |
 -------------------------------------------------------------------------------
 NBONDS: found     5061 intra-atom interactions
 NBONDS: found     5060 intra-atom interactions

 --------------- cycle=   220 --------------------------------------------------
 | Etotal =154.489    grad(E)=0.715      E(VDW )=-9.692     E(ELEC)=-1.084     |
 | E(NOE )=165.265                                                             |
 -------------------------------------------------------------------------------
 NBONDS: found     5042 intra-atom interactions
 NBONDS: found     5065 intra-atom interactions

 --------------- cycle=   230 --------------------------------------------------
 | Etotal =153.589    grad(E)=0.722      E(VDW )=-9.515     E(ELEC)=-1.089     |
 | E(NOE )=164.192                                                             |
 -------------------------------------------------------------------------------
 NBONDS: found     5073 intra-atom interactions
 NBONDS: found     5045 intra-atom interactions
 NBONDS: found     5092 intra-atom interactions

 --------------- cycle=   240 --------------------------------------------------
 | Etotal =152.909    grad(E)=0.730      E(VDW )=-9.397     E(ELEC)=-1.100     |
 | E(NOE )=163.406                                                             |
 -------------------------------------------------------------------------------
 NBONDS: found     5126 intra-atom interactions
 NBONDS: found     5209 intra-atom interactions
 NBONDS: found     5178 intra-atom interactions
 NBONDS: found     5346 intra-atom interactions
 NBONDS: found     5273 intra-atom interactions

 --------------- cycle=   250 --------------------------------------------------
 | Etotal =168.654    grad(E)=1.824      E(VDW )=10.339     E(ELEC)=-1.043     |
 | E(NOE )=159.358                                                             |
 -------------------------------------------------------------------------------
 ZXCGR: NSTEP limit reached
 RIGID: main coordinates set to best minimum

 --------------- cycle=    10 --------------------------------------------------
 | Etotal =149.553    grad(E)=0.594      E(VDW )=-13.165    E(ELEC)=-1.093     |
 | E(NOE )=163.810                                                             |
 -------------------------------------------------------------------------------
 NBONDS: found     5245 intra-atom interactions

 --------------- cycle=    20 --------------------------------------------------
 | Etotal =147.169    grad(E)=0.618      E(VDW )=-11.739    E(ELEC)=-1.122     |
 | E(NOE )=160.030                                                             |
 -------------------------------------------------------------------------------
 NBONDS: found     5206 intra-atom interactions
 NBONDS: found     5202 intra-atom interactions

 --------------- cycle=    30 --------------------------------------------------
 | Etotal =146.140    grad(E)=0.587      E(VDW )=-13.764    E(ELEC)=-1.095     |
 | E(NOE )=160.999                                                             |
 -------------------------------------------------------------------------------
 NBONDS: found     5195 intra-atom interactions
 NBONDS: found     5155 intra-atom interactions
 NBONDS: found     4852 intra-atom interactions
 NBONDS: found     5046 intra-atom interactions
 NBONDS: found     4805 intra-atom interactions

 --------------- cycle=    40 --------------------------------------------------
 | Etotal =151.488    grad(E)=0.855      E(VDW )=-10.747    E(ELEC)=-1.014     |
 | E(NOE )=163.249                                                             |
 -------------------------------------------------------------------------------
 NBONDS: found     5030 intra-atom interactions

 --------------- cycle=    50 --------------------------------------------------
 | Etotal =143.450    grad(E)=0.563      E(VDW )=-13.662    E(ELEC)=-1.040     |
 | E(NOE )=158.152                                                             |
 -------------------------------------------------------------------------------
 NBONDS: found     5142 intra-atom interactions
 NBONDS: found     5182 intra-atom interactions
 NBONDS: found     5188 intra-atom interactions

 --------------- cycle=    60 --------------------------------------------------
 | Etotal =142.386    grad(E)=0.547      E(VDW )=-14.925    E(ELEC)=-1.032     |
 | E(NOE )=158.342                                                             |
 -------------------------------------------------------------------------------
 NBONDS: found     5264 intra-atom interactions
 NBONDS: found     5315 intra-atom interactions

 --------------- cycle=    70 --------------------------------------------------
 | Etotal =141.759    grad(E)=0.509      E(VDW )=-16.150    E(ELEC)=-1.050     |
 | E(NOE )=158.959                                                             |
 -------------------------------------------------------------------------------
 NBONDS: found     5394 intra-atom interactions

 --------------- cycle=    80 --------------------------------------------------
 | Etotal =141.179    grad(E)=0.483      E(VDW )=-17.276    E(ELEC)=-1.050     |
 | E(NOE )=159.505                                                             |
 -------------------------------------------------------------------------------
 NBONDS: found     5380 intra-atom interactions

 --------------- cycle=    90 --------------------------------------------------
 | Etotal =140.733    grad(E)=0.440      E(VDW )=-18.594    E(ELEC)=-1.067     |
 | E(NOE )=160.394                                                             |
 -------------------------------------------------------------------------------

 --------------- cycle=   100 --------------------------------------------------
 | Etotal =140.520    grad(E)=0.460      E(VDW )=-18.219    E(ELEC)=-1.077     |
 | E(NOE )=159.816                                                             |
 -------------------------------------------------------------------------------
 NBONDS: found     5361 intra-atom interactions
 NBONDS: found     5250 intra-atom interactions

 --------------- cycle=   110 --------------------------------------------------
 | Etotal =140.435    grad(E)=0.449      E(VDW )=-18.503    E(ELEC)=-1.067     |
 | E(NOE )=160.005                                                             |
 -------------------------------------------------------------------------------
 NBONDS: found     5366 intra-atom interactions

 --------------- cycle=   120 --------------------------------------------------
 | Etotal =140.428    grad(E)=0.458      E(VDW )=-18.317    E(ELEC)=-1.069     |
 | E(NOE )=159.815                                                             |
 -------------------------------------------------------------------------------

 --------------- cycle=   130 --------------------------------------------------
 | Etotal =140.422    grad(E)=0.457      E(VDW )=-18.301    E(ELEC)=-1.065     |
 | E(NOE )=159.787                                                             |
 -------------------------------------------------------------------------------
 ZXCGR: gradient converged
 RIGID: main coordinates set to best minimum
 --------------- cycle=    23 --------------------------------------------------
 | Etotal =140.420    grad(E)=0.459      E(VDW )=-18.248    E(ELEC)=-1.066     |
 | E(NOE )=159.734                                                             |
 -------------------------------------------------------------------------------
 NBONDS: generating intra-molecular exclusion list with mode= 5
 MAKINB: mode   5 found      0 exclusions and      0 interactions(1-4)
 NBONDS: found     5356 intra-atom interactions
 --------------- cycle=    24 --------------------------------------------------
 | Etotal =230.270    grad(E)=0.549      E(VDW )=-18.248    E(ELEC)=-1.066     |
 | E(NOE )=249.584                                                             |
 -------------------------------------------------------------------------------
 SURFAC: half the sigma value being used for atomic radii.
 SURFAC: ACCEssible surface area
 SURFAC: ACCUracy= 0.07 RH2O=  1.40
         Z-grid=  0.32 number-of-Z-sections=   35
         measures-of-arc=    74 and   201
 SURFAC: half the sigma value being used for atomic radii.
 SURFAC: ACCEssible surface area
 SURFAC: ACCUracy= 0.07 RH2O=  1.40
         Z-grid=  0.25 number-of-Z-sections=  193
         measures-of-arc= 11444 and 21168
 SURFAC: half the sigma value being used for atomic radii.
 SURFAC: ACCEssible surface area
 SURFAC: ACCUracy= 0.07 RH2O=  1.40
         Z-grid=  0.25 number-of-Z-sections=  193
         measures-of-arc= 11869 and 21606
 MOMENTS
    111.53960420     24.35173391    -54.05712451
                     73.15508481    -19.75565118
                                    194.73020088

 MOMENTS
 141115.55748545  16355.56443893 115323.00329273
                 138982.30724684 -28003.78450758
                                 210101.31841200

SPACING SET TO 84.1208 ANGSTROM
 ZXCGR: gradient converged
 RIGID: main coordinates set to best minimum
 ZXCGR: gradient converged
 RIGID: main coordinates set to best minimum
 ZXCGR: gradient converged
 RIGID: main coordinates set to best minimum
 ZXCGR: gradient converged
 RIGID: main coordinates set to best minimum
 ZXCGR: gradient converged
 RIGID: main coordinates set to best minimum
 ZXCGR: gradient converged
 RIGID: main coordinates set to best minimum
 ZXCGR: gradient converged
 RIGID: main coordinates set to best minimum
 ZXCGR: gradient converged
 RIGID: main coordinates set to best minimum
 ZXCGR: gradient converged
 RIGID: main coordinates set to best minimum
 ZXCGR: gradient converged
 RIGID: main coordinates set to best minimum
 NBONDS: generating intra-molecular exclusion list with mode= 5
 MAKINB: mode   5 found      0 exclusions and      0 interactions(1-4)
 NBONDS: found        0 intra-atom interactions
 NBONDS: found        0 intra-atom interactions
 NBONDS: found        0 intra-atom interactions
 NBONDS: found        0 intra-atom interactions
 NBONDS: found        0 intra-atom interactions
 NBONDS: found        0 intra-atom interactions
 %atoms "A   -1   -SAX -C10 " and "B   -25  -DG  -H21 " only  0.49 A apart
 NBONDS: found     6585 intra-atom interactions
 NBONDS: found        1 nonbonded violations
 NBONDS: found       51 intra-atom interactions

 --------------- cycle=    10 --------------------------------------------------
 | Etotal =1188.910   grad(E)=0.331      E(VDW )=-0.001     E(ELEC)=0.001      |
 | E(NOE )=1188.910                                                            |
 -------------------------------------------------------------------------------
 %atoms "A   -1   -SAX -C8  " and "B   -22  -DC  -C4  " only  0.40 A apart
 %atoms "A   -1   -SAX -O1  " and "B   -23  -DC  -H1' " only  0.48 A apart
 NBONDS: found     3788 intra-atom interactions
 NBONDS: found        2 nonbonded violations
 NBONDS: found     1477 intra-atom interactions
 NBONDS: found     2629 intra-atom interactions
 NBONDS: found     2039 intra-atom interactions
 NBONDS: found     1761 intra-atom interactions
 NBONDS: found        0 intra-atom interactions
 NBONDS: found     1398 intra-atom interactions
 NBONDS: found      864 intra-atom interactions

 --------------- cycle=    20 --------------------------------------------------
 | Etotal =589.139    grad(E)=0.324      E(VDW )=-0.977     E(ELEC)=-0.189     |
 | E(NOE )=590.305                                                             |
 -------------------------------------------------------------------------------
 NBONDS: found     1003 intra-atom interactions
 NBONDS: found     1195 intra-atom interactions
 NBONDS: found     3617 intra-atom interactions
 NBONDS: found     2309 intra-atom interactions
 NBONDS: found     2848 intra-atom interactions
 NBONDS: found     2241 intra-atom interactions
 NBONDS: found     2683 intra-atom interactions
 NBONDS: found     2477 intra-atom interactions

 --------------- cycle=    30 --------------------------------------------------
 | Etotal =365.671    grad(E)=0.320      E(VDW )=-3.932     E(ELEC)=-0.719     |
 | E(NOE )=370.322                                                             |
 -------------------------------------------------------------------------------
 NBONDS: found     2659 intra-atom interactions
 NBONDS: found     2464 intra-atom interactions

 --------------- cycle=    40 --------------------------------------------------
 | Etotal =355.358    grad(E)=0.492      E(VDW )=0.249      E(ELEC)=-0.464     |
 | E(NOE )=355.573                                                             |
 -------------------------------------------------------------------------------
 NBONDS: found     2135 intra-atom interactions
 NBONDS: found     1944 intra-atom interactions
 NBONDS: found     1902 intra-atom interactions
 NBONDS: found     1834 intra-atom interactions
 NBONDS: found     2220 intra-atom interactions

 --------------- cycle=    50 --------------------------------------------------
 | Etotal =308.455    grad(E)=0.817      E(VDW )=2.676      E(ELEC)=0.273      |
 | E(NOE )=305.507                                                             |
 -------------------------------------------------------------------------------
 NBONDS: found     2470 intra-atom interactions
 NBONDS: found     2369 intra-atom interactions
 NBONDS: found     2621 intra-atom interactions
 NBONDS: found     4099 intra-atom interactions

 --------------- cycle=    60 --------------------------------------------------
 | Etotal =2253.081   grad(E)=280.033    E(VDW )=2026.465   E(ELEC)=0.977      |
 | E(NOE )=225.639                                                             |
 -------------------------------------------------------------------------------
 NBONDS: found     3450 intra-atom interactions

 --------------- cycle=    70 --------------------------------------------------
 | Etotal =247.137    grad(E)=0.554      E(VDW )=-6.975     E(ELEC)=0.766      |
 | E(NOE )=253.346                                                             |
 -------------------------------------------------------------------------------
 NBONDS: found     3578 intra-atom interactions
 NBONDS: found     3789 intra-atom interactions
 NBONDS: found     3678 intra-atom interactions
 NBONDS: found     3783 intra-atom interactions

 --------------- cycle=    80 --------------------------------------------------
 | Etotal =241.094    grad(E)=1.394      E(VDW )=0.383      E(ELEC)=0.341      |
 | E(NOE )=240.370                                                             |
 -------------------------------------------------------------------------------
 NBONDS: found     3826 intra-atom interactions
 NBONDS: found     3738 intra-atom interactions

 --------------- cycle=    90 --------------------------------------------------
 | Etotal =235.362    grad(E)=0.500      E(VDW )=-7.612     E(ELEC)=0.344      |
 | E(NOE )=242.630                                                             |
 -------------------------------------------------------------------------------
 NBONDS: found     3714 intra-atom interactions
 NBONDS: found     3576 intra-atom interactions

 --------------- cycle=   100 --------------------------------------------------
 | Etotal =234.359    grad(E)=0.404      E(VDW )=-7.762     E(ELEC)=0.397      |
 | E(NOE )=241.724                                                             |
 -------------------------------------------------------------------------------
 NBONDS: found     3667 intra-atom interactions

 --------------- cycle=   110 --------------------------------------------------
 | Etotal =232.772    grad(E)=0.449      E(VDW )=-5.427     E(ELEC)=0.367      |
 | E(NOE )=237.831                                                             |
 -------------------------------------------------------------------------------
 NBONDS: found     3272 intra-atom interactions
 NBONDS: found     3629 intra-atom interactions
 NBONDS: found     3665 intra-atom interactions

 --------------- cycle=   120 --------------------------------------------------
 | Etotal =233.327    grad(E)=0.574      E(VDW )=-4.689     E(ELEC)=0.333      |
 | E(NOE )=237.684                                                             |
 -------------------------------------------------------------------------------
 NBONDS: found     3707 intra-atom interactions
 NBONDS: found     3743 intra-atom interactions
 NBONDS: found     3384 intra-atom interactions

 --------------- cycle=   130 --------------------------------------------------
 | Etotal =235.391    grad(E)=0.239      E(VDW )=-8.772     E(ELEC)=0.311      |
 | E(NOE )=243.851                                                             |
 -------------------------------------------------------------------------------
 NBONDS: found     3678 intra-atom interactions
 NBONDS: found     3709 intra-atom interactions
 NBONDS: found     3845 intra-atom interactions
 NBONDS: found     3739 intra-atom interactions
 NBONDS: found     3902 intra-atom interactions
 NBONDS: found     3034 intra-atom interactions

 --------------- cycle=   140 --------------------------------------------------
 | Etotal =295.840    grad(E)=1.526      E(VDW )=6.909      E(ELEC)=0.408      |
 | E(NOE )=288.523                                                             |
 -------------------------------------------------------------------------------
 NBONDS: found     4110 intra-atom interactions
 NBONDS: found     4360 intra-atom interactions
 NBONDS: found     4134 intra-atom interactions
 NBONDS: found     4382 intra-atom interactions
 NBONDS: found     4272 intra-atom interactions
 NBONDS: found     4237 intra-atom interactions
 NBONDS: found     4203 intra-atom interactions
 NBONDS: found     4246 intra-atom interactions

 --------------- cycle=   150 --------------------------------------------------
 | Etotal =203.330    grad(E)=0.786      E(VDW )=-5.199     E(ELEC)=-0.072     |
 | E(NOE )=208.600                                                             |
 -------------------------------------------------------------------------------
 NBONDS: found     4346 intra-atom interactions
 NBONDS: found     4260 intra-atom interactions

 --------------- cycle=   160 --------------------------------------------------
 | Etotal =197.648    grad(E)=0.466      E(VDW )=-11.090    E(ELEC)=-0.051     |
 | E(NOE )=208.789                                                             |
 -------------------------------------------------------------------------------
 NBONDS: found     4415 intra-atom interactions
 NBONDS: found     4364 intra-atom interactions
 NBONDS: found     4365 intra-atom interactions

 --------------- cycle=   170 --------------------------------------------------
 | Etotal =192.723    grad(E)=0.751      E(VDW )=-8.862     E(ELEC)=-0.142     |
 | E(NOE )=201.727                                                             |
 -------------------------------------------------------------------------------
 NBONDS: found     4291 intra-atom interactions
 NBONDS: found     4352 intra-atom interactions
 NBONDS: found     4429 intra-atom interactions
 %atoms "A   -1   -SAX -HAB " and "B   -25  -DG  -H21 " only  0.47 A apart
 NBONDS: found     4517 intra-atom interactions
 NBONDS: found        1 nonbonded violations
 NBONDS: found     4556 intra-atom interactions
 NBONDS: found     4505 intra-atom interactions
 NBONDS: found     4483 intra-atom interactions
 NBONDS: found     4708 intra-atom interactions

 --------------- cycle=   180 --------------------------------------------------
 | Etotal =196.181    grad(E)=2.244      E(VDW )=1.609      E(ELEC)=-0.251     |
 | E(NOE )=194.823                                                             |
 -------------------------------------------------------------------------------
 NBONDS: found     4588 intra-atom interactions
 NBONDS: found     4562 intra-atom interactions
 NBONDS: found     4637 intra-atom interactions

 --------------- cycle=   190 --------------------------------------------------
 | Etotal =183.453    grad(E)=0.354      E(VDW )=-12.632    E(ELEC)=-0.225     |
 | E(NOE )=196.310                                                             |
 -------------------------------------------------------------------------------
 NBONDS: found     4633 intra-atom interactions
 NBONDS: found     4574 intra-atom interactions
 NBONDS: found     4594 intra-atom interactions

 --------------- cycle=   200 --------------------------------------------------
 | Etotal =177.179    grad(E)=0.764      E(VDW )=-8.955     E(ELEC)=-0.170     |
 | E(NOE )=186.304                                                             |
 -------------------------------------------------------------------------------
 NBONDS: found     4397 intra-atom interactions
 NBONDS: found     4507 intra-atom interactions

 --------------- cycle=   210 --------------------------------------------------
 | Etotal =174.047    grad(E)=0.446      E(VDW )=-11.139    E(ELEC)=-0.102     |
 | E(NOE )=185.287                                                             |
 -------------------------------------------------------------------------------
 NBONDS: found     4515 intra-atom interactions
 NBONDS: found     4440 intra-atom interactions
 NBONDS: found     4459 intra-atom interactions
 NBONDS: found     4975 intra-atom interactions
 NBONDS: found     4766 intra-atom interactions
 NBONDS: found     4620 intra-atom interactions
 NBONDS: found     4467 intra-atom interactions

 --------------- cycle=   220 --------------------------------------------------
 | Etotal =170.613    grad(E)=0.389      E(VDW )=-11.532    E(ELEC)=0.009      |
 | E(NOE )=182.136                                                             |
 -------------------------------------------------------------------------------
 NBONDS: found     4455 intra-atom interactions

 --------------- cycle=   230 --------------------------------------------------
 | Etotal =170.400    grad(E)=0.377      E(VDW )=-12.272    E(ELEC)=0.021      |
 | E(NOE )=182.651                                                             |
 -------------------------------------------------------------------------------

 --------------- cycle=   240 --------------------------------------------------
 | Etotal =170.147    grad(E)=0.471      E(VDW )=-10.826    E(ELEC)=0.012      |
 | E(NOE )=180.961                                                             |
 -------------------------------------------------------------------------------
 NBONDS: found     4495 intra-atom interactions
 NBONDS: found     4472 intra-atom interactions
 NBONDS: found     4484 intra-atom interactions

 --------------- cycle=   250 --------------------------------------------------
 | Etotal =169.630    grad(E)=0.416      E(VDW )=-11.806    E(ELEC)=0.086      |
 | E(NOE )=181.349                                                             |
 -------------------------------------------------------------------------------

 --------------- cycle=   260 --------------------------------------------------
 | Etotal =169.618    grad(E)=0.435      E(VDW )=-11.400    E(ELEC)=0.049      |
 | E(NOE )=180.969                                                             |
 -------------------------------------------------------------------------------
 NBONDS: found     4446 intra-atom interactions

 --------------- cycle=   270 --------------------------------------------------
 | Etotal =169.686    grad(E)=0.377      E(VDW )=-12.278    E(ELEC)=0.060      |
 | E(NOE )=181.904                                                             |
 -------------------------------------------------------------------------------
 ZXCGR: gradient converged
 RIGID: main coordinates set to best minimum
SOLVATED-DOCKING: INITIAL NUMBER OF WATERS IS 0
SOLVATED-DOCKING: REMAINING NUMBER OF INTERFACIAL WATERS IS 0
 NBONDS: generating intra-molecular exclusion list with mode= 5
 MAKINB: mode   5 found      0 exclusions and      0 interactions(1-4)
 NBONDS: found     4470 intra-atom interactions
 NBONDS: generating intra-molecular exclusion list with mode= 5
 MAKINB: mode   5 found      0 exclusions and      0 interactions(1-4)
 NBONDS: found        0 intra-atom interactions
 NBONDS: generating intra-molecular exclusion list with mode= 5
 MAKINB: mode   5 found      0 exclusions and      0 interactions(1-4)
 NBONDS: found        0 intra-atom interactions
 NBONDS: generating intra-molecular exclusion list with mode= 5
 MAKINB: mode   5 found      0 exclusions and      0 interactions(1-4)
 NBONDS: found        0 intra-atom interactions
 --------------- cycle=    25 --------------------------------------------------
 | Etotal =169.558    grad(E)=0.411      E(VDW )=-11.750    E(ELEC)=0.071      |
 | E(NOE )=181.237                                                             |
 -------------------------------------------------------------------------------
 ZXCGR: gradient converged
 RIGID: main coordinates set to best minimum
 --------------- cycle=    26 --------------------------------------------------
 | Etotal =169.558    grad(E)=0.411      E(VDW )=-11.750    E(ELEC)=0.071      |
 | E(NOE )=181.237                                                             |
 -------------------------------------------------------------------------------
 ZXCGR: gradient converged
 RIGID: main coordinates set to best minimum
 --------------- cycle=    27 --------------------------------------------------
 | Etotal =169.558    grad(E)=0.411      E(VDW )=-11.750    E(ELEC)=0.071      |
 | E(NOE )=181.237                                                             |
 -------------------------------------------------------------------------------
 NBONDS: generating intra-molecular exclusion list with mode= 5
 MAKINB: mode   5 found      0 exclusions and      0 interactions(1-4)
 NBONDS: found     4470 intra-atom interactions
 --------------- cycle=    28 --------------------------------------------------
 | Etotal =271.504    grad(E)=0.489      E(VDW )=-11.750    E(ELEC)=0.071      |
 | E(NOE )=283.183                                                             |
 -------------------------------------------------------------------------------
 SURFAC: half the sigma value being used for atomic radii.
 SURFAC: ACCEssible surface area
 SURFAC: ACCUracy= 0.07 RH2O=  1.40
         Z-grid=  0.32 number-of-Z-sections=   38
         measures-of-arc=    64 and   160
 SURFAC: half the sigma value being used for atomic radii.
 SURFAC: ACCEssible surface area
 SURFAC: ACCUracy= 0.07 RH2O=  1.40
         Z-grid=  0.25 number-of-Z-sections=  206
         measures-of-arc= 11662 and 21363
 SURFAC: half the sigma value being used for atomic radii.
 SURFAC: ACCEssible surface area
 SURFAC: ACCUracy= 0.07 RH2O=  1.40
         Z-grid=  0.25 number-of-Z-sections=  206
         measures-of-arc= 11972 and 21850
 NBONDS: generating intra-molecular exclusion list with mode= 5
 MAKINB: mode   5 found      0 exclusions and      0 interactions(1-4)
 NBONDS: found     4390 intra-atom interactions

 --------------- cycle=    10 --------------------------------------------------
 | Etotal =335.534    grad(E)=11.758     E(VDW )=107.128    E(ELEC)=-0.030     |
 | E(NOE )=228.436                                                             |
 -------------------------------------------------------------------------------
 NBONDS: found     3835 intra-atom interactions

 --------------- cycle=    20 --------------------------------------------------
 | Etotal =237.043    grad(E)=0.658      E(VDW )=-6.048     E(ELEC)=-0.257     |
 | E(NOE )=243.348                                                             |
 -------------------------------------------------------------------------------
 NBONDS: found     4187 intra-atom interactions
 NBONDS: found     4538 intra-atom interactions
 NBONDS: found     4663 intra-atom interactions

 --------------- cycle=    30 --------------------------------------------------
 | Etotal =213.209    grad(E)=0.564      E(VDW )=-8.940     E(ELEC)=-0.445     |
 | E(NOE )=222.593                                                             |
 -------------------------------------------------------------------------------
 NBONDS: found     4381 intra-atom interactions

 --------------- cycle=    40 --------------------------------------------------
 | Etotal =208.075    grad(E)=0.385      E(VDW )=-11.506    E(ELEC)=-0.153     |
 | E(NOE )=219.734                                                             |
 -------------------------------------------------------------------------------
 NBONDS: found     4399 intra-atom interactions
 NBONDS: found     4402 intra-atom interactions
 NBONDS: found     4671 intra-atom interactions
 NBONDS: found     4580 intra-atom interactions

 --------------- cycle=    50 --------------------------------------------------
 | Etotal =189.385    grad(E)=0.474      E(VDW )=-9.544     E(ELEC)=-0.122     |
 | E(NOE )=199.051                                                             |
 -------------------------------------------------------------------------------
 NBONDS: found     4512 intra-atom interactions

 --------------- cycle=    60 --------------------------------------------------
 | Etotal =188.208    grad(E)=0.511      E(VDW )=-9.720     E(ELEC)=-0.146     |
 | E(NOE )=198.074                                                             |
 -------------------------------------------------------------------------------
 NBONDS: found     4583 intra-atom interactions
 NBONDS: found     4603 intra-atom interactions
 NBONDS: found     4600 intra-atom interactions
 NBONDS: found     4860 intra-atom interactions
 NBONDS: found     4712 intra-atom interactions
 NBONDS: found     4647 intra-atom interactions
 NBONDS: found     4751 intra-atom interactions

 --------------- cycle=    70 --------------------------------------------------
 | Etotal =175.365    grad(E)=0.665      E(VDW )=-7.460     E(ELEC)=-0.750     |
 | E(NOE )=183.576                                                             |
 -------------------------------------------------------------------------------
 NBONDS: found     4508 intra-atom interactions
 NBONDS: found     4657 intra-atom interactions
 NBONDS: found     4697 intra-atom interactions

 --------------- cycle=    80 --------------------------------------------------
 | Etotal =173.901    grad(E)=0.519      E(VDW )=-10.186    E(ELEC)=-0.743     |
 | E(NOE )=184.830                                                             |
 -------------------------------------------------------------------------------
 NBONDS: found     4663 intra-atom interactions
 NBONDS: found     4678 intra-atom interactions
 NBONDS: found     4664 intra-atom interactions

 --------------- cycle=    90 --------------------------------------------------
 | Etotal =173.114    grad(E)=0.514      E(VDW )=-10.800    E(ELEC)=-0.771     |
 | E(NOE )=184.686                                                             |
 -------------------------------------------------------------------------------
 NBONDS: found     4657 intra-atom interactions

 --------------- cycle=   100 --------------------------------------------------
 | Etotal =172.725    grad(E)=0.528      E(VDW )=-10.322    E(ELEC)=-0.774     |
 | E(NOE )=183.821                                                             |
 -------------------------------------------------------------------------------
 NBONDS: found     4623 intra-atom interactions
 NBONDS: found     4583 intra-atom interactions
 NBONDS: found     4575 intra-atom interactions
 NBONDS: found     4762 intra-atom interactions
 NBONDS: found     4685 intra-atom interactions
 NBONDS: found     4679 intra-atom interactions

 --------------- cycle=   110 --------------------------------------------------
 | Etotal =165.458    grad(E)=0.539      E(VDW )=-9.232     E(ELEC)=-0.346     |
 | E(NOE )=175.036                                                             |
 -------------------------------------------------------------------------------

 --------------- cycle=   120 --------------------------------------------------
 | Etotal =164.235    grad(E)=0.543      E(VDW )=-9.212     E(ELEC)=-0.376     |
 | E(NOE )=173.823                                                             |
 -------------------------------------------------------------------------------
 NBONDS: found     4711 intra-atom interactions
 NBONDS: found     4686 intra-atom interactions

 --------------- cycle=   130 --------------------------------------------------
 | Etotal =163.456    grad(E)=0.494      E(VDW )=-10.033    E(ELEC)=-0.289     |
 | E(NOE )=173.778                                                             |
 -------------------------------------------------------------------------------

 --------------- cycle=   140 --------------------------------------------------
 | Etotal =162.908    grad(E)=0.512      E(VDW )=-9.980     E(ELEC)=-0.255     |
 | E(NOE )=173.143                                                             |
 -------------------------------------------------------------------------------
 NBONDS: found     4714 intra-atom interactions
 NBONDS: found     4711 intra-atom interactions
 NBONDS: found     4696 intra-atom interactions
 NBONDS: found     5138 intra-atom interactions
 NBONDS: found     4748 intra-atom interactions
 NBONDS: found     4743 intra-atom interactions

 --------------- cycle=   150 --------------------------------------------------
 | Etotal =158.994    grad(E)=0.565      E(VDW )=-11.476    E(ELEC)=-0.333     |
 | E(NOE )=170.803                                                             |
 -------------------------------------------------------------------------------
 NBONDS: found     4709 intra-atom interactions
 NBONDS: found     4731 intra-atom interactions

 --------------- cycle=   160 --------------------------------------------------
 | Etotal =158.768    grad(E)=0.533      E(VDW )=-11.215    E(ELEC)=-0.294     |
 | E(NOE )=170.277                                                             |
 -------------------------------------------------------------------------------
 NBONDS: found     4734 intra-atom interactions

 --------------- cycle=   170 --------------------------------------------------
 | Etotal =158.615    grad(E)=0.541      E(VDW )=-11.502    E(ELEC)=-0.305     |
 | E(NOE )=170.422                                                             |
 -------------------------------------------------------------------------------
 NBONDS: found     4745 intra-atom interactions

 --------------- cycle=   180 --------------------------------------------------
 | Etotal =158.439    grad(E)=0.522      E(VDW )=-11.905    E(ELEC)=-0.310     |
 | E(NOE )=170.654                                                             |
 -------------------------------------------------------------------------------
 NBONDS: found     4773 intra-atom interactions
 NBONDS: found     4723 intra-atom interactions
 NBONDS: found     4768 intra-atom interactions

 --------------- cycle=   190 --------------------------------------------------
 | Etotal =157.941    grad(E)=0.455      E(VDW )=-13.325    E(ELEC)=-0.344     |
 | E(NOE )=171.609                                                             |
 -------------------------------------------------------------------------------

 --------------- cycle=   200 --------------------------------------------------
 | Etotal =157.878    grad(E)=0.470      E(VDW )=-13.246    E(ELEC)=-0.366     |
 | E(NOE )=171.490                                                             |
 -------------------------------------------------------------------------------
 NBONDS: found     4794 intra-atom interactions

 --------------- cycle=   210 --------------------------------------------------
 | Etotal =157.837    grad(E)=0.481      E(VDW )=-13.353    E(ELEC)=-0.415     |
 | E(NOE )=171.605                                                             |
 -------------------------------------------------------------------------------

 --------------- cycle=   220 --------------------------------------------------
 | Etotal =158.366    grad(E)=0.477      E(VDW )=-13.326    E(ELEC)=-0.375     |
 | E(NOE )=172.067                                                             |
 -------------------------------------------------------------------------------

 --------------- cycle=   230 --------------------------------------------------
 | Etotal =157.756    grad(E)=0.456      E(VDW )=-13.618    E(ELEC)=-0.391     |
 | E(NOE )=171.765                                                             |
 -------------------------------------------------------------------------------

 --------------- cycle=   240 --------------------------------------------------
 | Etotal =157.746    grad(E)=0.458      E(VDW )=-13.526    E(ELEC)=-0.377     |
 | E(NOE )=171.649                                                             |
 -------------------------------------------------------------------------------
 ZXCGR: gradient converged
 RIGID: main coordinates set to best minimum
 ZXCGR: gradient converged
 RIGID: main coordinates set to best minimum
 --------------- cycle=    29 --------------------------------------------------
 | Etotal =157.745    grad(E)=0.461      E(VDW )=-13.481    E(ELEC)=-0.376     |
 | E(NOE )=171.601                                                             |
 -------------------------------------------------------------------------------
 NBONDS: generating intra-molecular exclusion list with mode= 5
 MAKINB: mode   5 found      0 exclusions and      0 interactions(1-4)
 NBONDS: found     4774 intra-atom interactions
 --------------- cycle=    30 --------------------------------------------------
 | Etotal =254.270    grad(E)=0.516      E(VDW )=-13.481    E(ELEC)=-0.376     |
 | E(NOE )=268.126                                                             |
 -------------------------------------------------------------------------------
 SURFAC: half the sigma value being used for atomic radii.
 SURFAC: ACCEssible surface area
 SURFAC: ACCUracy= 0.07 RH2O=  1.40
         Z-grid=  0.32 number-of-Z-sections=   37
         measures-of-arc=    65 and   167
 SURFAC: half the sigma value being used for atomic radii.
 SURFAC: ACCEssible surface area
 SURFAC: ACCUracy= 0.07 RH2O=  1.40
         Z-grid=  0.25 number-of-Z-sections=  208
         measures-of-arc= 11478 and 20915
 SURFAC: half the sigma value being used for atomic radii.
 SURFAC: ACCEssible surface area
 SURFAC: ACCUracy= 0.07 RH2O=  1.40
         Z-grid=  0.25 number-of-Z-sections=  208
         measures-of-arc= 11879 and 21339
 NBONDS: generating intra-molecular exclusion list with mode= 5
 MAKINB: mode   5 found     88 exclusions and     71 interactions(1-4)
 NBONDS: found      335 intra-atom interactions
 NBONDS: generating intra-molecular exclusion list with mode= 5
 MAKINB: mode   5 found   4971 exclusions and   3865 interactions(1-4)
 NBONDS: found   126675 intra-atom interactions
 --------------- cycle=    31 --------------------------------------------------
 | Etotal =25636.475  grad(E)=2110.637   E(BOND)=661.300    E(ANGL)=2602.948   |
 | E(DIHE)=570.107    E(IMPR)=51.220     E(VDW )=21602.744  E(ELEC)=-23.444    |
 | E(NOE )=171.601                                                             |
 -------------------------------------------------------------------------------
 CNSsolve>      noe cv $ncvbest ? end 
 NOE: total number of restraints:    16 partitioned into      2 classes
 NOE: ceiling=    1000.000 current allocation=12000000
 NOE: data are partitioned into working set and test set.
 NOE: test set number=     2
 CNSsolve>    end if 
 CNSsolve>    if ( $log_level = verbose ) then 
 NEXTCD: condition evaluated as false
 CNSsolve>      set message=normal echo=on end 
 CNSsolve>    else 
 CNSsolve>      set message=off echo=off end 
 $$$$$$$$$$$$$$$$$$ working set $$$$$$$$$$$$$$$$$$$$$$$$$$$$$$

 ++++++++++++++++++++++++++++++++++++++++++++++++++++++++++++++++++++++++++++++
 +++++++++++++++++++++++++++++++ CLASS AMBI +++++++++++++++++++++++++++++++++++
 for this class: SCALe=  32.000 AVERage=sum    POTEntial=soft-square
                 SQCOnstant=   1.000 SQEXponent=    2 SQOFfsets(+/-)=   0.000   0.000
                 SOEXponent=    1 RSWItch=   1.000 ASYMptote=   2.000
 
 ========== restraint     7 ==========
 set-i-atoms
          B    21   DT   P   
          B    21   DT   OP1 
          B    21   DT   OP2 
          B    21   DT   O5' 
          B    21   DT   C5' 
          B    21   DT   H5' 
          B    21   DT   H5''
          B    21   DT   C4' 
          B    21   DT   H4' 
          B    21   DT   O4' 
          B    21   DT   C1' 
          B    21   DT   H1' 
          B    21   DT   N1  
          B    21   DT   C6  
          B    21   DT   H6  
          B    21   DT   C2  
          B    21   DT   O2  
          B    21   DT   N3  
          B    21   DT   H3  
          B    21   DT   C4  
          B    21   DT   O4  
          B    21   DT   C5  
          B    21   DT   C7  
          B    21   DT   H71 
          B    21   DT   H72 
          B    21   DT   H73 
          B    21   DT   C2' 
          B    21   DT   H2' 
          B    21   DT   H2''
          B    21   DT   C3' 
          B    21   DT   H3' 
          B    21   DT   O3' 
 set-j-atoms
          A    1    SAX  N1  
          A    1    SAX  HAI 
          A    1    SAX  C4  
          A    1    SAX  N2  
          A    1    SAX  HAD 
          A    1    SAX  H5  
          A    1    SAX  N3  
          A    1    SAX  C10 
          A    1    SAX  C9  
          A    1    SAX  C8  
          A    1    SAX  O3  
          A    1    SAX  HAA 
          A    1    SAX  O4  
          A    1    SAX  HAB 
          A    1    SAX  C5  
          A    1    SAX  N4  
          A    1    SAX  HAJ 
          A    1    SAX  C6  
          A    1    SAX  N6  
          A    1    SAX  HAF 
          A    1    SAX  H8  
          A    1    SAX  N5  
          A    1    SAX  HAK 
          A    1    SAX  C7  
          A    1    SAX  C3  
          A    1    SAX  C2  
          A    1    SAX  O2  
          A    1    SAX  C1  
          A    1    SAX  O1  
          A    1    SAX  N7  
          A    1    SAX  H16 
          A    1    SAX  H17 
 R<average>=   3.336 NOE= 2.00 (- 2.00/+ 0.00) Delta=  -1.336  E(NOE)=  53.486
 ========== restraint    10 ==========
 set-i-atoms
          B    24   DC   P   
          B    24   DC   OP1 
          B    24   DC   OP2 
          B    24   DC   O5' 
          B    24   DC   C5' 
          B    24   DC   H5' 
          B    24   DC   H5''
          B    24   DC   C4' 
          B    24   DC   H4' 
          B    24   DC   O4' 
          B    24   DC   C1' 
          B    24   DC   H1' 
          B    24   DC   N1  
          B    24   DC   C6  
          B    24   DC   H6  
          B    24   DC   C2  
          B    24   DC   O2  
          B    24   DC   N3  
          B    24   DC   C4  
          B    24   DC   N4  
          B    24   DC   H41 
          B    24   DC   H42 
          B    24   DC   C5  
          B    24   DC   H5  
          B    24   DC   C2' 
          B    24   DC   H2' 
          B    24   DC   H2''
          B    24   DC   C3' 
          B    24   DC   H3' 
          B    24   DC   O3' 
 set-j-atoms
          A    1    SAX  N1  
          A    1    SAX  HAI 
          A    1    SAX  C4  
          A    1    SAX  N2  
          A    1    SAX  HAD 
          A    1    SAX  H5  
          A    1    SAX  N3  
          A    1    SAX  C10 
          A    1    SAX  C9  
          A    1    SAX  C8  
          A    1    SAX  O3  
          A    1    SAX  HAA 
          A    1    SAX  O4  
          A    1    SAX  HAB 
          A    1    SAX  C5  
          A    1    SAX  N4  
          A    1    SAX  HAJ 
          A    1    SAX  C6  
          A    1    SAX  N6  
          A    1    SAX  HAF 
          A    1    SAX  H8  
          A    1    SAX  N5  
          A    1    SAX  HAK 
          A    1    SAX  C7  
          A    1    SAX  C3  
          A    1    SAX  C2  
          A    1    SAX  O2  
          A    1    SAX  C1  
          A    1    SAX  O1  
          A    1    SAX  N7  
          A    1    SAX  H16 
          A    1    SAX  H17 
 R<average>=   3.296 NOE= 2.00 (- 2.00/+ 0.00) Delta=  -1.296  E(NOE)=  50.915
 ========== restraint    15 ==========
 set-i-atoms
          B    29   DA   P   
          B    29   DA   OP1 
          B    29   DA   OP2 
          B    29   DA   O5' 
          B    29   DA   C5' 
          B    29   DA   H5' 
          B    29   DA   H5''
          B    29   DA   C4' 
          B    29   DA   H4' 
          B    29   DA   O4' 
          B    29   DA   C1' 
          B    29   DA   H1' 
          B    29   DA   N9  
          B    29   DA   C4  
          B    29   DA   N3  
          B    29   DA   C2  
          B    29   DA   H2  
          B    29   DA   N1  
          B    29   DA   C6  
          B    29   DA   N6  
          B    29   DA   H61 
          B    29   DA   H62 
          B    29   DA   C5  
          B    29   DA   N7  
          B    29   DA   C8  
          B    29   DA   H8  
          B    29   DA   C2' 
          B    29   DA   H2' 
          B    29   DA   H2''
          B    29   DA   C3' 
          B    29   DA   H3' 
          B    29   DA   O3' 
 set-j-atoms
          A    1    SAX  N1  
          A    1    SAX  HAI 
          A    1    SAX  C4  
          A    1    SAX  N2  
          A    1    SAX  HAD 
          A    1    SAX  H5  
          A    1    SAX  N3  
          A    1    SAX  C10 
          A    1    SAX  C9  
          A    1    SAX  C8  
          A    1    SAX  O3  
          A    1    SAX  HAA 
          A    1    SAX  O4  
          A    1    SAX  HAB 
          A    1    SAX  C5  
          A    1    SAX  N4  
          A    1    SAX  HAJ 
          A    1    SAX  C6  
          A    1    SAX  N6  
          A    1    SAX  HAF 
          A    1    SAX  H8  
          A    1    SAX  N5  
          A    1    SAX  HAK 
          A    1    SAX  C7  
          A    1    SAX  C3  
          A    1    SAX  C2  
          A    1    SAX  O2  
          A    1    SAX  C1  
          A    1    SAX  O1  
          A    1    SAX  N7  
          A    1    SAX  H16 
          A    1    SAX  H17 
 R<average>=   3.365 NOE= 2.00 (- 2.00/+ 0.00) Delta=  -1.365  E(NOE)=  55.343

 NOEPRI: RMS diff. =   1.032,  #(violat.> 0.3)=     3 of      5 NOEs
 NOEPRI: RMS diff. class AMBI =   1.032,  #(viol.> 0.3)=     3 of      5 NOEs
 $$$$$$$$$$$$$$$$$$$$ test set (TEST=    2)  $$$$$$$$$$$$$$$$$$$$$$

 ++++++++++++++++++++++++++++++++++++++++++++++++++++++++++++++++++++++++++++++
 +++++++++++++++++++++++++++++++ CLASS AMBI +++++++++++++++++++++++++++++++++++
 for this class: SCALe=  32.000 AVERage=sum    POTEntial=soft-square
                 SQCOnstant=   1.000 SQEXponent=    2 SQOFfsets(+/-)=   0.000   0.000
                 SOEXponent=    1 RSWItch=   1.000 ASYMptote=   2.000
 
 ========== restraint     2 ==========
 set-i-atoms
          B    16   DT   P   
          B    16   DT   OP1 
          B    16   DT   OP2 
          B    16   DT   O5' 
          B    16   DT   C5' 
          B    16   DT   H5' 
          B    16   DT   H5''
          B    16   DT   C4' 
          B    16   DT   H4' 
          B    16   DT   O4' 
          B    16   DT   C1' 
          B    16   DT   H1' 
          B    16   DT   N1  
          B    16   DT   C6  
          B    16   DT   H6  
          B    16   DT   C2  
          B    16   DT   O2  
          B    16   DT   N3  
          B    16   DT   H3  
          B    16   DT   C4  
          B    16   DT   O4  
          B    16   DT   C5  
          B    16   DT   C7  
          B    16   DT   H71 
          B    16   DT   H72 
          B    16   DT   H73 
          B    16   DT   C2' 
          B    16   DT   H2' 
          B    16   DT   H2''
          B    16   DT   C3' 
          B    16   DT   H3' 
          B    16   DT   O3' 
 set-j-atoms
          A    1    SAX  N1  
          A    1    SAX  HAI 
          A    1    SAX  C4  
          A    1    SAX  N2  
          A    1    SAX  HAD 
          A    1    SAX  H5  
          A    1    SAX  N3  
          A    1    SAX  C10 
          A    1    SAX  C9  
          A    1    SAX  C8  
          A    1    SAX  O3  
          A    1    SAX  HAA 
          A    1    SAX  O4  
          A    1    SAX  HAB 
          A    1    SAX  C5  
          A    1    SAX  N4  
          A    1    SAX  HAJ 
          A    1    SAX  C6  
          A    1    SAX  N6  
          A    1    SAX  HAF 
          A    1    SAX  H8  
          A    1    SAX  N5  
          A    1    SAX  HAK 
          A    1    SAX  C7  
          A    1    SAX  C3  
          A    1    SAX  C2  
          A    1    SAX  O2  
          A    1    SAX  C1  
          A    1    SAX  O1  
          A    1    SAX  N7  
          A    1    SAX  H16 
          A    1    SAX  H17 
 R<average>=   4.401 NOE= 2.00 (- 2.00/+ 0.00) Delta=  -2.401  E(NOE)= 121.653
 ========== restraint     3 ==========
 set-i-atoms
          B    17   DC   P   
          B    17   DC   OP1 
          B    17   DC   OP2 
          B    17   DC   O5' 
          B    17   DC   C5' 
          B    17   DC   H5' 
          B    17   DC   H5''
          B    17   DC   C4' 
          B    17   DC   H4' 
          B    17   DC   O4' 
          B    17   DC   C1' 
          B    17   DC   H1' 
          B    17   DC   N1  
          B    17   DC   C6  
          B    17   DC   H6  
          B    17   DC   C2  
          B    17   DC   O2  
          B    17   DC   N3  
          B    17   DC   C4  
          B    17   DC   N4  
          B    17   DC   H41 
          B    17   DC   H42 
          B    17   DC   C5  
          B    17   DC   H5  
          B    17   DC   C2' 
          B    17   DC   H2' 
          B    17   DC   H2''
          B    17   DC   C3' 
          B    17   DC   H3' 
          B    17   DC   O3' 
 set-j-atoms
          A    1    SAX  N1  
          A    1    SAX  HAI 
          A    1    SAX  C4  
          A    1    SAX  N2  
          A    1    SAX  HAD 
          A    1    SAX  H5  
          A    1    SAX  N3  
          A    1    SAX  C10 
          A    1    SAX  C9  
          A    1    SAX  C8  
          A    1    SAX  O3  
          A    1    SAX  HAA 
          A    1    SAX  O4  
          A    1    SAX  HAB 
          A    1    SAX  C5  
          A    1    SAX  N4  
          A    1    SAX  HAJ 
          A    1    SAX  C6  
          A    1    SAX  N6  
          A    1    SAX  HAF 
          A    1    SAX  H8  
          A    1    SAX  N5  
          A    1    SAX  HAK 
          A    1    SAX  C7  
          A    1    SAX  C3  
          A    1    SAX  C2  
          A    1    SAX  O2  
          A    1    SAX  C1  
          A    1    SAX  O1  
          A    1    SAX  N7  
          A    1    SAX  H16 
          A    1    SAX  H17 
 R<average>=   3.224 NOE= 2.00 (- 2.00/+ 0.00) Delta=  -1.224  E(NOE)=  46.340
 ========== restraint     8 ==========
 set-i-atoms
          B    22   DC   P   
          B    22   DC   OP1 
          B    22   DC   OP2 
          B    22   DC   O5' 
          B    22   DC   C5' 
          B    22   DC   H5' 
          B    22   DC   H5''
          B    22   DC   C4' 
          B    22   DC   H4' 
          B    22   DC   O4' 
          B    22   DC   C1' 
          B    22   DC   H1' 
          B    22   DC   N1  
          B    22   DC   C6  
          B    22   DC   H6  
          B    22   DC   C2  
          B    22   DC   O2  
          B    22   DC   N3  
          B    22   DC   C4  
          B    22   DC   N4  
          B    22   DC   H41 
          B    22   DC   H42 
          B    22   DC   C5  
          B    22   DC   H5  
          B    22   DC   C2' 
          B    22   DC   H2' 
          B    22   DC   H2''
          B    22   DC   C3' 
          B    22   DC   H3' 
          B    22   DC   O3' 
 set-j-atoms
          A    1    SAX  N1  
          A    1    SAX  HAI 
          A    1    SAX  C4  
          A    1    SAX  N2  
          A    1    SAX  HAD 
          A    1    SAX  H5  
          A    1    SAX  N3  
          A    1    SAX  C10 
          A    1    SAX  C9  
          A    1    SAX  C8  
          A    1    SAX  O3  
          A    1    SAX  HAA 
          A    1    SAX  O4  
          A    1    SAX  HAB 
          A    1    SAX  C5  
          A    1    SAX  N4  
          A    1    SAX  HAJ 
          A    1    SAX  C6  
          A    1    SAX  N6  
          A    1    SAX  HAF 
          A    1    SAX  H8  
          A    1    SAX  N5  
          A    1    SAX  HAK 
          A    1    SAX  C7  
          A    1    SAX  C3  
          A    1    SAX  C2  
          A    1    SAX  O2  
          A    1    SAX  C1  
          A    1    SAX  O1  
          A    1    SAX  N7  
          A    1    SAX  H16 
          A    1    SAX  H17 
 R<average>=   3.632 NOE= 2.00 (- 2.00/+ 0.00) Delta=  -1.632  E(NOE)=  72.423
 ========== restraint     9 ==========
 set-i-atoms
          B    23   DC   P   
          B    23   DC   OP1 
          B    23   DC   OP2 
          B    23   DC   O5' 
          B    23   DC   C5' 
          B    23   DC   H5' 
          B    23   DC   H5''
          B    23   DC   C4' 
          B    23   DC   H4' 
          B    23   DC   O4' 
          B    23   DC   C1' 
          B    23   DC   H1' 
          B    23   DC   N1  
          B    23   DC   C6  
          B    23   DC   H6  
          B    23   DC   C2  
          B    23   DC   O2  
          B    23   DC   N3  
          B    23   DC   C4  
          B    23   DC   N4  
          B    23   DC   H41 
          B    23   DC   H42 
          B    23   DC   C5  
          B    23   DC   H5  
          B    23   DC   C2' 
          B    23   DC   H2' 
          B    23   DC   H2''
          B    23   DC   C3' 
          B    23   DC   H3' 
          B    23   DC   O3' 
 set-j-atoms
          A    1    SAX  N1  
          A    1    SAX  HAI 
          A    1    SAX  C4  
          A    1    SAX  N2  
          A    1    SAX  HAD 
          A    1    SAX  H5  
          A    1    SAX  N3  
          A    1    SAX  C10 
          A    1    SAX  C9  
          A    1    SAX  C8  
          A    1    SAX  O3  
          A    1    SAX  HAA 
          A    1    SAX  O4  
          A    1    SAX  HAB 
          A    1    SAX  C5  
          A    1    SAX  N4  
          A    1    SAX  HAJ 
          A    1    SAX  C6  
          A    1    SAX  N6  
          A    1    SAX  HAF 
          A    1    SAX  H8  
          A    1    SAX  N5  
          A    1    SAX  HAK 
          A    1    SAX  C7  
          A    1    SAX  C3  
          A    1    SAX  C2  
          A    1    SAX  O2  
          A    1    SAX  C1  
          A    1    SAX  O1  
          A    1    SAX  N7  
          A    1    SAX  H16 
          A    1    SAX  H17 
 R<average>=   3.184 NOE= 2.00 (- 2.00/+ 0.00) Delta=  -1.184  E(NOE)=  43.789
 ========== restraint    16 ==========
 set-i-atoms
          B    30   DA   P   
          B    30   DA   OP1 
          B    30   DA   OP2 
          B    30   DA   O5' 
          B    30   DA   C5' 
          B    30   DA   H5' 
          B    30   DA   H5''
          B    30   DA   C4' 
          B    30   DA   H4' 
          B    30   DA   O4' 
          B    30   DA   C1' 
          B    30   DA   H1' 
          B    30   DA   N9  
          B    30   DA   C4  
          B    30   DA   N3  
          B    30   DA   C2  
          B    30   DA   H2  
          B    30   DA   N1  
          B    30   DA   C6  
          B    30   DA   N6  
          B    30   DA   H61 
          B    30   DA   H62 
          B    30   DA   C5  
          B    30   DA   N7  
          B    30   DA   C8  
          B    30   DA   H8  
          B    30   DA   C2' 
          B    30   DA   H2' 
          B    30   DA   H2''
          B    30   DA   C3' 
          B    30   DA   H3' 
          B    30   DA   O3' 
 set-j-atoms
          A    1    SAX  N1  
          A    1    SAX  HAI 
          A    1    SAX  C4  
          A    1    SAX  N2  
          A    1    SAX  HAD 
          A    1    SAX  H5  
          A    1    SAX  N3  
          A    1    SAX  C10 
          A    1    SAX  C9  
          A    1    SAX  C8  
          A    1    SAX  O3  
          A    1    SAX  HAA 
          A    1    SAX  O4  
          A    1    SAX  HAB 
          A    1    SAX  C5  
          A    1    SAX  N4  
          A    1    SAX  HAJ 
          A    1    SAX  C6  
          A    1    SAX  N6  
          A    1    SAX  HAF 
          A    1    SAX  H8  
          A    1    SAX  N5  
          A    1    SAX  HAK 
          A    1    SAX  C7  
          A    1    SAX  C3  
          A    1    SAX  C2  
          A    1    SAX  O2  
          A    1    SAX  C1  
          A    1    SAX  O1  
          A    1    SAX  N7  
          A    1    SAX  H16 
          A    1    SAX  H17 
 R<average>=   4.928 NOE= 2.00 (- 2.00/+ 0.00) Delta=  -2.928  E(NOE)= 155.374

 NOEPRI: RMS diff. =   1.345,  #(violat.> 0.3)=     5 of     11 NOEs
 NOEPRI: RMS diff. class AMBI =   1.345,  #(viol.> 0.3)=     5 of     11 NOEs
 NBONDS: generating intra-molecular exclusion list with mode= 5
 MAKINB: mode   5 found      0 exclusions and      0 interactions(1-4)
 NBONDS: found     5354 intra-atom interactions
 --------------- cycle=    32 --------------------------------------------------
 | Etotal =230.275    grad(E)=0.549      E(BOND)=0.000      E(ANGL)=0.000      |
 | E(DIHE)=0.000      E(IMPR)=0.000      E(VDW )=-18.259    E(ELEC)=-1.065     |
 | E(NOE )=249.600                                                             |
 -------------------------------------------------------------------------------
 Total number of dihedral angle restraints=     0
  overall scale =    1.0000
 Number of dihedral angle restraints=    0
 Number of violations greater than    5.000:     0
 RMS deviation=   0.000
 (atom-i        |atom-j        )    dist.   equil.   delta    energy   const. 

 (atom-i        |atom-j        )    dist.   equil.   delta    energy   const. 

 (atom-i        |atom-j        )    dist.   equil.   delta    energy   const. 

 (atom-i        |atom-j        )    dist.   equil.   delta    energy   const. 

 (atom-i        |atom-j        )    dist.   equil.   delta    energy   const. 

 (atom-i        |atom-j        )    dist.   equil.   delta    energy   const. 

 (atom-i        |atom-j        )    dist.   equil.   delta    energy   const. 

 Number of violations greater    0.050:     0
 (atom-i        |atom-j        |atom-k        )  angle    equil.     delta    energy  const. 

 (atom-i        |atom-j        |atom-k        )  angle    equil.     delta    energy  const. 

 (atom-i        |atom-j        |atom-k        )  angle    equil.     delta    energy  const. 

 (atom-i        |atom-j        |atom-k        )  angle    equil.     delta    energy  const. 

 (atom-i        |atom-j        |atom-k        )  angle    equil.     delta    energy  const. 

 (atom-i        |atom-j        |atom-k        )  angle    equil.     delta    energy  const. 

 (atom-i        |atom-j        |atom-k        )  angle    equil.     delta    energy  const. 

 Number of violations greater    5.000:     0
 (atom-i        |atom-j        |atom-k        |atom-L        )    angle    equil.   delta    energy   const.   period

 (atom-i        |atom-j        |atom-k        |atom-L        )    angle    equil.   delta    energy   const.   period

 (atom-i        |atom-j        |atom-k        |atom-L        )    angle    equil.   delta    energy   const.   period

 (atom-i        |atom-j        |atom-k        |atom-L        )    angle    equil.   delta    energy   const.   period

 (atom-i        |atom-j        |atom-k        |atom-L        )    angle    equil.   delta    energy   const.   period

 (atom-i        |atom-j        |atom-k        |atom-L        )    angle    equil.   delta    energy   const.   period

 (atom-i        |atom-j        |atom-k        |atom-L        )    angle    equil.   delta    energy   const.   period

 Number of violations greater    5.000:     0
 (atom-i        |atom-j        |atom-k        |atom-L        )    angle    equil.   delta    energy   const.   period

 (atom-i        |atom-j        |atom-k        |atom-L        )    angle    equil.   delta    energy   const.   period

 (atom-i        |atom-j        |atom-k        |atom-L        )    angle    equil.   delta    energy   const.   period

 (atom-i        |atom-j        |atom-k        |atom-L        )    angle    equil.   delta    energy   const.   period

 (atom-i        |atom-j        |atom-k        |atom-L        )    angle    equil.   delta    energy   const.   period

 (atom-i        |atom-j        |atom-k        |atom-L        )    angle    equil.   delta    energy   const.   period

 (atom-i        |atom-j        |atom-k        |atom-L        )    angle    equil.   delta    energy   const.   period

 Number of violations greater   30.000:     0
 SURFAC: half the sigma value being used for atomic radii.
 SURFAC: ACCEssible surface area
 SURFAC: ACCUracy= 0.07 RH2O=  1.40
         Z-grid=  0.32 number-of-Z-sections=   42
         measures-of-arc=    52 and   171
 SURFAC: half the sigma value being used for atomic radii.
 SURFAC: ACCEssible surface area
 SURFAC: ACCUracy= 0.07 RH2O=  1.40
         Z-grid=  0.25 number-of-Z-sections=  139
         measures-of-arc= 11058 and 21068
 SURFAC: half the sigma value being used for atomic radii.
 SURFAC: ACCEssible surface area
 SURFAC: ACCUracy= 0.07 RH2O=  1.40
         Z-grid=  0.25 number-of-Z-sections=  139
         measures-of-arc= 11510 and 21469
 NBONDS: generating intra-molecular exclusion list with mode= 5
 MAKINB: mode   5 found      0 exclusions and      0 interactions(1-4)
 NBONDS: found        0 intra-atom interactions
 --------------- cycle=    33 --------------------------------------------------
 | Etotal =0.000      grad(E)=0.000      E(VDW )=0.000      E(ELEC)=0.000      |
 -------------------------------------------------------------------------------
 NBONDS: generating intra-molecular exclusion list with mode= 5
 MAKINB: mode   5 found      0 exclusions and      0 interactions(1-4)
 NBONDS: found        0 intra-atom interactions
 --------------- cycle=    34 --------------------------------------------------
 | Etotal =0.000      grad(E)=0.000      E(VDW )=0.000      E(ELEC)=0.000      |
 -------------------------------------------------------------------------------
 NBONDS: generating intra-molecular exclusion list with mode= 5
 MAKINB: mode   5 found      0 exclusions and      0 interactions(1-4)
 NBONDS: found        0 intra-atom interactions
 --------------- cycle=    35 --------------------------------------------------
 | Etotal =0.000      grad(E)=0.000      E(VDW )=0.000      E(ELEC)=0.000      |
 -------------------------------------------------------------------------------
 MOMENTS
    151.14345964     78.01043891     -7.37595885
                    138.98691141    -23.53975043
                                     89.29440490


 ***** WARNING ***** FROM ORINTC. ROTATION MATRIX IS NOT UNITARY.
 DETERMINANT=   -1.00000000

 HEAP: maximum use      =  2988703176 current use      =     1536000 bytes
 HEAP: maximum overhead =        4576 current overhead =        1232 bytes
 PRIEND:    1 levels not terminated
             LEVEL=   1 KEY=CNSsolve>        ACTION=GO  
          ============================================================
           Maximum dynamic memory allocation:  2988703176 bytes
           Maximum dynamic memory overhead:          4576 bytes
           Program started at: 03:35:28 on 23-Apr-2026
           Program stopped at: 03:35:43 on 23-Apr-2026
           CPU time used:      12.6239 seconds
          ============================================================
