          ============================================================
          |                                                          |
          |            Crystallography & NMR System (CNS)            |
          |                         CNSsolve                         |
          |                                                          |
          ============================================================
           Version: 1.3 at patch level U
           Status: Special UU release with Rg, paramagnetic
                   and Z-restraints (A. Bonvin, UU 2013)
          ============================================================
           Written by: A.T.Brunger, P.D.Adams, G.M.Clore, W.L.DeLano,
                       P.Gros, R.W.Grosse-Kunstleve,J.-S.Jiang,J.M.Krahn,
                       J.Kuszewski, M.Nilges, N.S.Pannu, R.J.Read,
                       L.M.Rice, G.F.Schroeder, T.Simonson, G.L.Warren.
           Copyright (c) 1997-2010 Yale University
          ============================================================
           Running on machine: hostname unknown (x86_64/Linux,64-bit)
           Program started by: enm019
           Program started at: 10:14:41 on 27-Apr-2026
          ============================================================

 FFT3C: Using FFTPACK4.1

 CNSsolve>! re_h2o.inp 
 CNSsolve>!    Perform an explitic solvent (water) refinement 
 CNSsolve>! 
 CNSsolve>! *********************************************************************** 
 CNSsolve>! * Copyright 2003-2018 Alexandre Bonvin, Utrecht University.           * 
 CNSsolve>! * Originally adapted from Aria 1.2 from Nilges and Linge, EMBL.       * 
 CNSsolve>! * All rights reserved.                                                * 
 CNSsolve>! * This code is part of the HADDOCK software and governed by its       * 
 CNSsolve>! * license. Please see the LICENSE file that should have been included * 
 CNSsolve>! * as part of this package.                                            * 
 CNSsolve>! *********************************************************************** 
 CNSsolve>! 
 CNSsolve> 
 CNSsolve>@RUN:protocols/initialize.cns(iteration=$iteration;) 
 ASSFIL: file initialize.cns opened.
 CNSsolve>! initialize.cns 
 CNSsolve>!    Iteration initialization 
 CNSsolve>! 
 CNSsolve>! *********************************************************************** 
 CNSsolve>! * Copyright 2003-2018 Alexandre Bonvin, Utrecht University.           * 
 CNSsolve>! * Originally adapted from Aria 1.2 from Nilges and Linge, EMBL.       * 
 CNSsolve>! * All rights reserved.                                                * 
 CNSsolve>! * This code is part of the HADDOCK software and governed by its       * 
 CNSsolve>! * license. Please see the LICENSE file that should have been included * 
 CNSsolve>! * as part of this package.                                            * 
 CNSsolve>! *********************************************************************** 
 CNSsolve>! 
 CNSsolve> 
 CNSsolve>module (iteration;) 
 &_2_ITERATION set to $_1_ITERATION 
 CNSsolve>evaluate (&iteration = "") 
 EVALUATE: symbol $_1_ITERATION set to "" (string)
 CNSsolve> 
 CNSsolve> 
 CNSsolve>@NEWIT:iteration.cns(iteration=$iteration;) 
 ASSFIL: file iteration.cns opened.
 CNSsolve>module ( iteration ) 
 &_2_ITERATION set to $_1_ITERATION 
 CNSsolve>evaluate (&iteration=2) 
 EVALUATE: symbol $_1_ITERATION set to    2.00000     (real)
 CNSsolve> 
 CNSsolve>@RUN:run.cns( 
 ASSFIL: file run.cns opened.
 CNSsolve>! run.cns 
 CNSsolve>!    The file containing all parameters for HADDOCK 
 CNSsolve>! 
 CNSsolve>! *********************************************************************** 
 CNSsolve>! * Copyright 2003-2018 Alexandre Bonvin, Utrecht University.           * 
 CNSsolve>! * Originally adapted from Aria 1.2 from Nilges and Linge, EMBL.       * 
 CNSsolve>! * All rights reserved.                                                * 
 CNSsolve>! * This code is part of the HADDOCK software and governed by its       * 
 CNSsolve>! * license. Please see the LICENSE file that should have been included * 
 CNSsolve>! * as part of this package.                                            * 
 CNSsolve>! *********************************************************************** 
 CNSsolve>! 
 CNSsolve>module( 
 MODULE-DECLARATION>iteration; 
 MODULE-DECLARATION>filenames; 
 MODULE-DECLARATION>data; 
 MODULE-DECLARATION>iterations; 
 MODULE-DECLARATION>saprotocol; 
 MODULE-DECLARATION>refine; 
 MODULE-DECLARATION>toppar; 
 MODULE-DECLARATION>analysis; 
 MODULE-DECLARATION>) 
 MODULE-INVOCATION>iteration =$iteration; 
 &_2_ITERATION set to $_1_ITERATION 
 MODULE-INVOCATION>filenames =$filenames; 
 &_2_FILENAMES set to $_1_FILENAMES 
 MODULE-INVOCATION>data      =$data; 
 &_2_DATA set to $_1_DATA 
 MODULE-INVOCATION>iterations=$iterations; 
 &_2_ITERATIONS set to $_1_ITERATIONS 
 MODULE-INVOCATION>saprotocol=$saprotocol; 
 &_2_SAPROTOCOL set to $_1_SAPROTOCOL 
 MODULE-INVOCATION>refine    =$refine; 
 &_2_REFINE set to $_1_REFINE 
 MODULE-INVOCATION>toppar    =$toppar; 
 &_2_TOPPAR set to $_1_TOPPAR 
 MODULE-INVOCATION>analysis  =$analysis; 
 &_2_ANALYSIS set to $_1_ANALYSIS 
 MODULE-INVOCATION>) 
 CNSsolve> 
 CNSsolve>{+ File: run.cns +} 
 CNSsolve>{+ Description: this file contains all necessary information to run HADDOCK. +} 
 CNSsolve> 
 CNSsolve>{+ Authors: Ezgi Karaca, Joao Rodrigues, Mikael Trellet, Alexandre Bonvin<br> 
 CNSsolve>Adapted from HADOOCK version 2.4 <br><br> 
 CNSsolve>Initially adapted from ARIA of Nilges and Linge +} 
 CNSsolve> 
 CNSsolve>{+ Please cite the following references when using this protocol: +} 
 CNSsolve>{+ reference: Cyril Dominguez, Rolf Boelens and Alexandre M.J.J. Bonvin (2003).  HADDOCK: a protein-protein docking approach 
 CNSsolve>based on biochemical and/or biophysical information. <i>J. Am. Chem. Soc.</i> <b>125</b>, 1731-1737. 
 CNSsolve><p> 
 CNSsolve><b>When using <i>residual dipolar couplings</i> in HADDOCK cite in addition:</b><p> 
 CNSsolve><LI>A.D.J. van Dijk, D. Fushman and A.M.J.J. Bonvin (2005). Various strategies of using residual dipolar 
 CNSsolve>couplings in NMR-driven protein docking: Application to Lys48-linked di-ubiquitin and validation against 
 CNSsolve>15N-relaxation data. <EM>Proteins: Struc. Funct. & Bioinformatics</EM>, <STRONG>60</STRONG>, 367-381.</li> 
 CNSsolve><p> 
 CNSsolve><b>When using <i>diffusion anisotropy data</i> in HADDOCK cite in addition:</b><p> 
 CNSsolve><li>A.D.J. van Dijk, R. Kaptein, R. Boelens and A.M.J.J. Bonvin (2006). Combining NMR relaxation with 
 CNSsolve>chemical shift perturbation data to drive protein-protein docking. <EM>J. Biomol. NMR</EM>, 
 CNSsolve><STRONG>34</STRONG>, 237-244.</li> 
 CNSsolve><p> 
 CNSsolve><b>When using <i>solvated docking</i> in HADDOCK cite in addition:</b><p> 
 CNSsolve><li>A.D.J. van Dijk and A.M.J.J. Bonvin (2006). Solvated docking: introducing water into the modelling 
 CNSsolve>of biomolecular complexes. <EM>Bioinformatics</EM>,  <STRONG>22</STRONG> 2340-2347. 
 CNSsolve><p> 
 CNSsolve><b>When performing <i>flexible protein-DNA docking</i> using HADDOCK cite in addition:</b><p> 
 CNSsolve><li>M. van Dijk, A.D.J. van Dijk, V. Hsu, R. Boelens and  A.M.J.J. Bonvin (2006). 
 CNSsolve>Information-driven Protein-DNA Docking using HADDOCK: it is a matter of flexibility. 
 CNSsolve><EM>Nucl. Acids Res.</EM>, <STRONG>34</STRONG> 3317-3325.</li> 
 CNSsolve><p> 
 CNSsolve><b>When performing the Nmolecule integrative modelling protocol please cite:</b><p> 
 CNSsolve><li>Ezgi Karaca, Joao P.G.L.M. Rodrigues, Andrea Graziadei, Alexandre M.J.J. Bonvin, Teresa Carlomagno (2017). 
 CNSsolve>An Integrative Framework for Structure Determination of Molecular Machines. 
 CNSsolve><EM>Nature Methods</EM>, Advanced Online Publication.</li> 
 CNSsolve>+} 
 CNSsolve> 
 CNSsolve>{- Guidelines for using this file: 
 CNSsolve>   - all strings must be quoted by double-quotes 
 CNSsolve>   - logical variables (true/false) are not quoted 
 CNSsolve>   - do not remove any evaluate statements from the file 
 CNSsolve>   - pathnames should not exceed 80 characters -} 
 CNSsolve>{- begin block parameter definition -} define( 
 DEFINE> 
 DEFINE> 
 DEFINE>{======== number of molecules for docking ==================} 
 DEFINE>{* number of components *} 
 DEFINE> 
 DEFINE>{===>} ncomponents=2; 
 DEFINE> 
 DEFINE>{======================= filenames =========================} 
 DEFINE>{*  the name of your current project *} 
 DEFINE>{*  this will be used as name for the generated structures *} 
 DEFINE>{===>} fileroot="complex"; 
 DEFINE> 
 DEFINE>{* RUN directory *} 
 DEFINE>{*  the absolute path of your current run, e.g. /home/haddock/run1*} 
 DEFINE>{===>} run_dir="/tmp/csbportal_199kxr4x/run1"; 
 DEFINE> 
 DEFINE>{* PDB file of molecule 1 *} 
 DEFINE>{===>} prot_coor_mol1="protein1.pdb"; 
 DEFINE>{* PSF file of molecule 1 *} 
 DEFINE>{===>} prot_psf_mol1="protein1.psf"; 
 DEFINE>{* segid of molecule 1 *} 
 DEFINE>{===>} prot_segid_mol1="A"; 
 DEFINE>{* fileroot of molecule 1 *} 
 DEFINE>{===>} prot_root_mol1="protein1"; 
 DEFINE>{* Fix Molecule at Origin during it0 *} 
 DEFINE>{+ choice: true false +} 
 DEFINE>{===>} fix_origin_mol1=false; 
 DEFINE>{* Is molecule 1 DNA? *} 
 DEFINE>{+ choice: true false +} 
 DEFINE>{===>} dna_mol1=false; 
 DEFINE>{* Is molecule 1 a cyclic peptide? *} 
 DEFINE>{+ choice: true false +} 
 DEFINE>{===>} cyclicpept_mol1=false; 
 DEFINE>{* Is molecule 1 a shape? *} 
 DEFINE>{+ choice: true false +} 
 DEFINE>{===>} shape_mol1=false; 
 DEFINE>{* Coarse grained molecule? *} 
 DEFINE>{+ choice: true false +} 
 DEFINE>{===>} cg_mol1=false; 
 DEFINE>{* PDB file of molecule 2 *} 
 DEFINE>{===>} prot_coor_mol2="protein2.pdb"; 
 DEFINE>{* PSF file of molecule 2 *} 
 DEFINE>{===>} prot_psf_mol2="protein2.psf"; 
 DEFINE>{* segid of molecule 2 *} 
 DEFINE>{===>} prot_segid_mol2="B"; 
 DEFINE>{* fileroot of molecule 2 *} 
 DEFINE>{===>} prot_root_mol2="protein2"; 
 DEFINE>{* Fix Molecule at Origin during it0 *} 
 DEFINE>{+ choice: true false +} 
 DEFINE>{===>} fix_origin_mol2=false; 
 DEFINE>{* Is molecule 2 DNA? *} 
 DEFINE>{+ choice: true false +} 
 DEFINE>{===>} dna_mol2=true; 
 DEFINE>{* Is molecule 2 a cyclic peptide? *} 
 DEFINE>{+ choice: true false +} 
 DEFINE>{===>} cyclicpept_mol2=false; 
 DEFINE>{* Is molecule 2 a shape? *} 
 DEFINE>{+ choice: true false +} 
 DEFINE>{===>} shape_mol2=false; 
 DEFINE>{* Coarse grained molecule? *} 
 DEFINE>{+ choice: true false +} 
 DEFINE>{===>} cg_mol2=false; 
 DEFINE> 
 DEFINE>{* Remove non-polar hydrogens? *} 
 DEFINE>{+ choice: true false +} 
 DEFINE>{===>} delenph=true; 
 DEFINE> 
 DEFINE>{* HADDOCK directory *} 
 DEFINE>{*  the absolute path of the HADDOCK program files *} 
 DEFINE>{===>} haddock_dir=/trinity/rascar/enmr/software/haddock2.5; 
 DEFINE> 
 DEFINE>{* Logfile directory *} 
 DEFINE>{* specify a directory for the large CNS log files *} 
 DEFINE>{===>} temptrash_dir=/tmp/csbportal_199kxr4x/run1; 
 DEFINE> 
 DEFINE>{==================== histidine patches =====================} 
 DEFINE> 
 DEFINE> 
 DEFINE>{==================== histidine patches =====================} 
 DEFINE>{* Automatically define histidine protonation state based on energetics *} 
 DEFINE>{===>} autohis=false; 
 DEFINE> 
 DEFINE>{* Patch to change doubly protonated HIS to singly protonated histidine (HD1) *} 
 DEFINE>{* just give the residue number of the histidines for the HISD patch, set them to zero if you don't want them *} 
 DEFINE>{* Number of HISD for molecule 1 *} 
 DEFINE>numhisd_1=0; 
 DEFINE>{* Number of HISD for molecule 2 *} 
 DEFINE>numhisd_2=0; 
 DEFINE> 
 DEFINE>{* Patch to change doubly protonated HIS to singly protonated histidine (HE2) *} 
 DEFINE>{* just give the residue number of the histidines for the HISE patch, set them to zero if you don't want them *} 
 DEFINE>{* Number of HISE for molecule 1 *} 
 DEFINE>numhise_1=0; 
 DEFINE>{* Number of HISE for molecule 2 *} 
 DEFINE>numhise_2=0; 
 DEFINE> 
 DEFINE>{========= Definition of semi-flexible interface ============} 
 DEFINE>{* Define the interface of each molecule.*} 
 DEFINE>{* Side-chains and backbone of these residues will be allowed to move during semi-flexible refinement*} 
 DEFINE>{* Distance cutoff in A for the automatic definition of flexible segments based on intermolecular residues contacts *} 
 DEFINE>{===>} flcut_nb=5.0; 
 DEFINE>{* number of semi-flexible segments for molecule  1 (-1 for automated mode) *} 
 DEFINE>{* Note that current max is 10 (edit the run.cns to add more segments) *} 
 DEFINE>{===>} nseg_1=-1; 
 DEFINE> 
 DEFINE>{* Residues of molecule  1 at interface *} 
 DEFINE>{+ table: rows=10 "segment 1" "segment 2" "segment 3" "segment 4" "segment 5" "segment 6" "segment 7" "segment 8" "segment 9" "segment 10" cols=2 "Start residue" "End residue" +} 
 DEFINE>{* number of semi-flexible segments for molecule  2 (-1 for automated mode) *} 
 DEFINE>{* Note that current max is 10 (edit the run.cns to add more segments) *} 
 DEFINE>{===>} nseg_2=-1; 
 DEFINE> 
 DEFINE>{* Residues of molecule  2 at interface *} 
 DEFINE>{+ table: rows=10 "segment 1" "segment 2" "segment 3" "segment 4" "segment 5" "segment 6" "segment 7" "segment 8" "segment 9" "segment 10" cols=2 "Start residue" "End residue" +} 
 DEFINE> 
 DEFINE>{=========== Definition of fully flexible segments ==========} 
 DEFINE>{* Define the fully flexible segment of each molecule.*} 
 DEFINE>{* These segments will be allowed to move at all stages of it1 *} 
 DEFINE> 
 DEFINE> 
 DEFINE>{* Number of fully flexible segments for molecule  1            *} 
 DEFINE>{* Note that current max is 5 (edit the run.cns to add more segments     *} 
 DEFINE>{===>} nfle_1=0; 
 DEFINE>{* Number of fully flexible segments for molecule  2            *} 
 DEFINE>{* Note that current max is 5 (edit the run.cns to add more segments     *} 
 DEFINE>{===>} nfle_2=0; 
 DEFINE> 
 DEFINE>{==================== membrane positioning restraints  ==================} 
 DEFINE>{* Do you want to use membrane positioning restraints ? *} 
 DEFINE>{+ choice: true false +} 
 DEFINE>{===>} zres_on=false; 
 DEFINE> 
 DEFINE>{* Number of membrane positioning restrained segments *} 
 DEFINE>{===>} numzres=0; 
 DEFINE> 
 DEFINE>{====================== NCS restraints  =====================} 
 DEFINE>{* Do you want to use NCS restraints? *} 
 DEFINE>{+ choice: true false +} 
 DEFINE>{===>} ncs_on=false; 
 DEFINE> 
 DEFINE>{* Number of NCS pairs *} 
 DEFINE>{===>} numncs=0; 
 DEFINE> 
 DEFINE>{==================== Symmetry restraints  ==================} 
 DEFINE>{* Do you want to use symmetry restraints ? *} 
 DEFINE>{+ choice: true false +} 
 DEFINE>{===>} sym_on=false; 
 DEFINE> 
 DEFINE>{* Force constant for symmetry restraints ? *} 
 DEFINE>{===>} ksym=10.0; 
 DEFINE>{* Number of C2 symmetry pairs *} 
 DEFINE>{===>} numc2sym=0; 
 DEFINE>{* Number of C3 symmetry triples*} 
 DEFINE>{===>} numc3sym=0; 
 DEFINE>{* Number of S3 symmetry triples*} 
 DEFINE>{===>} nums3sym=0; 
 DEFINE>{* Number of C4 symmetry quadruples *} 
 DEFINE>{===>} numc4sym=0; 
 DEFINE>{* Number of C5 symmetry *} 
 DEFINE>{===>} numc5sym=0; 
 DEFINE> 
 DEFINE>{* Number of c6 symmetry *} 
 DEFINE>{===>} numc6sym=0; 
 DEFINE> 
 DEFINE>{=========================== Distance restraints  ========================} 
 DEFINE>{* Turn on/off and energy constants for distance restraints *} 
 DEFINE>{+ table: rows=3 "distances" "AIR (ambig)" "hbonds" cols=6 "firstIteration" "lastIteration" "hot" "cool1" "cool2" "cool3"+} 
 DEFINE> 
 DEFINE>{===>} unamb_firstit=0; 
 DEFINE>{===>} unamb_lastit=2; 
 DEFINE>{===>} unamb_hot=10.0; 
 DEFINE>{===>} unamb_cool1=10.0; 
 DEFINE>{===>} unamb_cool2=50.0; 
 DEFINE>{===>} unamb_cool3=50.0; 
 DEFINE>{===>} amb_firstit=0; 
 DEFINE>{===>} amb_lastit=2; 
 DEFINE>{===>} amb_hot=10.0; 
 DEFINE>{===>} amb_cool1=10.0; 
 DEFINE>{===>} amb_cool2=50.0; 
 DEFINE>{===>} amb_cool3=50.0; 
 DEFINE>{===>} hbond_firstit=0; 
 DEFINE>{===>} hbond_lastit=2; 
 DEFINE>{===>} hbond_hot=10.0; 
 DEFINE>{===>} hbond_cool1=10.0; 
 DEFINE>{===>} hbond_cool2=50.0; 
 DEFINE>{===>} hbond_cool3=50.0; 
 DEFINE> 
 DEFINE>{* Do you want to randomly exclude a fraction of the ambiguous restraints (AIRs)? *} 
 DEFINE>{+ choice: true false +} 
 DEFINE>{===>} noecv=true; 
 DEFINE> 
 DEFINE>{* Number of partitions for random exclusion (%excluded=100/number of partitions)? *} 
 DEFINE>{===>} ncvpart=2.0000; 
 DEFINE> 
 DEFINE>{* Do you want to use hydrogen bond restraints? *} 
 DEFINE>{+ choice: true false +} 
 DEFINE>{===>} hbonds_on=false; 
 DEFINE> 
 DEFINE>{* Do you want to define randomly ambiguous interaction restraints from accessible residues? *} 
 DEFINE>{* Only residues in the defined flexible segments will be considered *} 
 DEFINE>{* Note that this option is exclusive with any other distance restraints and only for it0    *} 
 DEFINE>{+ choice: true false +} 
 DEFINE>{===>} ranair=false; 
 DEFINE> 
 DEFINE>{* Do you want to define center of mass restraints to enforce contact between the molecules? *} 
 DEFINE>{* Note that these are only active during it0 and it1 *} 
 DEFINE>{+ choice: true false +} 
 DEFINE>{===>} cmrest=false; 
 DEFINE> 
 DEFINE>{* Define tight CM restraints? *} 
 DEFINE>{+ choice: true false +} 
 DEFINE>{===>} cmtight=false; 
 DEFINE> 
 DEFINE>{* Force constant for center of mass restraints *} 
 DEFINE>{===>} kcont=1.0; 
 DEFINE> 
 DEFINE>{* Do you want to define surface contact restraints to enforce contact between the molecules? *} 
 DEFINE>{* Note that these are only active during it0 and it1 *} 
 DEFINE>{+ choice: true false +} 
 DEFINE>{===>} surfrest=false; 
 DEFINE> 
 DEFINE>{* Force constant for surface contact restraints *} 
 DEFINE>{===>} ksurf=1.0; 
 DEFINE> 
 DEFINE>{ Use automated distance restraints weighting } 
 DEFINE>{ choice: true false } 
 DEFINE>air_scaling=false; 
 DEFINE>{ Define the number of distance restraints for automated weighting } 
 DEFINE>tot_unamb=25; 
 DEFINE>{ Define the number of AIR restraints for automated weighting } 
 DEFINE>tot_amb=0; 
 DEFINE>{ potential shape } 
 DEFINE>mrswi_hot=0.5; 
 DEFINE>mrswi_cool1=0.5; 
 DEFINE>mrswi_cool2=0.5; 
 DEFINE>mrswi_cool3=0.5; 
 DEFINE>rswi_hot=0.5; 
 DEFINE>rswi_cool1=0.5; 
 DEFINE>rswi_cool2=0.5; 
 DEFINE>rswi_cool3=0.5; 
 DEFINE>masy_hot=-1.0; 
 DEFINE>masy_cool1=-1.0; 
 DEFINE>masy_cool2=-0.1; 
 DEFINE>masy_cool3=-0.1; 
 DEFINE>asy_hot=1.0; 
 DEFINE>asy_cool1=1.0; 
 DEFINE>asy_cool2=0.1; 
 DEFINE>asy_cool3=0.1; 
 DEFINE> 
 DEFINE>{=========================== radius of gyration restraint  ============} 
 DEFINE>{* Turn on/off and energy constants for Rg restraints *} 
 DEFINE>{* Do you want to define a radius of gyration restraint (e.g. from SAXS)? *} 
 DEFINE>{+ choice: true false +} 
 DEFINE>{===>} rgrest=false; 
 DEFINE> 
 DEFINE> 
 DEFINE>{======================DNA-RNA restraints ============================} 
 DEFINE>{* Use DNA/RNA restraints (dna-rna_restraints.def in data/sequence)? *} 
 DEFINE>{+ choice: true false +} 
 DEFINE>{===>} dnarest_on=true; 
 DEFINE> 
 DEFINE>{=========================== dihedrals restraints ====================} 
 DEFINE>{* energy constants *} 
 DEFINE>{+ table: rows=1 "dihedrals" cols=5 "use?" "hot" "cool1" "cool2" "cool3" +} 
 DEFINE> 
 DEFINE>{+ choice: true false +} 
 DEFINE>{===>} dihedrals_on=false; 
 DEFINE>{===>} dihedrals_hot=5.0; 
 DEFINE>{===>} dihedrals_cool1=5.0; 
 DEFINE>{===>} dihedrals_cool2=50.0; 
 DEFINE>{===>} dihedrals_cool3=200.0; 
 DEFINE> 
 DEFINE>{* Automatically define backbone dihedral angle restraints from structure? *} 
 DEFINE>{+ choice: none all alpha alphabeta +} 
 DEFINE>{===>} ssdihed=none; 
 DEFINE>{===>} error_dih=10; 
 DEFINE> 
 DEFINE>{=========================== residual dipolar couplings ======================} 
 DEFINE> 
 DEFINE>{* Parameters *} 
 DEFINE>{+ table: rows=5 "class1" "class2" "class3" "class4" "class5" 
 DEFINE>          cols=25 "type" "firstIt" "lastIt" "Ksani<br>(hot)" "Ksani<br>(cool1)" "Ksani<br>(cool2)" "Ksani<br>(cool3)" "R" "D" 
 DEFINE> "Kvean<br>(ini_bor_hot)" "Kvean<br>(fin_bor_hot)" 
 DEFINE> "Kvean<br>(ini_bor_cool1)" "Kvean<br>(fin_bor_cool1)" 
 DEFINE> "Kvean<br>(ini_bor_cool2)" "Kvean<br>(fin_bor_cool2)" 
 DEFINE> "Kvean<br>(ini_bor_cool3)" "Kvean<br>(fin_bor_cool3)" 
 DEFINE> "Kvean<br>(ini_cen_hot)" "Kvean<br>(fin_cen_hot)" 
 DEFINE> "Kvean<br>(ini_cen_cool1)" "Kvean<br>(fin_cen_cool1)" 
 DEFINE> "Kvean<br>(ini_cen_cool2)" "Kvean<br>(fin_cen_cool2)" 
 DEFINE> "Kvean<br>(ini_cen_cool3)" "Kvean<br>(fin_cen_cool3)"+} 
 DEFINE>{+ choice: "NO" "SANI" "XRDC" "VANGLE" +} 
 DEFINE>{===>} numrdc = 0; 
 DEFINE> 
 DEFINE> 
 DEFINE>{=========================== pseudo contact shifts ===========================} 
 DEFINE> 
 DEFINE>{* Parameters *} 
 DEFINE>{+ table: rows=10 "class1" "class2" "class3" "class4" "class5" "class6" "class7" "class8" "class9" "class10" 
 DEFINE>          cols=9 "type" "firstIt" "lastIt" "Kpcs<br>(hot)" "Kpcs<br>(cool1)" "Kpcs<br>(cool2)" "Kpcs<br>(cool3)" "R" "D" +} 
 DEFINE>{+ choice: "NO" "XPCS" +} 
 DEFINE>{===>} numpcs = 0; 
 DEFINE> 
 DEFINE> 
 DEFINE>{=========================== relaxation data ======================} 
 DEFINE>{* Parameters *} 
 DEFINE>{+ table: rows=5 "class1" "class2" "class3" "class4" "class5" 
 DEFINE>          cols=12 "type" "firstIt" "lastIt" "Kdani(hot)" "Kdani(cool1)" "Kdani(cool2)" "Kdani(cool3)" "Correlation time" "D" "R" "H frequency" "N frequency" +} 
 DEFINE>{+ choice: "NO" "DANI" +} 
 DEFINE>{===>} numdani = 0; 
 DEFINE> 
 DEFINE> 
 DEFINE>{========================== Cryo-EM parameters ============================} 
 DEFINE> 
 DEFINE>{* Centroid definitions *} 
 DEFINE>{+ choice: true false +} 
 DEFINE>{===>} centroid_rest=false; 
 DEFINE>{===>} centroid_kscale=50; 
 DEFINE> 
 DEFINE> 
 DEFINE>{* Density/XREF restraints *} 
 DEFINE>{+ choice: true false +} 
 DEFINE>{===>} em_rest=false; 
 DEFINE>{===>} em_kscale=15000; 
 DEFINE>{+ choice: true false +} 
 DEFINE>{===>} em_it0=false; 
 DEFINE>{+ choice: true false +} 
 DEFINE>{===>} em_it1=false; 
 DEFINE>{+ choice: true false +} 
 DEFINE>{===>} em_itw=false; 
 DEFINE> 
 DEFINE>{* Resolution of data in angstrom *} 
 DEFINE>{===>} em_resolution=None; 
 DEFINE> 
 DEFINE>{* Density parameters *} 
 DEFINE>{* Number of voxels in each dimension *} 
 DEFINE>{===>} nx=32; 
 DEFINE>{===>} ny=32; 
 DEFINE>{===>} nz=32; 
 DEFINE> 
 DEFINE>{* Length of each dimension in angstrom *} 
 DEFINE>{===>} xlength=80.0; 
 DEFINE>{===>} ylength=80.0; 
 DEFINE>{===>} zlength=80.0; 
 DEFINE> 
 DEFINE>{* Cryo-EM scoring weights *} 
 DEFINE>{===>} w_lcc_0=-400.0; 
 DEFINE>{===>} w_lcc_1=-10000.0; 
 DEFINE>{===>} w_lcc_2=-10000.0; 
 DEFINE> 
 DEFINE>{===================== topology and parameter files ======================} 
 DEFINE> 
 DEFINE>{* topology file for molecule  1 *} 
 DEFINE>{===>} prot_top_mol1="protein-allhdg5-4.top"; 
 DEFINE>{* linkage file for molecule  1 *} 
 DEFINE>{===>} prot_link_mol1="protein-allhdg5-4-noter.link"; 
 DEFINE>{* energy parameter file for molecule  1 *} 
 DEFINE>{===>} prot_par_mol1="protein-allhdg5-4.param"; 
 DEFINE>{* topology file for molecule  2 *} 
 DEFINE>{===>} prot_top_mol2="dna-rna-allatom-hj-opls-1.3.top"; 
 DEFINE>{* linkage file for molecule  2 *} 
 DEFINE>{===>} prot_link_mol2="dna-rna-1.3.link"; 
 DEFINE>{* energy parameter file for molecule  2 *} 
 DEFINE>{===>} prot_par_mol2="dna-rna-allatom-hj-opls-1.3.param"; 
 DEFINE> 
 DEFINE>{* type of non-bonded parameters *} 
 DEFINE>{* specify the type of non-bonded interaction *} 
 DEFINE>{+ choice: "PROLSQ" "PARMALLH6" "PARALLHDG" "OPLSX" +} 
 DEFINE>{===>} par_nonbonded="OPLSX"; 
 DEFINE> 
 DEFINE>{============coarse graining topology and parameter files ==================} 
 DEFINE> 
 DEFINE>{* topology file for molecule  1 *} 
 DEFINE>{===>} prot_cg_top_mol1="protein-CG-Martini-2-2.top"; 
 DEFINE>{* linkage file for molecule  1 *} 
 DEFINE>{===>} prot_cg_link_mol1="protein-CG-Martini-2-2.link"; 
 DEFINE>{* energy parameter file for molecule  1 *} 
 DEFINE>{===>} prot_cg_par_mol1="protein-CG-Martini-2-2.param"; 
 DEFINE>{* topology file for molecule  2 *} 
 DEFINE>{===>} prot_cg_top_mol2="protein-CG-Martini-2-2.top"; 
 DEFINE>{* linkage file for molecule  2 *} 
 DEFINE>{===>} prot_cg_link_mol2="protein-CG-Martini-2-2.link"; 
 DEFINE>{* energy parameter file for molecule  2 *} 
 DEFINE>{===>} prot_cg_par_mol2="protein-CG-Martini-2-2.param"; 
 DEFINE> 
 DEFINE>{===================== energy and interaction parameters ==================} 
 DEFINE> 
 DEFINE>{ Do you want to include dihedral angle energy terms? } 
 DEFINE>{ choice: true false } 
 DEFINE>dihedflag=true; 
 DEFINE> 
 DEFINE>{* Do you want to include the electrostatic energy term for docking? *} 
 DEFINE>{* Note that it will be automatically included in the solvent refinement *} 
 DEFINE> 
 DEFINE>{* Include electrostatic during rigid body docking (it0)? *} 
 DEFINE>{+ choice: true false +} 
 DEFINE>{===>} elecflag_0=true; 
 DEFINE>{* Include electrostatic during semi-flexible SA (it1)? *} 
 DEFINE>{+ choice: true false +} 
 DEFINE>{===>} elecflag_1=true; 
 DEFINE> 
 DEFINE>{* Give the epsilon constant for the electrostatic energy term in it0 *} 
 DEFINE>{* Note that for explicit solvent refinement cdie with epsilon=1 is used *} 
 DEFINE>{===>} epsilon_0=78.0; 
 DEFINE> 
 DEFINE>{* Give the epsilon constant for the electrostatic energy term in it1 *} 
 DEFINE>{* Note that for explicit solvent refinement cdie with epsilon=1 is used *} 
 DEFINE>{===>} epsilon_1=78.0; 
 DEFINE> 
 DEFINE>{* Use constant (cdie) or distance-dependent (rdie) dielectric in it0? *} 
 DEFINE>{+ choice: cdie rdie +} 
 DEFINE>{===>} dielec_0=cdie; 
 DEFINE> 
 DEFINE>{* Use constant (cdie) or distance-dependent (rdie) dielectric in it1? *} 
 DEFINE>{+ choice: cdie rdie +} 
 DEFINE>{===>} dielec_1=cdie; 
 DEFINE> 
 DEFINE>{* Scaling of intermolecular interactions for rigid body EM*} 
 DEFINE>{===>} inter_rigid=1.0; 
 DEFINE> 
 DEFINE>{* Scaling of intermolecular interactions for semi-flexible SA*} 
 DEFINE>{+ table: rows=3 "Rigid body dynamic " "SA with flexible side-chains (cool2)" "SA with flexible backbone and side-chains (cool3)" 
 DEFINE>          cols=2 "Init value" "Final value" +} 
 DEFINE>{===>} init_rigid=0.001; 
 DEFINE>{===>} fin_rigid=0.001; 
 DEFINE>{===>} init_cool2=0.001; 
 DEFINE>{===>} fin_cool2=1.0; 
 DEFINE>{===>} init_cool3=0.05; 
 DEFINE>{===>} fin_cool3=1.0; 
 DEFINE> 
 DEFINE>{* Interaction matrix for non-bonded interactions*} 
 DEFINE>{+ table: rows=6 "Mol 1" "Mol 2" "Mol 3" "Mol 4" "Mol 5" "Mol 6" "Mol 7" "Mol 8" "Mol 9" Mol 10" "Mol 11" Mol 12" "Mol 13" "Mol 14" "Mol 15" "Mol 16" "Mol 17" "Mol 18" "Mol 19" "Mol 20" 
 DEFINE>          cols=6 "Mol 1" "Mol 2" "Mol 3" "Mol 4" "Mol 5" "Mol 6" "Mol 7" "Mol 8" "Mol 9" Mol 10" "Mol 11" Mol 12" "Mol 13" "Mol 14" "Mol 15" "Mol 16" "Mol 17" "Mol 18" "Mol 19" "Mol 20" +} 
 DEFINE>{===>} int_1_1=1.0; 
 DEFINE>{===>} int_1_2=1.0; 
 DEFINE>{===>} int_1_3=1.0; 
 DEFINE>{===>} int_1_4=1.0; 
 DEFINE>{===>} int_1_5=1.0; 
 DEFINE>{===>} int_1_6=1.0; 
 DEFINE>{===>} int_1_7=1.0; 
 DEFINE>{===>} int_1_8=1.0; 
 DEFINE>{===>} int_1_9=1.0; 
 DEFINE>{===>} int_1_10=1.0; 
 DEFINE>{===>} int_1_11=1.0; 
 DEFINE>{===>} int_1_12=1.0; 
 DEFINE>{===>} int_1_13=1.0; 
 DEFINE>{===>} int_1_14=1.0; 
 DEFINE>{===>} int_1_15=1.0; 
 DEFINE>{===>} int_1_16=1.0; 
 DEFINE>{===>} int_1_17=1.0; 
 DEFINE>{===>} int_1_18=1.0; 
 DEFINE>{===>} int_1_19=1.0; 
 DEFINE>{===>} int_1_20=1.0; 
 DEFINE>{===>} int_2_1="N.A."; 
 DEFINE>{===>} int_2_2=1.0; 
 DEFINE>{===>} int_2_3=1.0; 
 DEFINE>{===>} int_2_4=1.0; 
 DEFINE>{===>} int_2_5=1.0; 
 DEFINE>{===>} int_2_6=1.0; 
 DEFINE>{===>} int_2_7=1.0; 
 DEFINE>{===>} int_2_8=1.0; 
 DEFINE>{===>} int_2_9=1.0; 
 DEFINE>{===>} int_2_10=1.0; 
 DEFINE>{===>} int_2_11=1.0; 
 DEFINE>{===>} int_2_12=1.0; 
 DEFINE>{===>} int_2_13=1.0; 
 DEFINE>{===>} int_2_14=1.0; 
 DEFINE>{===>} int_2_15=1.0; 
 DEFINE>{===>} int_2_16=1.0; 
 DEFINE>{===>} int_2_17=1.0; 
 DEFINE>{===>} int_2_18=1.0; 
 DEFINE>{===>} int_2_19=1.0; 
 DEFINE>{===>} int_2_20=1.0; 
 DEFINE>{===>} int_3_1="N.A."; 
 DEFINE>{===>} int_3_2="N.A."; 
 DEFINE>{===>} int_3_3=1.0; 
 DEFINE>{===>} int_3_4=1.0; 
 DEFINE>{===>} int_3_5=1.0; 
 DEFINE>{===>} int_3_6=1.0; 
 DEFINE>{===>} int_3_7=1.0; 
 DEFINE>{===>} int_3_8=1.0; 
 DEFINE>{===>} int_3_9=1.0; 
 DEFINE>{===>} int_3_10=1.0; 
 DEFINE>{===>} int_3_11=1.0; 
 DEFINE>{===>} int_3_12=1.0; 
 DEFINE>{===>} int_3_13=1.0; 
 DEFINE>{===>} int_3_14=1.0; 
 DEFINE>{===>} int_3_15=1.0; 
 DEFINE>{===>} int_3_16=1.0; 
 DEFINE>{===>} int_3_17=1.0; 
 DEFINE>{===>} int_3_18=1.0; 
 DEFINE>{===>} int_3_19=1.0; 
 DEFINE>{===>} int_3_20=1.0; 
 DEFINE>{===>} int_4_1="N.A."; 
 DEFINE>{===>} int_4_2="N.A."; 
 DEFINE>{===>} int_4_3="N.A."; 
 DEFINE>{===>} int_4_4=1.0; 
 DEFINE>{===>} int_4_5=1.0; 
 DEFINE>{===>} int_4_6=1.0; 
 DEFINE>{===>} int_4_7=1.0; 
 DEFINE>{===>} int_4_8=1.0; 
 DEFINE>{===>} int_4_9=1.0; 
 DEFINE>{===>} int_4_10=1.0; 
 DEFINE>{===>} int_4_11=1.0; 
 DEFINE>{===>} int_4_12=1.0; 
 DEFINE>{===>} int_4_13=1.0; 
 DEFINE>{===>} int_4_14=1.0; 
 DEFINE>{===>} int_4_15=1.0; 
 DEFINE>{===>} int_4_16=1.0; 
 DEFINE>{===>} int_4_17=1.0; 
 DEFINE>{===>} int_4_18=1.0; 
 DEFINE>{===>} int_4_19=1.0; 
 DEFINE>{===>} int_4_20=1.0; 
 DEFINE>{===>} int_5_1="N.A."; 
 DEFINE>{===>} int_5_2="N.A."; 
 DEFINE>{===>} int_5_3="N.A."; 
 DEFINE>{===>} int_5_4="N.A."; 
 DEFINE>{===>} int_5_5=1.0; 
 DEFINE>{===>} int_5_6=1.0; 
 DEFINE>{===>} int_5_7=1.0; 
 DEFINE>{===>} int_5_8=1.0; 
 DEFINE>{===>} int_5_9=1.0; 
 DEFINE>{===>} int_5_10=1.0; 
 DEFINE>{===>} int_5_11=1.0; 
 DEFINE>{===>} int_5_12=1.0; 
 DEFINE>{===>} int_5_13=1.0; 
 DEFINE>{===>} int_5_14=1.0; 
 DEFINE>{===>} int_5_15=1.0; 
 DEFINE>{===>} int_5_16=1.0; 
 DEFINE>{===>} int_5_17=1.0; 
 DEFINE>{===>} int_5_18=1.0; 
 DEFINE>{===>} int_5_19=1.0; 
 DEFINE>{===>} int_5_20=1.0; 
 DEFINE>{===>} int_6_1="N.A."; 
 DEFINE>{===>} int_6_2="N.A."; 
 DEFINE>{===>} int_6_3="N.A."; 
 DEFINE>{===>} int_6_4="N.A."; 
 DEFINE>{===>} int_6_5="N.A."; 
 DEFINE>{===>} int_6_6=1.0; 
 DEFINE>{===>} int_6_7=1.0; 
 DEFINE>{===>} int_6_8=1.0; 
 DEFINE>{===>} int_6_9=1.0; 
 DEFINE>{===>} int_6_10=1.0; 
 DEFINE>{===>} int_6_11=1.0; 
 DEFINE>{===>} int_6_12=1.0; 
 DEFINE>{===>} int_6_13=1.0; 
 DEFINE>{===>} int_6_14=1.0; 
 DEFINE>{===>} int_6_15=1.0; 
 DEFINE>{===>} int_6_16=1.0; 
 DEFINE>{===>} int_6_17=1.0; 
 DEFINE>{===>} int_6_18=1.0; 
 DEFINE>{===>} int_6_19=1.0; 
 DEFINE>{===>} int_6_20=1.0; 
 DEFINE>{===>} int_7_1="N.A."; 
 DEFINE>{===>} int_7_2="N.A."; 
 DEFINE>{===>} int_7_3="N.A."; 
 DEFINE>{===>} int_7_4="N.A."; 
 DEFINE>{===>} int_7_5="N.A."; 
 DEFINE>{===>} int_7_6="N.A."; 
 DEFINE>{===>} int_7_7=1.0; 
 DEFINE>{===>} int_7_8=1.0; 
 DEFINE>{===>} int_7_9=1.0; 
 DEFINE>{===>} int_7_10=1.0; 
 DEFINE>{===>} int_7_11=1.0; 
 DEFINE>{===>} int_7_12=1.0; 
 DEFINE>{===>} int_7_13=1.0; 
 DEFINE>{===>} int_7_14=1.0; 
 DEFINE>{===>} int_7_15=1.0; 
 DEFINE>{===>} int_7_16=1.0; 
 DEFINE>{===>} int_7_17=1.0; 
 DEFINE>{===>} int_7_18=1.0; 
 DEFINE>{===>} int_7_19=1.0; 
 DEFINE>{===>} int_7_20=1.0; 
 DEFINE>{===>} int_8_1="N.A."; 
 DEFINE>{===>} int_8_2="N.A."; 
 DEFINE>{===>} int_8_3="N.A."; 
 DEFINE>{===>} int_8_4="N.A."; 
 DEFINE>{===>} int_8_5="N.A."; 
 DEFINE>{===>} int_8_6="N.A."; 
 DEFINE>{===>} int_8_7="N.A."; 
 DEFINE>{===>} int_8_8=1.0; 
 DEFINE>{===>} int_8_9=1.0; 
 DEFINE>{===>} int_8_10=1.0; 
 DEFINE>{===>} int_8_11=1.0; 
 DEFINE>{===>} int_8_12=1.0; 
 DEFINE>{===>} int_8_13=1.0; 
 DEFINE>{===>} int_8_14=1.0; 
 DEFINE>{===>} int_8_15=1.0; 
 DEFINE>{===>} int_8_16=1.0; 
 DEFINE>{===>} int_8_17=1.0; 
 DEFINE>{===>} int_8_18=1.0; 
 DEFINE>{===>} int_8_19=1.0; 
 DEFINE>{===>} int_8_20=1.0; 
 DEFINE>{===>} int_9_1="N.A."; 
 DEFINE>{===>} int_9_2="N.A."; 
 DEFINE>{===>} int_9_3="N.A."; 
 DEFINE>{===>} int_9_4="N.A."; 
 DEFINE>{===>} int_9_5="N.A."; 
 DEFINE>{===>} int_9_6="N.A."; 
 DEFINE>{===>} int_9_7="N.A."; 
 DEFINE>{===>} int_9_8="N.A."; 
 DEFINE>{===>} int_9_9=1.0; 
 DEFINE>{===>} int_9_10=1.0; 
 DEFINE>{===>} int_9_11=1.0; 
 DEFINE>{===>} int_9_12=1.0; 
 DEFINE>{===>} int_9_13=1.0; 
 DEFINE>{===>} int_9_14=1.0; 
 DEFINE>{===>} int_9_15=1.0; 
 DEFINE>{===>} int_9_16=1.0; 
 DEFINE>{===>} int_9_17=1.0; 
 DEFINE>{===>} int_9_18=1.0; 
 DEFINE>{===>} int_9_19=1.0; 
 DEFINE>{===>} int_9_20=1.0; 
 DEFINE>{===>} int_10_1="N.A."; 
 DEFINE>{===>} int_10_2="N.A."; 
 DEFINE>{===>} int_10_3="N.A."; 
 DEFINE>{===>} int_10_4="N.A."; 
 DEFINE>{===>} int_10_5="N.A."; 
 DEFINE>{===>} int_10_6="N.A."; 
 DEFINE>{===>} int_10_7="N.A."; 
 DEFINE>{===>} int_10_8="N.A."; 
 DEFINE>{===>} int_10_9="N.A."; 
 DEFINE>{===>} int_10_10=1.0; 
 DEFINE>{===>} int_10_11=1.0; 
 DEFINE>{===>} int_10_12=1.0; 
 DEFINE>{===>} int_10_13=1.0; 
 DEFINE>{===>} int_10_14=1.0; 
 DEFINE>{===>} int_10_15=1.0; 
 DEFINE>{===>} int_10_16=1.0; 
 DEFINE>{===>} int_10_17=1.0; 
 DEFINE>{===>} int_10_18=1.0; 
 DEFINE>{===>} int_10_19=1.0; 
 DEFINE>{===>} int_10_20=1.0; 
 DEFINE>{===>} int_11_1="N.A."; 
 DEFINE>{===>} int_11_2="N.A."; 
 DEFINE>{===>} int_11_3="N.A."; 
 DEFINE>{===>} int_11_4="N.A."; 
 DEFINE>{===>} int_11_5="N.A."; 
 DEFINE>{===>} int_11_6="N.A."; 
 DEFINE>{===>} int_11_7="N.A."; 
 DEFINE>{===>} int_11_8="N.A."; 
 DEFINE>{===>} int_11_9="N.A."; 
 DEFINE>{===>} int_11_10="N.A."; 
 DEFINE>{===>} int_11_11=1.0; 
 DEFINE>{===>} int_11_12=1.0; 
 DEFINE>{===>} int_11_13=1.0; 
 DEFINE>{===>} int_11_14=1.0; 
 DEFINE>{===>} int_11_15=1.0; 
 DEFINE>{===>} int_11_16=1.0; 
 DEFINE>{===>} int_11_17=1.0; 
 DEFINE>{===>} int_11_18=1.0; 
 DEFINE>{===>} int_11_19=1.0; 
 DEFINE>{===>} int_11_20=1.0; 
 DEFINE>{===>} int_12_1="N.A."; 
 DEFINE>{===>} int_12_2="N.A."; 
 DEFINE>{===>} int_12_3="N.A."; 
 DEFINE>{===>} int_12_4="N.A."; 
 DEFINE>{===>} int_12_5="N.A."; 
 DEFINE>{===>} int_12_6="N.A."; 
 DEFINE>{===>} int_12_7="N.A."; 
 DEFINE>{===>} int_12_8="N.A."; 
 DEFINE>{===>} int_12_9="N.A."; 
 DEFINE>{===>} int_12_10="N.A."; 
 DEFINE>{===>} int_12_11="N.A."; 
 DEFINE>{===>} int_12_12=1.0; 
 DEFINE>{===>} int_12_13=1.0; 
 DEFINE>{===>} int_12_14=1.0; 
 DEFINE>{===>} int_12_15=1.0; 
 DEFINE>{===>} int_12_16=1.0; 
 DEFINE>{===>} int_12_17=1.0; 
 DEFINE>{===>} int_12_18=1.0; 
 DEFINE>{===>} int_12_19=1.0; 
 DEFINE>{===>} int_12_20=1.0; 
 DEFINE>{===>} int_13_1="N.A."; 
 DEFINE>{===>} int_13_2="N.A."; 
 DEFINE>{===>} int_13_3="N.A."; 
 DEFINE>{===>} int_13_4="N.A."; 
 DEFINE>{===>} int_13_5="N.A."; 
 DEFINE>{===>} int_13_6="N.A."; 
 DEFINE>{===>} int_13_7="N.A."; 
 DEFINE>{===>} int_13_8="N.A."; 
 DEFINE>{===>} int_13_9="N.A."; 
 DEFINE>{===>} int_13_10="N.A."; 
 DEFINE>{===>} int_13_11="N.A."; 
 DEFINE>{===>} int_13_12="N.A."; 
 DEFINE>{===>} int_13_13=1.0; 
 DEFINE>{===>} int_13_14=1.0; 
 DEFINE>{===>} int_13_15=1.0; 
 DEFINE>{===>} int_13_16=1.0; 
 DEFINE>{===>} int_13_17=1.0; 
 DEFINE>{===>} int_13_18=1.0; 
 DEFINE>{===>} int_13_19=1.0; 
 DEFINE>{===>} int_13_20=1.0; 
 DEFINE>{===>} int_14_1="N.A."; 
 DEFINE>{===>} int_14_2="N.A."; 
 DEFINE>{===>} int_14_3="N.A."; 
 DEFINE>{===>} int_14_4="N.A."; 
 DEFINE>{===>} int_14_5="N.A."; 
 DEFINE>{===>} int_14_6="N.A."; 
 DEFINE>{===>} int_14_7="N.A."; 
 DEFINE>{===>} int_14_8="N.A."; 
 DEFINE>{===>} int_14_9="N.A."; 
 DEFINE>{===>} int_14_10="N.A."; 
 DEFINE>{===>} int_14_11="N.A."; 
 DEFINE>{===>} int_14_12="N.A."; 
 DEFINE>{===>} int_14_13="N.A."; 
 DEFINE>{===>} int_14_14=1.0; 
 DEFINE>{===>} int_14_15=1.0; 
 DEFINE>{===>} int_14_16=1.0; 
 DEFINE>{===>} int_14_17=1.0; 
 DEFINE>{===>} int_14_18=1.0; 
 DEFINE>{===>} int_14_19=1.0; 
 DEFINE>{===>} int_14_20=1.0; 
 DEFINE>{===>} int_15_1="N.A."; 
 DEFINE>{===>} int_15_2="N.A."; 
 DEFINE>{===>} int_15_3="N.A."; 
 DEFINE>{===>} int_15_4="N.A."; 
 DEFINE>{===>} int_15_5="N.A."; 
 DEFINE>{===>} int_15_6="N.A."; 
 DEFINE>{===>} int_15_7="N.A."; 
 DEFINE>{===>} int_15_8="N.A."; 
 DEFINE>{===>} int_15_9="N.A."; 
 DEFINE>{===>} int_15_10="N.A."; 
 DEFINE>{===>} int_15_11="N.A."; 
 DEFINE>{===>} int_15_12="N.A."; 
 DEFINE>{===>} int_15_13="N.A."; 
 DEFINE>{===>} int_15_14="N.A."; 
 DEFINE>{===>} int_15_15=1.0; 
 DEFINE>{===>} int_15_16=1.0; 
 DEFINE>{===>} int_15_17=1.0; 
 DEFINE>{===>} int_15_18=1.0; 
 DEFINE>{===>} int_15_19=1.0; 
 DEFINE>{===>} int_15_20=1.0; 
 DEFINE>{===>} int_16_1="N.A."; 
 DEFINE>{===>} int_16_2="N.A."; 
 DEFINE>{===>} int_16_3="N.A."; 
 DEFINE>{===>} int_16_4="N.A."; 
 DEFINE>{===>} int_16_5="N.A."; 
 DEFINE>{===>} int_16_6="N.A."; 
 DEFINE>{===>} int_16_7="N.A."; 
 DEFINE>{===>} int_16_8="N.A."; 
 DEFINE>{===>} int_16_9="N.A."; 
 DEFINE>{===>} int_16_10="N.A."; 
 DEFINE>{===>} int_16_11="N.A."; 
 DEFINE>{===>} int_16_12="N.A."; 
 DEFINE>{===>} int_16_13="N.A."; 
 DEFINE>{===>} int_16_14="N.A."; 
 DEFINE>{===>} int_16_15="N.A."; 
 DEFINE>{===>} int_16_16=1.0; 
 DEFINE>{===>} int_16_17=1.0; 
 DEFINE>{===>} int_16_18=1.0; 
 DEFINE>{===>} int_16_19=1.0; 
 DEFINE>{===>} int_16_20=1.0; 
 DEFINE>{===>} int_17_1="N.A."; 
 DEFINE>{===>} int_17_2="N.A."; 
 DEFINE>{===>} int_17_3="N.A."; 
 DEFINE>{===>} int_17_4="N.A."; 
 DEFINE>{===>} int_17_5="N.A."; 
 DEFINE>{===>} int_17_6="N.A."; 
 DEFINE>{===>} int_17_7="N.A."; 
 DEFINE>{===>} int_17_8="N.A."; 
 DEFINE>{===>} int_17_9="N.A."; 
 DEFINE>{===>} int_17_10="N.A."; 
 DEFINE>{===>} int_17_11="N.A."; 
 DEFINE>{===>} int_17_12="N.A."; 
 DEFINE>{===>} int_17_13="N.A."; 
 DEFINE>{===>} int_17_14="N.A."; 
 DEFINE>{===>} int_17_15="N.A."; 
 DEFINE>{===>} int_17_16="N.A."; 
 DEFINE>{===>} int_17_17=1.0; 
 DEFINE>{===>} int_17_18=1.0; 
 DEFINE>{===>} int_17_19=1.0; 
 DEFINE>{===>} int_17_20=1.0; 
 DEFINE>{===>} int_18_1="N.A."; 
 DEFINE>{===>} int_18_2="N.A."; 
 DEFINE>{===>} int_18_3="N.A."; 
 DEFINE>{===>} int_18_4="N.A."; 
 DEFINE>{===>} int_18_5="N.A."; 
 DEFINE>{===>} int_18_6="N.A."; 
 DEFINE>{===>} int_18_7="N.A."; 
 DEFINE>{===>} int_18_8="N.A."; 
 DEFINE>{===>} int_18_9="N.A."; 
 DEFINE>{===>} int_18_10="N.A."; 
 DEFINE>{===>} int_18_11="N.A."; 
 DEFINE>{===>} int_18_12="N.A."; 
 DEFINE>{===>} int_18_13="N.A."; 
 DEFINE>{===>} int_18_14="N.A."; 
 DEFINE>{===>} int_18_15="N.A."; 
 DEFINE>{===>} int_18_16="N.A."; 
 DEFINE>{===>} int_18_17="N.A."; 
 DEFINE>{===>} int_18_18=1.0; 
 DEFINE>{===>} int_18_19=1.0; 
 DEFINE>{===>} int_18_20=1.0; 
 DEFINE>{===>} int_19_1="N.A."; 
 DEFINE>{===>} int_19_2="N.A."; 
 DEFINE>{===>} int_19_3="N.A."; 
 DEFINE>{===>} int_19_4="N.A."; 
 DEFINE>{===>} int_19_5="N.A."; 
 DEFINE>{===>} int_19_6="N.A."; 
 DEFINE>{===>} int_19_7="N.A."; 
 DEFINE>{===>} int_19_8="N.A."; 
 DEFINE>{===>} int_19_9="N.A."; 
 DEFINE>{===>} int_19_10="N.A."; 
 DEFINE>{===>} int_19_11="N.A."; 
 DEFINE>{===>} int_19_12="N.A."; 
 DEFINE>{===>} int_19_13="N.A."; 
 DEFINE>{===>} int_19_14="N.A."; 
 DEFINE>{===>} int_19_15="N.A."; 
 DEFINE>{===>} int_19_16="N.A."; 
 DEFINE>{===>} int_19_17="N.A."; 
 DEFINE>{===>} int_19_18="N.A."; 
 DEFINE>{===>} int_19_19=1.0; 
 DEFINE>{===>} int_19_20=1.0; 
 DEFINE>{===>} int_20_1="N.A."; 
 DEFINE>{===>} int_20_2="N.A."; 
 DEFINE>{===>} int_20_3="N.A."; 
 DEFINE>{===>} int_20_4="N.A."; 
 DEFINE>{===>} int_20_5="N.A."; 
 DEFINE>{===>} int_20_6="N.A."; 
 DEFINE>{===>} int_20_7="N.A."; 
 DEFINE>{===>} int_20_8="N.A."; 
 DEFINE>{===>} int_20_9="N.A."; 
 DEFINE>{===>} int_20_10="N.A."; 
 DEFINE>{===>} int_20_11="N.A."; 
 DEFINE>{===>} int_20_12="N.A."; 
 DEFINE>{===>} int_20_13="N.A."; 
 DEFINE>{===>} int_20_14="N.A."; 
 DEFINE>{===>} int_20_15="N.A."; 
 DEFINE>{===>} int_20_16="N.A."; 
 DEFINE>{===>} int_20_17="N.A."; 
 DEFINE>{===>} int_20_18="N.A."; 
 DEFINE>{===>} int_20_19="N.A."; 
 DEFINE>{===>} int_20_20=1.0; 
 DEFINE> 
 DEFINE>{===================== Number of structures to dock =======================} 
 DEFINE>{* Setting for the rigid-body (it0) and semi-flexible refinement (it1) *} 
 DEFINE> 
 DEFINE>{* number of structures for rigid body docking *} 
 DEFINE>{===>} structures_0=1000; 
 DEFINE>       keepstruct_0=&structures_0; 
 DEFINE>{* number of structures for refinement *} 
 DEFINE>{===>} structures_1=200; 
 DEFINE>       keepstruct_1=&structures_1; 
 DEFINE>       keepstruct_2=&structures_1; 
 DEFINE>{* number of structures to be analysed*} 
 DEFINE>{===>} anastruc_1=200; 
 DEFINE>       anastruc_0=&anastruc_1; 
 DEFINE>       anastruc_2=&anastruc_1; 
 DEFINE> 
 DEFINE>{* - *} 
 DEFINE> 
 DEFINE>{* Sampling of symmetry related solutions                       *} 
 DEFINE> 
 DEFINE>{* Sample 180 degrees rotated solutions during rigid body EM?   *} 
 DEFINE>{+ choice: true false +} 
 DEFINE>{===>} rotate180_it0=true; 
 DEFINE> 
 DEFINE>{* Sample 180 degrees rotated solutions during semi-flexible SA?*} 
 DEFINE>{+ choice: true false +} 
 DEFINE>{===>} rotate180_it1=false; 
 DEFINE> 
 DEFINE> 
 DEFINE>{=========================== DOCKING protocol =============================} 
 DEFINE>{* Cross-dock all combinations in the ensembles of starting structures? *} 
 DEFINE>{* Turn off this option if you only want to dock structure 1 of ensemble A *} 
 DEFINE>{*   to structure 1 of ensemble B, structure 2 to structure 2, etc. *} 
 DEFINE>{+ choice: true false +} 
 DEFINE>{===>} crossdock=true; 
 DEFINE> 
 DEFINE>{* Randomize starting orientations? *} 
 DEFINE>{+ choice: true false +} 
 DEFINE>{===>} randorien=true; 
 DEFINE> 
 DEFINE>{* Expand starting orientations? *} 
 DEFINE>{+ choice: true false +} 
 DEFINE>{===>} expand=false; 
 DEFINE> 
 DEFINE>{* Expansion percentage *} 
 DEFINE>{===>} expansion=0.4; 
 DEFINE> 
 DEFINE>{* Random rotation angle *} 
 DEFINE>{===>} randangle=6; 
 DEFINE> 
 DEFINE>{* Rebuild missing atoms in the context of the complex? (refinement mode) *} 
 DEFINE>{+ choice: true false +} 
 DEFINE>{===>} rebuildcplx=false; 
 DEFINE> 
 DEFINE>{* Perform initial rigid body minimisation? *} 
 DEFINE>{+ choice: true false +} 
 DEFINE>{===>} rigidmini=true; 
 DEFINE> 
 DEFINE>{* Allow translation in rigid body minimisation? *} 
 DEFINE>{+ choice: true false +} 
 DEFINE>{===>} rigidtrans=true; 
 DEFINE> 
 DEFINE>{* Number of trials for rigid body minimisation? *} 
 DEFINE>{===>} ntrials=5; 
 DEFINE> 
 DEFINE>{* initial seed for random number generator *} 
 DEFINE>{* change to get different initial velocities *} 
 DEFINE>{===>} iniseed=917; 
 DEFINE> 
 DEFINE>{* temperature for rigid body high temperature TAD *} 
 DEFINE>{===>} tadhigh_t=2000; 
 DEFINE> 
 DEFINE>{* initial temperature for rigid body first TAD cooling step *} 
 DEFINE>{===>} tadinit1_t=2000; 
 DEFINE> 
 DEFINE>{* final temperature after first cooling step *} 
 DEFINE>{===>} tadfinal1_t=500; 
 DEFINE> 
 DEFINE>{* initial temperature for second TAD cooling step with flexible side-chain at the inferface *} 
 DEFINE>{===>} tadinit2_t=500; 
 DEFINE> 
 DEFINE>{* finale temperature after second cooling step *} 
 DEFINE>{===>} tadfinal2_t=50; 
 DEFINE> 
 DEFINE>{* initial temperature for third TAD cooling step with fully flexible interface *} 
 DEFINE>{===>} tadinit3_t=300; 
 DEFINE> 
 DEFINE>{* finale temperature after third cooling step *} 
 DEFINE>{===>} tadfinal3_t=50; 
 DEFINE> 
 DEFINE>{* time step *} 
 DEFINE>{===>} timestep=0.002; 
 DEFINE>{* factor for timestep in TAD *} 
 DEFINE>{===>} tadfactor=8; 
 DEFINE> 
 DEFINE>{* Number of EM steps for translational minimisation? *} 
 DEFINE>{===>} emstepstrans=1000; 
 DEFINE> 
 DEFINE>{* number of MD steps for rigid body high temperature TAD *} 
 DEFINE>{===>} initiosteps=0; 
 DEFINE> 
 DEFINE>{* number of MD steps during first rigid body cooling stage *} 
 DEFINE>{===>} cool1_steps=0; 
 DEFINE> 
 DEFINE>{* number of MD steps during second cooling stage with flexible side-chains at interface *} 
 DEFINE>{===>} cool2_steps=1000; 
 DEFINE> 
 DEFINE>{* number of MD steps during third cooling stage with fully flexible interface *} 
 DEFINE>{===>} cool3_steps=1000; 
 DEFINE> 
 DEFINE> 
 DEFINE>{======================= Solvated rigid body docking=======================} 
 DEFINE>{* perform solvated docking ? *} 
 DEFINE>{+ choice: true false +} 
 DEFINE>{===>} waterdock=false; 
 DEFINE> 
 DEFINE>{* which method to use for solvating? *} 
 DEFINE>{* db: database-based (recommended), restraints: for restrained solvating to amino-acid most often forming 
 DEFINE>water mediated contacts and blank (""): for uniform waterlayer *} 
 DEFINE>{+ choice: "db" "restraints" "" +} 
 DEFINE>{===>} solvate_method="db"; 
 DEFINE> 
 DEFINE>{* which propensity database to use? *} 
 DEFINE>{* statistical: based on an analysis of water-mediated contacts in the PDB, kyte-doolittle: based on the Kyte-Doolittle hydrophobicity scalte *} 
 DEFINE>{+ choice: "statistical" "kytedoolittle" +} 
 DEFINE>{===>} db_method="kytedoolittle"; 
 DEFINE> 
 DEFINE>{* initial cutoff for restraints solvating method *} 
 DEFINE>{* all waters further away from a highly occuring water solvated residue will be removed in the generation 
 DEFINE>of the initial solvation shell *} 
 DEFINE>{===>} water_restraint_initial=5.0; 
 DEFINE> 
 DEFINE>{* cutoff for restraints solvating method *} 
 DEFINE>{* upper distance limit for defining distance restraints between water and amino-acids often found to be 
 DEFINE>involved in water-mediated contacts *} 
 DEFINE>{===>} water_restraint_cutoff=5.0; 
 DEFINE> 
 DEFINE>{* force constant for restrainted solvating method *} 
 DEFINE>{===>} water_restraint_scale=25.0; 
 DEFINE> 
 DEFINE>{* fraction of water to keep *} 
 DEFINE>{* this is the fraction of all interface water after the initial rigid body docking that will be kept 
 DEFINE>(note that more waters might be removed if the interaction energy is unfavorable  *} 
 DEFINE>{===>} water_tokeep=0.50; 
 DEFINE> 
 DEFINE>{* fraction of water around DNA to keep *} 
 DEFINE>{* this is the fraction of interface water involving DNA phoshpates after the initial rigid body docking that will be kept 
 DEFINE>(note that more waters might be removed if the interaction energy is unfavorable  *} 
 DEFINE>{===>} dnap_water_tokeep=0.75; 
 DEFINE> 
 DEFINE>{* random fraction to be added to the fraction of water to keep *} 
 DEFINE>{===>} water_randfrac=0.0; 
 DEFINE> 
 DEFINE>{* water-protein surface-cutoff *} 
 DEFINE>{* waters further away than this cutoff distance from any component of the complex will be removed *} 
 DEFINE>{===>} water_surfcutoff=8.0; 
 DEFINE> 
 DEFINE>{* do some water analysis *} 
 DEFINE>{+ choice: true false +} 
 DEFINE>{===>} water_analysis=false; 
 DEFINE> 
 DEFINE>{* allows translation of water molecules during rigid-body docking, true or false: *} 
 DEFINE>{+ choice: true false +} 
 DEFINE>{===>} transwater=true; 
 DEFINE> 
 DEFINE>{* number of different initial solvation shells to generate *} 
 DEFINE>{===>} waterensemble=1; 
 DEFINE> 
 DEFINE> 
 DEFINE>{==================== final explicit solvent refinement  ==================} 
 DEFINE>{* Do you want to refine your docking models in explicit solvent? *} 
 DEFINE>{+ choice: "yes" "no" +} 
 DEFINE>{===>} firstwater="yes"; 
 DEFINE> 
 DEFINE>{* Build explicit solvent shell? (Can be turned off the large molecules or when morphing CG to AA models) *} 
 DEFINE>{* Only EM will then be performed                                                                         *} 
 DEFINE>{+ choice: true false +} 
 DEFINE>{===>} solvshell=true; 
 DEFINE> 
 DEFINE>{* Which solvent do you want to use? *} 
 DEFINE>{+ choice: "water" "dmso" +} 
 DEFINE>{===>} solvent="water"; 
 DEFINE> 
 DEFINE>{* number of structures for the explicit solvent refinement *} 
 DEFINE>{* the n best structures will be refined                    *} 
 DEFINE>{===>} waterrefine=200; 
 DEFINE>       structures_2=&waterrefine; 
 DEFINE> 
 DEFINE>{* number of steps for heating phase (100, 200, 300K)?      *} 
 DEFINE>{===>} waterheatsteps=100; 
 DEFINE> 
 DEFINE>{* number of steps for 300K sampling phase?                 *} 
 DEFINE>{===>} watersteps=1250; 
 DEFINE> 
 DEFINE>{* number of steps for cooling phase (300, 200, 100K)?      *} 
 DEFINE>{===>} watercoolsteps=500; 
 DEFINE> 
 DEFINE>{* write additional PDB files including solvent ?           *} 
 DEFINE>{+ choice: true false +} 
 DEFINE>{===>} keepwater=true; 
 DEFINE> 
 DEFINE>{================================ Scoring =================================} 
 DEFINE>{* Settings for the scoring of the docking solutions *} 
 DEFINE> 
 DEFINE>{* Define the weights for the various terms for the sorting of structures (scoring) *} 
 DEFINE>{+ table: rows=14 "Evdw" "Eelec" "Eair" "Erg" "Esani" "Exrdc" "Expcs" "Edani" "Evean" "Ecdih" "Esym" "BSA" "dEint" "Edesolv" 
 DEFINE>          cols=3 "Rigid body EM" "semi-flexible SA" "Water refinement" +} 
 DEFINE>{===>} w_vdw_0=1.00; 
 DEFINE>{===>} w_vdw_1=1.0; 
 DEFINE>{===>} w_vdw_2=1.0; 
 DEFINE>{===>} w_elec_0=1.0; 
 DEFINE>{===>} w_elec_1=1.0; 
 DEFINE>{===>} w_elec_2=0.1; 
 DEFINE>{===>} w_dist_0=0.01; 
 DEFINE>{===>} w_dist_1=0.1; 
 DEFINE>{===>} w_dist_2=0.1; 
 DEFINE>{===>} w_rg_0=0.1; 
 DEFINE>{===>} w_rg_1=1.0; 
 DEFINE>{===>} w_rg_2=1.0; 
 DEFINE>{===>} w_sani_0=0.1; 
 DEFINE>{===>} w_sani_1=0.1; 
 DEFINE>{===>} w_sani_2=0.1; 
 DEFINE>{===>} w_xrdc_0=0.1; 
 DEFINE>{===>} w_xrdc_1=0.1; 
 DEFINE>{===>} w_xrdc_2=0.1; 
 DEFINE>{===>} w_xpcs_0=0.1; 
 DEFINE>{===>} w_xpcs_1=0.1; 
 DEFINE>{===>} w_xpcs_2=0.1; 
 DEFINE>{===>} w_dani_0=0.01; 
 DEFINE>{===>} w_dani_1=0.1; 
 DEFINE>{===>} w_dani_2=0.1; 
 DEFINE>{===>} w_vean_0=0.1; 
 DEFINE>{===>} w_vean_1=0.1; 
 DEFINE>{===>} w_vean_2=0.1; 
 DEFINE>{===>} w_cdih_0=0.0; 
 DEFINE>{===>} w_cdih_1=0.0; 
 DEFINE>{===>} w_cdih_2=0.0; 
 DEFINE>{===>} w_sym_0=0.1; 
 DEFINE>{===>} w_sym_1=0.1; 
 DEFINE>{===>} w_sym_2=0.1; 
 DEFINE>{===>} w_zres_0=0.1; 
 DEFINE>{===>} w_zres_1=0.1; 
 DEFINE>{===>} w_zres_2=0.1; 
 DEFINE>{===>} w_bsa_0=-0.01; 
 DEFINE>{===>} w_bsa_1=-0.01; 
 DEFINE>{===>} w_bsa_2=0.0; 
 DEFINE>{===>} w_deint_0=0.0; 
 DEFINE>{===>} w_deint_1=0.0; 
 DEFINE>{===>} w_deint_2=0.0; 
 DEFINE>{===>} w_desolv_0=1.0; 
 DEFINE>{===>} w_desolv_1=1.0; 
 DEFINE>{===>} w_desolv_2=1.0; 
 DEFINE> 
 DEFINE>{* It is possible to skip structures in the selection of structure in it0 *} 
 DEFINE>{* Give for this the number of structures to skip: *} 
 DEFINE>{===>} skip_struc=0; 
 DEFINE> 
 DEFINE>{======================= analysis and clustering ==========================} 
 DEFINE>{* Cutoff distance (proton-acceptor) to define an hydrogen bond? *} 
 DEFINE>{===>} dist_hb=2.5; 
 DEFINE> 
 DEFINE>{* Cutoff distance (carbon-carbon) to define an hydrophobic contact? *} 
 DEFINE>{===>} dist_nb=3.9; 
 DEFINE> 
 DEFINE>{* Clustering method (RMSD or Fraction of Common Contacts (FCC)) *} 
 DEFINE>{+ choice: "RMSD" "FCC" +} 
 DEFINE>{===>} clust_meth="RMSD"; 
 DEFINE> 
 DEFINE>{* RMSD cutoff for clustering? (Recommended values: RMSD 7.5, FCC 0.75) *} 
 DEFINE>{===>} clust_cutoff=1.50; 
 DEFINE> 
 DEFINE>{* Minimum cluster size? *} 
 DEFINE>{===>} clust_size=4; 
 DEFINE> 
 DEFINE>{* Chain-Agnostic Algorithm (used for FCC clustering in symmetrical complexes) *} 
 DEFINE>{+ choice: "true" "false" +} 
 DEFINE>{===>} fcc_ignc=false; 
 DEFINE> 
 DEFINE>{* Full or limited analysis of results? *} 
 DEFINE>{+ choice: "full" "cluster" "none" +} 
 DEFINE>{===>} runana=cluster; 
 DEFINE> 
 DEFINE> 
 DEFINE>{======================= final clean-up ===================================} 
 DEFINE>{* Clean up the run directory after completion (only files for struct #1 are kept) ? *} 
 DEFINE>{+ choice: true false +} 
 DEFINE>{===>} cleanup=true; 
 DEFINE> 
 DEFINE>{============================ parallel jobs ===============================} 
 DEFINE>{* How many nodes do you want to use in parallel? *} 
 DEFINE>{* leave unused fields blank, make sure that the queues are actually running *} 
 DEFINE>{+ table: rows=10 "1" "2" "3" "4" "5" "6" "7" "8" "9" "10" 
 DEFINE> cols=3 "queue command" "cns executable" "number of jobs" +} 
 DEFINE> 
 DEFINE>{===>} queue_1="/trinity/rascar/enmr/software/haddock2.5/batch_tools/diracsubmit-haddock2.5"; 
 DEFINE>{===>} cns_exe_1="/trinity/rascar/enmr/software/cns/cns_solve_1.31-UU/intel-x86_64bit-linux/bin/cns"; 
 DEFINE>{===>} cpunumber_1=100; 
 DEFINE> 
 DEFINE> 
 DEFINE>{===========================================================================} 
 DEFINE>{        things below this line do not normally need to be changed          } 
 DEFINE>{===========================================================================} 
 DEFINE> 
 DEFINE>) {- end block parameter definition -} 
 CNSsolve> 
 CNSsolve>!for global parameters (local variables (suffix ) => global variables): 
 CNSsolve>evaluate (&saprotocol.crossdock=&crossdock) 
 EVALUATE: symbol $_1_SAPROTOCOL.CROSSDOCK set to TRUE (logical)
 CNSsolve>evaluate (&saprotocol.randorien=&randorien) 
 EVALUATE: symbol $_1_SAPROTOCOL.RANDORIEN set to TRUE (logical)
 CNSsolve>evaluate (&saprotocol.rebuildcplx=&rebuildcplx) 
 EVALUATE: symbol $_1_SAPROTOCOL.REBUILDCPLX set to FALSE (logical)
 CNSsolve>evaluate (&saprotocol.rigidmini=&rigidmini) 
 EVALUATE: symbol $_1_SAPROTOCOL.RIGIDMINI set to TRUE (logical)
 CNSsolve>evaluate (&saprotocol.rigidtrans=&rigidtrans) 
 EVALUATE: symbol $_1_SAPROTOCOL.RIGIDTRANS set to TRUE (logical)
 CNSsolve>evaluate (&saprotocol.expand=&expand) 
 EVALUATE: symbol $_1_SAPROTOCOL.EXPAND set to FALSE (logical)
 CNSsolve>evaluate (&saprotocol.expansion=&expansion) 
 EVALUATE: symbol $_1_SAPROTOCOL.EXPANSION set to   0.400000     (real)
 CNSsolve>evaluate (&saprotocol.randangle=&randangle) 
 EVALUATE: symbol $_1_SAPROTOCOL.RANDANGLE set to    6.00000     (real)
 CNSsolve> 
 CNSsolve>if (&saprotocol.expand eq true) then 
 NEXTCD: condition evaluated as false
 CNSsolve>  evaluate (&saprotocol.randorien=false) 
 CNSsolve>  evaluate (&saprotocol.rigidmini=false) 
 CNSsolve>end if 
 CNSsolve>evaluate (&saprotocol.ntrials=&ntrials) 
 EVALUATE: symbol $_1_SAPROTOCOL.NTRIALS set to    5.00000     (real)
 CNSsolve>evaluate (&saprotocol.iniseed=&iniseed) 
 EVALUATE: symbol $_1_SAPROTOCOL.INISEED set to    917.000     (real)
 CNSsolve>evaluate (&saprotocol.tadhigh_t=&tadhigh_t) 
 EVALUATE: symbol $_1_SAPROTOCOL.TADHIGH_T set to    2000.00     (real)
 CNSsolve>evaluate (&saprotocol.t1_init=&tadinit1_t) 
 EVALUATE: symbol $_1_SAPROTOCOL.T1_INIT set to    2000.00     (real)
 CNSsolve>evaluate (&saprotocol.t2_init=&tadinit2_t) 
 EVALUATE: symbol $_1_SAPROTOCOL.T2_INIT set to    500.000     (real)
 CNSsolve>evaluate (&saprotocol.t3_init=&tadinit3_t) 
 EVALUATE: symbol $_1_SAPROTOCOL.T3_INIT set to    300.000     (real)
 CNSsolve>evaluate (&saprotocol.t1_final=&tadfinal1_t) 
 EVALUATE: symbol $_1_SAPROTOCOL.T1_FINAL set to    500.000     (real)
 CNSsolve>evaluate (&saprotocol.t2_final=&tadfinal2_t) 
 EVALUATE: symbol $_1_SAPROTOCOL.T2_FINAL set to    50.0000     (real)
 CNSsolve>evaluate (&saprotocol.t3_final=&tadfinal3_t) 
 EVALUATE: symbol $_1_SAPROTOCOL.T3_FINAL set to    50.0000     (real)
 CNSsolve>evaluate (&saprotocol.inter_rigid=&inter_rigid) 
 EVALUATE: symbol $_1_SAPROTOCOL.INTER_RIGID set to    1.00000     (real)
 CNSsolve>evaluate (&saprotocol.inter_init_rigid=&init_rigid) 
 EVALUATE: symbol $_1_SAPROTOCOL.INTER_INIT_RIGID set to   0.100000E-02 (real)
 CNSsolve>evaluate (&saprotocol.inter_fin_rigid=&fin_rigid) 
 EVALUATE: symbol $_1_SAPROTOCOL.INTER_FIN_RIGID set to   0.100000E-02 (real)
 CNSsolve>evaluate (&saprotocol.inter_init_cool2=&init_cool2) 
 EVALUATE: symbol $_1_SAPROTOCOL.INTER_INIT_COOL2 set to   0.100000E-02 (real)
 CNSsolve>evaluate (&saprotocol.inter_fin_cool2=&fin_cool2) 
 EVALUATE: symbol $_1_SAPROTOCOL.INTER_FIN_COOL2 set to    1.00000     (real)
 CNSsolve>evaluate (&saprotocol.inter_init_cool3=&init_cool3) 
 EVALUATE: symbol $_1_SAPROTOCOL.INTER_INIT_COOL3 set to   0.500000E-01 (real)
 CNSsolve>evaluate (&saprotocol.inter_fin_cool3=&fin_cool3) 
 EVALUATE: symbol $_1_SAPROTOCOL.INTER_FIN_COOL3 set to    1.00000     (real)
 CNSsolve>evaluate (&saprotocol.rotate180_it0=&rotate180_it0) 
 EVALUATE: symbol $_1_SAPROTOCOL.ROTATE180_IT0 set to TRUE (logical)
 CNSsolve>evaluate (&saprotocol.rotate180_it1=&rotate180_it1) 
 EVALUATE: symbol $_1_SAPROTOCOL.ROTATE180_IT1 set to FALSE (logical)
 CNSsolve>evaluate (&saprotocol.tempstep=50) 
 EVALUATE: symbol $_1_SAPROTOCOL.TEMPSTEP set to    50.0000     (real)
 CNSsolve>evaluate (&saprotocol.timestep=&timestep) 
 EVALUATE: symbol $_1_SAPROTOCOL.TIMESTEP set to   0.200000E-02 (real)
 CNSsolve>evaluate (&saprotocol.tadfactor=&tadfactor) 
 EVALUATE: symbol $_1_SAPROTOCOL.TADFACTOR set to    8.00000     (real)
 CNSsolve>evaluate (&saprotocol.emstepstrans=&emstepstrans) 
 EVALUATE: symbol $_1_SAPROTOCOL.EMSTEPSTRANS set to    1000.00     (real)
 CNSsolve>evaluate (&saprotocol.initiosteps=&initiosteps) 
 EVALUATE: symbol $_1_SAPROTOCOL.INITIOSTEPS set to    0.00000     (real)
 CNSsolve>evaluate (&saprotocol.cool1_steps=&cool1_steps) 
 EVALUATE: symbol $_1_SAPROTOCOL.COOL1_STEPS set to    0.00000     (real)
 CNSsolve>evaluate (&saprotocol.cool2_steps=&cool2_steps) 
 EVALUATE: symbol $_1_SAPROTOCOL.COOL2_STEPS set to    1000.00     (real)
 CNSsolve>evaluate (&saprotocol.cool3_steps=&cool3_steps) 
 EVALUATE: symbol $_1_SAPROTOCOL.COOL3_STEPS set to    1000.00     (real)
 CNSsolve>evaluate (&saprotocol.fbeta=100) 
 EVALUATE: symbol $_1_SAPROTOCOL.FBETA set to    100.000     (real)
 CNSsolve>evaluate (&saprotocol.mass=100) 
 EVALUATE: symbol $_1_SAPROTOCOL.MASS set to    100.000     (real)
 CNSsolve> 
 CNSsolve>evaluate (&filenames.fileroot=&fileroot) 
 EVALUATE: symbol $_1_FILENAMES.FILEROOT set to "complex" (string)
 CNSsolve>evaluate (&filenames.template=&fileroot + "_1.pdb") 
 EVALUATE: symbol $_1_FILENAMES.TEMPLATE set to "complex_1.pdb" (string)
 CNSsolve> 
 CNSsolve>evaluate (&iterations.ini_count    =1) 
 EVALUATE: symbol $_1_ITERATIONS.INI_COUNT set to    1.00000     (real)
 CNSsolve>evaluate (&iterations.structures   =&structures_$iteration) 
 EVALUATE: symbol $_1_ITERATIONS.STRUCTURES set to    200.000     (real)
 CNSsolve>evaluate (&iterations.keepstruct   =&keepstruct_$iteration) 
 EVALUATE: symbol $_1_ITERATIONS.KEEPSTRUCT set to    200.000     (real)
 CNSsolve>evaluate (&iterations.w_vdw        =&w_vdw_$iteration) 
 EVALUATE: symbol $_1_ITERATIONS.W_VDW set to    1.00000     (real)
 CNSsolve>evaluate (&iterations.w_elec       =&w_elec_$iteration) 
 EVALUATE: symbol $_1_ITERATIONS.W_ELEC set to   0.100000     (real)
 CNSsolve>evaluate (&iterations.w_dist       =&w_dist_$iteration) 
 EVALUATE: symbol $_1_ITERATIONS.W_DIST set to   0.100000     (real)
 CNSsolve>evaluate (&iterations.w_rg         =&w_rg_$iteration) 
 EVALUATE: symbol $_1_ITERATIONS.W_RG set to    1.00000     (real)
 CNSsolve>evaluate (&iterations.w_sani       =&w_sani_$iteration) 
 EVALUATE: symbol $_1_ITERATIONS.W_SANI set to   0.100000     (real)
 CNSsolve>evaluate (&iterations.w_xrdc       =&w_xrdc_$iteration) 
 EVALUATE: symbol $_1_ITERATIONS.W_XRDC set to   0.100000     (real)
 CNSsolve>evaluate (&iterations.w_xpcs       =&w_xpcs_$iteration) 
 EVALUATE: symbol $_1_ITERATIONS.W_XPCS set to   0.100000     (real)
 CNSsolve>evaluate (&iterations.w_dani       =&w_dani_$iteration) 
 EVALUATE: symbol $_1_ITERATIONS.W_DANI set to   0.100000     (real)
 CNSsolve>evaluate (&iterations.w_vean       =&w_vean_$iteration) 
 EVALUATE: symbol $_1_ITERATIONS.W_VEAN set to   0.100000     (real)
 CNSsolve>evaluate (&iterations.w_cdih       =&w_cdih_$iteration) 
 EVALUATE: symbol $_1_ITERATIONS.W_CDIH set to    0.00000     (real)
 CNSsolve>evaluate (&iterations.w_sym        =&w_sym_$iteration) 
 EVALUATE: symbol $_1_ITERATIONS.W_SYM set to   0.100000     (real)
 CNSsolve>evaluate (&iterations.w_zres       =&w_zres_$iteration) 
 EVALUATE: symbol $_1_ITERATIONS.W_ZRES set to   0.100000     (real)
 CNSsolve>evaluate (&iterations.w_bsa        =&w_bsa_$iteration) 
 EVALUATE: symbol $_1_ITERATIONS.W_BSA set to    0.00000     (real)
 CNSsolve>evaluate (&iterations.w_deint      =&w_deint_$iteration) 
 EVALUATE: symbol $_1_ITERATIONS.W_DEINT set to    0.00000     (real)
 CNSsolve>evaluate (&iterations.w_desolv     =&w_desolv_$iteration) 
 EVALUATE: symbol $_1_ITERATIONS.W_DESOLV set to    1.00000     (real)
 CNSsolve>evaluate (&iterations.anastruc     =&anastruc_$iteration) 
 EVALUATE: symbol $_1_ITERATIONS.ANASTRUC set to    200.000     (real)
 CNSsolve>evaluate (&iterations.w_lcc        = &w_lcc_$iteration) 
 EVALUATE: symbol $_1_ITERATIONS.W_LCC set to   -10000.0     (real)
 CNSsolve> 
 CNSsolve> 
 CNSsolve>evaluate (&data.ncomponents=&ncomponents) 
 EVALUATE: symbol $_1_DATA.NCOMPONENTS set to    2.00000     (real)
 CNSsolve> 
 CNSsolve>evaluate ($nmol=1) 
 EVALUATE: symbol $NMOL set to    1.00000     (real)
 CNSsolve>while ($nmol <= &data.ncomponents) loop mol 
 NEXTCD: condition evaluated as true
 CNSsolve> 
 CNSsolve>  !aa topology, linkage and parameters files 
 CNSsolve>  evaluate (&toppar.prot_top_$nmol=&prot_top_mol$nmol ) 
 EVALUATE: symbol $_1_TOPPAR.PROT_TOP_1 set to "protein-allhdg5-4.top" (string)
 CNSsolve>  evaluate (&toppar.prot_link_$nmol=&prot_link_mol$nmol ) 
 EVALUATE: symbol $_1_TOPPAR.PROT_LINK_1 set to "protein-allhdg5-4-noter.link" (string)
 CNSsolve>  evaluate (&toppar.prot_par_$nmol=&prot_par_mol$nmol ) 
 EVALUATE: symbol $_1_TOPPAR.PROT_PAR_1 set to "protein-allhdg5-4.param" (string)
 CNSsolve> 
 CNSsolve>  !coarse grained topology, linkage and parameters files 
 CNSsolve>  evaluate (&toppar.prot_cg_top_$nmol=&prot_cg_top_mol$nmol ) 
 EVALUATE: symbol $_1_TOPPAR.PROT_CG_TOP_1 set to "protein-CG-Martini-2-2.top" (string)
 CNSsolve>  evaluate (&toppar.prot_cg_link_$nmol=&prot_cg_link_mol$nmol ) 
 EVALUATE: symbol $_1_TOPPAR.PROT_CG_LINK_1 set to "protein-CG-Martini-2-2.link" (string)
 CNSsolve>  evaluate (&toppar.prot_cg_par_$nmol=&prot_cg_par_mol$nmol ) 
 EVALUATE: symbol $_1_TOPPAR.PROT_CG_PAR_1 set to "protein-CG-Martini-2-2.param" (string)
 CNSsolve> 
 CNSsolve>  !molecule related (coordinate files, rootname, fix, type, coarse grained, segid) 
 CNSsolve>  evaluate (&toppar.prot_coor_$nmol=&prot_coor_mol$nmol) 
 EVALUATE: symbol $_1_TOPPAR.PROT_COOR_1 set to "protein1.pdb" (string)
 CNSsolve>  evaluate (&toppar.prot_root_$nmol=&prot_root_mol$nmol) 
 EVALUATE: symbol $_1_TOPPAR.PROT_ROOT_1 set to "protein1" (string)
 CNSsolve>  evaluate (&toppar.fix_origin_$nmol=&fix_origin_mol$nmol) 
 EVALUATE: symbol $_1_TOPPAR.FIX_ORIGIN_1 set to FALSE (logical)
 CNSsolve>  evaluate (&toppar.dna_$nmol=&dna_mol$nmol) 
 EVALUATE: symbol $_1_TOPPAR.DNA_1 set to FALSE (logical)
 CNSsolve>  evaluate (&toppar.cyclicpept_$nmol=&cyclicpept_mol$nmol) 
 EVALUATE: symbol $_1_TOPPAR.CYCLICPEPT_1 set to FALSE (logical)
 CNSsolve>  evaluate (&toppar.shape_$nmol=&shape_mol$nmol) 
 EVALUATE: symbol $_1_TOPPAR.SHAPE_1 set to FALSE (logical)
 CNSsolve>  evaluate (&toppar.cg_$nmol=&cg_mol$nmol) 
 EVALUATE: symbol $_1_TOPPAR.CG_1 set to FALSE (logical)
 CNSsolve>  evaluate (&toppar.prot_segid_$nmol=&prot_segid_mol$nmol) 
 EVALUATE: symbol $_1_TOPPAR.PROT_SEGID_1 set to "A" (string)
 CNSsolve> 
 CNSsolve>  !semi flexible segments 
 CNSsolve>  evaluate (&toppar.nseg_$nmol=&nseg_$nmol) 
 EVALUATE: symbol $_1_TOPPAR.NSEG_1 set to   -1.00000     (real)
 CNSsolve>  evaluate ($nseg = 1) 
 EVALUATE: symbol $NSEG set to    1.00000     (real)
 CNSsolve>  while ($nseg <= &toppar.nseg_$nmol) loop seg 
 NEXTCD: condition evaluated as false
 CNSsolve>    evaluate (&toppar.start_seg_$nmol_$nseg=&start_seg_$nmol_$nseg) 
 CNSsolve>    evaluate (&toppar.end_seg_$nmol_$nseg=&end_seg_$nmol_$nseg) 
 CNSsolve>    evaluate ($nseg = $nseg + 1) 
 CNSsolve>  end loop seg 
 CNSsolve> 
 CNSsolve>  !fully flexible segments 
 CNSsolve>  evaluate (&toppar.nfle_$nmol=&nfle_$nmol) 
 EVALUATE: symbol $_1_TOPPAR.NFLE_1 set to    0.00000     (real)
 CNSsolve>  evaluate ($nfle = 1) 
 EVALUATE: symbol $NFLE set to    1.00000     (real)
 CNSsolve>  while ($nfle <= &toppar.nfle_$nmol) loop fle 
 NEXTCD: condition evaluated as false
 CNSsolve>    evaluate (&toppar.start_fle_$nmol_$nfle=&start_fle_$nmol_$nfle) 
 CNSsolve>    evaluate (&toppar.end_fle_$nmol_$nfle=&end_fle_$nmol_$nfle) 
 CNSsolve>    evaluate ($nfle = $nfle + 1) 
 CNSsolve>  end loop fle 
 CNSsolve> 
 CNSsolve>  !histidine patches 
 CNSsolve>  evaluate (&toppar.autohis=&autohis) 
 EVALUATE: symbol $_1_TOPPAR.AUTOHIS set to FALSE (logical)
 CNSsolve>  evaluate (&toppar.nhisd_$nmol=&numhisd_$nmol) 
 EVALUATE: symbol $_1_TOPPAR.NHISD_1 set to    0.00000     (real)
 CNSsolve>  evaluate ($ncc=1) 
 EVALUATE: symbol $NCC set to    1.00000     (real)
 CNSsolve>  while ($ncc <= &toppar.nhisd_$nmol) loop hisd 
 NEXTCD: condition evaluated as false
 CNSsolve>    evaluate (&toppar.hisd_resid_$nmol_$ncc=&hisd_$nmol_$ncc) 
 CNSsolve>    evaluate ($ncc = $ncc + 1) 
 CNSsolve>  end loop hisd 
 CNSsolve> 
 CNSsolve>  evaluate (&toppar.nhise_$nmol=&numhise_$nmol) 
 EVALUATE: symbol $_1_TOPPAR.NHISE_1 set to    0.00000     (real)
 CNSsolve>  evaluate ($ncc=1) 
 EVALUATE: symbol $NCC set to    1.00000     (real)
 CNSsolve>  while ($ncc <= &toppar.nhise_$nmol) loop hisd 
 NEXTCD: condition evaluated as false
 CNSsolve>    evaluate (&toppar.hise_resid_$nmol_$ncc=&hise_$nmol_$ncc) 
 CNSsolve>    evaluate ($ncc = $ncc + 1) 
 CNSsolve>  end loop hisd 
 CNSsolve> 
 CNSsolve>  evaluate ($nmol = $nmol + 1) 
 EVALUATE: symbol $NMOL set to    2.00000     (real)
 CNSsolve> 
 CNSsolve>end loop mol 
 CNSsolve>while ($nmol <= &data.ncomponents) loop mol 
 NEXTCD: condition evaluated as true
 CNSsolve> 
 CNSsolve>  !aa topology, linkage and parameters files 
 CNSsolve>  evaluate (&toppar.prot_top_$nmol=&prot_top_mol$nmol ) 
 EVALUATE: symbol $_1_TOPPAR.PROT_TOP_2 set to "dna-rna-allatom-hj-opls-1.3.top" (string)
 CNSsolve>  evaluate (&toppar.prot_link_$nmol=&prot_link_mol$nmol ) 
 EVALUATE: symbol $_1_TOPPAR.PROT_LINK_2 set to "dna-rna-1.3.link" (string)
 CNSsolve>  evaluate (&toppar.prot_par_$nmol=&prot_par_mol$nmol ) 
 EVALUATE: symbol $_1_TOPPAR.PROT_PAR_2 set to "dna-rna-allatom-hj-opls-1.3.param" (string)
 CNSsolve> 
 CNSsolve>  !coarse grained topology, linkage and parameters files 
 CNSsolve>  evaluate (&toppar.prot_cg_top_$nmol=&prot_cg_top_mol$nmol ) 
 EVALUATE: symbol $_1_TOPPAR.PROT_CG_TOP_2 set to "protein-CG-Martini-2-2.top" (string)
 CNSsolve>  evaluate (&toppar.prot_cg_link_$nmol=&prot_cg_link_mol$nmol ) 
 EVALUATE: symbol $_1_TOPPAR.PROT_CG_LINK_2 set to "protein-CG-Martini-2-2.link" (string)
 CNSsolve>  evaluate (&toppar.prot_cg_par_$nmol=&prot_cg_par_mol$nmol ) 
 EVALUATE: symbol $_1_TOPPAR.PROT_CG_PAR_2 set to "protein-CG-Martini-2-2.param" (string)
 CNSsolve> 
 CNSsolve>  !molecule related (coordinate files, rootname, fix, type, coarse grained, segid) 
 CNSsolve>  evaluate (&toppar.prot_coor_$nmol=&prot_coor_mol$nmol) 
 EVALUATE: symbol $_1_TOPPAR.PROT_COOR_2 set to "protein2.pdb" (string)
 CNSsolve>  evaluate (&toppar.prot_root_$nmol=&prot_root_mol$nmol) 
 EVALUATE: symbol $_1_TOPPAR.PROT_ROOT_2 set to "protein2" (string)
 CNSsolve>  evaluate (&toppar.fix_origin_$nmol=&fix_origin_mol$nmol) 
 EVALUATE: symbol $_1_TOPPAR.FIX_ORIGIN_2 set to FALSE (logical)
 CNSsolve>  evaluate (&toppar.dna_$nmol=&dna_mol$nmol) 
 EVALUATE: symbol $_1_TOPPAR.DNA_2 set to TRUE (logical)
 CNSsolve>  evaluate (&toppar.cyclicpept_$nmol=&cyclicpept_mol$nmol) 
 EVALUATE: symbol $_1_TOPPAR.CYCLICPEPT_2 set to FALSE (logical)
 CNSsolve>  evaluate (&toppar.shape_$nmol=&shape_mol$nmol) 
 EVALUATE: symbol $_1_TOPPAR.SHAPE_2 set to FALSE (logical)
 CNSsolve>  evaluate (&toppar.cg_$nmol=&cg_mol$nmol) 
 EVALUATE: symbol $_1_TOPPAR.CG_2 set to FALSE (logical)
 CNSsolve>  evaluate (&toppar.prot_segid_$nmol=&prot_segid_mol$nmol) 
 EVALUATE: symbol $_1_TOPPAR.PROT_SEGID_2 set to "B" (string)
 CNSsolve> 
 CNSsolve>  !semi flexible segments 
 CNSsolve>  evaluate (&toppar.nseg_$nmol=&nseg_$nmol) 
 EVALUATE: symbol $_1_TOPPAR.NSEG_2 set to   -1.00000     (real)
 CNSsolve>  evaluate ($nseg = 1) 
 EVALUATE: symbol $NSEG set to    1.00000     (real)
 CNSsolve>  while ($nseg <= &toppar.nseg_$nmol) loop seg 
 NEXTCD: condition evaluated as false
 CNSsolve>    evaluate (&toppar.start_seg_$nmol_$nseg=&start_seg_$nmol_$nseg) 
 CNSsolve>    evaluate (&toppar.end_seg_$nmol_$nseg=&end_seg_$nmol_$nseg) 
 CNSsolve>    evaluate ($nseg = $nseg + 1) 
 CNSsolve>  end loop seg 
 CNSsolve> 
 CNSsolve>  !fully flexible segments 
 CNSsolve>  evaluate (&toppar.nfle_$nmol=&nfle_$nmol) 
 EVALUATE: symbol $_1_TOPPAR.NFLE_2 set to    0.00000     (real)
 CNSsolve>  evaluate ($nfle = 1) 
 EVALUATE: symbol $NFLE set to    1.00000     (real)
 CNSsolve>  while ($nfle <= &toppar.nfle_$nmol) loop fle 
 NEXTCD: condition evaluated as false
 CNSsolve>    evaluate (&toppar.start_fle_$nmol_$nfle=&start_fle_$nmol_$nfle) 
 CNSsolve>    evaluate (&toppar.end_fle_$nmol_$nfle=&end_fle_$nmol_$nfle) 
 CNSsolve>    evaluate ($nfle = $nfle + 1) 
 CNSsolve>  end loop fle 
 CNSsolve> 
 CNSsolve>  !histidine patches 
 CNSsolve>  evaluate (&toppar.autohis=&autohis) 
 EVALUATE: symbol $_1_TOPPAR.AUTOHIS set to FALSE (logical)
 CNSsolve>  evaluate (&toppar.nhisd_$nmol=&numhisd_$nmol) 
 EVALUATE: symbol $_1_TOPPAR.NHISD_2 set to    0.00000     (real)
 CNSsolve>  evaluate ($ncc=1) 
 EVALUATE: symbol $NCC set to    1.00000     (real)
 CNSsolve>  while ($ncc <= &toppar.nhisd_$nmol) loop hisd 
 NEXTCD: condition evaluated as false
 CNSsolve>    evaluate (&toppar.hisd_resid_$nmol_$ncc=&hisd_$nmol_$ncc) 
 CNSsolve>    evaluate ($ncc = $ncc + 1) 
 CNSsolve>  end loop hisd 
 CNSsolve> 
 CNSsolve>  evaluate (&toppar.nhise_$nmol=&numhise_$nmol) 
 EVALUATE: symbol $_1_TOPPAR.NHISE_2 set to    0.00000     (real)
 CNSsolve>  evaluate ($ncc=1) 
 EVALUATE: symbol $NCC set to    1.00000     (real)
 CNSsolve>  while ($ncc <= &toppar.nhise_$nmol) loop hisd 
 NEXTCD: condition evaluated as false
 CNSsolve>    evaluate (&toppar.hise_resid_$nmol_$ncc=&hise_$nmol_$ncc) 
 CNSsolve>    evaluate ($ncc = $ncc + 1) 
 CNSsolve>  end loop hisd 
 CNSsolve> 
 CNSsolve>  evaluate ($nmol = $nmol + 1) 
 EVALUATE: symbol $NMOL set to    3.00000     (real)
 CNSsolve> 
 CNSsolve>end loop mol 
 CNSsolve>while ($nmol <= &data.ncomponents) loop mol 
 NEXTCD: condition evaluated as false
 CNSsolve> 
 CNSsolve>  !aa topology, linkage and parameters files 
 CNSsolve>  evaluate (&toppar.prot_top_$nmol=&prot_top_mol$nmol ) 
 CNSsolve>  evaluate (&toppar.prot_link_$nmol=&prot_link_mol$nmol ) 
 CNSsolve>  evaluate (&toppar.prot_par_$nmol=&prot_par_mol$nmol ) 
 CNSsolve> 
 CNSsolve>  !coarse grained topology, linkage and parameters files 
 CNSsolve>  evaluate (&toppar.prot_cg_top_$nmol=&prot_cg_top_mol$nmol ) 
 CNSsolve>  evaluate (&toppar.prot_cg_link_$nmol=&prot_cg_link_mol$nmol ) 
 CNSsolve>  evaluate (&toppar.prot_cg_par_$nmol=&prot_cg_par_mol$nmol ) 
 CNSsolve> 
 CNSsolve>  !molecule related (coordinate files, rootname, fix, type, coarse grained, segid) 
 CNSsolve>  evaluate (&toppar.prot_coor_$nmol=&prot_coor_mol$nmol) 
 CNSsolve>  evaluate (&toppar.prot_root_$nmol=&prot_root_mol$nmol) 
 CNSsolve>  evaluate (&toppar.fix_origin_$nmol=&fix_origin_mol$nmol) 
 CNSsolve>  evaluate (&toppar.dna_$nmol=&dna_mol$nmol) 
 CNSsolve>  evaluate (&toppar.cyclicpept_$nmol=&cyclicpept_mol$nmol) 
 CNSsolve>  evaluate (&toppar.shape_$nmol=&shape_mol$nmol) 
 CNSsolve>  evaluate (&toppar.cg_$nmol=&cg_mol$nmol) 
 CNSsolve>  evaluate (&toppar.prot_segid_$nmol=&prot_segid_mol$nmol) 
 CNSsolve> 
 CNSsolve>  !semi flexible segments 
 CNSsolve>  evaluate (&toppar.nseg_$nmol=&nseg_$nmol) 
 CNSsolve>  evaluate ($nseg = 1) 
 CNSsolve>  while ($nseg <= &toppar.nseg_$nmol) loop seg 
 CNSsolve>    evaluate (&toppar.start_seg_$nmol_$nseg=&start_seg_$nmol_$nseg) 
 CNSsolve>    evaluate (&toppar.end_seg_$nmol_$nseg=&end_seg_$nmol_$nseg) 
 CNSsolve>    evaluate ($nseg = $nseg + 1) 
 CNSsolve>  end loop seg 
 CNSsolve> 
 CNSsolve>  !fully flexible segments 
 CNSsolve>  evaluate (&toppar.nfle_$nmol=&nfle_$nmol) 
 CNSsolve>  evaluate ($nfle = 1) 
 CNSsolve>  while ($nfle <= &toppar.nfle_$nmol) loop fle 
 CNSsolve>    evaluate (&toppar.start_fle_$nmol_$nfle=&start_fle_$nmol_$nfle) 
 CNSsolve>    evaluate (&toppar.end_fle_$nmol_$nfle=&end_fle_$nmol_$nfle) 
 CNSsolve>    evaluate ($nfle = $nfle + 1) 
 CNSsolve>  end loop fle 
 CNSsolve> 
 CNSsolve>  !histidine patches 
 CNSsolve>  evaluate (&toppar.autohis=&autohis) 
 CNSsolve>  evaluate (&toppar.nhisd_$nmol=&numhisd_$nmol) 
 CNSsolve>  evaluate ($ncc=1) 
 CNSsolve>  while ($ncc <= &toppar.nhisd_$nmol) loop hisd 
 CNSsolve>    evaluate (&toppar.hisd_resid_$nmol_$ncc=&hisd_$nmol_$ncc) 
 CNSsolve>    evaluate ($ncc = $ncc + 1) 
 CNSsolve>  end loop hisd 
 CNSsolve> 
 CNSsolve>  evaluate (&toppar.nhise_$nmol=&numhise_$nmol) 
 CNSsolve>  evaluate ($ncc=1) 
 CNSsolve>  while ($ncc <= &toppar.nhise_$nmol) loop hisd 
 CNSsolve>    evaluate (&toppar.hise_resid_$nmol_$ncc=&hise_$nmol_$ncc) 
 CNSsolve>    evaluate ($ncc = $ncc + 1) 
 CNSsolve>  end loop hisd 
 CNSsolve> 
 CNSsolve>  evaluate ($nmol = $nmol + 1) 
 CNSsolve> 
 CNSsolve>end loop mol 
 CNSsolve> 
 CNSsolve>! non-bonded parameter set to use 
 CNSsolve>evaluate (&toppar.par_nonbonded=&par_nonbonded) 
 EVALUATE: symbol $_1_TOPPAR.PAR_NONBONDED set to "OPLSX" (string)
 CNSsolve> 
 CNSsolve>! z-restraining 
 CNSsolve>evaluate (&Data.flags.zres =  &zres_on) 
 EVALUATE: symbol $_1_DATA.FLAGS.ZRES set to FALSE (logical)
 CNSsolve>evaluate (&data.numzres=&numzres) 
 EVALUATE: symbol $_1_DATA.NUMZRES set to    0.00000     (real)
 CNSsolve>evaluate ($ncc=1) 
 EVALUATE: symbol $NCC set to    1.00000     (real)
 CNSsolve>while ($ncc <= &numzres) loop zres 
 NEXTCD: condition evaluated as false
 CNSsolve>  evaluate (&toppar.zres_sta_$ncc=&zres_sta_$ncc) 
 CNSsolve>  evaluate (&toppar.zres_end_$ncc=&zres_end_$ncc) 
 CNSsolve>  evaluate (&toppar.zres_seg_$ncc=&zres_seg_$ncc) 
 CNSsolve>  evaluate (&toppar.zres_type_$ncc=&zres_type_$ncc) 
 CNSsolve>  evaluate ($ncc = $ncc + 1) 
 CNSsolve>end loop zres 
 CNSsolve> 
 CNSsolve>! NCS restraints 
 CNSsolve>evaluate (&data.kncs=&kncs) 
 Assuming literal string "&KNCS"
 EVALUATE: symbol $_1_DATA.KNCS set to "&KNCS" (string)
 CNSsolve>evaluate (&Data.flags.ncs  =  &ncs_on) 
 EVALUATE: symbol $_1_DATA.FLAGS.NCS set to FALSE (logical)
 CNSsolve>evaluate (&data.numncs=&numncs) 
 EVALUATE: symbol $_1_DATA.NUMNCS set to    0.00000     (real)
 CNSsolve>evaluate ($ncc=1) 
 EVALUATE: symbol $NCC set to    1.00000     (real)
 CNSsolve>while ($ncc <= &numncs) loop ncs 
 NEXTCD: condition evaluated as false
 CNSsolve>  evaluate (&toppar.ncs_sta1_$ncc=&ncs_sta1_$ncc) 
 CNSsolve>  evaluate (&toppar.ncs_end1_$ncc=&ncs_end1_$ncc) 
 CNSsolve>  evaluate (&toppar.ncs_seg1_$ncc=&ncs_seg1_$ncc) 
 CNSsolve>  evaluate (&toppar.ncs_sta2_$ncc=&ncs_sta2_$ncc) 
 CNSsolve>  evaluate (&toppar.ncs_end2_$ncc=&ncs_end2_$ncc) 
 CNSsolve>  evaluate (&toppar.ncs_seg2_$ncc=&ncs_seg2_$ncc) 
 CNSsolve>  evaluate ($ncc = $ncc + 1) 
 CNSsolve>end loop ncs 
 CNSsolve> 
 CNSsolve>! Symmetry restraints 
 CNSsolve>evaluate (&data.ksym=&ksym) 
 EVALUATE: symbol $_1_DATA.KSYM set to    10.0000     (real)
 CNSsolve>evaluate (&Data.flags.sym  =  &sym_on) 
 EVALUATE: symbol $_1_DATA.FLAGS.SYM set to FALSE (logical)
 CNSsolve>evaluate (&data.numc2sym=&numc2sym) 
 EVALUATE: symbol $_1_DATA.NUMC2SYM set to    0.00000     (real)
 CNSsolve>evaluate ($nsym=1) 
 EVALUATE: symbol $NSYM set to    1.00000     (real)
 CNSsolve>while ($nsym <= &numc2sym) loop sym 
 NEXTCD: condition evaluated as false
 CNSsolve>  evaluate (&toppar.c2sym_sta1_$nsym=&c2sym_sta1_$nsym) 
 CNSsolve>  evaluate (&toppar.c2sym_end1_$nsym=&c2sym_end1_$nsym) 
 CNSsolve>  evaluate (&toppar.c2sym_seg1_$nsym=&c2sym_seg1_$nsym) 
 CNSsolve>  evaluate (&toppar.c2sym_sta2_$nsym=&c2sym_sta2_$nsym) 
 CNSsolve>  evaluate (&toppar.c2sym_end2_$nsym=&c2sym_end2_$nsym) 
 CNSsolve>  evaluate (&toppar.c2sym_seg2_$nsym=&c2sym_seg2_$nsym) 
 CNSsolve>  evaluate ($nsym = $nsym + 1) 
 CNSsolve>end loop sym 
 CNSsolve> 
 CNSsolve>evaluate (&data.numc3sym=&numc3sym) 
 EVALUATE: symbol $_1_DATA.NUMC3SYM set to    0.00000     (real)
 CNSsolve>evaluate ($nsym=1) 
 EVALUATE: symbol $NSYM set to    1.00000     (real)
 CNSsolve>while ($nsym <= &numc3sym) loop sym 
 NEXTCD: condition evaluated as false
 CNSsolve>  evaluate (&toppar.c3sym_sta1_$nsym=&c3sym_sta1_$nsym) 
 CNSsolve>  evaluate (&toppar.c3sym_end1_$nsym=&c3sym_end1_$nsym) 
 CNSsolve>  evaluate (&toppar.c3sym_seg1_$nsym=&c3sym_seg1_$nsym) 
 CNSsolve>  evaluate (&toppar.c3sym_sta2_$nsym=&c3sym_sta2_$nsym) 
 CNSsolve>  evaluate (&toppar.c3sym_end2_$nsym=&c3sym_end2_$nsym) 
 CNSsolve>  evaluate (&toppar.c3sym_seg2_$nsym=&c3sym_seg2_$nsym) 
 CNSsolve>  evaluate (&toppar.c3sym_sta3_$nsym=&c3sym_sta3_$nsym) 
 CNSsolve>  evaluate (&toppar.c3sym_end3_$nsym=&c3sym_end3_$nsym) 
 CNSsolve>  evaluate (&toppar.c3sym_seg3_$nsym=&c3sym_seg3_$nsym) 
 CNSsolve>  evaluate ($nsym = $nsym + 1) 
 CNSsolve>end loop sym 
 CNSsolve> 
 CNSsolve>evaluate (&data.nums3sym=&nums3sym) 
 EVALUATE: symbol $_1_DATA.NUMS3SYM set to    0.00000     (real)
 CNSsolve>evaluate ($nsym=1) 
 EVALUATE: symbol $NSYM set to    1.00000     (real)
 CNSsolve>while ($nsym <= &nums3sym) loop sym 
 NEXTCD: condition evaluated as false
 CNSsolve>  evaluate (&toppar.s3sym_sta1_$nsym=&s3sym_sta1_$nsym) 
 CNSsolve>  evaluate (&toppar.s3sym_end1_$nsym=&s3sym_end1_$nsym) 
 CNSsolve>  evaluate (&toppar.s3sym_seg1_$nsym=&s3sym_seg1_$nsym) 
 CNSsolve>  evaluate (&toppar.s3sym_sta2_$nsym=&s3sym_sta2_$nsym) 
 CNSsolve>  evaluate (&toppar.s3sym_end2_$nsym=&s3sym_end2_$nsym) 
 CNSsolve>  evaluate (&toppar.s3sym_seg2_$nsym=&s3sym_seg2_$nsym) 
 CNSsolve>  evaluate (&toppar.s3sym_sta3_$nsym=&s3sym_sta3_$nsym) 
 CNSsolve>  evaluate (&toppar.s3sym_end3_$nsym=&s3sym_end3_$nsym) 
 CNSsolve>  evaluate (&toppar.s3sym_seg3_$nsym=&s3sym_seg3_$nsym) 
 CNSsolve>  evaluate ($nsym = $nsym + 1) 
 CNSsolve>end loop sym 
 CNSsolve> 
 CNSsolve>evaluate (&data.numc4sym=&numc4sym) 
 EVALUATE: symbol $_1_DATA.NUMC4SYM set to    0.00000     (real)
 CNSsolve>evaluate ($nsym=1) 
 EVALUATE: symbol $NSYM set to    1.00000     (real)
 CNSsolve>while ($nsym <= &numc4sym) loop sym 
 NEXTCD: condition evaluated as false
 CNSsolve>  evaluate (&toppar.c4sym_sta1_$nsym=&c4sym_sta1_$nsym) 
 CNSsolve>  evaluate (&toppar.c4sym_end1_$nsym=&c4sym_end1_$nsym) 
 CNSsolve>  evaluate (&toppar.c4sym_seg1_$nsym=&c4sym_seg1_$nsym) 
 CNSsolve>  evaluate (&toppar.c4sym_sta2_$nsym=&c4sym_sta2_$nsym) 
 CNSsolve>  evaluate (&toppar.c4sym_end2_$nsym=&c4sym_end2_$nsym) 
 CNSsolve>  evaluate (&toppar.c4sym_seg2_$nsym=&c4sym_seg2_$nsym) 
 CNSsolve>  evaluate (&toppar.c4sym_sta3_$nsym=&c4sym_sta3_$nsym) 
 CNSsolve>  evaluate (&toppar.c4sym_end3_$nsym=&c4sym_end3_$nsym) 
 CNSsolve>  evaluate (&toppar.c4sym_seg3_$nsym=&c4sym_seg3_$nsym) 
 CNSsolve>  evaluate (&toppar.c4sym_sta4_$nsym=&c4sym_sta4_$nsym) 
 CNSsolve>  evaluate (&toppar.c4sym_end4_$nsym=&c4sym_end4_$nsym) 
 CNSsolve>  evaluate (&toppar.c4sym_seg4_$nsym=&c4sym_seg4_$nsym) 
 CNSsolve>  evaluate ($nsym = $nsym + 1) 
 CNSsolve>end loop sym 
 CNSsolve> 
 CNSsolve>evaluate (&data.numc5sym=&numc5sym) 
 EVALUATE: symbol $_1_DATA.NUMC5SYM set to    0.00000     (real)
 CNSsolve>evaluate ($nsym=1) 
 EVALUATE: symbol $NSYM set to    1.00000     (real)
 CNSsolve>while ($nsym <= &numc5sym) loop sym 
 NEXTCD: condition evaluated as false
 CNSsolve>  evaluate (&toppar.c5sym_sta1_$nsym=&c5sym_sta1_$nsym) 
 CNSsolve>  evaluate (&toppar.c5sym_end1_$nsym=&c5sym_end1_$nsym) 
 CNSsolve>  evaluate (&toppar.c5sym_seg1_$nsym=&c5sym_seg1_$nsym) 
 CNSsolve>  evaluate (&toppar.c5sym_sta2_$nsym=&c5sym_sta2_$nsym) 
 CNSsolve>  evaluate (&toppar.c5sym_end2_$nsym=&c5sym_end2_$nsym) 
 CNSsolve>  evaluate (&toppar.c5sym_seg2_$nsym=&c5sym_seg2_$nsym) 
 CNSsolve>  evaluate (&toppar.c5sym_sta3_$nsym=&c5sym_sta3_$nsym) 
 CNSsolve>  evaluate (&toppar.c5sym_end3_$nsym=&c5sym_end3_$nsym) 
 CNSsolve>  evaluate (&toppar.c5sym_seg3_$nsym=&c5sym_seg3_$nsym) 
 CNSsolve>  evaluate (&toppar.c5sym_sta4_$nsym=&c5sym_sta4_$nsym) 
 CNSsolve>  evaluate (&toppar.c5sym_end4_$nsym=&c5sym_end4_$nsym) 
 CNSsolve>  evaluate (&toppar.c5sym_seg4_$nsym=&c5sym_seg4_$nsym) 
 CNSsolve>  evaluate (&toppar.c5sym_sta5_$nsym=&c5sym_sta5_$nsym) 
 CNSsolve>  evaluate (&toppar.c5sym_end5_$nsym=&c5sym_end5_$nsym) 
 CNSsolve>  evaluate (&toppar.c5sym_seg5_$nsym=&c5sym_seg5_$nsym) 
 CNSsolve>  evaluate ($nsym = $nsym + 1) 
 CNSsolve>end loop sym 
 CNSsolve> 
 CNSsolve>evaluate (&data.numc6sym=&numc6sym) 
 EVALUATE: symbol $_1_DATA.NUMC6SYM set to    0.00000     (real)
 CNSsolve>evaluate ($nsym=1) 
 EVALUATE: symbol $NSYM set to    1.00000     (real)
 CNSsolve>while ($nsym <= &numc6sym) loop sym 
 NEXTCD: condition evaluated as false
 CNSsolve>  evaluate (&toppar.c6sym_sta1_$nsym=&c6sym_sta1_$nsym) 
 CNSsolve>  evaluate (&toppar.c6sym_end1_$nsym=&c6sym_end1_$nsym) 
 CNSsolve>  evaluate (&toppar.c6sym_seg1_$nsym=&c6sym_seg1_$nsym) 
 CNSsolve>  evaluate (&toppar.c6sym_sta2_$nsym=&c6sym_sta2_$nsym) 
 CNSsolve>  evaluate (&toppar.c6sym_end2_$nsym=&c6sym_end2_$nsym) 
 CNSsolve>  evaluate (&toppar.c6sym_seg2_$nsym=&c6sym_seg2_$nsym) 
 CNSsolve>  evaluate (&toppar.c6sym_sta3_$nsym=&c6sym_sta3_$nsym) 
 CNSsolve>  evaluate (&toppar.c6sym_end3_$nsym=&c6sym_end3_$nsym) 
 CNSsolve>  evaluate (&toppar.c6sym_seg3_$nsym=&c6sym_seg3_$nsym) 
 CNSsolve>  evaluate (&toppar.c6sym_sta4_$nsym=&c6sym_sta4_$nsym) 
 CNSsolve>  evaluate (&toppar.c6sym_end4_$nsym=&c6sym_end4_$nsym) 
 CNSsolve>  evaluate (&toppar.c6sym_seg4_$nsym=&c6sym_seg4_$nsym) 
 CNSsolve>  evaluate (&toppar.c6sym_sta5_$nsym=&c6sym_sta5_$nsym) 
 CNSsolve>  evaluate (&toppar.c6sym_end5_$nsym=&c6sym_end5_$nsym) 
 CNSsolve>  evaluate (&toppar.c6sym_seg5_$nsym=&c6sym_seg5_$nsym) 
 CNSsolve>  evaluate (&toppar.c6sym_sta6_$nsym=&c6sym_sta6_$nsym) 
 CNSsolve>  evaluate (&toppar.c6sym_end6_$nsym=&c6sym_end6_$nsym) 
 CNSsolve>  evaluate (&toppar.c6sym_seg6_$nsym=&c6sym_seg6_$nsym) 
 CNSsolve>  evaluate ($nsym = $nsym + 1) 
 CNSsolve>end loop sym 
 CNSsolve> 
 CNSsolve>if ( &data.numc2sym eq 6) then 
 NEXTCD: condition evaluated as false
 CNSsolve>  evaluate (&saprotocol.rotate180_it0 = false) 
 CNSsolve>  evaluate (&saprotocol.rotate180_it1 = false) 
 CNSsolve>end if 
 CNSsolve>if ( &data.numc3sym ne 0) then 
 NEXTCD: condition evaluated as false
 CNSsolve>  evaluate (&saprotocol.rotate180_it0 = false) 
 CNSsolve>  evaluate (&saprotocol.rotate180_it1 = false) 
 CNSsolve>end if 
 CNSsolve>if ( &data.numc4sym ne 0) then 
 NEXTCD: condition evaluated as false
 CNSsolve>  evaluate (&saprotocol.rotate180_it0 = false) 
 CNSsolve>  evaluate (&saprotocol.rotate180_it1 = false) 
 CNSsolve>end if 
 CNSsolve>if ( &data.numc5sym ne 0) then 
 NEXTCD: condition evaluated as false
 CNSsolve>  evaluate (&saprotocol.rotate180_it0 = false) 
 CNSsolve>  evaluate (&saprotocol.rotate180_it1 = false) 
 CNSsolve>end if 
 CNSsolve>if ( &data.numc6sym ne 0) then 
 NEXTCD: condition evaluated as false
 CNSsolve>  evaluate (&saprotocol.rotate180_it0 = false) 
 CNSsolve>  evaluate (&saprotocol.rotate180_it1 = false) 
 CNSsolve>end if 
 CNSsolve> 
 CNSsolve> 
 CNSsolve>!Dihedrals, DNA and distance restraints 
 CNSsolve>evaluate (&Data.dnarest = &dnarest_on) 
 EVALUATE: symbol $_1_DATA.DNAREST set to TRUE (logical)
 CNSsolve>evaluate (&Data.flags.cdih =  &dihedrals_on) 
 EVALUATE: symbol $_1_DATA.FLAGS.CDIH set to FALSE (logical)
 CNSsolve>evaluate (&Data.cdih.on = &dihedrals_on) 
 EVALUATE: symbol $_1_DATA.CDIH.ON set to FALSE (logical)
 CNSsolve>evaluate (&Data.ssdihed = &ssdihed) 
 Assuming literal string "NONE"
 EVALUATE: symbol $_1_DATA.SSDIHED set to "NONE" (string)
 CNSsolve>evaluate (&Data.error_dih = &error_dih) 
 EVALUATE: symbol $_1_DATA.ERROR_DIH set to    10.0000     (real)
 CNSsolve>evaluate (&data.dihedrals.on=&dihedrals_on) 
 EVALUATE: symbol $_1_DATA.DIHEDRALS.ON set to FALSE (logical)
 CNSsolve>evaluate (&data.dihedrals_hot=&dihedrals_hot) 
 EVALUATE: symbol $_1_DATA.DIHEDRALS_HOT set to    5.00000     (real)
 CNSsolve>evaluate (&data.dihedrals_cool1=&dihedrals_cool1) 
 EVALUATE: symbol $_1_DATA.DIHEDRALS_COOL1 set to    5.00000     (real)
 CNSsolve>evaluate (&data.dihedrals_cool2=&dihedrals_cool2) 
 EVALUATE: symbol $_1_DATA.DIHEDRALS_COOL2 set to    50.0000     (real)
 CNSsolve>evaluate (&data.dihedrals_cool3=&dihedrals_cool3) 
 EVALUATE: symbol $_1_DATA.DIHEDRALS_COOL3 set to    200.000     (real)
 CNSsolve>evaluate (&data.hbonds_on=&hbonds_on) 
 EVALUATE: symbol $_1_DATA.HBONDS_ON set to FALSE (logical)
 CNSsolve> 
 CNSsolve>! RDC restraints 
 CNSsolve>evaluate (&Data.flags.vean =  false) 
 EVALUATE: symbol $_1_DATA.FLAGS.VEAN set to FALSE (logical)
 CNSsolve>evaluate (&Data.flags.xrdc =  false) 
 EVALUATE: symbol $_1_DATA.FLAGS.XRDC set to FALSE (logical)
 CNSsolve>evaluate (&Data.flags.sani =  false) 
 EVALUATE: symbol $_1_DATA.FLAGS.SANI set to FALSE (logical)
 CNSsolve>evaluate (&data.numrdc=&numrdc) 
 EVALUATE: symbol $_1_DATA.NUMRDC set to    0.00000     (real)
 CNSsolve>evaluate ($ncc=1) 
 EVALUATE: symbol $NCC set to    1.00000     (real)
 CNSsolve>while ($ncc <= &data.numrdc) loop rdc 
 NEXTCD: condition evaluated as false
 CNSsolve>  if (&rdc_choice_$ncc = "VANGLE") then 
 CNSsolve>    evaluate (&Data.flags.vean =  true) 
 CNSsolve>  end if 
 CNSsolve>  if (&rdc_choice_$ncc = "SANI") then 
 CNSsolve>    evaluate (&Data.flags.sani =  true) 
 CNSsolve>  end if 
 CNSsolve>  if (&rdc_choice_$ncc = "XRDC") then 
 CNSsolve>    evaluate (&Data.flags.xrdc =  true) 
 CNSsolve>  end if 
 CNSsolve>  evaluate (&data.rdc_choice_$ncc=&rdc_choice_$ncc) 
 CNSsolve>  evaluate (&data.rdc_firstIt_$ncc=&rdc_firstIt_$ncc) 
 CNSsolve>  evaluate (&data.rdc_lastIt_$ncc=&rdc_lastIt_$ncc) 
 CNSsolve>  evaluate (&data.rdc_hot_$ncc=&rdc_hot_$ncc) 
 CNSsolve>  evaluate (&data.rdc_cool1_$ncc=&rdc_cool1_$ncc) 
 CNSsolve>  evaluate (&data.rdc_cool2_$ncc=&rdc_cool2_$ncc) 
 CNSsolve>  evaluate (&data.rdc_cool3_$ncc=&rdc_cool3_$ncc) 
 CNSsolve>  evaluate (&data.rdc_r_$ncc=&rdc_r_$ncc) 
 CNSsolve>  evaluate (&data.rdc_d_$ncc=&rdc_d_$ncc) 
 CNSsolve>  evaluate (&data.ini_bor_hot_$ncc=&ini_bor_hot_$ncc) 
 CNSsolve>  evaluate (&data.ini_bor_cool1_$ncc=&ini_bor_cool1_$ncc) 
 CNSsolve>  evaluate (&data.ini_bor_cool2_$ncc=&ini_bor_cool2_$ncc) 
 CNSsolve>  evaluate (&data.ini_bor_cool3_$ncc=&ini_bor_cool3_$ncc) 
 CNSsolve>  evaluate (&data.ini_cen_hot_$ncc=&ini_cen_hot_$ncc) 
 CNSsolve>  evaluate (&data.ini_cen_cool1_$ncc=&ini_cen_cool1_$ncc) 
 CNSsolve>  evaluate (&data.ini_cen_cool2_$ncc=&ini_cen_cool2_$ncc) 
 CNSsolve>  evaluate (&data.ini_cen_cool3_$ncc=&ini_cen_cool3_$ncc) 
 CNSsolve>  evaluate (&data.fin_bor_hot_$ncc=&fin_bor_hot_$ncc) 
 CNSsolve>  evaluate (&data.fin_bor_cool1_$ncc=&fin_bor_cool1_$ncc) 
 CNSsolve>  evaluate (&data.fin_bor_cool2_$ncc=&fin_bor_cool2_$ncc) 
 CNSsolve>  evaluate (&data.fin_bor_cool3_$ncc=&fin_bor_cool3_$ncc) 
 CNSsolve>  evaluate (&data.fin_cen_hot_$ncc=&fin_cen_hot_$ncc) 
 CNSsolve>  evaluate (&data.fin_cen_cool1_$ncc=&fin_cen_cool1_$ncc) 
 CNSsolve>  evaluate (&data.fin_cen_cool2_$ncc=&fin_cen_cool2_$ncc) 
 CNSsolve>  evaluate (&data.fin_cen_cool3_$ncc=&fin_cen_cool3_$ncc) 
 CNSsolve>  evaluate ($ncc=$ncc+1) 
 CNSsolve>end loop rdc 
 CNSsolve> 
 CNSsolve>! PCS restraints 
 CNSsolve>evaluate (&Data.flags.xpcs =  false) 
 EVALUATE: symbol $_1_DATA.FLAGS.XPCS set to FALSE (logical)
 CNSsolve>evaluate (&data.numpcs=&numpcs) 
 EVALUATE: symbol $_1_DATA.NUMPCS set to    0.00000     (real)
 CNSsolve>evaluate ($ncc=1) 
 EVALUATE: symbol $NCC set to    1.00000     (real)
 CNSsolve>while ($ncc <= &numpcs) loop pcs 
 NEXTCD: condition evaluated as false
 CNSsolve>  if (&pcs_choice_$ncc = "XPCS") then 
 CNSsolve>    evaluate (&Data.flags.xpcs =  true) 
 CNSsolve>  end if 
 CNSsolve>  evaluate (&data.pcs_choice_$ncc=&pcs_choice_$ncc) 
 CNSsolve>  evaluate (&data.pcs_firstIt_$ncc=&pcs_firstIt_$ncc) 
 CNSsolve>  evaluate (&data.pcs_lastIt_$ncc=&pcs_lastIt_$ncc) 
 CNSsolve>  evaluate (&data.pcs_hot_$ncc=&pcs_hot_$ncc) 
 CNSsolve>  evaluate (&data.pcs_cool1_$ncc=&pcs_cool1_$ncc) 
 CNSsolve>  evaluate (&data.pcs_cool2_$ncc=&pcs_cool2_$ncc) 
 CNSsolve>  evaluate (&data.pcs_cool3_$ncc=&pcs_cool3_$ncc) 
 CNSsolve>  evaluate (&data.pcs_r_$ncc=&pcs_r_$ncc) 
 CNSsolve>  evaluate (&data.pcs_d_$ncc=&pcs_d_$ncc) 
 CNSsolve>  evaluate ($ncc=$ncc+1) 
 CNSsolve>end loop pcs 
 CNSsolve> 
 CNSsolve>! DANI restraints 
 CNSsolve>evaluate (&Data.flags.dani =  false) 
 EVALUATE: symbol $_1_DATA.FLAGS.DANI set to FALSE (logical)
 CNSsolve>evaluate (&data.numdani=&numdani) 
 EVALUATE: symbol $_1_DATA.NUMDANI set to    0.00000     (real)
 CNSsolve>evaluate ($ncc=1) 
 EVALUATE: symbol $NCC set to    1.00000     (real)
 CNSsolve>while ($ncc <= &numdani) loop dani 
 NEXTCD: condition evaluated as false
 CNSsolve>  if (&dan_choice_$ncc = "DANI") then 
 CNSsolve>    evaluate (&Data.flags.dani =  true) 
 CNSsolve>  end if 
 CNSsolve>  evaluate (&data.dan_choice_$ncc=&dan_choice_$ncc) 
 CNSsolve>  evaluate (&data.dan_firstIt_$ncc=&dan_firstIt_$ncc) 
 CNSsolve>  evaluate (&data.dan_lastIt_$ncc=&dan_lastIt_$ncc) 
 CNSsolve>  evaluate (&data.dan_hot_$ncc=&dan_hot_$ncc) 
 CNSsolve>  evaluate (&data.dan_cool1_$ncc=&dan_cool1_$ncc) 
 CNSsolve>  evaluate (&data.dan_cool2_$ncc=&dan_cool2_$ncc) 
 CNSsolve>  evaluate (&data.dan_cool3_$ncc=&dan_cool3_$ncc) 
 CNSsolve>  evaluate (&data.dan_tc_$ncc=&dan_tc_$ncc) 
 CNSsolve>  evaluate (&data.dan_anis_$ncc=&dan_anis_$ncc) 
 CNSsolve>  evaluate (&data.dan_r_$ncc=&dan_r_$ncc) 
 CNSsolve>  evaluate (&data.dan_wh_$ncc=&dan_wh_$ncc) 
 CNSsolve>  evaluate (&data.dan_wn_$ncc=&dan_wn_$ncc) 
 CNSsolve>  evaluate ($ncc=$ncc+1) 
 CNSsolve>end loop dani 
 CNSsolve> 
 CNSsolve>! planarity restraints 
 CNSsolve>evaluate (&Data.flags.plan =  false) 
 EVALUATE: symbol $_1_DATA.FLAGS.PLAN set to FALSE (logical)
 CNSsolve> 
 CNSsolve>! distance restraints 
 CNSsolve>evaluate (&Data.flags.noe  =  true) 
 EVALUATE: symbol $_1_DATA.FLAGS.NOE set to TRUE (logical)
 CNSsolve>evaluate (&data.scaling=&air_scaling) 
 EVALUATE: symbol $_1_DATA.SCALING set to FALSE (logical)
 CNSsolve>evaluate (&data.totnoe_unamb=&tot_unamb) 
 EVALUATE: symbol $_1_DATA.TOTNOE_UNAMB set to    25.0000     (real)
 CNSsolve>evaluate (&data.unamb_firstit=&unamb_firstit) 
 EVALUATE: symbol $_1_DATA.UNAMB_FIRSTIT set to    0.00000     (real)
 CNSsolve>evaluate (&data.unamb_lastit=&unamb_lastit) 
 EVALUATE: symbol $_1_DATA.UNAMB_LASTIT set to    2.00000     (real)
 CNSsolve>evaluate (&data.unamb_hot=&unamb_hot) 
 EVALUATE: symbol $_1_DATA.UNAMB_HOT set to    10.0000     (real)
 CNSsolve>evaluate (&data.unamb_cool1=&unamb_cool1) 
 EVALUATE: symbol $_1_DATA.UNAMB_COOL1 set to    10.0000     (real)
 CNSsolve>evaluate (&data.unamb_cool2=&unamb_cool2) 
 EVALUATE: symbol $_1_DATA.UNAMB_COOL2 set to    50.0000     (real)
 CNSsolve>evaluate (&data.unamb_cool3=&unamb_cool3) 
 EVALUATE: symbol $_1_DATA.UNAMB_COOL3 set to    50.0000     (real)
 CNSsolve>evaluate (&data.noecv=&noecv) 
 EVALUATE: symbol $_1_DATA.NOECV set to TRUE (logical)
 CNSsolve>evaluate (&data.ncvpart=&ncvpart) 
 EVALUATE: symbol $_1_DATA.NCVPART set to    2.00000     (real)
 CNSsolve> 
 CNSsolve>evaluate (&data.totnoe_amb=&tot_amb) 
 EVALUATE: symbol $_1_DATA.TOTNOE_AMB set to    0.00000     (real)
 CNSsolve>evaluate (&data.amb_firstit=&amb_firstit) 
 EVALUATE: symbol $_1_DATA.AMB_FIRSTIT set to    0.00000     (real)
 CNSsolve>evaluate (&data.amb_lastit=&amb_lastit) 
 EVALUATE: symbol $_1_DATA.AMB_LASTIT set to    2.00000     (real)
 CNSsolve>evaluate (&data.amb_hot=&amb_hot) 
 EVALUATE: symbol $_1_DATA.AMB_HOT set to    10.0000     (real)
 CNSsolve>evaluate (&data.amb_cool1=&amb_cool1) 
 EVALUATE: symbol $_1_DATA.AMB_COOL1 set to    10.0000     (real)
 CNSsolve>evaluate (&data.amb_cool2=&amb_cool2) 
 EVALUATE: symbol $_1_DATA.AMB_COOL2 set to    50.0000     (real)
 CNSsolve>evaluate (&data.amb_cool3=&amb_cool3) 
 EVALUATE: symbol $_1_DATA.AMB_COOL3 set to    50.0000     (real)
 CNSsolve> 
 CNSsolve>evaluate (&data.hbond_firstit=&hbond_firstit) 
 EVALUATE: symbol $_1_DATA.HBOND_FIRSTIT set to    0.00000     (real)
 CNSsolve>evaluate (&data.hbond_lastit=&hbond_lastit) 
 EVALUATE: symbol $_1_DATA.HBOND_LASTIT set to    2.00000     (real)
 CNSsolve>evaluate (&data.hbond_hot=&hbond_hot) 
 EVALUATE: symbol $_1_DATA.HBOND_HOT set to    10.0000     (real)
 CNSsolve>evaluate (&data.hbond_cool1=&hbond_cool1) 
 EVALUATE: symbol $_1_DATA.HBOND_COOL1 set to    10.0000     (real)
 CNSsolve>evaluate (&data.hbond_cool2=&hbond_cool2) 
 EVALUATE: symbol $_1_DATA.HBOND_COOL2 set to    50.0000     (real)
 CNSsolve>evaluate (&data.hbond_cool3=&hbond_cool3) 
 EVALUATE: symbol $_1_DATA.HBOND_COOL3 set to    50.0000     (real)
 CNSsolve> 
 CNSsolve>evaluate (&data.mrswi_hot=&mrswi_hot) 
 EVALUATE: symbol $_1_DATA.MRSWI_HOT set to   0.500000     (real)
 CNSsolve>evaluate (&data.mrswi_cool1=&mrswi_cool1) 
 EVALUATE: symbol $_1_DATA.MRSWI_COOL1 set to   0.500000     (real)
 CNSsolve>evaluate (&data.mrswi_cool2=&mrswi_cool2) 
 EVALUATE: symbol $_1_DATA.MRSWI_COOL2 set to   0.500000     (real)
 CNSsolve>evaluate (&data.mrswi_cool3=&mrswi_cool3) 
 EVALUATE: symbol $_1_DATA.MRSWI_COOL3 set to   0.500000     (real)
 CNSsolve> 
 CNSsolve>evaluate (&data.rswi_hot=&rswi_hot) 
 EVALUATE: symbol $_1_DATA.RSWI_HOT set to   0.500000     (real)
 CNSsolve>evaluate (&data.rswi_cool1=&rswi_cool1) 
 EVALUATE: symbol $_1_DATA.RSWI_COOL1 set to   0.500000     (real)
 CNSsolve>evaluate (&data.rswi_cool2=&rswi_cool2) 
 EVALUATE: symbol $_1_DATA.RSWI_COOL2 set to   0.500000     (real)
 CNSsolve>evaluate (&data.rswi_cool3=&rswi_cool3) 
 EVALUATE: symbol $_1_DATA.RSWI_COOL3 set to   0.500000     (real)
 CNSsolve> 
 CNSsolve>evaluate (&data.masy_hot=&masy_hot) 
 EVALUATE: symbol $_1_DATA.MASY_HOT set to   -1.00000     (real)
 CNSsolve>evaluate (&data.masy_cool1=&masy_cool1) 
 EVALUATE: symbol $_1_DATA.MASY_COOL1 set to   -1.00000     (real)
 CNSsolve>evaluate (&data.masy_cool2=&masy_cool2) 
 EVALUATE: symbol $_1_DATA.MASY_COOL2 set to  -0.100000     (real)
 CNSsolve>evaluate (&data.masy_cool3=&masy_cool3) 
 EVALUATE: symbol $_1_DATA.MASY_COOL3 set to  -0.100000     (real)
 CNSsolve> 
 CNSsolve>evaluate (&data.asy_hot=&asy_hot) 
 EVALUATE: symbol $_1_DATA.ASY_HOT set to    1.00000     (real)
 CNSsolve>evaluate (&data.asy_cool1=&asy_cool1) 
 EVALUATE: symbol $_1_DATA.ASY_COOL1 set to    1.00000     (real)
 CNSsolve>evaluate (&data.asy_cool2=&asy_cool2) 
 EVALUATE: symbol $_1_DATA.ASY_COOL2 set to   0.100000     (real)
 CNSsolve>evaluate (&data.asy_cool3=&asy_cool3) 
 EVALUATE: symbol $_1_DATA.ASY_COOL3 set to   0.100000     (real)
 CNSsolve> 
 CNSsolve>evaluate (&data.ranair=&ranair) 
 EVALUATE: symbol $_1_DATA.RANAIR set to FALSE (logical)
 CNSsolve>if (&data.ranair eq true) then 
 NEXTCD: condition evaluated as false
 CNSsolve>  evaluate (&data.noecv = false) 
 CNSsolve>end if 
 CNSsolve>evaluate (&data.cmrest=&cmrest) 
 EVALUATE: symbol $_1_DATA.CMREST set to FALSE (logical)
 CNSsolve>evaluate (&data.cmtight=&cmtight) 
 EVALUATE: symbol $_1_DATA.CMTIGHT set to FALSE (logical)
 CNSsolve>evaluate (&data.kcont=&kcont) 
 EVALUATE: symbol $_1_DATA.KCONT set to    1.00000     (real)
 CNSsolve>evaluate (&data.surfrest=&surfrest) 
 EVALUATE: symbol $_1_DATA.SURFREST set to FALSE (logical)
 CNSsolve>evaluate (&data.ksurf=&ksurf) 
 EVALUATE: symbol $_1_DATA.KSURF set to    1.00000     (real)
 CNSsolve> 
 CNSsolve> 
 CNSsolve>! radius of gydration restraints 
 CNSsolve>evaluate (&data.flags.rg=&rgrest) 
 EVALUATE: symbol $_1_DATA.FLAGS.RG set to FALSE (logical)
 CNSsolve>evaluate (&data.rgtarg=&rgtarg) 
 Assuming literal string "&RGTARG"
 EVALUATE: symbol $_1_DATA.RGTARG set to "&RGTARG" (string)
 CNSsolve>evaluate (&data.krg_hot=&krg_hot) 
 Assuming literal string "&KRG_HOT"
 EVALUATE: symbol $_1_DATA.KRG_HOT set to "&KRG_HOT" (string)
 CNSsolve>evaluate (&data.krg_cool1=&krg_cool1) 
 Assuming literal string "&KRG_COOL1"
 EVALUATE: symbol $_1_DATA.KRG_COOL1 set to "&KRG_COOL1" (string)
 CNSsolve>evaluate (&data.krg_cool2=&krg_cool2) 
 Assuming literal string "&KRG_COOL2"
 EVALUATE: symbol $_1_DATA.KRG_COOL2 set to "&KRG_COOL2" (string)
 CNSsolve>evaluate (&data.krg_cool3=&krg_cool3) 
 Assuming literal string "&KRG_COOL3"
 EVALUATE: symbol $_1_DATA.KRG_COOL3 set to "&KRG_COOL3" (string)
 CNSsolve>evaluate (&data.rgsele=&rgsele) 
 Assuming literal string "&RGSELE"
 EVALUATE: symbol $_1_DATA.RGSELE set to "&RGSELE" (string)
 CNSsolve> 
 CNSsolve>evaluate (&data.kzres=&kzres) 
 Assuming literal string "&KZRES"
 EVALUATE: symbol $_1_DATA.KZRES set to "&KZRES" (string)
 CNSsolve>evaluate (&data.zresmax=&zresmax) 
 Assuming literal string "&ZRESMAX"
 EVALUATE: symbol $_1_DATA.ZRESMAX set to "&ZRESMAX" (string)
 CNSsolve>evaluate (&data.zresmin=&zresmin) 
 Assuming literal string "&ZRESMIN"
 EVALUATE: symbol $_1_DATA.ZRESMIN set to "&ZRESMIN" (string)
 CNSsolve> 
 CNSsolve>! keep or delete non-polar hydrogens 
 CNSsolve>evaluate (&toppar.delenph=&delenph) 
 EVALUATE: symbol $_1_TOPPAR.DELENPH set to TRUE (logical)
 CNSsolve> 
 CNSsolve> 
 CNSsolve>!Electrostatics: 
 CNSsolve>evaluate (&Data.flags.dihed = &dihedflag) 
 EVALUATE: symbol $_1_DATA.FLAGS.DIHED set to TRUE (logical)
 CNSsolve>evaluate (&Data.flags.elec0 = &elecflag_0) 
 EVALUATE: symbol $_1_DATA.FLAGS.ELEC0 set to TRUE (logical)
 CNSsolve>evaluate (&Data.flags.elec1 = &elecflag_1) 
 EVALUATE: symbol $_1_DATA.FLAGS.ELEC1 set to TRUE (logical)
 CNSsolve>evaluate (&Data.epsilon0 = &epsilon_0) 
 EVALUATE: symbol $_1_DATA.EPSILON0 set to    78.0000     (real)
 CNSsolve>evaluate (&Data.epsilon1 = &epsilon_1) 
 EVALUATE: symbol $_1_DATA.EPSILON1 set to    78.0000     (real)
 CNSsolve>evaluate (&Data.dielec0  = &dielec_0) 
 Assuming literal string "CDIE"
 EVALUATE: symbol $_1_DATA.DIELEC0 set to "CDIE" (string)
 CNSsolve>evaluate (&Data.dielec1  = &dielec_1) 
 Assuming literal string "CDIE"
 EVALUATE: symbol $_1_DATA.DIELEC1 set to "CDIE" (string)
 CNSsolve> 
 CNSsolve>!Check for CG and if present force cdie 
 CNSsolve>evaluate($cg = false) 
 EVALUATE: symbol $CG set to FALSE (logical)
 CNSsolve>evaluate($nchain1 = 0) 
 EVALUATE: symbol $NCHAIN1 set to    0.00000     (real)
 CNSsolve>while ($nchain1 < $data.ncomponents) loop cgmol 
 NEXTCD: condition evaluated as true
 CNSsolve>  evaluate($nchain1 = $nchain1 + 1) 
 EVALUATE: symbol $NCHAIN1 set to    1.00000     (real)
 CNSsolve>  if ($Toppar.cg_$nchain1 eq true) then 
 NEXTCD: condition evaluated as false
 CNSsolve>    evaluate($cg = true) 
 CNSsolve>  end if 
 CNSsolve>end loop cgmol 
 CNSsolve>while ($nchain1 < $data.ncomponents) loop cgmol 
 NEXTCD: condition evaluated as true
 CNSsolve>  evaluate($nchain1 = $nchain1 + 1) 
 EVALUATE: symbol $NCHAIN1 set to    2.00000     (real)
 CNSsolve>  if ($Toppar.cg_$nchain1 eq true) then 
 NEXTCD: condition evaluated as false
 CNSsolve>    evaluate($cg = true) 
 CNSsolve>  end if 
 CNSsolve>end loop cgmol 
 CNSsolve>while ($nchain1 < $data.ncomponents) loop cgmol 
 NEXTCD: condition evaluated as false
 CNSsolve>  evaluate($nchain1 = $nchain1 + 1) 
 CNSsolve>  if ($Toppar.cg_$nchain1 eq true) then 
 CNSsolve>    evaluate($cg = true) 
 CNSsolve>  end if 
 CNSsolve>end loop cgmol 
 CNSsolve> 
 CNSsolve>if ($cg = true) then 
 NEXTCD: condition evaluated as false
 CNSsolve>  evaluate (&Data.dielec0  = cdie) 
 CNSsolve>  evaluate (&Data.dielec1  = cdie) 
 CNSsolve>  evaluate (&Data.epsilon1 = &Data.epsilon0) 
 CNSsolve>  display "FORCING CDIE FOR ELECTROSTATICS BECAUSE OF COARSE GRAINING" 
 CNSsolve>end if 
 CNSsolve> 
 CNSsolve>!Interaction matrix: 
 CNSsolve>evaluate ($nmol1=1) 
 EVALUATE: symbol $NMOL1 set to    1.00000     (real)
 CNSsolve>while ($nmol1 <= &data.ncomponents) loop mol1 
 NEXTCD: condition evaluated as true
 CNSsolve>  evaluate ($nmol2=$nmol1 + 1) 
 EVALUATE: symbol $NMOL2 set to    2.00000     (real)
 CNSsolve>  evaluate (&toppar.int_$nmol1_$nmol1 = &int_$nmol1_$nmol1) 
 EVALUATE: symbol $_1_TOPPAR.INT_1_1 set to    1.00000     (real)
 CNSsolve>  while ($nmol2 <= &data.ncomponents) loop mol2 
 NEXTCD: condition evaluated as true
 CNSsolve>    evaluate (&toppar.int_$nmol1_$nmol2 = &int_$nmol1_$nmol2) 
 EVALUATE: symbol $_1_TOPPAR.INT_1_2 set to    1.00000     (real)
 CNSsolve>    evaluate (&toppar.int_$nmol2_$nmol1 = &int_$nmol1_$nmol2) 
 EVALUATE: symbol $_1_TOPPAR.INT_2_1 set to    1.00000     (real)
 CNSsolve>    evaluate ($nmol2=$nmol2 + 1) 
 EVALUATE: symbol $NMOL2 set to    3.00000     (real)
 CNSsolve>  end loop mol2 
 CNSsolve>  while ($nmol2 <= &data.ncomponents) loop mol2 
 NEXTCD: condition evaluated as false
 CNSsolve>    evaluate (&toppar.int_$nmol1_$nmol2 = &int_$nmol1_$nmol2) 
 CNSsolve>    evaluate (&toppar.int_$nmol2_$nmol1 = &int_$nmol1_$nmol2) 
 CNSsolve>    evaluate ($nmol2=$nmol2 + 1) 
 CNSsolve>  end loop mol2 
 CNSsolve>  evaluate ($nmol1 = $nmol1 + 1) 
 EVALUATE: symbol $NMOL1 set to    2.00000     (real)
 CNSsolve>end loop mol1 
 CNSsolve>while ($nmol1 <= &data.ncomponents) loop mol1 
 NEXTCD: condition evaluated as true
 CNSsolve>  evaluate ($nmol2=$nmol1 + 1) 
 EVALUATE: symbol $NMOL2 set to    3.00000     (real)
 CNSsolve>  evaluate (&toppar.int_$nmol1_$nmol1 = &int_$nmol1_$nmol1) 
 EVALUATE: symbol $_1_TOPPAR.INT_2_2 set to    1.00000     (real)
 CNSsolve>  while ($nmol2 <= &data.ncomponents) loop mol2 
 NEXTCD: condition evaluated as false
 CNSsolve>    evaluate (&toppar.int_$nmol1_$nmol2 = &int_$nmol1_$nmol2) 
 CNSsolve>    evaluate (&toppar.int_$nmol2_$nmol1 = &int_$nmol1_$nmol2) 
 CNSsolve>    evaluate ($nmol2=$nmol2 + 1) 
 CNSsolve>  end loop mol2 
 CNSsolve>  evaluate ($nmol1 = $nmol1 + 1) 
 EVALUATE: symbol $NMOL1 set to    3.00000     (real)
 CNSsolve>end loop mol1 
 CNSsolve>while ($nmol1 <= &data.ncomponents) loop mol1 
 NEXTCD: condition evaluated as false
 CNSsolve>  evaluate ($nmol2=$nmol1 + 1) 
 CNSsolve>  evaluate (&toppar.int_$nmol1_$nmol1 = &int_$nmol1_$nmol1) 
 CNSsolve>  while ($nmol2 <= &data.ncomponents) loop mol2 
 CNSsolve>    evaluate (&toppar.int_$nmol1_$nmol2 = &int_$nmol1_$nmol2) 
 CNSsolve>    evaluate (&toppar.int_$nmol2_$nmol1 = &int_$nmol1_$nmol2) 
 CNSsolve>    evaluate ($nmol2=$nmol2 + 1) 
 CNSsolve>  end loop mol2 
 CNSsolve>  evaluate ($nmol1 = $nmol1 + 1) 
 CNSsolve>end loop mol1 
 CNSsolve> 
 CNSsolve>!intermolecular contacts analysis 
 CNSsolve>evaluate (&data.hb_dist=&dist_hb) 
 EVALUATE: symbol $_1_DATA.HB_DIST set to    2.50000     (real)
 CNSsolve>evaluate (&data.nb_dist=&dist_nb) 
 EVALUATE: symbol $_1_DATA.NB_DIST set to    3.90000     (real)
 CNSsolve> 
 CNSsolve> 
 CNSsolve>!water refinement 
 CNSsolve>evaluate (&refine.firstwater=&firstwater) 
 EVALUATE: symbol $_1_REFINE.FIRSTWATER set to "yes" (string)
 CNSsolve>evaluate (&refine.solvshell=&solvshell) 
 EVALUATE: symbol $_1_REFINE.SOLVSHELL set to TRUE (logical)
 CNSsolve>evaluate (&refine.keepwater=&keepwater) 
 EVALUATE: symbol $_1_REFINE.KEEPWATER set to TRUE (logical)
 CNSsolve>evaluate (&refine.waterrefine=min(&structures_1,&waterrefine)) 
 EVALUATE: symbol $_1_REFINE.WATERREFINE set to    200.000     (real)
 CNSsolve>evaluate (&refine.solvent=&solvent) 
 EVALUATE: symbol $_1_REFINE.SOLVENT set to "water" (string)
 CNSsolve>evaluate (&refine.heatsteps=&waterheatsteps) 
 EVALUATE: symbol $_1_REFINE.HEATSTEPS set to    100.000     (real)
 CNSsolve>evaluate (&refine.steps=&watersteps) 
 EVALUATE: symbol $_1_REFINE.STEPS set to    1250.00     (real)
 CNSsolve>evaluate (&refine.coolsteps=&watercoolsteps) 
 EVALUATE: symbol $_1_REFINE.COOLSTEPS set to    500.000     (real)
 CNSsolve> 
 CNSsolve> 
 CNSsolve>!for the non-bonded parameters (the section was taken out of 
 CNSsolve>!parallhdg5.0.pro and parallhdg5.1.pro, so be careful!): 
 CNSsolve>if (&toppar.par_nonbonded eq "PROLSQ") then 
 NEXTCD: condition evaluated as false
 CNSsolve>    evaluate (&toppar.repel_radius = 1.0) 
 CNSsolve>    evaluate (&toppar.repel_rcons = 20) 
 CNSsolve>    evaluate (&toppar.repel_rexpo  = 4) 
 CNSsolve>    evaluate (&toppar.repel_irexp  = 1) 
 CNSsolve>elseif (&toppar.par_nonbonded eq "PARMALLH6") then 
 NEXTCD: condition evaluated as false
 CNSsolve>    evaluate (&toppar.repel_radius = 0.8) 
 CNSsolve>    evaluate (&toppar.repel_rcons = 5.0) 
 CNSsolve>    evaluate (&toppar.repel_rexpo  = 2) 
 CNSsolve>    evaluate (&toppar.repel_irexp  = 2) 
 CNSsolve>elseif (&toppar.par_nonbonded eq "OPLSX") then 
 NEXTCD: condition evaluated as true
 CNSsolve>    evaluate (&toppar.repel_radius = 0.0) 
 EVALUATE: symbol $_1_TOPPAR.REPEL_RADIUS set to    0.00000     (real)
 CNSsolve>else        {...now the standard PARALLHDG parameters} 
 CNSsolve>    evaluate (&toppar.repel_radius = 0.78) 
 CNSsolve>    evaluate (&toppar.repel_rcons = 5.0) 
 CNSsolve>    evaluate (&toppar.repel_rexpo  = 2) 
 CNSsolve>    evaluate (&toppar.repel_irexp  = 2) 
 CNSsolve>end if 
 CNSsolve> 
 CNSsolve>! Water in rigid body docking 
 CNSsolve>evaluate (&data.waterdock=&waterdock) 
 EVALUATE: symbol $_1_DATA.WATERDOCK set to FALSE (logical)
 CNSsolve>evaluate (&data.db_method=&db_method) 
 EVALUATE: symbol $_1_DATA.DB_METHOD set to "kytedoolittle" (string)
 CNSsolve>evaluate (&data.water_tokeep=&water_tokeep) 
 EVALUATE: symbol $_1_DATA.WATER_TOKEEP set to   0.500000     (real)
 CNSsolve>evaluate (&data.dnap_water_tokeep=&dnap_water_tokeep) 
 EVALUATE: symbol $_1_DATA.DNAP_WATER_TOKEEP set to   0.750000     (real)
 CNSsolve>evaluate (&data.water_randfrac=&water_randfrac) 
 EVALUATE: symbol $_1_DATA.WATER_RANDFRAC set to    0.00000     (real)
 CNSsolve>evaluate (&data.solvate_method=&solvate_method) 
 EVALUATE: symbol $_1_DATA.SOLVATE_METHOD set to "db" (string)
 CNSsolve>evaluate (&data.water_surfcutoff=&water_surfcutoff) 
 EVALUATE: symbol $_1_DATA.WATER_SURFCUTOFF set to    8.00000     (real)
 CNSsolve>evaluate (&data.water_analysis=&water_analysis) 
 EVALUATE: symbol $_1_DATA.WATER_ANALYSIS set to FALSE (logical)
 CNSsolve>evaluate (&data.transwater=&transwater) 
 EVALUATE: symbol $_1_DATA.TRANSWATER set to TRUE (logical)
 CNSsolve>evaluate (&data.water_restraint_initial=&water_restraint_initial) 
 EVALUATE: symbol $_1_DATA.WATER_RESTRAINT_INITIAL set to    5.00000     (real)
 CNSsolve>evaluate (&data.water_restraint_cutoff=&water_restraint_cutoff) 
 EVALUATE: symbol $_1_DATA.WATER_RESTRAINT_CUTOFF set to    5.00000     (real)
 CNSsolve>evaluate (&data.water_restraint_scale=&water_restraint_scale) 
 EVALUATE: symbol $_1_DATA.WATER_RESTRAINT_SCALE set to    25.0000     (real)
 CNSsolve>evaluate (&data.waterensemble=&waterensemble) 
 EVALUATE: symbol $_1_DATA.WATERENSEMBLE set to    1.00000     (real)
 CNSsolve> 
 CNSsolve>! Centroid parameters 
 CNSsolve>eval(&data.flags.centroids = &centroid_rest) 
 EVALUATE: symbol $_1_DATA.FLAGS.CENTROIDS set to FALSE (logical)
 CNSsolve>eval(&data.centroids.kscale = &centroid_kscale) 
 EVALUATE: symbol $_1_DATA.CENTROIDS.KSCALE set to    50.0000     (real)
 CNSsolve>eval($nchain = 0) 
 EVALUATE: symbol $NCHAIN set to    0.00000     (real)
 CNSsolve>while ($nchain < &ncomponents) loop nloop1 
 NEXTCD: condition evaluated as true
 CNSsolve>    eval($nchain = $nchain + 1) 
 EVALUATE: symbol $NCHAIN set to    1.00000     (real)
 CNSsolve>    eval(&data.centroids.xcom_$nchain = &xcom_$nchain) 
 Assuming literal string "&XCOM_$NCHAIN"
 EVALUATE: symbol $_1_DATA.CENTROIDS.XCOM_1 set to "&XCOM_$NCHAIN" (string)
 CNSsolve>    eval(&data.centroids.ycom_$nchain = &ycom_$nchain) 
 Assuming literal string "&YCOM_$NCHAIN"
 EVALUATE: symbol $_1_DATA.CENTROIDS.YCOM_1 set to "&YCOM_$NCHAIN" (string)
 CNSsolve>    eval(&data.centroids.zcom_$nchain = &zcom_$nchain) 
 Assuming literal string "&ZCOM_$NCHAIN"
 EVALUATE: symbol $_1_DATA.CENTROIDS.ZCOM_1 set to "&ZCOM_$NCHAIN" (string)
 CNSsolve>    eval(&data.centroids.ambi_$nchain = &ambi_$nchain) 
 Assuming literal string "&AMBI_$NCHAIN"
 EVALUATE: symbol $_1_DATA.CENTROIDS.AMBI_1 set to "&AMBI_$NCHAIN" (string)
 CNSsolve>end loop nloop1 
 CNSsolve>while ($nchain < &ncomponents) loop nloop1 
 NEXTCD: condition evaluated as true
 CNSsolve>    eval($nchain = $nchain + 1) 
 EVALUATE: symbol $NCHAIN set to    2.00000     (real)
 CNSsolve>    eval(&data.centroids.xcom_$nchain = &xcom_$nchain) 
 Assuming literal string "&XCOM_$NCHAIN"
 EVALUATE: symbol $_1_DATA.CENTROIDS.XCOM_2 set to "&XCOM_$NCHAIN" (string)
 CNSsolve>    eval(&data.centroids.ycom_$nchain = &ycom_$nchain) 
 Assuming literal string "&YCOM_$NCHAIN"
 EVALUATE: symbol $_1_DATA.CENTROIDS.YCOM_2 set to "&YCOM_$NCHAIN" (string)
 CNSsolve>    eval(&data.centroids.zcom_$nchain = &zcom_$nchain) 
 Assuming literal string "&ZCOM_$NCHAIN"
 EVALUATE: symbol $_1_DATA.CENTROIDS.ZCOM_2 set to "&ZCOM_$NCHAIN" (string)
 CNSsolve>    eval(&data.centroids.ambi_$nchain = &ambi_$nchain) 
 Assuming literal string "&AMBI_$NCHAIN"
 EVALUATE: symbol $_1_DATA.CENTROIDS.AMBI_2 set to "&AMBI_$NCHAIN" (string)
 CNSsolve>end loop nloop1 
 CNSsolve>while ($nchain < &ncomponents) loop nloop1 
 NEXTCD: condition evaluated as false
 CNSsolve>    eval($nchain = $nchain + 1) 
 CNSsolve>    eval(&data.centroids.xcom_$nchain = &xcom_$nchain) 
 CNSsolve>    eval(&data.centroids.ycom_$nchain = &ycom_$nchain) 
 CNSsolve>    eval(&data.centroids.zcom_$nchain = &zcom_$nchain) 
 CNSsolve>    eval(&data.centroids.ambi_$nchain = &ambi_$nchain) 
 CNSsolve>end loop nloop1 
 CNSsolve> 
 CNSsolve>if (&saprotocol.expand eq true) then 
 NEXTCD: condition evaluated as false
 CNSsolve>  eval(&data.flags.centroids = true) 
 CNSsolve>end if 
 CNSsolve> 
 CNSsolve>! Cryo-EM parameters 
 CNSsolve>eval(&data.flags.em = &em_rest) 
 EVALUATE: symbol $_1_DATA.FLAGS.EM set to FALSE (logical)
 CNSsolve>eval(&data.em.kscale = &em_kscale) 
 EVALUATE: symbol $_1_DATA.EM.KSCALE set to    15000.0     (real)
 CNSsolve>eval(&data.em.it0 = &em_it0) 
 EVALUATE: symbol $_1_DATA.EM.IT0 set to FALSE (logical)
 CNSsolve>eval(&data.em.it1 = &em_it1) 
 EVALUATE: symbol $_1_DATA.EM.IT1 set to FALSE (logical)
 CNSsolve>eval(&data.em.itw = &em_itw) 
 EVALUATE: symbol $_1_DATA.EM.ITW set to FALSE (logical)
 CNSsolve>eval(&data.em.resolution = &em_resolution) 
 Assuming literal string "NONE"
 EVALUATE: symbol $_1_DATA.EM.RESOLUTION set to "NONE" (string)
 CNSsolve>eval(&data.em.nx = &nx) 
 EVALUATE: symbol $_1_DATA.EM.NX set to    32.0000     (real)
 CNSsolve>eval(&data.em.ny = &ny) 
 EVALUATE: symbol $_1_DATA.EM.NY set to    32.0000     (real)
 CNSsolve>eval(&data.em.nz = &nz) 
 EVALUATE: symbol $_1_DATA.EM.NZ set to    32.0000     (real)
 CNSsolve>eval(&data.em.xlength = &xlength) 
 EVALUATE: symbol $_1_DATA.EM.XLENGTH set to    80.0000     (real)
 CNSsolve>eval(&data.em.ylength = &ylength) 
 EVALUATE: symbol $_1_DATA.EM.YLENGTH set to    80.0000     (real)
 CNSsolve>eval(&data.em.zlength = &zlength) 
 EVALUATE: symbol $_1_DATA.EM.ZLENGTH set to    80.0000     (real)
 CNSsolve> 
 CNSsolve>if (&data.flags.em eq true) then 
 NEXTCD: condition evaluated as false
 CNSsolve>  eval(&data.waterdock = false) 
 CNSsolve>  display "EM restraints and solvated docking are incompatible - turning solvated docking OFF" 
 CNSsolve>end if 
 CNSsolve> 
 CNSsolve>if (&data.waterdock eq true) then 
 NEXTCD: condition evaluated as false
 CNSsolve>  evaluate (&saprotocol.rotate180_it0 = false) 
 CNSsolve>  evaluate (&saprotocol.rotate180_it1 = false) 
 CNSsolve>  evaluate (&SaProtocol.initiosteps = 0) 
 CNSsolve>  evaluate (&SaProtocol.cool1_steps = 0) 
 CNSsolve>  evaluate (&refine.keepwater = true) 
 CNSsolve>  display SOLVATED DOCKING TURNED ON: initiosteps and cool1_steps set to 0, rotate180 set to false 
 CNSsolve>end if 
 CNSsolve> 
 CNSsolve>! Flexible region cutoff 
 CNSsolve>evaluate (&data.flcut_nb = &flcut_nb) 
 EVALUATE: symbol $_1_DATA.FLCUT_NB set to    5.00000     (real)
 CNSsolve> 
 CNSsolve>evaluate ($log_level=quiet) 
 Assuming literal string "QUIET"
 EVALUATE: symbol $LOG_LEVEL set to "QUIET" (string)
 CNSsolve> 
 CNSsolve>if ( $log_level = verbose ) then 
 NEXTCD: condition evaluated as false
 CNSsolve>   set message=normal echo=on end 
 CNSsolve>else 
 CNSsolve>   set message=off echo=off end 
 CNSsolve>evaluate ($structurefile = "RUN:begin/" + $Filenames.fileroot + ".psf") 
 EVALUATE: symbol $STRUCTUREFILE set to "RUN:begin/complex.psf" (string)
 CNSsolve>structure @@$structurefile end 
 ASSFIL: file complex.psf opened.
 STRUcture>data_cns_mtf 
 REMARKS FILENAME="complex.psf"
 REMARKS DATE:27-Apr-2026  09:21:22       created by user: enmr
 REMARKS VERSION:1.3U
 Status of internal molecular topology database:
 -> NATOM=       1116(MAXA=     1000000)  NBOND=       1203(MAXB=     1000000)
 -> NTHETA=      2177(MAXT=     2000000)  NGRP=         353(MAXGRP=   1000000)
 -> NPHI=          22(MAXP=     2000000)  NIMPHI=       772(MAXIMP=   1000000)
 -> NNB=          102(MAXNB=    1000000) 
 STRUcture> 
 STRUcture> end 
 CNSsolve> 
 CNSsolve>! create and set the dummy atoms if centroids are required in rigid body stage 
 CNSsolve>if ($Data.flags.centroids = true) then 
 NEXTCD: condition evaluated as false
 CNSsolve>    if ($iteration = 0) then 
 CNSsolve>        @RUN:protocols/centroids_create.cns(ncomponents=$Data.ncomponents; Toppar=$Toppar;) 
 ASSFIL: file centroids_create.cns opened.
 CNSsolve>module (ncomponents; Toppar;) 
 CNSsolve>    {Create and initialize Dummy residues for each segid 
 CNSsolve> 
 CNSsolve>    Parameters 
 CNSsolve>    ---------- 
 CNSsolve>    ncomponents : int 
 CNSsolve>        Number of components/segids 
 CNSsolve> 
 CNSsolve>    Toppar : data-structure 
 CNSsolve>        The Toppar data-structure 
 CNSsolve> 
 CNSsolve>    Side-effects 
 CNSsolve>    ------------ 
 CNSsolve>    A DUM residue is appended to each segid and placed at the origin 
 CNSsolve>    } 
 CNSsolve> 
 CNSsolve>    ! define topology of DUM residue 
 CNSsolve>    topology 
 CNSsolve>        mass DD 100.00 
 CNSsolve>        residue DUM group 
 CNSsolve>            atom DUM type=DD charge=0.000 end 
 CNSsolve>            atom MAP type=DD charge=0.000 end 
 CNSsolve>        end 
 CNSsolve>    end 
 CNSsolve>    ! define non-bonded parameters 
 CNSsolve>    parameter 
 CNSsolve>        nonbonded DD 0.001 0.001 0.001 0.001 end 
 CNSsolve>    end 
 CNSsolve> 
 CNSsolve>    ! place dummy atom of dummy residue in the center of each chain 
 CNSsolve>    evaluate($nchain1 = 0) 
 CNSsolve>    while ($nchain1 < &ncomponents) loop nloopdum 
 CNSsolve>        evaluate($nchain1 = $nchain1 + 1) 
 CNSsolve> 
 CNSsolve>        ! create the dummy residue 
 CNSsolve>        segment 
 CNSsolve>            name="TMP1" 
 CNSsolve>            chain 
 CNSsolve>                sequence "DUM" end 
 CNSsolve>            end 
 CNSsolve>        end 
 CNSsolve> 
 CNSsolve>        ! set the residue id of dummy to last residue + 1 
 CNSsolve>        show max(decode(resid)) (segid &Toppar.prot_segid_$nchain1) 
 CNSsolve>        evaluate($maxresid = $result) 
 CNSsolve> 
 CNSsolve>        ! change the segid of the dummy residue 
 CNSsolve>        do (segid = &Toppar.prot_segid_$nchain1) (segid TMP1) 
 CNSsolve> 
 CNSsolve>        ! set residue id and coordinate of the dummy residue 
 CNSsolve>        do (x = 0) (segid &Toppar.prot_segid_$nchain1 and resn DUM) 
 CNSsolve>        do (y = 0) (segid &Toppar.prot_segid_$nchain1 and resn DUM) 
 CNSsolve>        do (z = 0) (segid &Toppar.prot_segid_$nchain1 and resn DUM) 
 CNSsolve>        do (resid = encode($maxresid + 1)) (segid &Toppar.prot_segid_$nchain1 and resn DUM) 
 CNSsolve> 
 CNSsolve>    end loop nloopdum 
 CNSsolve>        @RUN:protocols/centroids_initialize.cns 
 ASSFIL: file centroids_initialize.cns opened.
 CNSsolve>{Places DUM-residue on the center of each segid} 
 CNSsolve> 
 CNSsolve>eval($nchain1 = 0) 
 CNSsolve>while ($nchain1 < $data.ncomponents) loop nloop1 
 CNSsolve>    eval($nchain1 = $nchain1 + 1) 
 CNSsolve> 
 CNSsolve>    show ave(x) (segid $Toppar.prot_segid_$nchain1 and (not name H*) and (not resn DUM)) 
 CNSsolve>    eval($center.x = $RESULT) 
 CNSsolve>    show ave(y) (segid $Toppar.prot_segid_$nchain1 and (not name H*) and (not resn DUM)) 
 CNSsolve>    eval($center.y = $RESULT) 
 CNSsolve>    show ave(z) (segid $Toppar.prot_segid_$nchain1 and (not name H*) and (not resn DUM)) 
 CNSsolve>    eval($center.z = $RESULT) 
 CNSsolve> 
 CNSsolve>    do (x = $center.x) (segid $Toppar.prot_segid_$nchain1 and resn DUM) 
 CNSsolve>    do (y = $center.y) (segid $Toppar.prot_segid_$nchain1 and resn DUM) 
 CNSsolve>    do (z = $center.z) (segid $Toppar.prot_segid_$nchain1 and resn DUM) 
 CNSsolve>end loop nloop1 
 CNSsolve>    end if 
 CNSsolve>    if ($iteration = 1) then 
 CNSsolve>      if ($saprotocol.expand = true) then 
 CNSsolve>        @RUN:protocols/centroids_create.cns(ncomponents=$Data.ncomponents; Toppar=$Toppar;) 
 ASSFIL: file centroids_create.cns opened.
 CNSsolve>module (ncomponents; Toppar;) 
 CNSsolve>    {Create and initialize Dummy residues for each segid 
 CNSsolve> 
 CNSsolve>    Parameters 
 CNSsolve>    ---------- 
 CNSsolve>    ncomponents : int 
 CNSsolve>        Number of components/segids 
 CNSsolve> 
 CNSsolve>    Toppar : data-structure 
 CNSsolve>        The Toppar data-structure 
 CNSsolve> 
 CNSsolve>    Side-effects 
 CNSsolve>    ------------ 
 CNSsolve>    A DUM residue is appended to each segid and placed at the origin 
 CNSsolve>    } 
 CNSsolve> 
 CNSsolve>    ! define topology of DUM residue 
 CNSsolve>    topology 
 CNSsolve>        mass DD 100.00 
 CNSsolve>        residue DUM group 
 CNSsolve>            atom DUM type=DD charge=0.000 end 
 CNSsolve>            atom MAP type=DD charge=0.000 end 
 CNSsolve>        end 
 CNSsolve>    end 
 CNSsolve>    ! define non-bonded parameters 
 CNSsolve>    parameter 
 CNSsolve>        nonbonded DD 0.001 0.001 0.001 0.001 end 
 CNSsolve>    end 
 CNSsolve> 
 CNSsolve>    ! place dummy atom of dummy residue in the center of each chain 
 CNSsolve>    evaluate($nchain1 = 0) 
 CNSsolve>    while ($nchain1 < &ncomponents) loop nloopdum 
 CNSsolve>        evaluate($nchain1 = $nchain1 + 1) 
 CNSsolve> 
 CNSsolve>        ! create the dummy residue 
 CNSsolve>        segment 
 CNSsolve>            name="TMP1" 
 CNSsolve>            chain 
 CNSsolve>                sequence "DUM" end 
 CNSsolve>            end 
 CNSsolve>        end 
 CNSsolve> 
 CNSsolve>        ! set the residue id of dummy to last residue + 1 
 CNSsolve>        show max(decode(resid)) (segid &Toppar.prot_segid_$nchain1) 
 CNSsolve>        evaluate($maxresid = $result) 
 CNSsolve> 
 CNSsolve>        ! change the segid of the dummy residue 
 CNSsolve>        do (segid = &Toppar.prot_segid_$nchain1) (segid TMP1) 
 CNSsolve> 
 CNSsolve>        ! set residue id and coordinate of the dummy residue 
 CNSsolve>        do (x = 0) (segid &Toppar.prot_segid_$nchain1 and resn DUM) 
 CNSsolve>        do (y = 0) (segid &Toppar.prot_segid_$nchain1 and resn DUM) 
 CNSsolve>        do (z = 0) (segid &Toppar.prot_segid_$nchain1 and resn DUM) 
 CNSsolve>        do (resid = encode($maxresid + 1)) (segid &Toppar.prot_segid_$nchain1 and resn DUM) 
 CNSsolve> 
 CNSsolve>    end loop nloopdum 
 CNSsolve>        @RUN:protocols/centroids_initialize.cns 
 ASSFIL: file centroids_initialize.cns opened.
 CNSsolve>{Places DUM-residue on the center of each segid} 
 CNSsolve> 
 CNSsolve>eval($nchain1 = 0) 
 CNSsolve>while ($nchain1 < $data.ncomponents) loop nloop1 
 CNSsolve>    eval($nchain1 = $nchain1 + 1) 
 CNSsolve> 
 CNSsolve>    show ave(x) (segid $Toppar.prot_segid_$nchain1 and (not name H*) and (not resn DUM)) 
 CNSsolve>    eval($center.x = $RESULT) 
 CNSsolve>    show ave(y) (segid $Toppar.prot_segid_$nchain1 and (not name H*) and (not resn DUM)) 
 CNSsolve>    eval($center.y = $RESULT) 
 CNSsolve>    show ave(z) (segid $Toppar.prot_segid_$nchain1 and (not name H*) and (not resn DUM)) 
 CNSsolve>    eval($center.z = $RESULT) 
 CNSsolve> 
 CNSsolve>    do (x = $center.x) (segid $Toppar.prot_segid_$nchain1 and resn DUM) 
 CNSsolve>    do (y = $center.y) (segid $Toppar.prot_segid_$nchain1 and resn DUM) 
 CNSsolve>    do (z = $center.z) (segid $Toppar.prot_segid_$nchain1 and resn DUM) 
 CNSsolve>end loop nloop1 
 CNSsolve>        delete sele=(name MAP) end 
 CNSsolve>      end if 
 CNSsolve>    end if 
 CNSsolve>end if 
 CNSsolve> 
 CNSsolve>!for the rdc restraints: 
 CNSsolve>if ($Data.flags.sani = true) then 
 NEXTCD: condition evaluated as false
 CNSsolve>  topology  @@RUN:toppar/top_axis.pro end 
 CNSsolve>  parameter @@RUN:toppar/par_axis.pro end 
 CNSsolve>  structure @@RUN:toppar/tensor.psf end 
 CNSsolve>end if 
 CNSsolve>eval ($xtensor = false) 
 EVALUATE: symbol $XTENSOR set to FALSE (logical)
 CNSsolve>if ($Data.flags.xrdc = true) then 
 NEXTCD: condition evaluated as false
 CNSsolve>  eval ($xtensor = true) 
 CNSsolve>end if 
 CNSsolve>if ($Data.flags.xpcs = true) then 
 NEXTCD: condition evaluated as false
 CNSsolve>  eval ($xtensor = true) 
 CNSsolve>end if 
 CNSsolve>if ($xtensor = true) then 
 NEXTCD: condition evaluated as false
 CNSsolve>  topology  @@RUN:toppar/top_axis.pro end 
 CNSsolve>  parameter @@RUN:toppar/par_axis.pro end 
 CNSsolve>  structure @@RUN:toppar/tensor_para.psf end 
 CNSsolve>end if 
 CNSsolve>if ($Data.flags.dani = true) then 
 NEXTCD: condition evaluated as false
 CNSsolve>  topology  @@RUN:toppar/top_axis_dani.pro end 
 CNSsolve>  parameter @@RUN:toppar/par_axis.pro end 
 CNSsolve>  structure @@RUN:toppar/tensor_dani.psf end 
 CNSsolve>end if 
 CNSsolve> 
 CNSsolve>!read the parameter files: 
 CNSsolve>if ($toppar.par_nonbonded = "") then 
 NEXTCD: condition evaluated as false
 CNSsolve>  evaluate ($toppar.par_nonbonded = "OPLSX") 
 CNSsolve>end if 
 CNSsolve>evaluate ($par_nonbonded = $toppar.par_nonbonded) 
 EVALUATE: symbol $PAR_NONBONDED set to "OPLSX" (string)
 CNSsolve> 
 CNSsolve>eval($nchain1= 1) 
 EVALUATE: symbol $NCHAIN1 set to    1.00000     (real)
 CNSsolve>eval($coarse = false) 
 EVALUATE: symbol $COARSE set to FALSE (logical)
 CNSsolve>while ($nchain1 <= $data.ncomponents) loop cloop1 
 NEXTCD: condition evaluated as true
 CNSsolve>  evaluate ($par_cg_$nchain1 = false) 
 EVALUATE: symbol $PAR_CG_1 set to FALSE (logical)
 CNSsolve>  evaluate ($parstatus_cg_$nchain1 = false) 
 EVALUATE: symbol $PARSTATUS_CG_1 set to FALSE (logical)
 CNSsolve>  if ($toppar.cg_$nchain1 = true) then 
 NEXTCD: condition evaluated as false
 CNSsolve>    eval($coarse = true) 
 CNSsolve>    evaluate ($par_cg_$nchain1 = true) 
 CNSsolve>    evaluate ($parstatus_cg_$nchain1 = true) 
 CNSsolve>    if ( $iteration < 2) then 
 CNSsolve>      evaluate ($par_nonbonded_$nchain1 = "RUN:toppar/" + $toppar.prot_cg_par_$nchain1) 
 CNSsolve>      evaluate ($par_cg_nonbonded_$nchain1 = "RUN:toppar/" + $toppar.prot_cg_par_$nchain1) 
 CNSsolve>    else 
 CNSsolve>      evaluate ($par_nonbonded_$nchain1 = "RUN:toppar/" + $toppar.prot_par_$nchain1) 
 CNSsolve>      evaluate ($par_cg_nonbonded_$nchain1 = "RUN:toppar/" + $toppar.prot_cg_par_$nchain1) 
 CNSsolve>    end if 
 CNSsolve>  else 
 CNSsolve>    evaluate ($par_nonbonded_$nchain1 = "RUN:toppar/" + $toppar.prot_par_$nchain1) 
 EVALUATE: symbol $PAR_NONBONDED_1 set to "RUN:toppar/protein-allhdg5-4.param" (string)
 CNSsolve>  end if 
 CNSsolve>  eval($nchain1 = $nchain1 + 1) 
 EVALUATE: symbol $NCHAIN1 set to    2.00000     (real)
 CNSsolve>end loop cloop1 
 CNSsolve>while ($nchain1 <= $data.ncomponents) loop cloop1 
 NEXTCD: condition evaluated as true
 CNSsolve>  evaluate ($par_cg_$nchain1 = false) 
 EVALUATE: symbol $PAR_CG_2 set to FALSE (logical)
 CNSsolve>  evaluate ($parstatus_cg_$nchain1 = false) 
 EVALUATE: symbol $PARSTATUS_CG_2 set to FALSE (logical)
 CNSsolve>  if ($toppar.cg_$nchain1 = true) then 
 NEXTCD: condition evaluated as false
 CNSsolve>    eval($coarse = true) 
 CNSsolve>    evaluate ($par_cg_$nchain1 = true) 
 CNSsolve>    evaluate ($parstatus_cg_$nchain1 = true) 
 CNSsolve>    if ( $iteration < 2) then 
 CNSsolve>      evaluate ($par_nonbonded_$nchain1 = "RUN:toppar/" + $toppar.prot_cg_par_$nchain1) 
 CNSsolve>      evaluate ($par_cg_nonbonded_$nchain1 = "RUN:toppar/" + $toppar.prot_cg_par_$nchain1) 
 CNSsolve>    else 
 CNSsolve>      evaluate ($par_nonbonded_$nchain1 = "RUN:toppar/" + $toppar.prot_par_$nchain1) 
 CNSsolve>      evaluate ($par_cg_nonbonded_$nchain1 = "RUN:toppar/" + $toppar.prot_cg_par_$nchain1) 
 CNSsolve>    end if 
 CNSsolve>  else 
 CNSsolve>    evaluate ($par_nonbonded_$nchain1 = "RUN:toppar/" + $toppar.prot_par_$nchain1) 
 EVALUATE: symbol $PAR_NONBONDED_2 set to "RUN:toppar/dna-rna-allatom-hj-opls-1.3.param" (string)
 CNSsolve>  end if 
 CNSsolve>  eval($nchain1 = $nchain1 + 1) 
 EVALUATE: symbol $NCHAIN1 set to    3.00000     (real)
 CNSsolve>end loop cloop1 
 CNSsolve>while ($nchain1 <= $data.ncomponents) loop cloop1 
 NEXTCD: condition evaluated as false
 CNSsolve>  evaluate ($par_cg_$nchain1 = false) 
 CNSsolve>  evaluate ($parstatus_cg_$nchain1 = false) 
 CNSsolve>  if ($toppar.cg_$nchain1 = true) then 
 CNSsolve>    eval($coarse = true) 
 CNSsolve>    evaluate ($par_cg_$nchain1 = true) 
 CNSsolve>    evaluate ($parstatus_cg_$nchain1 = true) 
 CNSsolve>    if ( $iteration < 2) then 
 CNSsolve>      evaluate ($par_nonbonded_$nchain1 = "RUN:toppar/" + $toppar.prot_cg_par_$nchain1) 
 CNSsolve>      evaluate ($par_cg_nonbonded_$nchain1 = "RUN:toppar/" + $toppar.prot_cg_par_$nchain1) 
 CNSsolve>    else 
 CNSsolve>      evaluate ($par_nonbonded_$nchain1 = "RUN:toppar/" + $toppar.prot_par_$nchain1) 
 CNSsolve>      evaluate ($par_cg_nonbonded_$nchain1 = "RUN:toppar/" + $toppar.prot_cg_par_$nchain1) 
 CNSsolve>    end if 
 CNSsolve>  else 
 CNSsolve>    evaluate ($par_nonbonded_$nchain1 = "RUN:toppar/" + $toppar.prot_par_$nchain1) 
 CNSsolve>  end if 
 CNSsolve>  eval($nchain1 = $nchain1 + 1) 
 CNSsolve>end loop cloop1 
 CNSsolve> 
 CNSsolve>eval($nchain1= 0) 
 EVALUATE: symbol $NCHAIN1 set to    0.00000     (real)
 CNSsolve>while ($nchain1 < $data.ncomponents) loop cloop1 
 NEXTCD: condition evaluated as true
 CNSsolve>  eval($nchain1 = $nchain1 + 1) 
 EVALUATE: symbol $NCHAIN1 set to    1.00000     (real)
 CNSsolve>  eval($parstatus_$nchain1 = true) 
 EVALUATE: symbol $PARSTATUS_1 set to TRUE (logical)
 CNSsolve>end loop cloop1 
 CNSsolve>while ($nchain1 < $data.ncomponents) loop cloop1 
 NEXTCD: condition evaluated as true
 CNSsolve>  eval($nchain1 = $nchain1 + 1) 
 EVALUATE: symbol $NCHAIN1 set to    2.00000     (real)
 CNSsolve>  eval($parstatus_$nchain1 = true) 
 EVALUATE: symbol $PARSTATUS_2 set to TRUE (logical)
 CNSsolve>end loop cloop1 
 CNSsolve>while ($nchain1 < $data.ncomponents) loop cloop1 
 NEXTCD: condition evaluated as false
 CNSsolve>  eval($nchain1 = $nchain1 + 1) 
 CNSsolve>  eval($parstatus_$nchain1 = true) 
 CNSsolve>end loop cloop1 
 CNSsolve> 
 CNSsolve>eval($nchain1= 1) 
 EVALUATE: symbol $NCHAIN1 set to    1.00000     (real)
 CNSsolve>while ($nchain1 < $data.ncomponents) loop cloop2 
 NEXTCD: condition evaluated as true
 CNSsolve>  eval($nchain2 = $nchain1 + 1) 
 EVALUATE: symbol $NCHAIN2 set to    2.00000     (real)
 CNSsolve>  while ($nchain2 <= $data.ncomponents) loop cloop3 
 NEXTCD: condition evaluated as true
 CNSsolve>    if ($par_nonbonded_$nchain2 eq $par_nonbonded_$nchain1) then 
 NEXTCD: condition evaluated as false
 CNSsolve>      eval($parstatus_$nchain2 = false) 
 CNSsolve>    end if 
 CNSsolve>    eval($nchain2 = $nchain2 + 1) 
 EVALUATE: symbol $NCHAIN2 set to    3.00000     (real)
 CNSsolve>  end loop cloop3 
 CNSsolve>  while ($nchain2 <= $data.ncomponents) loop cloop3 
 NEXTCD: condition evaluated as false
 CNSsolve>    if ($par_nonbonded_$nchain2 eq $par_nonbonded_$nchain1) then 
 CNSsolve>      eval($parstatus_$nchain2 = false) 
 CNSsolve>    end if 
 CNSsolve>    eval($nchain2 = $nchain2 + 1) 
 CNSsolve>  end loop cloop3 
 CNSsolve>  eval($nchain1 = $nchain1 + 1) 
 EVALUATE: symbol $NCHAIN1 set to    2.00000     (real)
 CNSsolve>end loop cloop2 
 CNSsolve>while ($nchain1 < $data.ncomponents) loop cloop2 
 NEXTCD: condition evaluated as false
 CNSsolve>  eval($nchain2 = $nchain1 + 1) 
 CNSsolve>  while ($nchain2 <= $data.ncomponents) loop cloop3 
 CNSsolve>    if ($par_nonbonded_$nchain2 eq $par_nonbonded_$nchain1) then 
 CNSsolve>      eval($parstatus_$nchain2 = false) 
 CNSsolve>    end if 
 CNSsolve>    eval($nchain2 = $nchain2 + 1) 
 CNSsolve>  end loop cloop3 
 CNSsolve>  eval($nchain1 = $nchain1 + 1) 
 CNSsolve>end loop cloop2 
 CNSsolve> 
 CNSsolve>parameter @@$par_nonbonded_1 end 
 ASSFIL: file protein-allhdg5-4.param opened.
 PARRDR>remarks file toppar/protein-allhdg5-4.param 
 PARRDR>remark 
 PARRDR>remark   for file protein-allhdg-ucl.top  version UCL  date 14-MAR-00 
 PARRDR>remark   for file protein-allhdg-dih-ucl.top  version UCL  date 07-JUL-01 
 PARRDR>remark   Geometric energy function parameters for distance geometry and 
 PARRDR>remark   simulated annealing. 
 PARRDR>remark   Original author: Michael Nilges, EMBL Heidelberg 
 PARRDR>remark   Modifications: Mark A. Williams, UCL London 
 PARRDR>remark   Several modifications for HADDOCK: Alexandre Bonvin, Utrecht Uni 
 PARRDR>remark   Last modification 06-02-2021 
 PARRDR> 
 PARRDR>set message ? end eval ($old_message=$result) set echo ? end eval ($old_echo=$result) 
 MESSage=NORM
 EVALUATE: symbol $OLD_MESSAGE set to "NORM" (string)
 ECHO=TRUE {ON}
 EVALUATE: symbol $OLD_ECHO set to TRUE (logical)
 PARRDR>set message=off echo=off end 
 PARRDR> 
 PARRDR> 
 PARRDR> end 
 %PARRDR-info: duplication of angle CR1E CR1E CY2 
 CNSsolve>eval($nchain1= 2) 
 EVALUATE: symbol $NCHAIN1 set to    2.00000     (real)
 CNSsolve>while ($nchain1 <= $data.ncomponents) loop cloop1 
 NEXTCD: condition evaluated as true
 CNSsolve>  if ($parstatus_$nchain1 = true) then 
 NEXTCD: condition evaluated as true
 CNSsolve>    parameter @@$par_nonbonded_$nchain1 end 
 ASSFIL: file dna-rna-allatom-hj-opls-1.3.param opened.
 PARRDR>remarks file toppar/dna-rna-allatom.top 
 PARRDR>remarks  dna-rna-allatom-hj-opls-1.3.param 
 PARRDR>remarks  all-hydrogen dna/rna parameters using the OPLS force field 
 PARRDR> 
 PARRDR>!RNA PARAMETER FILE 'FRAMEWORK' FROM PARALLHDG.DNA AND ATOM NAMES 
 PARRDR>! AND HEAVY ATOM PARAMETERS FROM DNA-RNA.PARAM 
 PARRDR>!INCLUDES ALL NONEXCHANGEABLE HYDROGEN TERMS FOR BOND, ANGLE, AND 
 PARRDR>!IMPROPERS WITH ENERGY CONSTANT VARIABLES: $kchbond, $kchangle, AND $kchimpr. 
 PARRDR>!BOND, ANGLE, AND IMPROPERS WERE ESTIMATED FROM VALUES FROM THE STANDARD 
 PARRDR>!NUCLEOTIDES OF INSIGHTII 95.0 (BIOSYM/MOLECULAR SIMULATIONS). 
 PARRDR>!CREATED 2/24/96 -- JASON P. RIFE AND PETER B. MOORE 
 PARRDR>!ADDED OPLSX SECTION 6/2/07 -- HENRY JONKER 
 PARRDR>!ADAPTED/CLEANED FOR HADDOCK -- ALEXANDRE BONVIN 
 PARRDR> 
 PARRDR>set message ? end eval ($old_message=$result) set echo ? end eval ($old_echo=$result) 
 MESSage=NORM
 EVALUATE: symbol $OLD_MESSAGE set to "NORM" (string)
 ECHO=TRUE {ON}
 EVALUATE: symbol $OLD_ECHO set to TRUE (logical)
 PARRDR>set message=off echo=off end 
 PARRDR> 
 PARRDR> end 
 %PARRDR-info: duplication of bond HN   N3T 
 %PARRDR-info: duplication of angle CR1E CR1E CY2 
 %PARRDR-info: duplication of nonbonded entry H   
 %PARRDR-info: duplication of nonbonded entry HA  
 %PARRDR-info: duplication of nonbonded entry HC  
 %PARRDR-info: duplication of nonbonded entry OP1 
 %PARRDR-info: duplication of nonbonded entry OH  
 %PARRDR-info: duplication of nonbonded entry P   
 %PARRDR-info: duplication of nonbonded entry HO  
 %PARRDR-info: duplication of nonbonded entry HN  
 CNSsolve>  end if 
 CNSsolve>  eval($nchain1 = $nchain1 + 1) 
 EVALUATE: symbol $NCHAIN1 set to    3.00000     (real)
 CNSsolve>end loop cloop1 
 CNSsolve>while ($nchain1 <= $data.ncomponents) loop cloop1 
 NEXTCD: condition evaluated as false
 CNSsolve>  if ($parstatus_$nchain1 = true) then 
 CNSsolve>    parameter @@$par_nonbonded_$nchain1 end 
 CNSsolve>  end if 
 CNSsolve>  eval($nchain1 = $nchain1 + 1) 
 CNSsolve>end loop cloop1 
 CNSsolve> 
 CNSsolve>parameter 
 PARRDR>  nbonds 
 NBDSET>    nbxmod=5 atom cdie shift 
 NBDSET>    cutnb=9.5 ctofnb=8.5 ctonnb=6.5 eps=1.0 e14fac=0.4 inhibit 0.25 
 NBDSET>    wmin=0.5 tolerance  0.5 
 NBDSET>  end 
 PARRDR>end 
 %PARRDR-info: duplication of bond HN   N3T 
 %PARRDR-info: duplication of angle CR1E CR1E CY2 
 %PARRDR-info: duplication of nonbonded entry H   
 %PARRDR-info: duplication of nonbonded entry HA  
 %PARRDR-info: duplication of nonbonded entry HC  
 %PARRDR-info: duplication of nonbonded entry OP1 
 %PARRDR-info: duplication of nonbonded entry OH  
 %PARRDR-info: duplication of nonbonded entry P   
 %PARRDR-info: duplication of nonbonded entry HO  
 %PARRDR-info: duplication of nonbonded entry HN  
 CNSsolve> 
 CNSsolve>if ($coarse eq true) then 
 NEXTCD: condition evaluated as false
 CNSsolve>  if ( $iteration == 2) then 
 CNSsolve>    ! We need to read both the AA and CG parameters, but avoid duplication 
 CNSsolve>    eval($nchain1= 1) 
 CNSsolve>    while ($nchain1 <= $data.ncomponents) loop cloop1 
 CNSsolve>      if ($par_cg_$nchain1 eq true) then 
 CNSsolve>        eval($nchain2 = $nchain1 + 1) 
 CNSsolve>        while ($nchain2 <= $data.ncomponents) loop cloop2 
 CNSsolve>          if ($par_cg_$nchain2 eq true) then 
 CNSsolve>            if ($par_cg_nonbonded_$nchain2 eq $par_cg_nonbonded_$nchain1) then 
 CNSsolve>              eval($parstatus_cg_$nchain2 = false) 
 CNSsolve>            end if 
 CNSsolve>          end if 
 CNSsolve>          eval($nchain2 = $nchain2 + 1) 
 CNSsolve>        end loop cloop2 
 CNSsolve>      else 
 CNSsolve>        eval($parstatus_cg_$nchain1 = false) 
 CNSsolve>      end if 
 CNSsolve>      eval($nchain1 = $nchain1 + 1) 
 CNSsolve>    end loop cloop1 
 CNSsolve> 
 CNSsolve>    eval($nchain1= 1) 
 CNSsolve>    while ($nchain1 <= $data.ncomponents) loop cloop1 
 CNSsolve>      if ($parstatus_cg_$nchain1 = true) then 
 CNSsolve>        parameter @@$par_cg_nonbonded_$nchain1 end 
 CNSsolve>      end if 
 CNSsolve>      eval($nchain1 = $nchain1 + 1) 
 CNSsolve>    end loop cloop1 
 CNSsolve> 
 CNSsolve>  else 
 CNSsolve>    ! Only CG paramters have been read - only need to set the nonbonded flags 
 CNSsolve>    parameter 
 CNSsolve>      nbonds 
 CNSsolve>        nbxmod=5 atom cdie shift 
 CNSsolve>        cutnb=15.0 ctofnb=14.0 ctonnb=12.0 eps=1.0 e14fac=0.4 inhibit 0.25 
 CNSsolve>        wmin=0.5 tolerance  0.5 
 CNSsolve>      end 
 CNSsolve>    end 
 CNSsolve>  end if 
 CNSsolve>end if 
 CNSsolve> 
 CNSsolve>! this is required for protein-DNA complexes 
 CNSsolve>! bur not needed if a DNA param file has already been defined 
 CNSsolve>if ( &BLANK%nucl_parameter_infile = false ) then 
 NEXTCD: condition evaluated as true
 CNSsolve>  eval($dnaparam = "RUN:toppar/" + &nucl_parameter_infile) 
 EVALUATE: symbol $DNAPARAM set to "RUN:toppar/dna-rna-allatom-hj-opls-1.3.param" (string)
 CNSsolve>  eval($read_dna_param = true) 
 EVALUATE: symbol $READ_DNA_PARAM set to TRUE (logical)
 CNSsolve>  eval($nchain1 = 1) 
 EVALUATE: symbol $NCHAIN1 set to    1.00000     (real)
 CNSsolve>  while ($nchain1 <= $data.ncomponents) loop cloop1 
 NEXTCD: condition evaluated as true
 CNSsolve>    if ($par_nonbonded_$nchain1 = $dnaparam) then 
 NEXTCD: condition evaluated as false
 CNSsolve>      eval($read_dna_param = false) 
 CNSsolve>    end if 
 CNSsolve>    eval($nchain1 = $nchain1 + 1) 
 EVALUATE: symbol $NCHAIN1 set to    2.00000     (real)
 CNSsolve>  end loop cloop1 
 CNSsolve>  while ($nchain1 <= $data.ncomponents) loop cloop1 
 NEXTCD: condition evaluated as true
 CNSsolve>    if ($par_nonbonded_$nchain1 = $dnaparam) then 
 NEXTCD: condition evaluated as true
 CNSsolve>      eval($read_dna_param = false) 
 EVALUATE: symbol $READ_DNA_PARAM set to FALSE (logical)
 CNSsolve>    end if 
 CNSsolve>    eval($nchain1 = $nchain1 + 1) 
 EVALUATE: symbol $NCHAIN1 set to    3.00000     (real)
 CNSsolve>  end loop cloop1 
 CNSsolve>  while ($nchain1 <= $data.ncomponents) loop cloop1 
 NEXTCD: condition evaluated as false
 CNSsolve>    if ($par_nonbonded_$nchain1 = $dnaparam) then 
 CNSsolve>      eval($read_dna_param = false) 
 CNSsolve>    end if 
 CNSsolve>    eval($nchain1 = $nchain1 + 1) 
 CNSsolve>  end loop cloop1 
 CNSsolve>  if ($read_dna_param = true) then 
 NEXTCD: condition evaluated as false
 CNSsolve>    param @@$dnaparam end 
 CNSsolve>  end if 
 CNSsolve>end if 
 CNSsolve> 
 CNSsolve>! and the same for the CG version 
 CNSsolve>if ($coarse eq true) then 
 NEXTCD: condition evaluated as false
 CNSsolve>  if ( &BLANK%nucl_cgparameter_infile = false ) then 
 CNSsolve>    eval($dnacgparam = "RUN:toppar/" + &nucl_cgparameter_infile) 
 CNSsolve>    eval($read_dna_cgparam = true) 
 CNSsolve>    eval($nchain1 = 1) 
 CNSsolve>    while ($nchain1 <= $data.ncomponents) loop cloop1 
 CNSsolve>      if ($par_cg_nonbonded_$nchain1 = $dnacgparam) then 
 CNSsolve>        eval($read_dna_cgparam = false) 
 CNSsolve>      end if 
 CNSsolve>      eval($nchain1 = $nchain1 + 1) 
 CNSsolve>    end loop cloop1 
 CNSsolve>    if ($read_dna_cgparam = true) then 
 CNSsolve>      param @@$dnacgparam end 
 CNSsolve>    end if 
 CNSsolve>  end if 
 CNSsolve>end if 
 CNSsolve> 
 CNSsolve>parameter @@RUN:toppar/carbohydrate.param end 
 ASSFIL: file carbohydrate.param opened.
 PARRDR>remarks file toppar/carbohydrate.param 
 PARRDR>REMARKS Parameter file for pyranose sugars 
 PARRDR>REMARKS Alexandre Bonvin - adapted to use unique atom types for sugar-specific atoms 
 PARRDR>REMARKS Joao Rodrigues 11-June-2020 
 PARRDR>REMARKS Parameters updated to Feng, PLoS One, 2017 
 PARRDR>REMARKS PMC 5726640 
 PARRDR> 
 PARRDR>REMARKS Bill Weis 10-July-1988 
 PARRDR>REMARKS Additions for atom type combinations not covered in PARAM19X.PRO. 
 PARRDR>REMARKS Needed additions are for ether oxygen and aliphatic carbon in all-atom 
 PARRDR>REMARKS representation used for sugars (type CC).  Ditto for type HA. 
 PARRDR>REMARKS Values from J. Brady glucose parameters unless noted. 
 PARRDR>REMARKS These should be sufficient for refinement. 
 PARRDR> 
 PARRDR>REMARKS Additions 6-March-1992 Bill Weis 
 PARRDR>REMARKS New atom types CCA, CCE,  OASfor the C1 & O1 positions to account 
 PARRDR>REMARKS for different BOND and ANGLe values due to the anomeric effect. 
 PARRDR>REMARKS More accurate equilibrium values for BOND ANGLe around this oxygen 
 PARRDR>REMARKS in glycosidic linkages.  CCE for equatorial O1, CCA for 
 PARRDR>REMAKRS axial O1.   For free sugar, keep OH1 as O1 atomtype; changed to OA 
 PARRDR>REMARKS for linkages. 
 PARRDR>REMARKS References: G.A. Jeffrey (1990) Acta Cryst B46, 89-103; 
 PARRDR>REMARKS K. Hirotsu & A.Shimada, (1974) Bull. Chem. Soc. Japan, 47, 1872-1879. 
 PARRDR> 
 PARRDR>REMARKS  This set has been modified to be roughly consistent with 
 PARRDR>REMARKS  the csd-derived protein parameters of Engh and Huber. 
 PARRDR>REMARKS  New atom type CC6 for exocyclic 6 carbon 
 PARRDR>REMARKS  Bill Weis 5/11/92 
 PARRDR> 
 PARRDR>set message ? end eval ($old_message=$result) set echo ? end eval ($old_echo=$result) 
 MESSage=NORM
 EVALUATE: symbol $OLD_MESSAGE set to "NORM" (string)
 ECHO=TRUE {ON}
 EVALUATE: symbol $OLD_ECHO set to TRUE (logical)
 PARRDR>set message=off echo=off end 
 PARRDR> 
 PARRDR> 
 PARRDR> end 
 %PARRDR-info: duplication of bond CH1E OAS 
 %PARRDR-info: duplication of bond HN   N3T 
 %PARRDR-info: duplication of angle CH2E C    NH1 
 %PARRDR-info: duplication of angle CR1E CR1E CY2 
 %PARRDR-info: duplication of nonbonded entry H   
 %PARRDR-info: duplication of nonbonded entry HA  
 %PARRDR-info: duplication of nonbonded entry HC  
 %PARRDR-info: duplication of nonbonded entry OP1 
 %PARRDR-info: duplication of nonbonded entry OH  
 %PARRDR-info: duplication of nonbonded entry P   
 %PARRDR-info: duplication of nonbonded entry HO  
 %PARRDR-info: duplication of nonbonded entry HN  
 CNSsolve>parameter @@RUN:toppar/ion.param end 
 ASSFIL: file ion.param opened.
 PARRDR>remarks file toppar/ion.param 
 PARRDR>remarks nonbonded parameters for common ions 
 PARRDR>remarks new parameters derived from literature for single atom species 
 PARRDR>remarks PDA 02/09/99 
 PARRDR> 
 PARRDR>set echo=off end 
 PARRDR> end 
 %PARRDR-info: duplication of bond CH1E OAS 
 %PARRDR-info: duplication of bond HN   N3T 
 %PARRDR-info: duplication of angle CH2E C    NH1 
 %PARRDR-info: duplication of angle CR1E CR1E CY2 
 %PARRDR-info: duplication of nonbonded entry H   
 %PARRDR-info: duplication of nonbonded entry HA  
 %PARRDR-info: duplication of nonbonded entry HC  
 %PARRDR-info: duplication of nonbonded entry OP1 
 %PARRDR-info: duplication of nonbonded entry OH  
 %PARRDR-info: duplication of nonbonded entry P   
 %PARRDR-info: duplication of nonbonded entry HO  
 %PARRDR-info: duplication of nonbonded entry HN  
 %PARRDR-info: duplication of nonbonded entry HO  
 %PARRDR-info: duplication of nonbonded entry HO  
 CNSsolve>parameter @@RUN:toppar/ligand.param end 
 ASSFIL: file ligand.param opened.
 PARRDR>! Put in this file your ligand parameters if needed 
 PARRDR>! 
 PARRDR>! 
 PARRDR>!       This file was generated by PRODRG version 070118.0614 
 PARRDR>!       PRODRG written/copyrighted by Daan van Aalten 
 PARRDR>!       and Alexander Schuettelkopf 
 PARRDR>! 
 PARRDR>!       Questions/comments to dava@davapc1.bioch.dundee.ac.uk 
 PARRDR>! 
 PARRDR>!       When using this software in a publication, cite: 
 PARRDR>!       A. W. Schuettelkopf and D. M. F. van Aalten (2004). 
 PARRDR>!       PRODRG - a tool for high-throughput crystallography 
 PARRDR>!       of protein-ligand complexes. 
 PARRDR>!       Acta Crystallogr. D60, 1355--1363. 
 PARRDR>! 
 PARRDR>! 
 PARRDR>!  *** NOTE *** IF YOU USE MORE THAN ONE PRODRG-GENERATED TOPOLOGY IN CNS, 
 PARRDR>!               PLEASE CAREFULLY READ THE FAQ AS THIS MAY CAUSE PROBLEMS 
 PARRDR>! 
 PARRDR>! 
 PARRDR>set echo=off message=on end 
 EVALUATE: symbol $PD_X set to    1.00000     (real)
 EVALUATE: symbol $PD_V set to    17900.0     (real)
 EVALUATE: symbol $PD_V set to    16000.0     (real)
 EVALUATE: symbol $PD_V set to    18000.0     (real)
 EVALUATE: symbol $PD_V set to    18000.0     (real)
 EVALUATE: symbol $PD_V set to    16000.0     (real)
 EVALUATE: symbol $PD_V set to    17900.0     (real)
 EVALUATE: symbol $PD_V set to    17900.0     (real)
 EVALUATE: symbol $PD_V set to    16000.0     (real)
 EVALUATE: symbol $PD_V set to    16000.0     (real)
 EVALUATE: symbol $PD_V set to    16000.0     (real)
 EVALUATE: symbol $PD_V set to    16000.0     (real)
 EVALUATE: symbol $PD_V set to    16000.0     (real)
 EVALUATE: symbol $PD_V set to    16000.0     (real)
 EVALUATE: symbol $PD_V set to    16000.0     (real)
 EVALUATE: symbol $PD_V set to    15000.0     (real)
 EVALUATE: symbol $PD_V set to    15000.0     (real)
 EVALUATE: symbol $PD_V set to    12000.0     (real)
 EVALUATE: symbol $PD_V set to    16000.0     (real)
 EVALUATE: symbol $PD_V set to    17900.0     (real)
 EVALUATE: symbol $PD_V set to    20000.0     (real)
 EVALUATE: symbol $PD_V set to    18000.0     (real)
 EVALUATE: symbol $PD_V set to    20000.0     (real)
 EVALUATE: symbol $PD_V set to    17900.0     (real)
 EVALUATE: symbol $PD_V set to    17900.0     (real)
 EVALUATE: symbol $PD_V set to    17900.0     (real)
 EVALUATE: symbol $PD_V set to    18000.0     (real)
 EVALUATE: symbol $PD_V set to    16000.0     (real)
 EVALUATE: symbol $PD_V set to    16000.0     (real)
 EVALUATE: symbol $PD_V set to    12000.0     (real)
 EVALUATE: symbol $PD_V set to    18000.0     (real)
 EVALUATE: symbol $PD_V set to    24000.0     (real)
 EVALUATE: symbol $PD_V set to    18000.0     (real)
 EVALUATE: symbol $PD_V set to    17900.0     (real)
 EVALUATE: symbol $PD_V set to    17900.0     (real)
 EVALUATE: symbol $PD_V set to    720.000     (real)
 EVALUATE: symbol $PD_V set to    800.000     (real)
 EVALUATE: symbol $PD_V set to    800.000     (real)
 EVALUATE: symbol $PD_V set to    800.000     (real)
 EVALUATE: symbol $PD_V set to    800.000     (real)
 EVALUATE: symbol $PD_V set to    800.000     (real)
 EVALUATE: symbol $PD_V set to    800.000     (real)
 EVALUATE: symbol $PD_V set to    800.000     (real)
 EVALUATE: symbol $PD_V set to    640.000     (real)
 EVALUATE: symbol $PD_V set to    800.000     (real)
 EVALUATE: symbol $PD_V set to    800.000     (real)
 EVALUATE: symbol $PD_V set to    800.000     (real)
 EVALUATE: symbol $PD_V set to    880.000     (real)
 EVALUATE: symbol $PD_V set to    880.000     (real)
 EVALUATE: symbol $PD_V set to    880.000     (real)
 EVALUATE: symbol $PD_V set to    880.000     (real)
 EVALUATE: symbol $PD_V set to    880.000     (real)
 EVALUATE: symbol $PD_V set to    760.000     (real)
 EVALUATE: symbol $PD_V set to    880.000     (real)
 EVALUATE: symbol $PD_V set to    880.000     (real)
 EVALUATE: symbol $PD_V set to    760.000     (real)
 EVALUATE: symbol $PD_V set to    760.000     (real)
 EVALUATE: symbol $PD_V set to    880.000     (real)
 EVALUATE: symbol $PD_V set to    760.000     (real)
 EVALUATE: symbol $PD_V set to    760.000     (real)
 EVALUATE: symbol $PD_V set to    760.000     (real)
 EVALUATE: symbol $PD_V set to    880.000     (real)
 EVALUATE: symbol $PD_V set to    880.000     (real)
 EVALUATE: symbol $PD_V set to    800.000     (real)
 EVALUATE: symbol $PD_V set to    800.000     (real)
 EVALUATE: symbol $PD_V set to    720.000     (real)
 EVALUATE: symbol $PD_V set to    800.000     (real)
 EVALUATE: symbol $PD_V set to    800.000     (real)
 EVALUATE: symbol $PD_V set to    800.000     (real)
 EVALUATE: symbol $PD_V set to    800.000     (real)
 EVALUATE: symbol $PD_V set to    800.000     (real)
 EVALUATE: symbol $PD_V set to    640.000     (real)
 EVALUATE: symbol $PD_V set to    720.000     (real)
 EVALUATE: symbol $PD_V set to    800.000     (real)
 EVALUATE: symbol $PD_V set to    800.000     (real)
 EVALUATE: symbol $PD_V set to    880.000     (real)
 EVALUATE: symbol $PD_V set to    880.000     (real)
 EVALUATE: symbol $PD_V set to    880.000     (real)
 EVALUATE: symbol $PD_V set to    880.000     (real)
 EVALUATE: symbol $PD_V set to    880.000     (real)
 EVALUATE: symbol $PD_V set to    880.000     (real)
 EVALUATE: symbol $PD_V set to    544.000     (real)
 EVALUATE: symbol $PD_V set to    640.000     (real)
 EVALUATE: symbol $PD_V set to    800.000     (real)
 EVALUATE: symbol $PD_V set to    800.000     (real)
 EVALUATE: symbol $PD_V set to    960.000     (real)
 EVALUATE: symbol $PD_V set to    560.000     (real)
 EVALUATE: symbol $PD_V set to    560.000     (real)
 EVALUATE: symbol $PD_V set to    640.000     (real)
 EVALUATE: symbol $PD_V set to    800.000     (real)
 EVALUATE: symbol $PD_V set to    800.000     (real)
 EVALUATE: symbol $PD_V set to    800.000     (real)
 EVALUATE: symbol $PD_V set to    800.000     (real)
 EVALUATE: symbol $PD_V set to    800.000     (real)
 EVALUATE: symbol $PD_V set to    800.000     (real)
 EVALUATE: symbol $PD_V set to    800.000     (real)
 EVALUATE: symbol $PD_V set to    800.000     (real)
 EVALUATE: symbol $PD_V set to    800.000     (real)
 EVALUATE: symbol $PD_V set to    800.000     (real)
 EVALUATE: symbol $PD_V set to    400.000     (real)
 EVALUATE: symbol $PD_V set to    400.000     (real)
 EVALUATE: symbol $PD_V set to    400.000     (real)
 EVALUATE: symbol $PD_V set to    400.000     (real)
 EVALUATE: symbol $PD_V set to    640.000     (real)
 EVALUATE: symbol $PD_V set to    8.10000     (real)
 EVALUATE: symbol $PD_V set to    640.000     (real)
 EVALUATE: symbol $PD_V set to    640.000     (real)
 EVALUATE: symbol $PD_V set to   0.100000     (real)
 EVALUATE: symbol $PD_V set to   0.100000     (real)
 EVALUATE: symbol $PD_V set to    19.6000     (real)
 EVALUATE: symbol $PD_V set to    19.6000     (real)
 EVALUATE: symbol $PD_V set to   0.900000     (real)
 EVALUATE: symbol $PD_V set to   0.900000     (real)
 EVALUATE: symbol $PD_V set to    19.6000     (real)
 EVALUATE: symbol $PD_V set to    0.00000     (real)
 EVALUATE: symbol $PD_V set to    19.6000     (real)
 EVALUATE: symbol $PD_V set to    640.000     (real)
 EVALUATE: symbol $PD_V set to    640.000     (real)
 EVALUATE: symbol $PD_V set to    640.000     (real)
 EVALUATE: symbol $PD_V set to    8.10000     (real)
 EVALUATE: symbol $PD_V set to    19.6000     (real)
 EVALUATE: symbol $PD_V set to    19.6000     (real)
 EVALUATE: symbol $PD_V set to    8.10000     (real)
 EVALUATE: symbol $PD_V set to    160.000     (real)
 EVALUATE: symbol $PD_V set to    640.000     (real)
 PARRDR> end 
 %PARRDR-info: duplication of bond CH1E OAS 
 %PARRDR-info: duplication of bond HN   N3T 
 %PARRDR-info: duplication of angle CH2E C    NH1 
 %PARRDR-info: duplication of angle CR1E CR1E CY2 
 %PARRDR-info: duplication of nonbonded entry H   
 %PARRDR-info: duplication of nonbonded entry HA  
 %PARRDR-info: duplication of nonbonded entry HC  
 %PARRDR-info: duplication of nonbonded entry OP1 
 %PARRDR-info: duplication of nonbonded entry OH  
 %PARRDR-info: duplication of nonbonded entry P   
 %PARRDR-info: duplication of nonbonded entry HO  
 %PARRDR-info: duplication of nonbonded entry HN  
 %PARRDR-info: duplication of nonbonded entry HO  
 %PARRDR-info: duplication of nonbonded entry HO  
 CNSsolve>parameter @@RUN:toppar/fragment_probes.param end 
 ASSFIL: file fragment_probes.param opened.
 PARRDR>Remarks Parameters for Fragment-based Ligand Binding Site Mapping 
 PARRDR>Remarks created by acpype (Rev: 7268) on Mon Apr 13 10:01:53 2015 
 PARRDR> 
 PARRDR>set echo=false end 
 PARRDR> end 
 %PARRDR-info: duplication of bond CH1E OAS 
 %PARRDR-info: duplication of bond HN   N3T 
 %PARRDR-info: duplication of angle CH2E C    NH1 
 %PARRDR-info: duplication of angle CR1E CR1E CY2 
 %PARRDR-info: duplication of nonbonded entry H   
 %PARRDR-info: duplication of nonbonded entry HA  
 %PARRDR-info: duplication of nonbonded entry HC  
 %PARRDR-info: duplication of nonbonded entry OP1 
 %PARRDR-info: duplication of nonbonded entry OH  
 %PARRDR-info: duplication of nonbonded entry P   
 %PARRDR-info: duplication of nonbonded entry HO  
 %PARRDR-info: duplication of nonbonded entry HN  
 %PARRDR-info: duplication of nonbonded entry HO  
 %PARRDR-info: duplication of nonbonded entry HO  
 CNSsolve>parameter @@RUN:toppar/hemes-allhdg.param end 
 ASSFIL: file hemes-allhdg.param opened.
 PARRDR>remark  file parallhdg.hemes 
 PARRDR> 
 PARRDR>set message off echo off end 
 PARRDR> end 
 %PARRDR-info: duplication of bond C    OC  
 %PARRDR-info: duplication of bond CH1E OAS 
 %PARRDR-info: duplication of bond HN   N3T 
 %PARRDR-info: duplication of angle CH2E C    NH1 
 %PARRDR-info: duplication of angle CR1E CR1E CY2 
 %PARRDR-info: duplication of angle OC   C    OC  
 %PARRDR-info: duplication of nonbonded entry H   
 %PARRDR-info: duplication of nonbonded entry HA  
 %PARRDR-info: duplication of nonbonded entry HC  
 %PARRDR-info: duplication of nonbonded entry OP1 
 %PARRDR-info: duplication of nonbonded entry OH  
 %PARRDR-info: duplication of nonbonded entry P   
 %PARRDR-info: duplication of nonbonded entry HO  
 %PARRDR-info: duplication of nonbonded entry HN  
 %PARRDR-info: duplication of nonbonded entry HO  
 %PARRDR-info: duplication of nonbonded entry HO  
 %PARRDR-info: duplication of nonbonded entry HA  
 %PARRDR-info: duplication of nonbonded entry HA  
 %PARRDR-info: duplication of nonbonded entry OC  
 %PARRDR-info: duplication of nonbonded entry C   
 CNSsolve>parameter @@RUN:toppar/water-allhdg5-4.param end 
 ASSFIL: file water-allhdg5-4.param opened.
 PARRDR>remarks file toppar/water-allhdg5-4.param 
 PARRDR>remarks 
 PARRDR>remarks   PARAM19.SOL (solvent parameters) 
 PARRDR>remarks   =========== 
 PARRDR>remarks   available: TIPS3P and DMSO model 
 PARRDR> 
 PARRDR>set message ? end eval ($old_message=$result) set echo ? end eval ($old_echo=$result) 
 MESSage=NORM
 EVALUATE: symbol $OLD_MESSAGE set to "NORM" (string)
 ECHO=TRUE {ON}
 EVALUATE: symbol $OLD_ECHO set to TRUE (logical)
 PARRDR>set message=off echo=off end 
 PARRDR> end 
 %PARRDR-info: duplication of bond C    OC  
 %PARRDR-info: duplication of bond CH1E OAS 
 %PARRDR-info: duplication of bond HN   N3T 
 %PARRDR-info: duplication of angle CH2E C    NH1 
 %PARRDR-info: duplication of angle CR1E CR1E CY2 
 %PARRDR-info: duplication of angle OC   C    OC  
 %PARRDR-info: duplication of nonbonded entry H   
 %PARRDR-info: duplication of nonbonded entry HA  
 %PARRDR-info: duplication of nonbonded entry HC  
 %PARRDR-info: duplication of nonbonded entry OP1 
 %PARRDR-info: duplication of nonbonded entry OH  
 %PARRDR-info: duplication of nonbonded entry P   
 %PARRDR-info: duplication of nonbonded entry HO  
 %PARRDR-info: duplication of nonbonded entry HN  
 %PARRDR-info: duplication of nonbonded entry HO  
 %PARRDR-info: duplication of nonbonded entry HO  
 %PARRDR-info: duplication of nonbonded entry HA  
 %PARRDR-info: duplication of nonbonded entry HA  
 %PARRDR-info: duplication of nonbonded entry OC  
 %PARRDR-info: duplication of nonbonded entry C   
 CNSsolve>parameter @@RUN:toppar/shape.param end 
 ASSFIL: file shape.param opened.
 PARRDR>NONBonded  SHA    0.01  0.01     0.01  0.01 
 PARRDR> 
 PARRDR>BOND SHA  SHA  0.0	2.0 
 PARRDR> 
 PARRDR> end 
 %PARRDR-info: duplication of bond C    OC  
 %PARRDR-info: duplication of bond CH1E OAS 
 %PARRDR-info: duplication of bond HN   N3T 
 %PARRDR-info: duplication of angle CH2E C    NH1 
 %PARRDR-info: duplication of angle CR1E CR1E CY2 
 %PARRDR-info: duplication of angle OC   C    OC  
 %PARRDR-info: duplication of nonbonded entry H   
 %PARRDR-info: duplication of nonbonded entry HA  
 %PARRDR-info: duplication of nonbonded entry HC  
 %PARRDR-info: duplication of nonbonded entry OP1 
 %PARRDR-info: duplication of nonbonded entry OH  
 %PARRDR-info: duplication of nonbonded entry P   
 %PARRDR-info: duplication of nonbonded entry HO  
 %PARRDR-info: duplication of nonbonded entry HN  
 %PARRDR-info: duplication of nonbonded entry HO  
 %PARRDR-info: duplication of nonbonded entry HO  
 %PARRDR-info: duplication of nonbonded entry HA  
 %PARRDR-info: duplication of nonbonded entry HA  
 %PARRDR-info: duplication of nonbonded entry OC  
 %PARRDR-info: duplication of nonbonded entry C   
 CNSsolve> 
 CNSsolve>igroup 
 IGROup>  interaction  (not (resn ANI or resn DAN or resn XAN or resn DUM or resn SHA)) 
 SELRPN:   1116 atoms have been selected out of   1116
 SELRPN>               (not (resn ANI or resn DAN or resn XAN or resn DUM or resn SHA)) weight * 1 end 
 SELRPN:   1116 atoms have been selected out of   1116
 IGROup>  interaction  (resn ANI or resn DAN or resn XAN or resn DUM or resn DUM) 
 SELRPN:      0 atoms have been selected out of   1116
 SELRPN>               (resn ANI or resn DAN or resn XAN or resn DUM or resn DUM) weight * 1 vdw 0.0 elec 0.0 end 
 SELRPN:      0 atoms have been selected out of   1116
 IGROup>  interaction  (resn SHA) (not resn SHA) weight * 0 end 
 SELRPN:      0 atoms have been selected out of   1116
 SELRPN:   1116 atoms have been selected out of   1116
 IGROup> 
 IGROup>end 
 CNSsolve> 
 CNSsolve>inline @RUN:protocols/charge-beads-interactions.cns 
 ASSFIL: file charge-beads-interactions.cns opened.
 CNSsolve>! charge-beads-interactions.cns 
 CNSsolve>! 
 CNSsolve>! *********************************************************************** 
 CNSsolve>! * Copyright 2003-2018 Alexandre Bonvin, Utrecht University.           * 
 CNSsolve>! * Originally adapted from Aria 1.2 from Nilges and Linge, EMBL.       * 
 CNSsolve>! * and from the CNS distriution of Brunger and Adams                   * 
 CNSsolve>! * All rights reserved.                                                * 
 CNSsolve>! * This code is part of the HADDOCK software and governed by its       * 
 CNSsolve>! * license. Please see the LICENSE file that should have been included * 
 CNSsolve>! * as part of this package.                                            * 
 CNSsolve>! *********************************************************************** 
 CNSsolve>! 
 CNSsolve>for $id1 in id ( (resn SER or resn THR or resn ASN or resn GLN) and name BB ) loop c1beads 
 SELRPN:      0 atoms have been selected out of   1116
 CNSsolve> 
 CNSsolve>   show (segid) (id $id1) 
 CNSsolve>   evaluate ($cgsegid=$result) 
 CNSsolve>   show (resid) (id $id1) 
 CNSsolve>   evaluate ($cgresid=$result) 
 CNSsolve> 
 CNSsolve>   igroup 
 CNSsolve>     ! turn off all vdw interactions between charged beads and all beads 
 CNSsolve>     interaction (segid $cgsegid and resid $cgresid and name SCD1) (all) weight vdw 0.0 end 
 CNSsolve>     interaction (segid $cgsegid and resid $cgresid and name SCD2) (all) weight vdw 0.0 end 
 CNSsolve> 
 CNSsolve>     ! turn off all vdw and elec interactions between the charged beads within one residue 
 CNSsolve>     interaction (segid $cgsegid and resid $cgresid and name SCD1) 
 CNSsolve>                 (segid $cgsegid and resid $cgresid and name SCD2) weight * 1.0 vdw 0.0 elec 0.0 end 
 CNSsolve>   end 
 CNSsolve> 
 CNSsolve>end loop c1beads 
 CNSsolve> 
 CNSsolve>for $id1 in id ( (resn LYS or resn ARG or resn ASP or resn GLU) and name BB ) loop c2beads 
 SELRPN:      0 atoms have been selected out of   1116
 CNSsolve> 
 CNSsolve>   show (segid) (id $id1) 
 CNSsolve>   evaluate ($cgsegid=$result) 
 CNSsolve>   show (resid) (id $id1) 
 CNSsolve>   evaluate ($cgresid=$result) 
 CNSsolve> 
 CNSsolve>   igroup 
 CNSsolve>     ! turn off all vdw interactions between charged beads and all beads 
 CNSsolve>     interaction (segid $cgsegid and resid $cgresid and name SCD1) (all) weight vdw 0.0 end 
 CNSsolve>   end 
 CNSsolve> 
 CNSsolve>end loop c2beads 
 CNSsolve> 
 CNSsolve> 
 CNSsolve>!set the energy flags: 
 CNSsolve>inline @RUN:protocols/setflags.cns 
 ASSFIL: file setflags.cns opened.
 CNSsolve>! setflags.cns 
 CNSsolve>!    Defines energy flags 
 CNSsolve>! 
 CNSsolve>! *********************************************************************** 
 CNSsolve>! * Copyright 2003-2018 Alexandre Bonvin, Utrecht University.           * 
 CNSsolve>! * Originally adapted from Aria 1.2 from Nilges and Linge, EMBL.       * 
 CNSsolve>! * All rights reserved.                                                * 
 CNSsolve>! * This code is part of the HADDOCK software and governed by its       * 
 CNSsolve>! * license. Please see the LICENSE file that should have been included * 
 CNSsolve>! * as part of this package.                                            * 
 CNSsolve>! *********************************************************************** 
 CNSsolve>! 
 CNSsolve> 
 CNSsolve>if ($Data.cdih.on eq true) then 
 NEXTCD: condition evaluated as false
 CNSsolve>   evaluate ($Data.flags.cdih =  true) 
 CNSsolve>end if 
 CNSsolve> 
 CNSsolve>evaluate ($nrdc=1) 
 EVALUATE: symbol $NRDC set to    1.00000     (real)
 CNSsolve>while ($nrdc <= $Data.numrdc) loop rdc 
 NEXTCD: condition evaluated as false
 CNSsolve>  if ($Data.rdc_choice_$nrdc eq "SANI") then 
 CNSsolve>    evaluate ($Data.flags.sani = true) 
 CNSsolve>  end if 
 CNSsolve>  if ($Data.rdc_choice_$nrdc eq "VANGLE") then 
 CNSsolve>    evaluate ($Data.flags.vean = true) 
 CNSsolve>  end if 
 CNSsolve>  if ($Data.rdc_choice_$nrdc eq "XRDC") then 
 CNSsolve>    evaluate ($Data.flags.xrdc = true) 
 CNSsolve>  end if 
 CNSsolve>  evaluate ($nrdc=$nrdc+1) 
 CNSsolve>end loop rdc 
 CNSsolve> 
 CNSsolve>evaluate ($ndani=1) 
 EVALUATE: symbol $NDANI set to    1.00000     (real)
 CNSsolve>while ($ndani <= $Data.numdani) loop dani 
 NEXTCD: condition evaluated as false
 CNSsolve>  if ($Data.dan_choice_$ndani eq "DANI") then 
 CNSsolve>     evaluate ($Data.flags.DANI = true) 
 CNSsolve>  end if 
 CNSsolve>  evaluate ($ndani=$ndani+1) 
 CNSsolve>end loop dani 
 CNSsolve> 
 CNSsolve>evaluate ($npcs=1) 
 EVALUATE: symbol $NPCS set to    1.00000     (real)
 CNSsolve>while ($npcs <= $Data.numpcs) loop pcs 
 NEXTCD: condition evaluated as false
 CNSsolve>  if ($Data.pcs_choice_$npcs eq "XPCS") then 
 CNSsolve>     evaluate ($Data.flags.XPCS = true) 
 CNSsolve>  end if 
 CNSsolve>  evaluate ($npcs=$npcs+1) 
 CNSsolve>end loop pcs 
 CNSsolve> 
 CNSsolve>if ($Data.flags.sani eq TRUE) then 
 NEXTCD: condition evaluated as false
 CNSsolve>  evaluate ($Data.flags.harm = true) 
 CNSsolve>end if 
 CNSsolve>if ($Data.flags.dani eq TRUE) then 
 NEXTCD: condition evaluated as false
 CNSsolve>  evaluate ($Data.flags.harm = true) 
 CNSsolve>end if 
 CNSsolve> 
 CNSsolve>if ($Data.flags.noe  =  TRUE) then 
 NEXTCD: condition evaluated as true
 CNSsolve>   flags include noe end 
 CNSsolve>elseif ($Data.flags.centroids = true) then 
 CNSsolve>    flags include noe end 
 CNSsolve>end if 
 CNSsolve> 
 CNSsolve>if ($Data.flags.cdih =  TRUE) then 
 NEXTCD: condition evaluated as false
 CNSsolve>   flags include cdih end 
 CNSsolve>end if 
 CNSsolve>if ($Data.flags.vean =  TRUE) then 
 NEXTCD: condition evaluated as false
 CNSsolve>   flags include vean end 
 CNSsolve>end if 
 CNSsolve>if ($Data.flags.sani =  TRUE) then 
 NEXTCD: condition evaluated as false
 CNSsolve>   flags include sani end 
 CNSsolve>end if 
 CNSsolve>if ($Data.flags.xrdc =  TRUE) then 
 NEXTCD: condition evaluated as false
 CNSsolve>   flags include xrdc end 
 CNSsolve>end if 
 CNSsolve>if ($Data.flags.xpcs =  TRUE) then 
 NEXTCD: condition evaluated as false
 CNSsolve>   flags include xpcs end 
 CNSsolve>end if 
 CNSsolve>if ($Data.flags.dani =  TRUE) then 
 NEXTCD: condition evaluated as false
 CNSsolve>   flags include dani end 
 CNSsolve>end if 
 CNSsolve> 
 CNSsolve>if ($Data.flags.plan =  TRUE) then 
 NEXTCD: condition evaluated as false
 CNSsolve>   flags include plan end 
 CNSsolve>end if 
 CNSsolve>if ($Data.flags.ncs  =  TRUE) then 
 NEXTCD: condition evaluated as false
 CNSsolve>   flags include ncs end 
 CNSsolve>end if 
 CNSsolve> 
 CNSsolve>if ($Data.flags.rg = TRUE) then 
 NEXTCD: condition evaluated as false
 CNSsolve>  if ($data.rgtarg > 0) then 
 CNSsolve>    flags include coll end 
 CNSsolve>  else 
 CNSsolve>    evaluate ($Data.flags.rg = false) 
 CNSsolve>  end if 
 CNSsolve>end if 
 CNSsolve> 
 CNSsolve>evaluate ($Data.flags.zres = false) 
 EVALUATE: symbol $DATA.FLAGS.ZRES set to FALSE (logical)
 CNSsolve>evaluate ($zhar = 0.0) 
 EVALUATE: symbol $ZHAR set to    0.00000     (real)
 CNSsolve> 
 CNSsolve>evaluate ($Data.flags.elec = true) 
 EVALUATE: symbol $DATA.FLAGS.ELEC set to TRUE (logical)
 CNSsolve>flags include elec end 
 CNSsolve> 
 CNSsolve>!load the solvent topology files: 
 CNSsolve>topology  @@RUN:toppar/water-allhdg5-4.top end 
 ASSFIL: file water-allhdg5-4.top opened.
 RTFRDR>remarks file toppar/water-allhdg5-4.top 
 RTFRDR>remarks 
 RTFRDR>remarks  TOPH19.SOL 
 RTFRDR>remarks  ========== 
 RTFRDR>remarks  topology file for solvent molecules 
 RTFRDR>remarks  water models available: TIP3P model 
 RTFRDR> 
 RTFRDR>set message ? end eval ($old_message=$result) set echo ? end eval ($old_echo=$result) 
 MESSage=NORM
 EVALUATE: symbol $OLD_MESSAGE set to "NORM" (string)
 ECHO=TRUE {ON}
 EVALUATE: symbol $OLD_ECHO set to TRUE (logical)
 RTFRDR>set message=off echo=off end 
 RTFRDR> 
 RTFRDR> end 
 CNSsolve> 
 CNSsolve>if ($Data.noecv eq true) then 
 NEXTCD: condition evaluated as true
 CNSsolve>  evaluate ($fileseed=$file - ".pdb" + ".seed") 
 EVALUATE: symbol $FILESEED set to "PREVIT:complex_1.seed" (string)
 CNSsolve>  @@$fileseed(seed=$seed;npart=$npart) 
 ASSFIL: file complex_1.seed opened.
 CNSsolve>module(seed;npart) 
 &_2_SEED set to $_1_SEED 
 &_2_NPART set to $_1_NPART 
 CNSsolve>define ( 
 DEFINE>currentseed = 535528; 
 DEFINE>currentpart = 1; 
 DEFINE>) 
 CNSsolve>evaluate (&seed=&currentseed) 
 EVALUATE: symbol $_1_SEED set to    535528.     (real)
 CNSsolve>evaluate (&npart=&currentpart) 
 EVALUATE: symbol $_1_NPART set to    1.00000     (real)
 CNSsolve>else 
 CNSsolve>  evaluate ($seed = max($iteration,1)*$count*$Saprotocol.iniseed) 
 CNSsolve>end if 
 CNSsolve>set seed $seed end 
 CNSsolve> 
 CNSsolve>! read coordinate and copy to reference coordinate set 
 CNSsolve>coor @@$file 
 ASSFIL: file complex_1.pdb opened.
 COOR>REMARK FILENAME="complex_1.pdb" 
 COOR>REMARK =============================================================== 
 COOR>REMARK HADDOCK run for complex 
 COOR>REMARK initial structure: complex_584.pdb 
 COOR>REMARK =============================================================== 
 COOR>REMARK            total,bonds,angles,improper,dihe,vdw,elec,air,cdih,coup,rdcs,vean,dani,xpcs,rg 
 COOR>REMARK energies: 290.055, 0, 0, 0, 0, -20.5534, -2.82723, 313.036, 0, 0, 0, 0, 0, 0, 0 
 COOR>REMARK =============================================================== 
 COOR>REMARK            bonds,angles,impropers,dihe,air,cdih,coup,rdcs,vean,dani,xpcs 
 COOR>REMARK rms-dev.: 0,0,0,0,0.485145,5.058601E-02,0, 0, 0, 0, 0 
 COOR>REMARK =============================================================== 
 COOR>REMARK               air,cdih,coup,rdcs,vean,dani,xpcs 
 COOR>REMARK               >0.3,>5,>1,>0,>5,>0.2,>0.2 
 COOR>REMARK violations.: 3, 0, 0, 0, 0, 0, 0 
 COOR>REMARK =============================================================== 
 COOR>REMARK                        CVpartition#,violations,rms 
 COOR>REMARK AIRs cross-validation: 1, 9, 4.79502 
 COOR>REMARK =============================================================== 
 COOR>REMARK NCS energy: 0 
 COOR>REMARK =============================================================== 
 COOR>REMARK Symmetry energy: 0 
 COOR>REMARK =============================================================== 
 COOR>REMARK Membrane restraining energy: 0 
 COOR>REMARK =============================================================== 
 COOR>REMARK Local cross-correlation:  0.0000 
 COOR>REMARK =============================================================== 
 COOR>REMARK Desolvation energy: 3.70769 
 COOR>REMARK Internal energy free molecules: 7058.26 
 COOR>REMARK Internal energy complex: 7058.26 
 COOR>REMARK Binding energy: -19.6692 
 COOR>REMARK =============================================================== 
 COOR>REMARK buried surface area: 400.443 
 COOR>REMARK =============================================================== 
 COOR>REMARK water - chain_1: 0 0 0 
 COOR>REMARK water - chain_2: 0 0 0 
 COOR>REMARK =============================================================== 
 COOR>REMARK water - water: 0 0 0 
 COOR>REMARK =============================================================== 
 COOR>REMARK DATE:27-Apr-2026  09:46:10       created by user: enm019 
 COOR>REMARK VERSION:1.3U 
 COOR>ATOM      1  N1  SAX A   1      23.828  -5.236   3.589  1.00 15.00      A    N 
 COOR>ATOM      2  HAI SAX A   1      23.321  -4.550   3.066  1.00 15.00      A    H 
 CNSsolve>coor copy end 
 COOR: selected main coordinates copied to comp
 CNSsolve> 
 CNSsolve>{*== check first for failed structures ==*} 
 CNSsolve>evaluate ($failure = false) 
 EVALUATE: symbol $FAILURE set to FALSE (logical)
 CNSsolve>evaluate ($filefail= "NEWIT:" + $file - "PREVIT:" - ".pdb" + "w.fail") 
 EVALUATE: symbol $FILEFAIL set to "NEWIT:complex_1w.fail" (string)
 CNSsolve>fileexist $filefail end 
 MISCOM: file does not exist
 CNSsolve>evaluate ($failure = $result) 
 EVALUATE: symbol $FAILURE set to FALSE (logical)
 CNSsolve> 
 CNSsolve>! check for CG molecule 
 CNSsolve>eval($nchain1= 1) 
 EVALUATE: symbol $NCHAIN1 set to    1.00000     (real)
 CNSsolve>eval($coarse = false) 
 EVALUATE: symbol $COARSE set to FALSE (logical)
 CNSsolve>while ($nchain1 <= $data.ncomponents) loop cloop0 
 NEXTCD: condition evaluated as true
 CNSsolve>  if ($toppar.cg_$nchain1 = true) then 
 NEXTCD: condition evaluated as false
 CNSsolve>    eval($coarse = true) 
 CNSsolve>  end if 
 CNSsolve>  eval($nchain1 = $nchain1 + 1) 
 EVALUATE: symbol $NCHAIN1 set to    2.00000     (real)
 CNSsolve>end loop cloop0 
 CNSsolve>while ($nchain1 <= $data.ncomponents) loop cloop0 
 NEXTCD: condition evaluated as true
 CNSsolve>  if ($toppar.cg_$nchain1 = true) then 
 NEXTCD: condition evaluated as false
 CNSsolve>    eval($coarse = true) 
 CNSsolve>  end if 
 CNSsolve>  eval($nchain1 = $nchain1 + 1) 
 EVALUATE: symbol $NCHAIN1 set to    3.00000     (real)
 CNSsolve>end loop cloop0 
 CNSsolve>while ($nchain1 <= $data.ncomponents) loop cloop0 
 NEXTCD: condition evaluated as false
 CNSsolve>  if ($toppar.cg_$nchain1 = true) then 
 CNSsolve>    eval($coarse = true) 
 CNSsolve>  end if 
 CNSsolve>  eval($nchain1 = $nchain1 + 1) 
 CNSsolve>end loop cloop0 
 CNSsolve> 
 CNSsolve>! perform the morphing to all atoms model if needed 
 CNSsolve>if ($coarse eq true) then 
 NEXTCD: condition evaluated as false
 CNSsolve>  inline @RUN:protocols/read_struc-cg.cns 
 ASSFIL: file read_struc-cg.cns opened.
 CNSsolve>! 
 CNSsolve>! Change segid of CG structure and read AA topology file 
 CNSsolve>! 
 CNSsolve>if ($iteration = 2) then 
 CNSsolve>  evaluate ($nchain=0) 
 CNSsolve>  while ($nchain < $data.ncomponents) loop nloop1 
 CNSsolve>    evaluate ($nchain = $nchain + 1) 
 CNSsolve>    if ($toppar.cg_$nchain eq true) then 
 CNSsolve>      evaluate ($newseg = $Toppar.prot_segid_$nchain + "CG") 
 CNSsolve>      do (segid = $newseg) (segid $Toppar.prot_segid_$nchain) 
 CNSsolve>      evaluate($psf_infile_$nchain= "RUN:begin-aa/" + $Toppar.prot_root_$nchain + ".psf") 
 CNSsolve>      structure @@$psf_infile_$nchain end 
 CNSsolve>    end if 
 CNSsolve>  end loop nloop1 
 CNSsolve>end if 
 CNSsolve> 
 CNSsolve>igroup 
 CNSsolve>  interaction  (not (resn ANI or resn DAN or resn XAN)) 
 CNSsolve>               (not (resn ANI or resn DAN or resn XAN)) weight * 1 end 
 CNSsolve>  interaction  (resn ANI or resn DAN or resn XAN) 
 CNSsolve>               (resn ANI or resn DAN or resn XAN) weight * 1 vdw 0.0 elec 0.0 end 
 CNSsolve>end 
 CNSsolve> 
 CNSsolve>inline @RUN:protocols/charge-beads-interactions.cns 
 ASSFIL: file charge-beads-interactions.cns opened.
 CNSsolve>! charge-beads-interactions.cns 
 CNSsolve>! 
 CNSsolve>! *********************************************************************** 
 CNSsolve>! * Copyright 2003-2018 Alexandre Bonvin, Utrecht University.           * 
 CNSsolve>! * Originally adapted from Aria 1.2 from Nilges and Linge, EMBL.       * 
 CNSsolve>! * and from the CNS distriution of Brunger and Adams                   * 
 CNSsolve>! * All rights reserved.                                                * 
 CNSsolve>! * This code is part of the HADDOCK software and governed by its       * 
 CNSsolve>! * license. Please see the LICENSE file that should have been included * 
 CNSsolve>! * as part of this package.                                            * 
 CNSsolve>! *********************************************************************** 
 CNSsolve>! 
 CNSsolve>for $id1 in id ( (resn SER or resn THR or resn ASN or resn GLN) and name BB ) loop c1beads 
 CNSsolve> 
 CNSsolve>   show (segid) (id $id1) 
 CNSsolve>   evaluate ($cgsegid=$result) 
 CNSsolve>   show (resid) (id $id1) 
 CNSsolve>   evaluate ($cgresid=$result) 
 CNSsolve> 
 CNSsolve>   igroup 
 CNSsolve>     ! turn off all vdw interactions between charged beads and all beads 
 CNSsolve>     interaction (segid $cgsegid and resid $cgresid and name SCD1) (all) weight vdw 0.0 end 
 CNSsolve>     interaction (segid $cgsegid and resid $cgresid and name SCD2) (all) weight vdw 0.0 end 
 CNSsolve> 
 CNSsolve>     ! turn off all vdw and elec interactions between the charged beads within one residue 
 CNSsolve>     interaction (segid $cgsegid and resid $cgresid and name SCD1) 
 CNSsolve>                 (segid $cgsegid and resid $cgresid and name SCD2) weight * 1.0 vdw 0.0 elec 0.0 end 
 CNSsolve>   end 
 CNSsolve> 
 CNSsolve>end loop c1beads 
 CNSsolve> 
 CNSsolve>for $id1 in id ( (resn LYS or resn ARG or resn ASP or resn GLU) and name BB ) loop c2beads 
 CNSsolve> 
 CNSsolve>   show (segid) (id $id1) 
 CNSsolve>   evaluate ($cgsegid=$result) 
 CNSsolve>   show (resid) (id $id1) 
 CNSsolve>   evaluate ($cgresid=$result) 
 CNSsolve> 
 CNSsolve>   igroup 
 CNSsolve>     ! turn off all vdw interactions between charged beads and all beads 
 CNSsolve>     interaction (segid $cgsegid and resid $cgresid and name SCD1) (all) weight vdw 0.0 end 
 CNSsolve>   end 
 CNSsolve> 
 CNSsolve>end loop c2beads 
 CNSsolve> 
 CNSsolve>  inline @RUN:protocols/cg-to-aa.cns 
 ASSFIL: file cg-to-aa.cns opened.
 CNSsolve>evaluate ($kinter = 1) 
 CNSsolve> 
 CNSsolve>! Change segid of CG structure 
 CNSsolve>! 
 CNSsolve>evaluate ($nchain=0) 
 CNSsolve>while ($nchain < $data.ncomponents) loop nloop1 
 CNSsolve>  evaluate ($nchain = $nchain + 1) 
 CNSsolve>  if ($toppar.cg_$nchain eq true) then 
 CNSsolve>    evaluate($coor_infile_$nchain= "RUN:begin-aa/" + $Toppar.prot_root_$nchain + ".pdb") 
 CNSsolve>    coor @@ $coor_infile_$nchain 
 CNSsolve>  end if 
 CNSsolve>end loop nloop1 
 CNSsolve> 
 CNSsolve>! Read morphing restraints 
 CNSsolve>! 
 CNSsolve>noe 
 CNSsolve>  nres 1000000 
 CNSsolve>  class cgaa @@RUN:data/distances/cg-to-aa.tbl 
 CNSsolve>  averaging  cgaa center 
 CNSsolve>  scale      cgaa 50.0 
 CNSsolve>  sqconstant cgaa 1.0 
 CNSsolve>  sqexponent cgaa 2 
 CNSsolve>  soexponent cgaa 1 
 CNSsolve>  rswitch    cgaa 1.0 
 CNSsolve>  sqoffset   cgaa 0.0 
 CNSsolve>  asymptote  cgaa 2.0 
 CNSsolve>  msoexponent cgaa 1 
 CNSsolve>  masymptote  cgaa -0.1 
 CNSsolve>  mrswitch    cgaa 1.0 
 CNSsolve>end 
 CNSsolve> 
 CNSsolve>! Fix the CG model and existing AA models 
 CNSsolve>! 
 CNSsolve>fix sele=(segid *CG) end 
 CNSsolve>evaluate ($nchain=0) 
 CNSsolve>while ($nchain < $data.ncomponents) loop nloop1 
 CNSsolve>  evaluate ($nchain = $nchain + 1) 
 CNSsolve>  if ($toppar.cg_$nchain eq false) then 
 CNSsolve>    fix sele=(segid $Toppar.prot_segid_$nchain) end 
 CNSsolve>  end if 
 CNSsolve>end loop nloop1 
 CNSsolve> 
 CNSsolve>parameter 
 CNSsolve>  nbonds 
 CNSsolve>    nbxmod=5 atom cdie shift 
 CNSsolve>    cutnb=6.5 ctofnb=5.5 ctonnb=4.5 eps=1.0 e14fac=0.4 inhibit 0.25 
 CNSsolve>    wmin=0.5 tolerance  0.5 
 CNSsolve>  end 
 CNSsolve>end 
 CNSsolve> 
 CNSsolve> 
 CNSsolve>evaluate ($kinter = 0.001) 
 CNSsolve>@RUN:protocols/scale_inter.cns 
 ASSFIL: file scale_inter.cns opened.
 CNSsolve>! scale_inter.cns 
 CNSsolve>!    Scaling of intermolecular interactions 
 CNSsolve>! 
 CNSsolve>! *********************************************************************** 
 CNSsolve>! * Copyright 2003-2018 Alexandre Bonvin, Utrecht University.           * 
 CNSsolve>! * All rights reserved.                                                * 
 CNSsolve>! * This code is part of the HADDOCK software and governed by its       * 
 CNSsolve>! * license. Please see the LICENSE file that should have been included * 
 CNSsolve>! * as part of this package.                                            * 
 CNSsolve>! *********************************************************************** 
 CNSsolve>! 
 CNSsolve>igroup interaction (not all) (not all) end 
 CNSsolve> 
 CNSsolve>igroup 
 CNSsolve> 
 CNSsolve>  eval($nchain1 = 0) 
 CNSsolve> 
 CNSsolve>  while ($nchain1 < $data.ncomponents) loop nloop1 
 CNSsolve>    eval($nchain1 = $nchain1 + 1) 
 CNSsolve> 
 CNSsolve>    interaction (segid $Toppar.prot_segid_$nchain1 and not (resn ANI or resn DAN or resn XAN or resn DUM or resn SHA)) 
 CNSsolve>                (segid $Toppar.prot_segid_$nchain1 and not (resn ANI or resn DAN or resn XAN or resn DUM or resn SHA)) weight * $Toppar.int_$nchain1_$nchain1 end 
 CNSsolve>    interaction (segid $Toppar.prot_segid_$nchain1 and not (resn ANI or resn DAN or resn XAN or resn DUM or resn SHA)) 
 CNSsolve>                ((resn WAT or resn HOH or resn TIP* or resn DMS)) weight * 1.0 vdw $kinter elec $kinter end 
 CNSsolve> 
 CNSsolve>    eval($nchain2 = $nchain1 ) 
 CNSsolve>    while ($nchain2 < $data.ncomponents) loop nloop2 
 CNSsolve>      eval($nchain2 = $nchain2 + 1) 
 CNSsolve>      eval($scalfac = $kinter * $Toppar.int_$nchain1_$nchain2) 
 CNSsolve>      interaction (segid $Toppar.prot_segid_$nchain1 and not (resn ANI or resn DAN or resn XAN or resn DUM or resn SHA)) 
 CNSsolve>                  (segid $Toppar.prot_segid_$nchain2 and not (resn ANI or resn DAN or resn XAN or resn DUM or resn SHA)) weight * 1.0 vdw $scalfac elec $scalfac end 
 CNSsolve>    end loop nloop2 
 CNSsolve> 
 CNSsolve>  end loop nloop1 
 CNSsolve> 
 CNSsolve>  interaction (resn ANI) (resn ANI) weight * 1.0 vdw 0.0 elec 0.0 end 
 CNSsolve>  interaction (resn DAN) (resn DAN) weight * 1.0 vdw 0.0 elec 0.0 end 
 CNSsolve>  interaction (resn XAN) (resn XAN) weight * 1.0 vdw 0.0 elec 0.0 end 
 CNSsolve>  interaction (resn DUM) (resn DUM) weight * 1.0 vdw 0.0 elec 0.0 end 
 CNSsolve>  interaction (resn SHA) (resn SHA) weight * 1.0 vdw 0.0 elec 0.0 end 
 CNSsolve>  interaction (resn SHA) (not resn SHA) weight * 0.0 end 
 CNSsolve> 
 CNSsolve>  interaction ((resn WAT or resn HOH or resn TIP* or resn DMS)) ((resn WAT or resn HOH or resn TIP* or resn DMS)) weight * 1.0 end 
 CNSsolve> 
 CNSsolve>end 
 CNSsolve> 
 CNSsolve>flag excl * incl noe end 
 CNSsolve> 
 CNSsolve>energy end 
 CNSsolve> 
 CNSsolve>! Rigid body EM to position AA model onto CG model 
 CNSsolve>! 
 CNSsolve>minimize rigid 
 CNSsolve>  eval ($nchain = 0) 
 CNSsolve>  while ($nchain < $data.ncomponents) loop nloop1 
 CNSsolve>    eval($nchain = $nchain + 1) 
 CNSsolve>    if ($toppar.cg_$nchain eq true) then 
 CNSsolve>      group (segid $Toppar.prot_segid_$nchain) 
 CNSsolve>      translation=true 
 CNSsolve>    end if 
 CNSsolve>  end loop nloop1 
 CNSsolve>  nstep 200 
 CNSsolve>  nprint 10 
 CNSsolve>end 
 CNSsolve> 
 CNSsolve>! Define secondary structure dihedral angle restraints 
 CNSsolve>! 
 CNSsolve>@RUN:protocols/protein-ss-restraints-alpha-beta.def 
 ASSFIL: file protein-ss-restraints-alpha-beta.def opened.
 CNSsolve>! protein-ss-restraints-alpha-beta.def 
 CNSsolve>!    Define automatically secondary structure dihedral angle restraints 
 CNSsolve>!    for helical and beta-sheet segments 
 CNSsolve>! 
 CNSsolve>! *********************************************************************** 
 CNSsolve>! * Copyright 2003-2018 Alexandre Bonvin, Utrecht University.           * 
 CNSsolve>! * All rights reserved.                                                * 
 CNSsolve>! * This code is part of the HADDOCK software and governed by its       * 
 CNSsolve>! * license. Please see the LICENSE file that should have been included * 
 CNSsolve>! * as part of this package.                                            * 
 CNSsolve>! *********************************************************************** 
 CNSsolve>! 
 CNSsolve>{+ file: protein-ss-restraints.def       directory: protocols +} 
 CNSsolve>{+ description: Creates dihedral angle restraints to maintain conformation of the protein backbone +} 
 CNSsolve>{+ comment:This file is to be read by refinement files that modify atom coordinates +} 
 CNSsolve>{+ authors: Axel T. Brunger, and Paul D. Adams, <br> 
 CNSsolve>            modified by Alexandre Bonvin for HADDOCK use +} 
 CNSsolve> 
 CNSsolve>set message=normal echo=on end 
 CNSsolve> 
 CNSsolve>{=========================================================================================================} 
 CNSsolve>{                        things below this line do not normally need to be changed                        } 
 CNSsolve>{=========================================================================================================} 
 CNSsolve> 
 CNSsolve>{- Dihedral restraints for the protein backbone in alpha-beta regions -} 
 CNSsolve> 
 CNSsolve>  do (store1 = 1) (all) 
 CNSsolve>  restraint dihedral 
 CNSsolve>    nass = 50000 
 CNSsolve>  end 
 CNSsolve>  evaluate ($group=1) 
 CNSsolve>  evaluate ($done=false) 
 CNSsolve>  while ( $done = false ) loop bdihe 
 CNSsolve>   if ( $exist_Toppar.prot_segid_$group = true ) then 
 CNSsolve>     show sum(1) ( segid $Toppar.prot_segid_$group ) 
 CNSsolve>     if ( $result > 0 ) then 
 CNSsolve>       evaluate ($error_phi=$Data.error_dih) 
 CNSsolve>       evaluate ($error_psi=$Data.error_dih) 
 CNSsolve> 
 CNSsolve>       for $id in id ( segid $Toppar.prot_segid_$group and tag and not resn TIP* ) loop resid 
 CNSsolve>         show (segid) (id $id) 
 CNSsolve>         evaluate ($segid=$result) 
 CNSsolve>         show (resid) ( id $id ) 
 CNSsolve>         evaluate ($resid=decode($result)) 
 CNSsolve>	 evaluate ($alphaphi = 0) 
 CNSsolve>	 evaluate ($alphapsi = 0) 
 CNSsolve> 	 evaluate ($alpha_check = 0) 
 CNSsolve>	 evaluate ($betaphi = 0) 
 CNSsolve>	 evaluate ($betapsi = 0) 
 CNSsolve> 	 evaluate ($beta_check = 0) 
 CNSsolve> 
 CNSsolve>         evaluate ($rprec = $resid - 1) 
 CNSsolve>         show sum (store1) (resid $rprec and name C) 
 CNSsolve>         if ($result ne 0) then 
 CNSsolve>	   pick dihedral 
 CNSsolve>                     ( segid $segid and resid $rprec and name C ) 
 CNSsolve>                     ( segid $segid and resid $resid and name N ) 
 CNSsolve>                     ( segid $segid and resid $resid and name CA ) 
 CNSsolve>                     ( segid $segid and resid $resid and name C ) 
 CNSsolve>		  geometry 
 CNSsolve>	   evaluate ($dihedral_phi=$result) 
 CNSsolve>           evaluate ($alphaphi=max($dihedral_phi,-77)) 
 CNSsolve>           evaluate ($alphaphi=max($dihedral_phi,-37)) 
 CNSsolve>	   if ($alphaphi eq -37) then 
 CNSsolve>             evaluate ($alpha_check = 1) 
 CNSsolve>	   else 
 CNSsolve>	     evaluate ($alpha_check = 0) 
 CNSsolve>	   end if 
 CNSsolve>           evaluate ($betaphi=max($dihedral_phi,-145)) 
 CNSsolve>           evaluate ($betaphi=max($dihedral_phi,-105)) 
 CNSsolve>	   if ($betaphi eq -105) then 
 CNSsolve>             evaluate ($beta_check = 1) 
 CNSsolve>	   else 
 CNSsolve>	     evaluate ($beta_check = 0) 
 CNSsolve>	   end if 
 CNSsolve>         end if 
 CNSsolve> 
 CNSsolve>         evaluate ($rnext = $resid + 1) 
 CNSsolve>         show sum (store1) (resid $rnext and name N) 
 CNSsolve>         if ($result ne 0) then 
 CNSsolve>  	   pick dihedral 
 CNSsolve>                     ( segid $segid and resid $resid and name N ) 
 CNSsolve>                     ( segid $segid and resid $resid and name CA ) 
 CNSsolve>                     ( segid $segid and resid $resid and name C ) 
 CNSsolve>                     ( segid $segid and resid $rnext and name N ) 
 CNSsolve>		  geometry 
 CNSsolve>	   evaluate ($dihedral_psi=$result) 
 CNSsolve>           evaluate ($alphapsi=max($dihedral_psi,-67)) 
 CNSsolve>           evaluate ($alphapsi=max($dihedral_psi,-27)) 
 CNSsolve>	   if ($alphapsi eq -27) then 
 CNSsolve>             evaluate ($alpha_check = $alpha_check + 1) 
 CNSsolve>	   end if 
 CNSsolve>           evaluate ($betapsi=max($dihedral_psi,105)) 
 CNSsolve>           evaluate ($betapsi=max($dihedral_psi,145)) 
 CNSsolve>	   if ($betapsi eq 145) then 
 CNSsolve>             evaluate ($beta_check = $beta_check + 1) 
 CNSsolve>	   end if 
 CNSsolve>	 end if 
 CNSsolve> 
 CNSsolve>	 evaluate ($defrest = 0) 
 CNSsolve>	 if ($alpha_check eq 2) then 
 CNSsolve>	   evaluate ($defrest = 1) 
 CNSsolve>	 end if 
 CNSsolve>	 if ($beta_check eq 2) then 
 CNSsolve>	   evaluate ($defrest = 1) 
 CNSsolve>	 end if 
 CNSsolve>	 if ($defrest = 1) then 
 CNSsolve>           restraint dihedral 
 CNSsolve>	    ! phi 
 CNSsolve>             assign  ( segid $segid and resid $rprec and name C ) 
 CNSsolve>                     ( segid $segid and resid $resid and name N ) 
 CNSsolve>                     ( segid $segid and resid $resid and name CA ) 
 CNSsolve>                     ( segid $segid and resid $resid and name C ) 
 CNSsolve>                                                       1.0 $dihedral_phi $error_phi 2 
 CNSsolve>	    ! psi 
 CNSsolve>             assign  ( segid $segid and resid $resid and name N ) 
 CNSsolve>                     ( segid $segid and resid $resid and name CA ) 
 CNSsolve>                     ( segid $segid and resid $resid and name C ) 
 CNSsolve>                     ( segid $segid and resid $rnext and name N ) 
 CNSsolve>                                                       1.0 $dihedral_psi $error_psi 2 
 CNSsolve>             scale 200.0 
 CNSsolve>           end 
 CNSsolve>         end if 
 CNSsolve>       end loop resid 
 CNSsolve>     end if 
 CNSsolve>   else 
 CNSsolve>     evaluate ($done=true) 
 CNSsolve>   end if 
 CNSsolve>     evaluate ($group=$group+1) 
 CNSsolve> end loop bdihe 
 CNSsolve> 
 CNSsolve> flags include cdih end 
 CNSsolve> 
 CNSsolve>set message=off echo=off end 
 CNSsolve> 
 CNSsolve> 
 CNSsolve> 
 CNSsolve>! Check for fully flexible segments 
 CNSsolve>! 
 CNSsolve>evaluate($nchain1 = 0) 
 CNSsolve>evaluate($scalefac = 1.0) 
 CNSsolve>while ($nchain1 < $data.ncomponents) loop nloop1 
 CNSsolve>  evaluate($nchain1 = $nchain1 + 1) 
 CNSsolve>  if ($Toppar.nfle_$nchain1 > 0) then 
 CNSsolve>    evaluate($scalefac = 10.0) 
 CNSsolve>  end if 
 CNSsolve>end loop nloop1 
 CNSsolve> 
 CNSsolve>! Starting the morphing for conformational changes 
 CNSsolve>! Powell EM, including covalent terms 
 CNSsolve>! 
 CNSsolve> 
 CNSsolve> 
 CNSsolve>flag excl * incl bond angl impr dihe vdw elec noe cdih end 
 CNSsolve>evaluate ($kinter = 0.01) 
 CNSsolve>@RUN:protocols/scale_cg-to-aa.cns 
 ASSFIL: file scale_cg-to-aa.cns opened.
 CNSsolve>! scale_cg-to-aa.cns 
 CNSsolve>!    Scaling of intermolecular interactions for CG-to-AA morphing 
 CNSsolve>! 
 CNSsolve>! *********************************************************************** 
 CNSsolve>! * Copyright 2003-2018 Alexandre Bonvin, Utrecht University.           * 
 CNSsolve>! * All rights reserved.                                                * 
 CNSsolve>! * This code is part of the HADDOCK software and governed by its       * 
 CNSsolve>! * license. Please see the LICENSE file that should have been included * 
 CNSsolve>! * as part of this package.                                            * 
 CNSsolve>! *********************************************************************** 
 CNSsolve>! 
 CNSsolve>igroup interaction (not all) (not all) end 
 CNSsolve> 
 CNSsolve>igroup 
 CNSsolve> 
 CNSsolve>  eval($nchain1 = 0) 
 CNSsolve> 
 CNSsolve>  while ($nchain1 < $data.ncomponents) loop nloop1 
 CNSsolve>    eval($nchain1 = $nchain1 + 1) 
 CNSsolve> 
 CNSsolve>    eval($scalfac = $kinter * $Toppar.int_$nchain1_$nchain1) 
 CNSsolve> 
 CNSsolve>    interaction (segid $Toppar.prot_segid_$nchain1 and not (resn ANI or resn DAN or resn XAN or resn DUM or resn SHA)) 
 CNSsolve>                (segid $Toppar.prot_segid_$nchain1 and not (resn ANI or resn DAN or resn XAN or resn DUM or resn SHA)) weight * 1.0 vdw $scalfac elec $scalfac end 
 CNSsolve>    interaction (segid $Toppar.prot_segid_$nchain1 and not (resn ANI or resn DAN or resn XAN or resn DUM or resn SHA)) 
 CNSsolve>                ((resn WAT or resn HOH or resn TIP* or resn DMS)) weight * 1.0 vdw $kinter elec $kinter end 
 CNSsolve> 
 CNSsolve>    eval($nchain2 = $nchain1 ) 
 CNSsolve>    while ($nchain2 < $data.ncomponents) loop nloop2 
 CNSsolve>      eval($nchain2 = $nchain2 + 1) 
 CNSsolve>      eval($scalfac = $kinter * $Toppar.int_$nchain1_$nchain2) 
 CNSsolve>      interaction (segid $Toppar.prot_segid_$nchain1 and not (resn ANI or resn DAN or resn XAN or resn DUM or resn SHA)) 
 CNSsolve>                  (segid $Toppar.prot_segid_$nchain2 and not (resn ANI or resn DAN or resn XAN or resn DUM or resn SHA)) weight * 1.0 vdw $scalfac elec $scalfac end 
 CNSsolve>    end loop nloop2 
 CNSsolve> 
 CNSsolve>  end loop nloop1 
 CNSsolve> 
 CNSsolve>  interaction (resn ANI) (resn ANI) weight * 1.0 vdw 0.0 elec 0.0 end 
 CNSsolve>  interaction (resn DAN) (resn DAN) weight * 1.0 vdw 0.0 elec 0.0 end 
 CNSsolve>  interaction (resn XAN) (resn XAN) weight * 1.0 vdw 0.0 elec 0.0 end 
 CNSsolve>  interaction (resn DUM) (resn DUM) weight * 1.0 vdw 0.0 elec 0.0 end 
 CNSsolve>  interaction (resn SHA) (resn SHA) weight * 1.0 vdw 0.0 elec 0.0 end 
 CNSsolve>  interaction (resn SHA) (not resn SHA) weight * 0.0 end 
 CNSsolve> 
 CNSsolve>  interaction ((resn WAT or resn HOH or resn TIP* or resn DMS)) ((resn WAT or resn HOH or resn TIP* or resn DMS)) weight * 1.0 end 
 CNSsolve> 
 CNSsolve>end 
 CNSsolve>minimize powell nstep=500 drop=40.0 nprint=25 end 
 CNSsolve> 
 CNSsolve>evaluate ($kinter = 0.05) 
 CNSsolve>@RUN:protocols/scale_cg-to-aa.cns 
 ASSFIL: file scale_cg-to-aa.cns opened.
 CNSsolve>! scale_cg-to-aa.cns 
 CNSsolve>!    Scaling of intermolecular interactions for CG-to-AA morphing 
 CNSsolve>! 
 CNSsolve>! *********************************************************************** 
 CNSsolve>! * Copyright 2003-2018 Alexandre Bonvin, Utrecht University.           * 
 CNSsolve>! * All rights reserved.                                                * 
 CNSsolve>! * This code is part of the HADDOCK software and governed by its       * 
 CNSsolve>! * license. Please see the LICENSE file that should have been included * 
 CNSsolve>! * as part of this package.                                            * 
 CNSsolve>! *********************************************************************** 
 CNSsolve>! 
 CNSsolve>igroup interaction (not all) (not all) end 
 CNSsolve> 
 CNSsolve>igroup 
 CNSsolve> 
 CNSsolve>  eval($nchain1 = 0) 
 CNSsolve> 
 CNSsolve>  while ($nchain1 < $data.ncomponents) loop nloop1 
 CNSsolve>    eval($nchain1 = $nchain1 + 1) 
 CNSsolve> 
 CNSsolve>    eval($scalfac = $kinter * $Toppar.int_$nchain1_$nchain1) 
 CNSsolve> 
 CNSsolve>    interaction (segid $Toppar.prot_segid_$nchain1 and not (resn ANI or resn DAN or resn XAN or resn DUM or resn SHA)) 
 CNSsolve>                (segid $Toppar.prot_segid_$nchain1 and not (resn ANI or resn DAN or resn XAN or resn DUM or resn SHA)) weight * 1.0 vdw $scalfac elec $scalfac end 
 CNSsolve>    interaction (segid $Toppar.prot_segid_$nchain1 and not (resn ANI or resn DAN or resn XAN or resn DUM or resn SHA)) 
 CNSsolve>                ((resn WAT or resn HOH or resn TIP* or resn DMS)) weight * 1.0 vdw $kinter elec $kinter end 
 CNSsolve> 
 CNSsolve>    eval($nchain2 = $nchain1 ) 
 CNSsolve>    while ($nchain2 < $data.ncomponents) loop nloop2 
 CNSsolve>      eval($nchain2 = $nchain2 + 1) 
 CNSsolve>      eval($scalfac = $kinter * $Toppar.int_$nchain1_$nchain2) 
 CNSsolve>      interaction (segid $Toppar.prot_segid_$nchain1 and not (resn ANI or resn DAN or resn XAN or resn DUM or resn SHA)) 
 CNSsolve>                  (segid $Toppar.prot_segid_$nchain2 and not (resn ANI or resn DAN or resn XAN or resn DUM or resn SHA)) weight * 1.0 vdw $scalfac elec $scalfac end 
 CNSsolve>    end loop nloop2 
 CNSsolve> 
 CNSsolve>  end loop nloop1 
 CNSsolve> 
 CNSsolve>  interaction (resn ANI) (resn ANI) weight * 1.0 vdw 0.0 elec 0.0 end 
 CNSsolve>  interaction (resn DAN) (resn DAN) weight * 1.0 vdw 0.0 elec 0.0 end 
 CNSsolve>  interaction (resn XAN) (resn XAN) weight * 1.0 vdw 0.0 elec 0.0 end 
 CNSsolve>  interaction (resn DUM) (resn DUM) weight * 1.0 vdw 0.0 elec 0.0 end 
 CNSsolve>  interaction (resn SHA) (resn SHA) weight * 1.0 vdw 0.0 elec 0.0 end 
 CNSsolve>  interaction (resn SHA) (not resn SHA) weight * 0.0 end 
 CNSsolve> 
 CNSsolve>  interaction ((resn WAT or resn HOH or resn TIP* or resn DMS)) ((resn WAT or resn HOH or resn TIP* or resn DMS)) weight * 1.0 end 
 CNSsolve> 
 CNSsolve>end 
 CNSsolve>minimize powell nstep=500 drop=40.0 nprint=25 end 
 CNSsolve> 
 CNSsolve>evaluate ($kinter = 0.1) 
 CNSsolve>@RUN:protocols/scale_cg-to-aa.cns 
 ASSFIL: file scale_cg-to-aa.cns opened.
 CNSsolve>! scale_cg-to-aa.cns 
 CNSsolve>!    Scaling of intermolecular interactions for CG-to-AA morphing 
 CNSsolve>! 
 CNSsolve>! *********************************************************************** 
 CNSsolve>! * Copyright 2003-2018 Alexandre Bonvin, Utrecht University.           * 
 CNSsolve>! * All rights reserved.                                                * 
 CNSsolve>! * This code is part of the HADDOCK software and governed by its       * 
 CNSsolve>! * license. Please see the LICENSE file that should have been included * 
 CNSsolve>! * as part of this package.                                            * 
 CNSsolve>! *********************************************************************** 
 CNSsolve>! 
 CNSsolve>igroup interaction (not all) (not all) end 
 CNSsolve> 
 CNSsolve>igroup 
 CNSsolve> 
 CNSsolve>  eval($nchain1 = 0) 
 CNSsolve> 
 CNSsolve>  while ($nchain1 < $data.ncomponents) loop nloop1 
 CNSsolve>    eval($nchain1 = $nchain1 + 1) 
 CNSsolve> 
 CNSsolve>    eval($scalfac = $kinter * $Toppar.int_$nchain1_$nchain1) 
 CNSsolve> 
 CNSsolve>    interaction (segid $Toppar.prot_segid_$nchain1 and not (resn ANI or resn DAN or resn XAN or resn DUM or resn SHA)) 
 CNSsolve>                (segid $Toppar.prot_segid_$nchain1 and not (resn ANI or resn DAN or resn XAN or resn DUM or resn SHA)) weight * 1.0 vdw $scalfac elec $scalfac end 
 CNSsolve>    interaction (segid $Toppar.prot_segid_$nchain1 and not (resn ANI or resn DAN or resn XAN or resn DUM or resn SHA)) 
 CNSsolve>                ((resn WAT or resn HOH or resn TIP* or resn DMS)) weight * 1.0 vdw $kinter elec $kinter end 
 CNSsolve> 
 CNSsolve>    eval($nchain2 = $nchain1 ) 
 CNSsolve>    while ($nchain2 < $data.ncomponents) loop nloop2 
 CNSsolve>      eval($nchain2 = $nchain2 + 1) 
 CNSsolve>      eval($scalfac = $kinter * $Toppar.int_$nchain1_$nchain2) 
 CNSsolve>      interaction (segid $Toppar.prot_segid_$nchain1 and not (resn ANI or resn DAN or resn XAN or resn DUM or resn SHA)) 
 CNSsolve>                  (segid $Toppar.prot_segid_$nchain2 and not (resn ANI or resn DAN or resn XAN or resn DUM or resn SHA)) weight * 1.0 vdw $scalfac elec $scalfac end 
 CNSsolve>    end loop nloop2 
 CNSsolve> 
 CNSsolve>  end loop nloop1 
 CNSsolve> 
 CNSsolve>  interaction (resn ANI) (resn ANI) weight * 1.0 vdw 0.0 elec 0.0 end 
 CNSsolve>  interaction (resn DAN) (resn DAN) weight * 1.0 vdw 0.0 elec 0.0 end 
 CNSsolve>  interaction (resn XAN) (resn XAN) weight * 1.0 vdw 0.0 elec 0.0 end 
 CNSsolve>  interaction (resn DUM) (resn DUM) weight * 1.0 vdw 0.0 elec 0.0 end 
 CNSsolve>  interaction (resn SHA) (resn SHA) weight * 1.0 vdw 0.0 elec 0.0 end 
 CNSsolve>  interaction (resn SHA) (not resn SHA) weight * 0.0 end 
 CNSsolve> 
 CNSsolve>  interaction ((resn WAT or resn HOH or resn TIP* or resn DMS)) ((resn WAT or resn HOH or resn TIP* or resn DMS)) weight * 1.0 end 
 CNSsolve> 
 CNSsolve>end 
 CNSsolve>minimize powell nstep=500 drop=40.0 nprint=25 end 
 CNSsolve> 
 CNSsolve>if ($failure eq false) then 
 CNSsolve>! Short MD optimization 
 CNSsolve>! 
 CNSsolve>{- Friction coefficient, in 1/ps. -} 
 CNSsolve>  do (fbeta=100) (not segid *CG) 
 CNSsolve> 
 CNSsolve>  evaluate ($bath=300.0) 
 CNSsolve>  evaluate ($nstep=500 * $scalefac) 
 CNSsolve>  evaluate ($timestep=0.0005) 
 CNSsolve> 
 CNSsolve>  do (vx=maxwell($bath)) (all) 
 CNSsolve>  do (vy=maxwell($bath)) (all) 
 CNSsolve>  do (vz=maxwell($bath)) (all) 
 CNSsolve> 
 CNSsolve>  dynamics cartesian 
 CNSsolve>    nstep=$nstep 
 CNSsolve>    timestep=$timestep 
 CNSsolve>    tcoupling=true temperature=$bath 
 CNSsolve>    nprint=50 
 CNSsolve>    cmremove=true 
 CNSsolve>  end 
 CNSsolve> 
 CNSsolve>  minimize powell nstep=500 drop=40.0 nprint=25 end 
 CNSsolve> 
 CNSsolve>end if 
 CNSsolve> 
 CNSsolve>! Define secondary structure dihedral angle restraints 
 CNSsolve>! 
 CNSsolve>rest dihe reset end 
 CNSsolve>@RUN:protocols/protein-ss-restraints-alpha-beta.def 
 ASSFIL: file protein-ss-restraints-alpha-beta.def opened.
 CNSsolve>! protein-ss-restraints-alpha-beta.def 
 CNSsolve>!    Define automatically secondary structure dihedral angle restraints 
 CNSsolve>!    for helical and beta-sheet segments 
 CNSsolve>! 
 CNSsolve>! *********************************************************************** 
 CNSsolve>! * Copyright 2003-2018 Alexandre Bonvin, Utrecht University.           * 
 CNSsolve>! * All rights reserved.                                                * 
 CNSsolve>! * This code is part of the HADDOCK software and governed by its       * 
 CNSsolve>! * license. Please see the LICENSE file that should have been included * 
 CNSsolve>! * as part of this package.                                            * 
 CNSsolve>! *********************************************************************** 
 CNSsolve>! 
 CNSsolve>{+ file: protein-ss-restraints.def       directory: protocols +} 
 CNSsolve>{+ description: Creates dihedral angle restraints to maintain conformation of the protein backbone +} 
 CNSsolve>{+ comment:This file is to be read by refinement files that modify atom coordinates +} 
 CNSsolve>{+ authors: Axel T. Brunger, and Paul D. Adams, <br> 
 CNSsolve>            modified by Alexandre Bonvin for HADDOCK use +} 
 CNSsolve> 
 CNSsolve>set message=normal echo=on end 
 CNSsolve> 
 CNSsolve>{=========================================================================================================} 
 CNSsolve>{                        things below this line do not normally need to be changed                        } 
 CNSsolve>{=========================================================================================================} 
 CNSsolve> 
 CNSsolve>{- Dihedral restraints for the protein backbone in alpha-beta regions -} 
 CNSsolve> 
 CNSsolve>  do (store1 = 1) (all) 
 CNSsolve>  restraint dihedral 
 CNSsolve>    nass = 50000 
 CNSsolve>  end 
 CNSsolve>  evaluate ($group=1) 
 CNSsolve>  evaluate ($done=false) 
 CNSsolve>  while ( $done = false ) loop bdihe 
 CNSsolve>   if ( $exist_Toppar.prot_segid_$group = true ) then 
 CNSsolve>     show sum(1) ( segid $Toppar.prot_segid_$group ) 
 CNSsolve>     if ( $result > 0 ) then 
 CNSsolve>       evaluate ($error_phi=$Data.error_dih) 
 CNSsolve>       evaluate ($error_psi=$Data.error_dih) 
 CNSsolve> 
 CNSsolve>       for $id in id ( segid $Toppar.prot_segid_$group and tag and not resn TIP* ) loop resid 
 CNSsolve>         show (segid) (id $id) 
 CNSsolve>         evaluate ($segid=$result) 
 CNSsolve>         show (resid) ( id $id ) 
 CNSsolve>         evaluate ($resid=decode($result)) 
 CNSsolve>	 evaluate ($alphaphi = 0) 
 CNSsolve>	 evaluate ($alphapsi = 0) 
 CNSsolve> 	 evaluate ($alpha_check = 0) 
 CNSsolve>	 evaluate ($betaphi = 0) 
 CNSsolve>	 evaluate ($betapsi = 0) 
 CNSsolve> 	 evaluate ($beta_check = 0) 
 CNSsolve> 
 CNSsolve>         evaluate ($rprec = $resid - 1) 
 CNSsolve>         show sum (store1) (resid $rprec and name C) 
 CNSsolve>         if ($result ne 0) then 
 CNSsolve>	   pick dihedral 
 CNSsolve>                     ( segid $segid and resid $rprec and name C ) 
 CNSsolve>                     ( segid $segid and resid $resid and name N ) 
 CNSsolve>                     ( segid $segid and resid $resid and name CA ) 
 CNSsolve>                     ( segid $segid and resid $resid and name C ) 
 CNSsolve>		  geometry 
 CNSsolve>	   evaluate ($dihedral_phi=$result) 
 CNSsolve>           evaluate ($alphaphi=max($dihedral_phi,-77)) 
 CNSsolve>           evaluate ($alphaphi=max($dihedral_phi,-37)) 
 CNSsolve>	   if ($alphaphi eq -37) then 
 CNSsolve>             evaluate ($alpha_check = 1) 
 CNSsolve>	   else 
 CNSsolve>	     evaluate ($alpha_check = 0) 
 CNSsolve>	   end if 
 CNSsolve>           evaluate ($betaphi=max($dihedral_phi,-145)) 
 CNSsolve>           evaluate ($betaphi=max($dihedral_phi,-105)) 
 CNSsolve>	   if ($betaphi eq -105) then 
 CNSsolve>             evaluate ($beta_check = 1) 
 CNSsolve>	   else 
 CNSsolve>	     evaluate ($beta_check = 0) 
 CNSsolve>	   end if 
 CNSsolve>         end if 
 CNSsolve> 
 CNSsolve>         evaluate ($rnext = $resid + 1) 
 CNSsolve>         show sum (store1) (resid $rnext and name N) 
 CNSsolve>         if ($result ne 0) then 
 CNSsolve>  	   pick dihedral 
 CNSsolve>                     ( segid $segid and resid $resid and name N ) 
 CNSsolve>                     ( segid $segid and resid $resid and name CA ) 
 CNSsolve>                     ( segid $segid and resid $resid and name C ) 
 CNSsolve>                     ( segid $segid and resid $rnext and name N ) 
 CNSsolve>		  geometry 
 CNSsolve>	   evaluate ($dihedral_psi=$result) 
 CNSsolve>           evaluate ($alphapsi=max($dihedral_psi,-67)) 
 CNSsolve>           evaluate ($alphapsi=max($dihedral_psi,-27)) 
 CNSsolve>	   if ($alphapsi eq -27) then 
 CNSsolve>             evaluate ($alpha_check = $alpha_check + 1) 
 CNSsolve>	   end if 
 CNSsolve>           evaluate ($betapsi=max($dihedral_psi,105)) 
 CNSsolve>           evaluate ($betapsi=max($dihedral_psi,145)) 
 CNSsolve>	   if ($betapsi eq 145) then 
 CNSsolve>             evaluate ($beta_check = $beta_check + 1) 
 CNSsolve>	   end if 
 CNSsolve>	 end if 
 CNSsolve> 
 CNSsolve>	 evaluate ($defrest = 0) 
 CNSsolve>	 if ($alpha_check eq 2) then 
 CNSsolve>	   evaluate ($defrest = 1) 
 CNSsolve>	 end if 
 CNSsolve>	 if ($beta_check eq 2) then 
 CNSsolve>	   evaluate ($defrest = 1) 
 CNSsolve>	 end if 
 CNSsolve>	 if ($defrest = 1) then 
 CNSsolve>           restraint dihedral 
 CNSsolve>	    ! phi 
 CNSsolve>             assign  ( segid $segid and resid $rprec and name C ) 
 CNSsolve>                     ( segid $segid and resid $resid and name N ) 
 CNSsolve>                     ( segid $segid and resid $resid and name CA ) 
 CNSsolve>                     ( segid $segid and resid $resid and name C ) 
 CNSsolve>                                                       1.0 $dihedral_phi $error_phi 2 
 CNSsolve>	    ! psi 
 CNSsolve>             assign  ( segid $segid and resid $resid and name N ) 
 CNSsolve>                     ( segid $segid and resid $resid and name CA ) 
 CNSsolve>                     ( segid $segid and resid $resid and name C ) 
 CNSsolve>                     ( segid $segid and resid $rnext and name N ) 
 CNSsolve>                                                       1.0 $dihedral_psi $error_psi 2 
 CNSsolve>             scale 200.0 
 CNSsolve>           end 
 CNSsolve>         end if 
 CNSsolve>       end loop resid 
 CNSsolve>     end if 
 CNSsolve>   else 
 CNSsolve>     evaluate ($done=true) 
 CNSsolve>   end if 
 CNSsolve>     evaluate ($group=$group+1) 
 CNSsolve> end loop bdihe 
 CNSsolve> 
 CNSsolve> flags include cdih end 
 CNSsolve> 
 CNSsolve>set message=off echo=off end 
 CNSsolve> 
 CNSsolve> 
 CNSsolve> 
 CNSsolve>evaluate ($kinter = 0.5) 
 CNSsolve>@RUN:protocols/scale_cg-to-aa.cns 
 ASSFIL: file scale_cg-to-aa.cns opened.
 CNSsolve>! scale_cg-to-aa.cns 
 CNSsolve>!    Scaling of intermolecular interactions for CG-to-AA morphing 
 CNSsolve>! 
 CNSsolve>! *********************************************************************** 
 CNSsolve>! * Copyright 2003-2018 Alexandre Bonvin, Utrecht University.           * 
 CNSsolve>! * All rights reserved.                                                * 
 CNSsolve>! * This code is part of the HADDOCK software and governed by its       * 
 CNSsolve>! * license. Please see the LICENSE file that should have been included * 
 CNSsolve>! * as part of this package.                                            * 
 CNSsolve>! *********************************************************************** 
 CNSsolve>! 
 CNSsolve>igroup interaction (not all) (not all) end 
 CNSsolve> 
 CNSsolve>igroup 
 CNSsolve> 
 CNSsolve>  eval($nchain1 = 0) 
 CNSsolve> 
 CNSsolve>  while ($nchain1 < $data.ncomponents) loop nloop1 
 CNSsolve>    eval($nchain1 = $nchain1 + 1) 
 CNSsolve> 
 CNSsolve>    eval($scalfac = $kinter * $Toppar.int_$nchain1_$nchain1) 
 CNSsolve> 
 CNSsolve>    interaction (segid $Toppar.prot_segid_$nchain1 and not (resn ANI or resn DAN or resn XAN or resn DUM or resn SHA)) 
 CNSsolve>                (segid $Toppar.prot_segid_$nchain1 and not (resn ANI or resn DAN or resn XAN or resn DUM or resn SHA)) weight * 1.0 vdw $scalfac elec $scalfac end 
 CNSsolve>    interaction (segid $Toppar.prot_segid_$nchain1 and not (resn ANI or resn DAN or resn XAN or resn DUM or resn SHA)) 
 CNSsolve>                ((resn WAT or resn HOH or resn TIP* or resn DMS)) weight * 1.0 vdw $kinter elec $kinter end 
 CNSsolve> 
 CNSsolve>    eval($nchain2 = $nchain1 ) 
 CNSsolve>    while ($nchain2 < $data.ncomponents) loop nloop2 
 CNSsolve>      eval($nchain2 = $nchain2 + 1) 
 CNSsolve>      eval($scalfac = $kinter * $Toppar.int_$nchain1_$nchain2) 
 CNSsolve>      interaction (segid $Toppar.prot_segid_$nchain1 and not (resn ANI or resn DAN or resn XAN or resn DUM or resn SHA)) 
 CNSsolve>                  (segid $Toppar.prot_segid_$nchain2 and not (resn ANI or resn DAN or resn XAN or resn DUM or resn SHA)) weight * 1.0 vdw $scalfac elec $scalfac end 
 CNSsolve>    end loop nloop2 
 CNSsolve> 
 CNSsolve>  end loop nloop1 
 CNSsolve> 
 CNSsolve>  interaction (resn ANI) (resn ANI) weight * 1.0 vdw 0.0 elec 0.0 end 
 CNSsolve>  interaction (resn DAN) (resn DAN) weight * 1.0 vdw 0.0 elec 0.0 end 
 CNSsolve>  interaction (resn XAN) (resn XAN) weight * 1.0 vdw 0.0 elec 0.0 end 
 CNSsolve>  interaction (resn DUM) (resn DUM) weight * 1.0 vdw 0.0 elec 0.0 end 
 CNSsolve>  interaction (resn SHA) (resn SHA) weight * 1.0 vdw 0.0 elec 0.0 end 
 CNSsolve>  interaction (resn SHA) (not resn SHA) weight * 0.0 end 
 CNSsolve> 
 CNSsolve>  interaction ((resn WAT or resn HOH or resn TIP* or resn DMS)) ((resn WAT or resn HOH or resn TIP* or resn DMS)) weight * 1.0 end 
 CNSsolve> 
 CNSsolve>end 
 CNSsolve>minimize powell nstep=500 drop=40.0 nprint=25 end 
 CNSsolve> 
 CNSsolve>if ($failure eq false) then 
 CNSsolve>! Short MD optimization 
 CNSsolve>! 
 CNSsolve>{- Friction coefficient, in 1/ps. -} 
 CNSsolve>  do (fbeta=100) (not segid *CG) 
 CNSsolve> 
 CNSsolve>  evaluate ($bath=300.0) 
 CNSsolve>  evaluate ($nstep=500 * $scalefac) 
 CNSsolve>  evaluate ($timestep=0.0005) 
 CNSsolve> 
 CNSsolve>  do (vx=maxwell($bath)) (all) 
 CNSsolve>  do (vy=maxwell($bath)) (all) 
 CNSsolve>  do (vz=maxwell($bath)) (all) 
 CNSsolve> 
 CNSsolve>  dynamics cartesian 
 CNSsolve>    nstep=$nstep 
 CNSsolve>    timestep=$timestep 
 CNSsolve>    tcoupling=true temperature=$bath 
 CNSsolve>    nprint=50 
 CNSsolve>    cmremove=true 
 CNSsolve>  end 
 CNSsolve> 
 CNSsolve>  minimize powell nstep=500 drop=40.0 nprint=25 end 
 CNSsolve> 
 CNSsolve>end if 
 CNSsolve> 
 CNSsolve>! Define secondary structure dihedral angle restraints 
 CNSsolve>! 
 CNSsolve>rest dihe reset end 
 CNSsolve>@RUN:protocols/protein-ss-restraints-alpha-beta.def 
 ASSFIL: file protein-ss-restraints-alpha-beta.def opened.
 CNSsolve>! protein-ss-restraints-alpha-beta.def 
 CNSsolve>!    Define automatically secondary structure dihedral angle restraints 
 CNSsolve>!    for helical and beta-sheet segments 
 CNSsolve>! 
 CNSsolve>! *********************************************************************** 
 CNSsolve>! * Copyright 2003-2018 Alexandre Bonvin, Utrecht University.           * 
 CNSsolve>! * All rights reserved.                                                * 
 CNSsolve>! * This code is part of the HADDOCK software and governed by its       * 
 CNSsolve>! * license. Please see the LICENSE file that should have been included * 
 CNSsolve>! * as part of this package.                                            * 
 CNSsolve>! *********************************************************************** 
 CNSsolve>! 
 CNSsolve>{+ file: protein-ss-restraints.def       directory: protocols +} 
 CNSsolve>{+ description: Creates dihedral angle restraints to maintain conformation of the protein backbone +} 
 CNSsolve>{+ comment:This file is to be read by refinement files that modify atom coordinates +} 
 CNSsolve>{+ authors: Axel T. Brunger, and Paul D. Adams, <br> 
 CNSsolve>            modified by Alexandre Bonvin for HADDOCK use +} 
 CNSsolve> 
 CNSsolve>set message=normal echo=on end 
 CNSsolve> 
 CNSsolve>{=========================================================================================================} 
 CNSsolve>{                        things below this line do not normally need to be changed                        } 
 CNSsolve>{=========================================================================================================} 
 CNSsolve> 
 CNSsolve>{- Dihedral restraints for the protein backbone in alpha-beta regions -} 
 CNSsolve> 
 CNSsolve>  do (store1 = 1) (all) 
 CNSsolve>  restraint dihedral 
 CNSsolve>    nass = 50000 
 CNSsolve>  end 
 CNSsolve>  evaluate ($group=1) 
 CNSsolve>  evaluate ($done=false) 
 CNSsolve>  while ( $done = false ) loop bdihe 
 CNSsolve>   if ( $exist_Toppar.prot_segid_$group = true ) then 
 CNSsolve>     show sum(1) ( segid $Toppar.prot_segid_$group ) 
 CNSsolve>     if ( $result > 0 ) then 
 CNSsolve>       evaluate ($error_phi=$Data.error_dih) 
 CNSsolve>       evaluate ($error_psi=$Data.error_dih) 
 CNSsolve> 
 CNSsolve>       for $id in id ( segid $Toppar.prot_segid_$group and tag and not resn TIP* ) loop resid 
 CNSsolve>         show (segid) (id $id) 
 CNSsolve>         evaluate ($segid=$result) 
 CNSsolve>         show (resid) ( id $id ) 
 CNSsolve>         evaluate ($resid=decode($result)) 
 CNSsolve>	 evaluate ($alphaphi = 0) 
 CNSsolve>	 evaluate ($alphapsi = 0) 
 CNSsolve> 	 evaluate ($alpha_check = 0) 
 CNSsolve>	 evaluate ($betaphi = 0) 
 CNSsolve>	 evaluate ($betapsi = 0) 
 CNSsolve> 	 evaluate ($beta_check = 0) 
 CNSsolve> 
 CNSsolve>         evaluate ($rprec = $resid - 1) 
 CNSsolve>         show sum (store1) (resid $rprec and name C) 
 CNSsolve>         if ($result ne 0) then 
 CNSsolve>	   pick dihedral 
 CNSsolve>                     ( segid $segid and resid $rprec and name C ) 
 CNSsolve>                     ( segid $segid and resid $resid and name N ) 
 CNSsolve>                     ( segid $segid and resid $resid and name CA ) 
 CNSsolve>                     ( segid $segid and resid $resid and name C ) 
 CNSsolve>		  geometry 
 CNSsolve>	   evaluate ($dihedral_phi=$result) 
 CNSsolve>           evaluate ($alphaphi=max($dihedral_phi,-77)) 
 CNSsolve>           evaluate ($alphaphi=max($dihedral_phi,-37)) 
 CNSsolve>	   if ($alphaphi eq -37) then 
 CNSsolve>             evaluate ($alpha_check = 1) 
 CNSsolve>	   else 
 CNSsolve>	     evaluate ($alpha_check = 0) 
 CNSsolve>	   end if 
 CNSsolve>           evaluate ($betaphi=max($dihedral_phi,-145)) 
 CNSsolve>           evaluate ($betaphi=max($dihedral_phi,-105)) 
 CNSsolve>	   if ($betaphi eq -105) then 
 CNSsolve>             evaluate ($beta_check = 1) 
 CNSsolve>	   else 
 CNSsolve>	     evaluate ($beta_check = 0) 
 CNSsolve>	   end if 
 CNSsolve>         end if 
 CNSsolve> 
 CNSsolve>         evaluate ($rnext = $resid + 1) 
 CNSsolve>         show sum (store1) (resid $rnext and name N) 
 CNSsolve>         if ($result ne 0) then 
 CNSsolve>  	   pick dihedral 
 CNSsolve>                     ( segid $segid and resid $resid and name N ) 
 CNSsolve>                     ( segid $segid and resid $resid and name CA ) 
 CNSsolve>                     ( segid $segid and resid $resid and name C ) 
 CNSsolve>                     ( segid $segid and resid $rnext and name N ) 
 CNSsolve>		  geometry 
 CNSsolve>	   evaluate ($dihedral_psi=$result) 
 CNSsolve>           evaluate ($alphapsi=max($dihedral_psi,-67)) 
 CNSsolve>           evaluate ($alphapsi=max($dihedral_psi,-27)) 
 CNSsolve>	   if ($alphapsi eq -27) then 
 CNSsolve>             evaluate ($alpha_check = $alpha_check + 1) 
 CNSsolve>	   end if 
 CNSsolve>           evaluate ($betapsi=max($dihedral_psi,105)) 
 CNSsolve>           evaluate ($betapsi=max($dihedral_psi,145)) 
 CNSsolve>	   if ($betapsi eq 145) then 
 CNSsolve>             evaluate ($beta_check = $beta_check + 1) 
 CNSsolve>	   end if 
 CNSsolve>	 end if 
 CNSsolve> 
 CNSsolve>	 evaluate ($defrest = 0) 
 CNSsolve>	 if ($alpha_check eq 2) then 
 CNSsolve>	   evaluate ($defrest = 1) 
 CNSsolve>	 end if 
 CNSsolve>	 if ($beta_check eq 2) then 
 CNSsolve>	   evaluate ($defrest = 1) 
 CNSsolve>	 end if 
 CNSsolve>	 if ($defrest = 1) then 
 CNSsolve>           restraint dihedral 
 CNSsolve>	    ! phi 
 CNSsolve>             assign  ( segid $segid and resid $rprec and name C ) 
 CNSsolve>                     ( segid $segid and resid $resid and name N ) 
 CNSsolve>                     ( segid $segid and resid $resid and name CA ) 
 CNSsolve>                     ( segid $segid and resid $resid and name C ) 
 CNSsolve>                                                       1.0 $dihedral_phi $error_phi 2 
 CNSsolve>	    ! psi 
 CNSsolve>             assign  ( segid $segid and resid $resid and name N ) 
 CNSsolve>                     ( segid $segid and resid $resid and name CA ) 
 CNSsolve>                     ( segid $segid and resid $resid and name C ) 
 CNSsolve>                     ( segid $segid and resid $rnext and name N ) 
 CNSsolve>                                                       1.0 $dihedral_psi $error_psi 2 
 CNSsolve>             scale 200.0 
 CNSsolve>           end 
 CNSsolve>         end if 
 CNSsolve>       end loop resid 
 CNSsolve>     end if 
 CNSsolve>   else 
 CNSsolve>     evaluate ($done=true) 
 CNSsolve>   end if 
 CNSsolve>     evaluate ($group=$group+1) 
 CNSsolve> end loop bdihe 
 CNSsolve> 
 CNSsolve> flags include cdih end 
 CNSsolve> 
 CNSsolve>set message=off echo=off end 
 CNSsolve> 
 CNSsolve> 
 CNSsolve> 
 CNSsolve>evaluate ($kinter = 1.0) 
 CNSsolve>@RUN:protocols/scale_cg-to-aa.cns 
 ASSFIL: file scale_cg-to-aa.cns opened.
 CNSsolve>! scale_cg-to-aa.cns 
 CNSsolve>!    Scaling of intermolecular interactions for CG-to-AA morphing 
 CNSsolve>! 
 CNSsolve>! *********************************************************************** 
 CNSsolve>! * Copyright 2003-2018 Alexandre Bonvin, Utrecht University.           * 
 CNSsolve>! * All rights reserved.                                                * 
 CNSsolve>! * This code is part of the HADDOCK software and governed by its       * 
 CNSsolve>! * license. Please see the LICENSE file that should have been included * 
 CNSsolve>! * as part of this package.                                            * 
 CNSsolve>! *********************************************************************** 
 CNSsolve>! 
 CNSsolve>igroup interaction (not all) (not all) end 
 CNSsolve> 
 CNSsolve>igroup 
 CNSsolve> 
 CNSsolve>  eval($nchain1 = 0) 
 CNSsolve> 
 CNSsolve>  while ($nchain1 < $data.ncomponents) loop nloop1 
 CNSsolve>    eval($nchain1 = $nchain1 + 1) 
 CNSsolve> 
 CNSsolve>    eval($scalfac = $kinter * $Toppar.int_$nchain1_$nchain1) 
 CNSsolve> 
 CNSsolve>    interaction (segid $Toppar.prot_segid_$nchain1 and not (resn ANI or resn DAN or resn XAN or resn DUM or resn SHA)) 
 CNSsolve>                (segid $Toppar.prot_segid_$nchain1 and not (resn ANI or resn DAN or resn XAN or resn DUM or resn SHA)) weight * 1.0 vdw $scalfac elec $scalfac end 
 CNSsolve>    interaction (segid $Toppar.prot_segid_$nchain1 and not (resn ANI or resn DAN or resn XAN or resn DUM or resn SHA)) 
 CNSsolve>                ((resn WAT or resn HOH or resn TIP* or resn DMS)) weight * 1.0 vdw $kinter elec $kinter end 
 CNSsolve> 
 CNSsolve>    eval($nchain2 = $nchain1 ) 
 CNSsolve>    while ($nchain2 < $data.ncomponents) loop nloop2 
 CNSsolve>      eval($nchain2 = $nchain2 + 1) 
 CNSsolve>      eval($scalfac = $kinter * $Toppar.int_$nchain1_$nchain2) 
 CNSsolve>      interaction (segid $Toppar.prot_segid_$nchain1 and not (resn ANI or resn DAN or resn XAN or resn DUM or resn SHA)) 
 CNSsolve>                  (segid $Toppar.prot_segid_$nchain2 and not (resn ANI or resn DAN or resn XAN or resn DUM or resn SHA)) weight * 1.0 vdw $scalfac elec $scalfac end 
 CNSsolve>    end loop nloop2 
 CNSsolve> 
 CNSsolve>  end loop nloop1 
 CNSsolve> 
 CNSsolve>  interaction (resn ANI) (resn ANI) weight * 1.0 vdw 0.0 elec 0.0 end 
 CNSsolve>  interaction (resn DAN) (resn DAN) weight * 1.0 vdw 0.0 elec 0.0 end 
 CNSsolve>  interaction (resn XAN) (resn XAN) weight * 1.0 vdw 0.0 elec 0.0 end 
 CNSsolve>  interaction (resn DUM) (resn DUM) weight * 1.0 vdw 0.0 elec 0.0 end 
 CNSsolve>  interaction (resn SHA) (resn SHA) weight * 1.0 vdw 0.0 elec 0.0 end 
 CNSsolve>  interaction (resn SHA) (not resn SHA) weight * 0.0 end 
 CNSsolve> 
 CNSsolve>  interaction ((resn WAT or resn HOH or resn TIP* or resn DMS)) ((resn WAT or resn HOH or resn TIP* or resn DMS)) weight * 1.0 end 
 CNSsolve> 
 CNSsolve>end 
 CNSsolve>minimize powell nstep=500 drop=40.0 nprint=25 end 
 CNSsolve> 
 CNSsolve>if ($failure eq false) then 
 CNSsolve>! Short MD optimization 
 CNSsolve>! 
 CNSsolve>{- Friction coefficient, in 1/ps. -} 
 CNSsolve>  do (fbeta=100) (not segid *CG) 
 CNSsolve> 
 CNSsolve>  evaluate ($bath=300.0) 
 CNSsolve>  evaluate ($nstep=500 * $scalefac) 
 CNSsolve>  evaluate ($timestep=0.0005) 
 CNSsolve> 
 CNSsolve>  do (vx=maxwell($bath)) (all) 
 CNSsolve>  do (vy=maxwell($bath)) (all) 
 CNSsolve>  do (vz=maxwell($bath)) (all) 
 CNSsolve> 
 CNSsolve>  dynamics cartesian 
 CNSsolve>    nstep=$nstep 
 CNSsolve>    timestep=$timestep 
 CNSsolve>    tcoupling=true temperature=$bath 
 CNSsolve>    nprint=50 
 CNSsolve>    cmremove=true 
 CNSsolve>  end 
 CNSsolve> 
 CNSsolve>  minimize powell nstep=500 drop=40.0 nprint=25 end 
 CNSsolve> 
 CNSsolve>end if 
 CNSsolve> 
 CNSsolve>parameter 
 CNSsolve>  nbonds 
 CNSsolve>    nbxmod=5 atom cdie shift 
 CNSsolve>    cutnb=9.5 ctofnb=8.5 ctonnb=6.5 eps=1.0 e14fac=0.4 inhibit 0.25 
 CNSsolve>    wmin=0.5 tolerance  0.5 
 CNSsolve>  end 
 CNSsolve>end 
 CNSsolve> 
 CNSsolve>! Define secondary structure dihedral angle restraints 
 CNSsolve>! 
 CNSsolve>rest dihe reset end 
 CNSsolve>@RUN:protocols/protein-ss-restraints-alpha-beta.def 
 ASSFIL: file protein-ss-restraints-alpha-beta.def opened.
 CNSsolve>! protein-ss-restraints-alpha-beta.def 
 CNSsolve>!    Define automatically secondary structure dihedral angle restraints 
 CNSsolve>!    for helical and beta-sheet segments 
 CNSsolve>! 
 CNSsolve>! *********************************************************************** 
 CNSsolve>! * Copyright 2003-2018 Alexandre Bonvin, Utrecht University.           * 
 CNSsolve>! * All rights reserved.                                                * 
 CNSsolve>! * This code is part of the HADDOCK software and governed by its       * 
 CNSsolve>! * license. Please see the LICENSE file that should have been included * 
 CNSsolve>! * as part of this package.                                            * 
 CNSsolve>! *********************************************************************** 
 CNSsolve>! 
 CNSsolve>{+ file: protein-ss-restraints.def       directory: protocols +} 
 CNSsolve>{+ description: Creates dihedral angle restraints to maintain conformation of the protein backbone +} 
 CNSsolve>{+ comment:This file is to be read by refinement files that modify atom coordinates +} 
 CNSsolve>{+ authors: Axel T. Brunger, and Paul D. Adams, <br> 
 CNSsolve>            modified by Alexandre Bonvin for HADDOCK use +} 
 CNSsolve> 
 CNSsolve>set message=normal echo=on end 
 CNSsolve> 
 CNSsolve>{=========================================================================================================} 
 CNSsolve>{                        things below this line do not normally need to be changed                        } 
 CNSsolve>{=========================================================================================================} 
 CNSsolve> 
 CNSsolve>{- Dihedral restraints for the protein backbone in alpha-beta regions -} 
 CNSsolve> 
 CNSsolve>  do (store1 = 1) (all) 
 CNSsolve>  restraint dihedral 
 CNSsolve>    nass = 50000 
 CNSsolve>  end 
 CNSsolve>  evaluate ($group=1) 
 CNSsolve>  evaluate ($done=false) 
 CNSsolve>  while ( $done = false ) loop bdihe 
 CNSsolve>   if ( $exist_Toppar.prot_segid_$group = true ) then 
 CNSsolve>     show sum(1) ( segid $Toppar.prot_segid_$group ) 
 CNSsolve>     if ( $result > 0 ) then 
 CNSsolve>       evaluate ($error_phi=$Data.error_dih) 
 CNSsolve>       evaluate ($error_psi=$Data.error_dih) 
 CNSsolve> 
 CNSsolve>       for $id in id ( segid $Toppar.prot_segid_$group and tag and not resn TIP* ) loop resid 
 CNSsolve>         show (segid) (id $id) 
 CNSsolve>         evaluate ($segid=$result) 
 CNSsolve>         show (resid) ( id $id ) 
 CNSsolve>         evaluate ($resid=decode($result)) 
 CNSsolve>	 evaluate ($alphaphi = 0) 
 CNSsolve>	 evaluate ($alphapsi = 0) 
 CNSsolve> 	 evaluate ($alpha_check = 0) 
 CNSsolve>	 evaluate ($betaphi = 0) 
 CNSsolve>	 evaluate ($betapsi = 0) 
 CNSsolve> 	 evaluate ($beta_check = 0) 
 CNSsolve> 
 CNSsolve>         evaluate ($rprec = $resid - 1) 
 CNSsolve>         show sum (store1) (resid $rprec and name C) 
 CNSsolve>         if ($result ne 0) then 
 CNSsolve>	   pick dihedral 
 CNSsolve>                     ( segid $segid and resid $rprec and name C ) 
 CNSsolve>                     ( segid $segid and resid $resid and name N ) 
 CNSsolve>                     ( segid $segid and resid $resid and name CA ) 
 CNSsolve>                     ( segid $segid and resid $resid and name C ) 
 CNSsolve>		  geometry 
 CNSsolve>	   evaluate ($dihedral_phi=$result) 
 CNSsolve>           evaluate ($alphaphi=max($dihedral_phi,-77)) 
 CNSsolve>           evaluate ($alphaphi=max($dihedral_phi,-37)) 
 CNSsolve>	   if ($alphaphi eq -37) then 
 CNSsolve>             evaluate ($alpha_check = 1) 
 CNSsolve>	   else 
 CNSsolve>	     evaluate ($alpha_check = 0) 
 CNSsolve>	   end if 
 CNSsolve>           evaluate ($betaphi=max($dihedral_phi,-145)) 
 CNSsolve>           evaluate ($betaphi=max($dihedral_phi,-105)) 
 CNSsolve>	   if ($betaphi eq -105) then 
 CNSsolve>             evaluate ($beta_check = 1) 
 CNSsolve>	   else 
 CNSsolve>	     evaluate ($beta_check = 0) 
 CNSsolve>	   end if 
 CNSsolve>         end if 
 CNSsolve> 
 CNSsolve>         evaluate ($rnext = $resid + 1) 
 CNSsolve>         show sum (store1) (resid $rnext and name N) 
 CNSsolve>         if ($result ne 0) then 
 CNSsolve>  	   pick dihedral 
 CNSsolve>                     ( segid $segid and resid $resid and name N ) 
 CNSsolve>                     ( segid $segid and resid $resid and name CA ) 
 CNSsolve>                     ( segid $segid and resid $resid and name C ) 
 CNSsolve>                     ( segid $segid and resid $rnext and name N ) 
 CNSsolve>		  geometry 
 CNSsolve>	   evaluate ($dihedral_psi=$result) 
 CNSsolve>           evaluate ($alphapsi=max($dihedral_psi,-67)) 
 CNSsolve>           evaluate ($alphapsi=max($dihedral_psi,-27)) 
 CNSsolve>	   if ($alphapsi eq -27) then 
 CNSsolve>             evaluate ($alpha_check = $alpha_check + 1) 
 CNSsolve>	   end if 
 CNSsolve>           evaluate ($betapsi=max($dihedral_psi,105)) 
 CNSsolve>           evaluate ($betapsi=max($dihedral_psi,145)) 
 CNSsolve>	   if ($betapsi eq 145) then 
 CNSsolve>             evaluate ($beta_check = $beta_check + 1) 
 CNSsolve>	   end if 
 CNSsolve>	 end if 
 CNSsolve> 
 CNSsolve>	 evaluate ($defrest = 0) 
 CNSsolve>	 if ($alpha_check eq 2) then 
 CNSsolve>	   evaluate ($defrest = 1) 
 CNSsolve>	 end if 
 CNSsolve>	 if ($beta_check eq 2) then 
 CNSsolve>	   evaluate ($defrest = 1) 
 CNSsolve>	 end if 
 CNSsolve>	 if ($defrest = 1) then 
 CNSsolve>           restraint dihedral 
 CNSsolve>	    ! phi 
 CNSsolve>             assign  ( segid $segid and resid $rprec and name C ) 
 CNSsolve>                     ( segid $segid and resid $resid and name N ) 
 CNSsolve>                     ( segid $segid and resid $resid and name CA ) 
 CNSsolve>                     ( segid $segid and resid $resid and name C ) 
 CNSsolve>                                                       1.0 $dihedral_phi $error_phi 2 
 CNSsolve>	    ! psi 
 CNSsolve>             assign  ( segid $segid and resid $resid and name N ) 
 CNSsolve>                     ( segid $segid and resid $resid and name CA ) 
 CNSsolve>                     ( segid $segid and resid $resid and name C ) 
 CNSsolve>                     ( segid $segid and resid $rnext and name N ) 
 CNSsolve>                                                       1.0 $dihedral_psi $error_psi 2 
 CNSsolve>             scale 200.0 
 CNSsolve>           end 
 CNSsolve>         end if 
 CNSsolve>       end loop resid 
 CNSsolve>     end if 
 CNSsolve>   else 
 CNSsolve>     evaluate ($done=true) 
 CNSsolve>   end if 
 CNSsolve>     evaluate ($group=$group+1) 
 CNSsolve> end loop bdihe 
 CNSsolve> 
 CNSsolve> flags include cdih end 
 CNSsolve> 
 CNSsolve>set message=off echo=off end 
 CNSsolve> 
 CNSsolve> 
 CNSsolve> 
 CNSsolve>evaluate ($kinter = 1.0) 
 CNSsolve>@RUN:protocols/scale_cg-to-aa.cns 
 ASSFIL: file scale_cg-to-aa.cns opened.
 CNSsolve>! scale_cg-to-aa.cns 
 CNSsolve>!    Scaling of intermolecular interactions for CG-to-AA morphing 
 CNSsolve>! 
 CNSsolve>! *********************************************************************** 
 CNSsolve>! * Copyright 2003-2018 Alexandre Bonvin, Utrecht University.           * 
 CNSsolve>! * All rights reserved.                                                * 
 CNSsolve>! * This code is part of the HADDOCK software and governed by its       * 
 CNSsolve>! * license. Please see the LICENSE file that should have been included * 
 CNSsolve>! * as part of this package.                                            * 
 CNSsolve>! *********************************************************************** 
 CNSsolve>! 
 CNSsolve>igroup interaction (not all) (not all) end 
 CNSsolve> 
 CNSsolve>igroup 
 CNSsolve> 
 CNSsolve>  eval($nchain1 = 0) 
 CNSsolve> 
 CNSsolve>  while ($nchain1 < $data.ncomponents) loop nloop1 
 CNSsolve>    eval($nchain1 = $nchain1 + 1) 
 CNSsolve> 
 CNSsolve>    eval($scalfac = $kinter * $Toppar.int_$nchain1_$nchain1) 
 CNSsolve> 
 CNSsolve>    interaction (segid $Toppar.prot_segid_$nchain1 and not (resn ANI or resn DAN or resn XAN or resn DUM or resn SHA)) 
 CNSsolve>                (segid $Toppar.prot_segid_$nchain1 and not (resn ANI or resn DAN or resn XAN or resn DUM or resn SHA)) weight * 1.0 vdw $scalfac elec $scalfac end 
 CNSsolve>    interaction (segid $Toppar.prot_segid_$nchain1 and not (resn ANI or resn DAN or resn XAN or resn DUM or resn SHA)) 
 CNSsolve>                ((resn WAT or resn HOH or resn TIP* or resn DMS)) weight * 1.0 vdw $kinter elec $kinter end 
 CNSsolve> 
 CNSsolve>    eval($nchain2 = $nchain1 ) 
 CNSsolve>    while ($nchain2 < $data.ncomponents) loop nloop2 
 CNSsolve>      eval($nchain2 = $nchain2 + 1) 
 CNSsolve>      eval($scalfac = $kinter * $Toppar.int_$nchain1_$nchain2) 
 CNSsolve>      interaction (segid $Toppar.prot_segid_$nchain1 and not (resn ANI or resn DAN or resn XAN or resn DUM or resn SHA)) 
 CNSsolve>                  (segid $Toppar.prot_segid_$nchain2 and not (resn ANI or resn DAN or resn XAN or resn DUM or resn SHA)) weight * 1.0 vdw $scalfac elec $scalfac end 
 CNSsolve>    end loop nloop2 
 CNSsolve> 
 CNSsolve>  end loop nloop1 
 CNSsolve> 
 CNSsolve>  interaction (resn ANI) (resn ANI) weight * 1.0 vdw 0.0 elec 0.0 end 
 CNSsolve>  interaction (resn DAN) (resn DAN) weight * 1.0 vdw 0.0 elec 0.0 end 
 CNSsolve>  interaction (resn XAN) (resn XAN) weight * 1.0 vdw 0.0 elec 0.0 end 
 CNSsolve>  interaction (resn DUM) (resn DUM) weight * 1.0 vdw 0.0 elec 0.0 end 
 CNSsolve>  interaction (resn SHA) (resn SHA) weight * 1.0 vdw 0.0 elec 0.0 end 
 CNSsolve>  interaction (resn SHA) (not resn SHA) weight * 0.0 end 
 CNSsolve> 
 CNSsolve>  interaction ((resn WAT or resn HOH or resn TIP* or resn DMS)) ((resn WAT or resn HOH or resn TIP* or resn DMS)) weight * 1.0 end 
 CNSsolve> 
 CNSsolve>end 
 CNSsolve>minimize powell nstep=500 drop=40.0 nprint=25 end 
 CNSsolve> 
 CNSsolve>if ($failure eq false) then 
 CNSsolve>! Short MD optimization 
 CNSsolve>! 
 CNSsolve>{- Friction coefficient, in 1/ps. -} 
 CNSsolve>  do (fbeta=100) (not segid *CG) 
 CNSsolve> 
 CNSsolve>  evaluate ($bath=300.0) 
 CNSsolve>  evaluate ($nstep=500 * $scalefac) 
 CNSsolve>  evaluate ($timestep=0.0005) 
 CNSsolve> 
 CNSsolve>  do (vx=maxwell($bath)) (all) 
 CNSsolve>  do (vy=maxwell($bath)) (all) 
 CNSsolve>  do (vz=maxwell($bath)) (all) 
 CNSsolve> 
 CNSsolve>  dynamics cartesian 
 CNSsolve>    nstep=$nstep 
 CNSsolve>    timestep=$timestep 
 CNSsolve>    tcoupling=true temperature=$bath 
 CNSsolve>    nprint=50 
 CNSsolve>    cmremove=true 
 CNSsolve>  end 
 CNSsolve> 
 CNSsolve>  minimize powell nstep=500 drop=40.0 nprint=25 end 
 CNSsolve> 
 CNSsolve>end if 
 CNSsolve> 
 CNSsolve>minimize powell nstep=500 drop=40.0 nprint=25 end 
 CNSsolve>minimize powell nstep=500 drop=10.0 nprint=25 end 
 CNSsolve> 
 CNSsolve>energy end 
 CNSsolve> 
 CNSsolve>parameter nbonds eps=1.0 end end 
 CNSsolve> 
 CNSsolve>delete sele=(segid *CG) end 
 CNSsolve> 
 CNSsolve> 
 CNSsolve>  ! reset non-bonded parameters to all atoms defaults 
 CNSsolve>  parameter 
 CNSsolve>    nbonds 
 CNSsolve>      nbxmod=5 atom cdie shift 
 CNSsolve>      cutnb=9.5 ctofnb=8.5 ctonnb=6.5 eps=1.0 e14fac=0.4 inhibit 0.25 
 CNSsolve>      wmin=0.5 tolerance  0.5 
 CNSsolve>    end 
 CNSsolve>  end 
 CNSsolve> 
 CNSsolve>end if 
 CNSsolve> 
 CNSsolve>if ($data.waterdock eq true) then 
 NEXTCD: condition evaluated as false
 CNSsolve> inline @RUN:protocols/read_water1.cns 
 ASSFIL: file read_water1.cns opened.
 CNSsolve>! read_water1.cns 
 CNSsolve>!   Read water coordinates from solvated docking 
 CNSsolve>! 
 CNSsolve>! *********************************************************************** 
 CNSsolve>! * Copyright 2003-2018 Alexandre Bonvin, Utrecht University.           * 
 CNSsolve>! * All rights reserved.                                                * 
 CNSsolve>! * This code is part of the HADDOCK software and governed by its       * 
 CNSsolve>! * license. Please see the LICENSE file that should have been included * 
 CNSsolve>! * as part of this package.                                            * 
 CNSsolve>! *********************************************************************** 
 CNSsolve>! 
 CNSsolve> 
 CNSsolve>evaluate ($nchain=0) 
 CNSsolve>while ($nchain < $data.ncomponents) loop nloop1 
 CNSsolve>  evaluate ($nchain = $nchain + 1) 
 CNSsolve>  evaluate ($watersegname_$nchain="WA" + encode($nchain)) 
 CNSsolve>end loop nloop1 
 CNSsolve> 
 CNSsolve> 
 CNSsolve>if ($data.waterdock eq true) then 
 CNSsolve>  noe reset end 
 CNSsolve>  rest dihe reset end 
 CNSsolve>  evaluate($watercoorfile = $file - ".pdb" + "_water.pdbw") 
 CNSsolve>  fileexist $watercoorfile end 
 CNSsolve>  evaluate ($waterfileexist=$result) 
 CNSsolve>  if ($waterfileexist eq true) then 
 CNSsolve>    if ($iteration < 2) then 
 CNSsolve>      evaluate($sol_topology_infile="RUN:/toppar/water-allhdg5-4.top") 
 CNSsolve>      topology @@$sol_topology_infile end 
 CNSsolve>    end if 
 CNSsolve>    segment 
 CNSsolve>      chain 
 CNSsolve>        separate-by-segid = true 
 CNSsolve>        coor @@$watercoorfile 
 CNSsolve>      end 
 CNSsolve>    end 
 CNSsolve>    coor @@$watercoorfile 
 CNSsolve>    ident (store5) (not all) 
 CNSsolve>  end if 
 CNSsolve> 
 CNSsolve>end if 
 CNSsolve>end if 
 CNSsolve> 
 CNSsolve>if ($Data.flags.sani eq true) then 
 NEXTCD: condition evaluated as false
 CNSsolve>   flag incl sani end 
 CNSsolve>   coor select (not known and resn ani) end 
 CNSsolve>   if ($select gt 0) then 
 CNSsolve>     coor @@RUN:toppar/tensor.pdb 
 CNSsolve> 
 CNSsolve>     {* Find CoM of protein and move tensor 100 A away *} 
 CNSsolve>     show ave (x) (name CA or name BB or name C1') 
 CNSsolve>     evaluate ($xcent=$result) 
 CNSsolve>     show ave (y) (name CA or name BB or name C1') 
 CNSsolve>     evaluate ($ycent=$result) 
 CNSsolve>     show ave (z) (name CA or name BB or name C1') 
 CNSsolve>     evaluate ($zcent=$result) 
 CNSsolve>     do (x=x+$xcent+100) (resn ANI) 
 CNSsolve>     do (y=y+$ycent+100) (resn ANI) 
 CNSsolve>     do (z=z+$zcent+100) (resn ANI) 
 CNSsolve> 
 CNSsolve>     evaluate ($rantens = true) 
 CNSsolve>   else 
 CNSsolve>     evaluate ($rantens = false) 
 CNSsolve>   end if 
 CNSsolve> 
 CNSsolve>   {* Harmonic restraints to keep it far away *} 
 CNSsolve>   do (refx=x) (all) 
 CNSsolve>   do (refy=y) (all) 
 CNSsolve>   do (refz=z) (all) 
 CNSsolve>   do (harmonic=20.0)(resn ANI and name OO) 
 CNSsolve>   do (harmonic=0.0) (resn ANI and name X ) 
 CNSsolve>   do (harmonic=0.0) (resn ANI and name Y ) 
 CNSsolve>   do (harmonic=0.0) (resn ANI and name Z ) 
 CNSsolve>   do (harmonic=0.0) (not (resn ANI)) 
 CNSsolve>   restraints harmonic exponent=2 end 
 CNSsolve>   flags include harm end 
 CNSsolve>end if 
 CNSsolve> 
 CNSsolve>evaluate ($xanmin = false) 
 EVALUATE: symbol $XANMIN set to FALSE (logical)
 CNSsolve>if ($Data.flags.xrdc eq true) then 
 NEXTCD: condition evaluated as false
 CNSsolve>  evaluate ($xanmin = true) 
 CNSsolve>  flag incl xrdc end 
 CNSsolve>end if 
 CNSsolve>if ($Data.flags.xpcs eq true) then 
 NEXTCD: condition evaluated as false
 CNSsolve>  evaluate ($xanmin = true) 
 CNSsolve>  flag incl xpcs end 
 CNSsolve>end if 
 CNSsolve>if ($xanmin eq true) then 
 NEXTCD: condition evaluated as false
 CNSsolve>   coor select (not known and resn xan) end 
 CNSsolve>   if ($select gt 0) then 
 CNSsolve>     coor @@RUN:toppar/tensor_para.pdb 
 CNSsolve> 
 CNSsolve>     {* Find CoM of protein and move tensor 100 A away *} 
 CNSsolve>     show ave (x) (name CA or name BB or name C1') 
 CNSsolve>     evaluate ($xcent=$result) 
 CNSsolve>     show ave (y) (name CA or name BB or name C1') 
 CNSsolve>     evaluate ($ycent=$result) 
 CNSsolve>     show ave (z) (name CA or name BB or name C1') 
 CNSsolve>     evaluate ($zcent=$result) 
 CNSsolve>     do (x=x+$xcent+100) (resn XAN) 
 CNSsolve>     do (y=y+$ycent+100) (resn XAN) 
 CNSsolve>     do (z=z+$zcent+100) (resn XAN) 
 CNSsolve>     evaluate ($rantens_para = true) 
 CNSsolve>   else 
 CNSsolve>     evaluate ($rantens_para = false) 
 CNSsolve>   end if 
 CNSsolve>end if 
 CNSsolve> 
 CNSsolve>if ($Data.flags.dani eq true) then 
 NEXTCD: condition evaluated as false
 CNSsolve>   flag incl dani end 
 CNSsolve>   coor select (not known and resn DAN) end 
 CNSsolve>   if ($select gt 0) then 
 CNSsolve>     coor @@RUN:toppar/tensor_dani.pdb 
 CNSsolve> 
 CNSsolve>     {* Find CoM of protein and move tensor 100 A away *} 
 CNSsolve>     show ave (x) (name CA or name BB or name C1') 
 CNSsolve>     evaluate ($xcent=$result) 
 CNSsolve>     show ave (y) (name CA or name BB or name C1') 
 CNSsolve>     evaluate ($ycent=$result) 
 CNSsolve>     show ave (z) (name CA or name BB or name C1') 
 CNSsolve>     evaluate ($zcent=$result) 
 CNSsolve>     do (x=x+$xcent+100) (resn DAN) 
 CNSsolve>     do (y=y+$ycent+100) (resn DAN) 
 CNSsolve>     do (z=z+$zcent+100) (resn DAN) 
 CNSsolve> 
 CNSsolve>     evaluate ($rantens_dani = true) 
 CNSsolve>   else 
 CNSsolve>     evaluate ($rantens_dani = false) 
 CNSsolve>   end if 
 CNSsolve> 
 CNSsolve>   {* Harmonic restraints to keep it far away *} 
 CNSsolve>   do (refx=x) (all) 
 CNSsolve>   do (refy=y) (all) 
 CNSsolve>   do (refz=z) (all) 
 CNSsolve>   do (harmonic=20.0)(resn DAN and name OO) 
 CNSsolve>   do (harmonic=0.0) (resn DAN and name X ) 
 CNSsolve>   do (harmonic=0.0) (resn DAN and name Y ) 
 CNSsolve>   do (harmonic=0.0) (resn DAN and name Z ) 
 CNSsolve>   do (harmonic=0.0) (not (resn ANI or resn DAN)) 
 CNSsolve>   restraints harmonic exponent=2 end 
 CNSsolve>   flags include harm end 
 CNSsolve>end if 
 CNSsolve> 
 CNSsolve>if ($Data.flags.rg eq true ) then 
 NEXTCD: condition evaluated as false
 CNSsolve>  collapse 
 CNSsolve>    force  $Data.krg_cool3 
 CNSsolve>    target $Data.rgtarg 
 CNSsolve>    sele   (not (resn ANI or resn XAN or resn WAT or resn HOH or resn TIP3)) 
 CNSsolve>  end 
 CNSsolve>end if 
 CNSsolve> 
 CNSsolve>do (refx = x) (all) 
 SELRPN:   1116 atoms have been selected out of   1116
 CNSsolve>do (refy = y) (all) 
 SELRPN:   1116 atoms have been selected out of   1116
 CNSsolve>do (refz = z) (all) 
 SELRPN:   1116 atoms have been selected out of   1116
 CNSsolve> 
 CNSsolve>{*== check if water refinement should be performed ==*} 
 CNSsolve>if ($refine.firstwater eq "yes") then 
 NEXTCD: condition evaluated as true
 CNSsolve>  if ($refine.solvshell eq true) then 
 NEXTCD: condition evaluated as true
 CNSsolve>    if ($failure eq false) then 
 NEXTCD: condition evaluated as true
 CNSsolve>      ! generate water layer 
 CNSsolve>      do (segid = "PROT") (segid "    ") 
 SELRPN:      0 atoms have been selected out of   1116
 CNSsolve>      @RUN:protocols/generate_water.cns 
 ASSFIL: file generate_water.cns opened.
 CNSsolve>! generate_water.cns 
 CNSsolve>!    Generate a water solvent layer around the molecule 
 CNSsolve>! 
 CNSsolve>! *********************************************************************** 
 CNSsolve>! * Copyright 2003-2018 Alexandre Bonvin, Utrecht University.           * 
 CNSsolve>! * Originally adapted from Aria 1.2 from Nilges and Linge, EMBL.       * 
 CNSsolve>! * All rights reserved.                                                * 
 CNSsolve>! * This code is part of the HADDOCK software and governed by its       * 
 CNSsolve>! * license. Please see the LICENSE file that should have been included * 
 CNSsolve>! * as part of this package.                                            * 
 CNSsolve>! *********************************************************************** 
 CNSsolve>! 
 CNSsolve> 
 CNSsolve>eval ($boxlength = 18.856)   ! length of Brooks' water box 
 EVALUATE: symbol $BOXLENGTH set to    18.8560     (real)
 CNSsolve>eval ($thickness = 8)        ! maxi. initial water-protein distance (heavy atoms) 
 EVALUATE: symbol $THICKNESS set to    8.00000     (real)
 CNSsolve>if ($iteration = 2) then 
 NEXTCD: condition evaluated as true
 CNSsolve>  eval ($pw_dist = 2.4)      ! mini. initial water-protein distance (heavy atoms) 
 EVALUATE: symbol $PW_DIST set to    2.40000     (real)
 CNSsolve>else 
 CNSsolve>  eval ($pw_dist = 4.0)      ! mini. initial water-protein distance (heavy atoms) 
 CNSsolve>end if 
 CNSsolve>eval ($water_diam = 2.4)     ! diameter of water molecule 
 EVALUATE: symbol $WATER_DIAM set to    2.40000     (real)
 CNSsolve>eval ($dyncount = 21)        ! for water segid  (max number of molecules + 1) 
 EVALUATE: symbol $DYNCOUNT set to    21.0000     (real)
 CNSsolve> 
 CNSsolve>eval ($water = "WA" + encode($dyncount)) 
 EVALUATE: symbol $WATER set to "WA21" (string)
 CNSsolve> 
 CNSsolve>!-------------------------------------------------- 
 CNSsolve>! read in the same box of water several times, and move it around 
 CNSsolve>! so as to cover all the space around the site of interest. 
 CNSsolve>! take into account box offset 
 CNSsolve> 
 CNSsolve>show max (x) ((not (resn WAT or resn HOH or resn TIP*)) and not (resn ANI or resn DAN or resn XAN or resn DUM or resn SHA)) 
 SELRPN:   1116 atoms have been selected out of   1116
 SHOW: maximum of selected elements =      30.542000
 CNSsolve>evaluate ($xmax = $result) 
 EVALUATE: symbol $XMAX set to    30.5420     (real)
 CNSsolve>show min (x) ((not (resn WAT or resn HOH or resn TIP*)) and not (resn ANI or resn DAN or resn XAN or resn DUM or resn SHA)) 
 SELRPN:   1116 atoms have been selected out of   1116
 SHOW: minimum of selected elements =     -40.122000
 CNSsolve>evaluate ($xmin = $result) 
 EVALUATE: symbol $XMIN set to   -40.1220     (real)
 CNSsolve> 
 CNSsolve>show max (y) ((not (resn WAT or resn HOH or resn TIP*)) and not (resn ANI or resn DAN or resn XAN or resn DUM or resn SHA)) 
 SELRPN:   1116 atoms have been selected out of   1116
 SHOW: maximum of selected elements =      13.971000
 CNSsolve>evaluate ($ymax = $result) 
 EVALUATE: symbol $YMAX set to    13.9710     (real)
 CNSsolve>show min (y) ((not (resn WAT or resn HOH or resn TIP*)) and not (resn ANI or resn DAN or resn XAN or resn DUM or resn SHA)) 
 SELRPN:   1116 atoms have been selected out of   1116
 SHOW: minimum of selected elements =     -16.272000
 CNSsolve>evaluate ($ymin = $result) 
 EVALUATE: symbol $YMIN set to   -16.2720     (real)
 CNSsolve> 
 CNSsolve>show max (z) ((not (resn WAT or resn HOH or resn TIP*)) and not (resn ANI or resn DAN or resn XAN or resn DUM or resn SHA)) 
 SELRPN:   1116 atoms have been selected out of   1116
 SHOW: maximum of selected elements =      12.656000
 CNSsolve>evaluate ($zmax = $result) 
 EVALUATE: symbol $ZMAX set to    12.6560     (real)
 CNSsolve>show min (z) ((not (resn WAT or resn HOH or resn TIP*)) and not (resn ANI or resn DAN or resn XAN or resn DUM or resn SHA)) 
 SELRPN:   1116 atoms have been selected out of   1116
 SHOW: minimum of selected elements =     -11.383000
 CNSsolve>evaluate ($zmin = $result) 
 EVALUATE: symbol $ZMIN set to   -11.3830     (real)
 CNSsolve> 
 CNSsolve> 
 CNSsolve>! loop over several iterations of water filling and dynamics 
 CNSsolve> 
 CNSsolve> 
 CNSsolve>!-------------------------------------------------- 
 CNSsolve>! read in the same box of water several times, and move it around 
 CNSsolve>! so as to cover all the space around the site of interest. 
 CNSsolve>! take into account box offset 
 CNSsolve> 
 CNSsolve> 
 CNSsolve>! determine how many boxes are necessary in each dimension 
 CNSsolve>eval ($xbox = int( ($xmax - $xmin + 2 * ($thickness + $water_diam)) / $boxlength  + 0.5)) 
 EVALUATE: symbol $XBOX set to    5.00000     (real)
 CNSsolve>eval ($ybox = int( ($ymax - $ymin + 2 * ($thickness + $water_diam)) / $boxlength  + 0.5)) 
 EVALUATE: symbol $YBOX set to    3.00000     (real)
 CNSsolve>eval ($zbox = int( ($zmax - $zmin + 2 * ($thickness + $water_diam)) / $boxlength  + 0.5)) 
 EVALUATE: symbol $ZBOX set to    2.00000     (real)
 CNSsolve> 
 CNSsolve>eval ($xmtran =  $xmax + $thickness - $boxlength/2 + $water_diam) 
 EVALUATE: symbol $XMTRAN set to    31.5140     (real)
 CNSsolve>eval ($ymtran =  $ymax + $thickness - $boxlength/2 + $water_diam) 
 EVALUATE: symbol $YMTRAN set to    14.9430     (real)
 CNSsolve>eval ($zmtran =  $zmax + $thickness - $boxlength/2 + $water_diam) 
 EVALUATE: symbol $ZMTRAN set to    13.6280     (real)
 CNSsolve> 
 CNSsolve>eval ($xcount=0) 
 EVALUATE: symbol $XCOUNT set to    0.00000     (real)
 CNSsolve>eval ($xtrans = $xmin - $thickness - $water_diam - $boxlength/2 ) 
 EVALUATE: symbol $XTRANS set to   -59.9500     (real)
 CNSsolve>while ($xtrans < $xmtran) loop wat1 
 NEXTCD: condition evaluated as true
 CNSsolve>  eval ($xcount=$xcount+1) 
 EVALUATE: symbol $XCOUNT set to    1.00000     (real)
 CNSsolve>  eval ($xtrans = $xtrans + $boxlength) 
 EVALUATE: symbol $XTRANS set to   -41.0940     (real)
 CNSsolve> 
 CNSsolve>  eval ($ycount=0) 
 EVALUATE: symbol $YCOUNT set to    0.00000     (real)
 CNSsolve>  eval ($ytrans = $ymin - $thickness - $water_diam - $boxlength/2 ) 
 EVALUATE: symbol $YTRANS set to   -36.1000     (real)
 CNSsolve>  while ($ytrans < $ymtran) loop wat2 
 NEXTCD: condition evaluated as true
 CNSsolve>    eval ($ycount=$ycount+1) 
 EVALUATE: symbol $YCOUNT set to    1.00000     (real)
 CNSsolve>    eval ($ytrans = $ytrans + $boxlength) 
 EVALUATE: symbol $YTRANS set to   -17.2440     (real)
 CNSsolve> 
 CNSsolve>    eval ($zcount=0) 
 EVALUATE: symbol $ZCOUNT set to    0.00000     (real)
 CNSsolve>    eval ($ztrans = $zmin - $thickness - $water_diam - $boxlength/2 ) 
 EVALUATE: symbol $ZTRANS set to   -31.2110     (real)
 CNSsolve>    while ($ztrans < $zmtran) loop wat3 
 NEXTCD: condition evaluated as true
 CNSsolve>      eval ($zcount=$zcount+1) 
 EVALUATE: symbol $ZCOUNT set to    1.00000     (real)
 CNSsolve>      eval ($ztrans = $ztrans + $boxlength) 
 EVALUATE: symbol $ZTRANS set to   -12.3550     (real)
 CNSsolve> 
 CNSsolve> 
 CNSsolve>      segment 
 SEGMENT>        name="    " 
 SEGMENT>        chain 
 CHAIN>          coordinates @@RUN:protocols/boxtyp20.pdb 
 ASSFIL: file boxtyp20.pdb opened.
 COOR>REMARKS *****  CHARMM water box from Charlie Brooks. ******** 
 COOR>REMARKS * This is a box of 216 3-site water molecules in the experimental 
 COOR>REMARKS * geometry.  It was constructed from an equilibrated 
 COOR>REMARKS * configuration of TIP3P (3-site water model of Jorgenson) 
 COOR>REMARKS * waters at 1 atm pressure and a density of 0.0334 molecules/A**-3. 
 COOR>REMARKS * The box edgelength is 18.856 A.  The minimum image periodic 
 COOR>REMARKS * boundary energy for this configuration using the TIP3P 
 COOR>REMARKS * potentials is -2150.6833 kcal/mol. 
 COOR>REMARKS 
 COOR>ATOM      1 OH2  WAT     1       2.531   0.596  -2.477        0.000 
 SEGMNT-info: chain termination due to END keyword.   216 residues were inserted into segid "    "
 CHAIN>        end 
 SEGMENT>      end 
 SCRATC-warning: Pairs of Interacting Groups erased.
 Status of internal molecular topology database:
 -> NATOM=       1764(MAXA=     1000000)  NBOND=       1635(MAXB=     1000000)
 -> NTHETA=      2393(MAXT=     2000000)  NGRP=         569(MAXGRP=   1000000)
 -> NPHI=          22(MAXP=     2000000)  NIMPHI=       772(MAXIMP=   1000000)
 -> NNB=          102(MAXNB=    1000000) 
 CNSsolve>      coor @@RUN:protocols/boxtyp20.pdb 
 ASSFIL: file boxtyp20.pdb opened.
 COOR>REMARKS *****  CHARMM water box from Charlie Brooks. ******** 
 COOR>REMARKS * This is a box of 216 3-site water molecules in the experimental 
 COOR>REMARKS * geometry.  It was constructed from an equilibrated 
 COOR>REMARKS * configuration of TIP3P (3-site water model of Jorgenson) 
 COOR>REMARKS * waters at 1 atm pressure and a density of 0.0334 molecules/A**-3. 
 COOR>REMARKS * The box edgelength is 18.856 A.  The minimum image periodic 
 COOR>REMARKS * boundary energy for this configuration using the TIP3P 
 COOR>REMARKS * potentials is -2150.6833 kcal/mol. 
 COOR>REMARKS 
 COOR>ATOM      1 OH2  WAT     1       2.531   0.596  -2.477        0.000 
 COOR>ATOM      2 H1   WAT     1       2.620   1.540  -2.609        0.000 
 CNSsolve>      do (segid=W000) (segid "    ") 
 Assuming literal string "W000"
 SELRPN:    648 atoms have been selected out of   1764
 CNSsolve>      coor sele=(segid W000) translate vector = ($xtrans $ytrans $ztrans) end 
 SELRPN:    648 atoms have been selected out of   1764
 COOR: using atom subset.
 COOR: translation vector =(   -41.094000  -17.244000  -12.355000 )
 COOR: selected coordinates translated
 CNSsolve> 
 CNSsolve>      ! all new water oxygens 
 CNSsolve>      ident (store1) (segid W000 and name oh2) 
 SELRPN:    216 atoms have been selected out of   1764
 CNSsolve>      ! all new water oxygens close to a protein heavy atom 
 CNSsolve>      ident (store2) (store1 and (not (resn WAT or resn HOH or resn TIP* or resn ANI or resn DAN or resn XAN or resn DUM or resn SHA or hydro)) around $pw_dist) 
 SELRPN:     10 atoms have been selected out of   1764
 CNSsolve>      ! all new water oxygens close to old water oxygens 
 CNSsolve>      ident (store3) (store1 and (segid wat# and not hydro) around $water_diam) 
 SELRPN:      0 atoms have been selected out of   1764
 CNSsolve>      ! all new water oxygens further than thickness away from a protein heavy atom 
 CNSsolve>      ident (store4) (store1 and not (not (resn WAT or resn HOH or resn TIP* or resn ANI or resn DAN or resn XAN or resn DUM or resn SHA or hydro)) around $thickness) 
 SELRPN:    166 atoms have been selected out of   1764
 CNSsolve>      delete sele= (byres (store2 or store3 or store4)) end 
 SELRPN:    528 atoms have been selected out of   1764
 Status of internal molecular topology database:
 -> NATOM=       1236(MAXA=     1000000)  NBOND=       1283(MAXB=     1000000)
 -> NTHETA=      2217(MAXT=     2000000)  NGRP=         393(MAXGRP=   1000000)
 -> NPHI=          22(MAXP=     2000000)  NIMPHI=       772(MAXIMP=   1000000)
 -> NNB=          102(MAXNB=    1000000) 
 CNSsolve> 
 CNSsolve> 
 CNSsolve>      ! give waters unique segid name 
 CNSsolve>      eval ($segid= "W" 
 Expression=             + encode($xcount) + encode($ycount) + encode($zcount)) 
 EVALUATE: symbol $SEGID set to "W111" (string)
 CNSsolve>      do (segid = $segid) (segid W000) 
 SELRPN:    120 atoms have been selected out of   1236
 CNSsolve> 
 CNSsolve>    end loop wat3 
 CNSsolve>    while ($ztrans < $zmtran) loop wat3 
 NEXTCD: condition evaluated as true
 CNSsolve>      eval ($zcount=$zcount+1) 
 EVALUATE: symbol $ZCOUNT set to    2.00000     (real)
 CNSsolve>      eval ($ztrans = $ztrans + $boxlength) 
 EVALUATE: symbol $ZTRANS set to    6.50100     (real)
 CNSsolve> 
 CNSsolve> 
 CNSsolve>      segment 
 SEGMENT>        name="    " 
 SEGMENT>        chain 
 CHAIN>          coordinates @@RUN:protocols/boxtyp20.pdb 
 ASSFIL: file boxtyp20.pdb opened.
 COOR>REMARKS *****  CHARMM water box from Charlie Brooks. ******** 
 COOR>REMARKS * This is a box of 216 3-site water molecules in the experimental 
 COOR>REMARKS * geometry.  It was constructed from an equilibrated 
 COOR>REMARKS * configuration of TIP3P (3-site water model of Jorgenson) 
 COOR>REMARKS * waters at 1 atm pressure and a density of 0.0334 molecules/A**-3. 
 COOR>REMARKS * The box edgelength is 18.856 A.  The minimum image periodic 
 COOR>REMARKS * boundary energy for this configuration using the TIP3P 
 COOR>REMARKS * potentials is -2150.6833 kcal/mol. 
 COOR>REMARKS 
 COOR>ATOM      1 OH2  WAT     1       2.531   0.596  -2.477        0.000 
 SEGMNT-info: chain termination due to END keyword.   216 residues were inserted into segid "    "
 CHAIN>        end 
 SEGMENT>      end 
 Status of internal molecular topology database:
 -> NATOM=       1884(MAXA=     1000000)  NBOND=       1715(MAXB=     1000000)
 -> NTHETA=      2433(MAXT=     2000000)  NGRP=         609(MAXGRP=   1000000)
 -> NPHI=          22(MAXP=     2000000)  NIMPHI=       772(MAXIMP=   1000000)
 -> NNB=          102(MAXNB=    1000000) 
 CNSsolve>      coor @@RUN:protocols/boxtyp20.pdb 
 ASSFIL: file boxtyp20.pdb opened.
 COOR>REMARKS *****  CHARMM water box from Charlie Brooks. ******** 
 COOR>REMARKS * This is a box of 216 3-site water molecules in the experimental 
 COOR>REMARKS * geometry.  It was constructed from an equilibrated 
 COOR>REMARKS * configuration of TIP3P (3-site water model of Jorgenson) 
 COOR>REMARKS * waters at 1 atm pressure and a density of 0.0334 molecules/A**-3. 
 COOR>REMARKS * The box edgelength is 18.856 A.  The minimum image periodic 
 COOR>REMARKS * boundary energy for this configuration using the TIP3P 
 COOR>REMARKS * potentials is -2150.6833 kcal/mol. 
 COOR>REMARKS 
 COOR>ATOM      1 OH2  WAT     1       2.531   0.596  -2.477        0.000 
 COOR>ATOM      2 H1   WAT     1       2.620   1.540  -2.609        0.000 
 CNSsolve>      do (segid=W000) (segid "    ") 
 Assuming literal string "W000"
 SELRPN:    648 atoms have been selected out of   1884
 CNSsolve>      coor sele=(segid W000) translate vector = ($xtrans $ytrans $ztrans) end 
 SELRPN:    648 atoms have been selected out of   1884
 COOR: using atom subset.
 COOR: translation vector =(   -41.094000  -17.244000    6.501000 )
 COOR: selected coordinates translated
 CNSsolve> 
 CNSsolve>      ! all new water oxygens 
 CNSsolve>      ident (store1) (segid W000 and name oh2) 
 SELRPN:    216 atoms have been selected out of   1884
 CNSsolve>      ! all new water oxygens close to a protein heavy atom 
 CNSsolve>      ident (store2) (store1 and (not (resn WAT or resn HOH or resn TIP* or resn ANI or resn DAN or resn XAN or resn DUM or resn SHA or hydro)) around $pw_dist) 
 SELRPN:     17 atoms have been selected out of   1884
 CNSsolve>      ! all new water oxygens close to old water oxygens 
 CNSsolve>      ident (store3) (store1 and (segid wat# and not hydro) around $water_diam) 
 SELRPN:      0 atoms have been selected out of   1884
 CNSsolve>      ! all new water oxygens further than thickness away from a protein heavy atom 
 CNSsolve>      ident (store4) (store1 and not (not (resn WAT or resn HOH or resn TIP* or resn ANI or resn DAN or resn XAN or resn DUM or resn SHA or hydro)) around $thickness) 
 SELRPN:    138 atoms have been selected out of   1884
 CNSsolve>      delete sele= (byres (store2 or store3 or store4)) end 
 SELRPN:    465 atoms have been selected out of   1884
 Status of internal molecular topology database:
 -> NATOM=       1419(MAXA=     1000000)  NBOND=       1405(MAXB=     1000000)
 -> NTHETA=      2278(MAXT=     2000000)  NGRP=         454(MAXGRP=   1000000)
 -> NPHI=          22(MAXP=     2000000)  NIMPHI=       772(MAXIMP=   1000000)
 -> NNB=          102(MAXNB=    1000000) 
 CNSsolve> 
 CNSsolve> 
 CNSsolve>      ! give waters unique segid name 
 CNSsolve>      eval ($segid= "W" 
 Expression=             + encode($xcount) + encode($ycount) + encode($zcount)) 
 EVALUATE: symbol $SEGID set to "W112" (string)
 CNSsolve>      do (segid = $segid) (segid W000) 
 SELRPN:    183 atoms have been selected out of   1419
 CNSsolve> 
 CNSsolve>    end loop wat3 
 CNSsolve>    while ($ztrans < $zmtran) loop wat3 
 NEXTCD: condition evaluated as true
 CNSsolve>      eval ($zcount=$zcount+1) 
 EVALUATE: symbol $ZCOUNT set to    3.00000     (real)
 CNSsolve>      eval ($ztrans = $ztrans + $boxlength) 
 EVALUATE: symbol $ZTRANS set to    25.3570     (real)
 CNSsolve> 
 CNSsolve> 
 CNSsolve>      segment 
 SEGMENT>        name="    " 
 SEGMENT>        chain 
 CHAIN>          coordinates @@RUN:protocols/boxtyp20.pdb 
 ASSFIL: file boxtyp20.pdb opened.
 COOR>REMARKS *****  CHARMM water box from Charlie Brooks. ******** 
 COOR>REMARKS * This is a box of 216 3-site water molecules in the experimental 
 COOR>REMARKS * geometry.  It was constructed from an equilibrated 
 COOR>REMARKS * configuration of TIP3P (3-site water model of Jorgenson) 
 COOR>REMARKS * waters at 1 atm pressure and a density of 0.0334 molecules/A**-3. 
 COOR>REMARKS * The box edgelength is 18.856 A.  The minimum image periodic 
 COOR>REMARKS * boundary energy for this configuration using the TIP3P 
 COOR>REMARKS * potentials is -2150.6833 kcal/mol. 
 COOR>REMARKS 
 COOR>ATOM      1 OH2  WAT     1       2.531   0.596  -2.477        0.000 
 SEGMNT-info: chain termination due to END keyword.   216 residues were inserted into segid "    "
 CHAIN>        end 
 SEGMENT>      end 
 Status of internal molecular topology database:
 -> NATOM=       2067(MAXA=     1000000)  NBOND=       1837(MAXB=     1000000)
 -> NTHETA=      2494(MAXT=     2000000)  NGRP=         670(MAXGRP=   1000000)
 -> NPHI=          22(MAXP=     2000000)  NIMPHI=       772(MAXIMP=   1000000)
 -> NNB=          102(MAXNB=    1000000) 
 CNSsolve>      coor @@RUN:protocols/boxtyp20.pdb 
 ASSFIL: file boxtyp20.pdb opened.
 COOR>REMARKS *****  CHARMM water box from Charlie Brooks. ******** 
 COOR>REMARKS * This is a box of 216 3-site water molecules in the experimental 
 COOR>REMARKS * geometry.  It was constructed from an equilibrated 
 COOR>REMARKS * configuration of TIP3P (3-site water model of Jorgenson) 
 COOR>REMARKS * waters at 1 atm pressure and a density of 0.0334 molecules/A**-3. 
 COOR>REMARKS * The box edgelength is 18.856 A.  The minimum image periodic 
 COOR>REMARKS * boundary energy for this configuration using the TIP3P 
 COOR>REMARKS * potentials is -2150.6833 kcal/mol. 
 COOR>REMARKS 
 COOR>ATOM      1 OH2  WAT     1       2.531   0.596  -2.477        0.000 
 COOR>ATOM      2 H1   WAT     1       2.620   1.540  -2.609        0.000 
 CNSsolve>      do (segid=W000) (segid "    ") 
 Assuming literal string "W000"
 SELRPN:    648 atoms have been selected out of   2067
 CNSsolve>      coor sele=(segid W000) translate vector = ($xtrans $ytrans $ztrans) end 
 SELRPN:    648 atoms have been selected out of   2067
 COOR: using atom subset.
 COOR: translation vector =(   -41.094000  -17.244000   25.357000 )
 COOR: selected coordinates translated
 CNSsolve> 
 CNSsolve>      ! all new water oxygens 
 CNSsolve>      ident (store1) (segid W000 and name oh2) 
 SELRPN:    216 atoms have been selected out of   2067
 CNSsolve>      ! all new water oxygens close to a protein heavy atom 
 CNSsolve>      ident (store2) (store1 and (not (resn WAT or resn HOH or resn TIP* or resn ANI or resn DAN or resn XAN or resn DUM or resn SHA or hydro)) around $pw_dist) 
 SELRPN:      0 atoms have been selected out of   2067
 CNSsolve>      ! all new water oxygens close to old water oxygens 
 CNSsolve>      ident (store3) (store1 and (segid wat# and not hydro) around $water_diam) 
 SELRPN:      0 atoms have been selected out of   2067
 CNSsolve>      ! all new water oxygens further than thickness away from a protein heavy atom 
 CNSsolve>      ident (store4) (store1 and not (not (resn WAT or resn HOH or resn TIP* or resn ANI or resn DAN or resn XAN or resn DUM or resn SHA or hydro)) around $thickness) 
 SELRPN:    216 atoms have been selected out of   2067
 CNSsolve>      delete sele= (byres (store2 or store3 or store4)) end 
 SELRPN:    648 atoms have been selected out of   2067
 Status of internal molecular topology database:
 -> NATOM=       1419(MAXA=     1000000)  NBOND=       1405(MAXB=     1000000)
 -> NTHETA=      2278(MAXT=     2000000)  NGRP=         454(MAXGRP=   1000000)
 -> NPHI=          22(MAXP=     2000000)  NIMPHI=       772(MAXIMP=   1000000)
 -> NNB=          102(MAXNB=    1000000) 
 CNSsolve> 
 CNSsolve> 
 CNSsolve>      ! give waters unique segid name 
 CNSsolve>      eval ($segid= "W" 
 Expression=             + encode($xcount) + encode($ycount) + encode($zcount)) 
 EVALUATE: symbol $SEGID set to "W113" (string)
 CNSsolve>      do (segid = $segid) (segid W000) 
 SELRPN:      0 atoms have been selected out of   1419
 CNSsolve> 
 CNSsolve>    end loop wat3 
 CNSsolve>    while ($ztrans < $zmtran) loop wat3 
 NEXTCD: condition evaluated as false
 CNSsolve>      eval ($zcount=$zcount+1) 
 CNSsolve>      eval ($ztrans = $ztrans + $boxlength) 
 CNSsolve> 
 CNSsolve> 
 CNSsolve>      segment 
 CNSsolve>        name="    " 
 CNSsolve>        chain 
 CNSsolve>          coordinates @@RUN:protocols/boxtyp20.pdb 
 CNSsolve>        end 
 CNSsolve>      end 
 CNSsolve>      coor @@RUN:protocols/boxtyp20.pdb 
 CNSsolve>      do (segid=W000) (segid "    ") 
 CNSsolve>      coor sele=(segid W000) translate vector = ($xtrans $ytrans $ztrans) end 
 CNSsolve> 
 CNSsolve>      ! all new water oxygens 
 CNSsolve>      ident (store1) (segid W000 and name oh2) 
 CNSsolve>      ! all new water oxygens close to a protein heavy atom 
 CNSsolve>      ident (store2) (store1 and (not (resn WAT or resn HOH or resn TIP* or resn ANI or resn DAN or resn XAN or resn DUM or resn SHA or hydro)) around $pw_dist) 
 CNSsolve>      ! all new water oxygens close to old water oxygens 
 CNSsolve>      ident (store3) (store1 and (segid wat# and not hydro) around $water_diam) 
 CNSsolve>      ! all new water oxygens further than thickness away from a protein heavy atom 
 CNSsolve>      ident (store4) (store1 and not (not (resn WAT or resn HOH or resn TIP* or resn ANI or resn DAN or resn XAN or resn DUM or resn SHA or hydro)) around $thickness) 
 CNSsolve>      delete sele= (byres (store2 or store3 or store4)) end 
 CNSsolve> 
 CNSsolve> 
 CNSsolve>      ! give waters unique segid name 
 CNSsolve>      eval ($segid= "W" 
 CNSsolve>             + encode($xcount) + encode($ycount) + encode($zcount)) 
 CNSsolve>      do (segid = $segid) (segid W000) 
 CNSsolve> 
 CNSsolve>    end loop wat3 
 CNSsolve>  end loop wat2 
 CNSsolve>  while ($ytrans < $ymtran) loop wat2 
 NEXTCD: condition evaluated as true
 CNSsolve>    eval ($ycount=$ycount+1) 
 EVALUATE: symbol $YCOUNT set to    2.00000     (real)
 CNSsolve>    eval ($ytrans = $ytrans + $boxlength) 
 EVALUATE: symbol $YTRANS set to    1.61200     (real)
 CNSsolve> 
 CNSsolve>    eval ($zcount=0) 
 EVALUATE: symbol $ZCOUNT set to    0.00000     (real)
 CNSsolve>    eval ($ztrans = $zmin - $thickness - $water_diam - $boxlength/2 ) 
 EVALUATE: symbol $ZTRANS set to   -31.2110     (real)
 CNSsolve>    while ($ztrans < $zmtran) loop wat3 
 NEXTCD: condition evaluated as true
 CNSsolve>      eval ($zcount=$zcount+1) 
 EVALUATE: symbol $ZCOUNT set to    1.00000     (real)
 CNSsolve>      eval ($ztrans = $ztrans + $boxlength) 
 EVALUATE: symbol $ZTRANS set to   -12.3550     (real)
 CNSsolve> 
 CNSsolve> 
 CNSsolve>      segment 
 SEGMENT>        name="    " 
 SEGMENT>        chain 
 CHAIN>          coordinates @@RUN:protocols/boxtyp20.pdb 
 ASSFIL: file boxtyp20.pdb opened.
 COOR>REMARKS *****  CHARMM water box from Charlie Brooks. ******** 
 COOR>REMARKS * This is a box of 216 3-site water molecules in the experimental 
 COOR>REMARKS * geometry.  It was constructed from an equilibrated 
 COOR>REMARKS * configuration of TIP3P (3-site water model of Jorgenson) 
 COOR>REMARKS * waters at 1 atm pressure and a density of 0.0334 molecules/A**-3. 
 COOR>REMARKS * The box edgelength is 18.856 A.  The minimum image periodic 
 COOR>REMARKS * boundary energy for this configuration using the TIP3P 
 COOR>REMARKS * potentials is -2150.6833 kcal/mol. 
 COOR>REMARKS 
 COOR>ATOM      1 OH2  WAT     1       2.531   0.596  -2.477        0.000 
 SEGMNT-info: chain termination due to END keyword.   216 residues were inserted into segid "    "
 CHAIN>        end 
 SEGMENT>      end 
 Status of internal molecular topology database:
 -> NATOM=       2067(MAXA=     1000000)  NBOND=       1837(MAXB=     1000000)
 -> NTHETA=      2494(MAXT=     2000000)  NGRP=         670(MAXGRP=   1000000)
 -> NPHI=          22(MAXP=     2000000)  NIMPHI=       772(MAXIMP=   1000000)
 -> NNB=          102(MAXNB=    1000000) 
 CNSsolve>      coor @@RUN:protocols/boxtyp20.pdb 
 ASSFIL: file boxtyp20.pdb opened.
 COOR>REMARKS *****  CHARMM water box from Charlie Brooks. ******** 
 COOR>REMARKS * This is a box of 216 3-site water molecules in the experimental 
 COOR>REMARKS * geometry.  It was constructed from an equilibrated 
 COOR>REMARKS * configuration of TIP3P (3-site water model of Jorgenson) 
 COOR>REMARKS * waters at 1 atm pressure and a density of 0.0334 molecules/A**-3. 
 COOR>REMARKS * The box edgelength is 18.856 A.  The minimum image periodic 
 COOR>REMARKS * boundary energy for this configuration using the TIP3P 
 COOR>REMARKS * potentials is -2150.6833 kcal/mol. 
 COOR>REMARKS 
 COOR>ATOM      1 OH2  WAT     1       2.531   0.596  -2.477        0.000 
 COOR>ATOM      2 H1   WAT     1       2.620   1.540  -2.609        0.000 
 CNSsolve>      do (segid=W000) (segid "    ") 
 Assuming literal string "W000"
 SELRPN:    648 atoms have been selected out of   2067
 CNSsolve>      coor sele=(segid W000) translate vector = ($xtrans $ytrans $ztrans) end 
 SELRPN:    648 atoms have been selected out of   2067
 COOR: using atom subset.
 COOR: translation vector =(   -41.094000    1.612000  -12.355000 )
 COOR: selected coordinates translated
 CNSsolve> 
 CNSsolve>      ! all new water oxygens 
 CNSsolve>      ident (store1) (segid W000 and name oh2) 
 SELRPN:    216 atoms have been selected out of   2067
 CNSsolve>      ! all new water oxygens close to a protein heavy atom 
 CNSsolve>      ident (store2) (store1 and (not (resn WAT or resn HOH or resn TIP* or resn ANI or resn DAN or resn XAN or resn DUM or resn SHA or hydro)) around $pw_dist) 
 SELRPN:     21 atoms have been selected out of   2067
 CNSsolve>      ! all new water oxygens close to old water oxygens 
 CNSsolve>      ident (store3) (store1 and (segid wat# and not hydro) around $water_diam) 
 SELRPN:      0 atoms have been selected out of   2067
 CNSsolve>      ! all new water oxygens further than thickness away from a protein heavy atom 
 CNSsolve>      ident (store4) (store1 and not (not (resn WAT or resn HOH or resn TIP* or resn ANI or resn DAN or resn XAN or resn DUM or resn SHA or hydro)) around $thickness) 
 SELRPN:    133 atoms have been selected out of   2067
 CNSsolve>      delete sele= (byres (store2 or store3 or store4)) end 
 SELRPN:    462 atoms have been selected out of   2067
 Status of internal molecular topology database:
 -> NATOM=       1605(MAXA=     1000000)  NBOND=       1529(MAXB=     1000000)
 -> NTHETA=      2340(MAXT=     2000000)  NGRP=         516(MAXGRP=   1000000)
 -> NPHI=          22(MAXP=     2000000)  NIMPHI=       772(MAXIMP=   1000000)
 -> NNB=          102(MAXNB=    1000000) 
 CNSsolve> 
 CNSsolve> 
 CNSsolve>      ! give waters unique segid name 
 CNSsolve>      eval ($segid= "W" 
 Expression=             + encode($xcount) + encode($ycount) + encode($zcount)) 
 EVALUATE: symbol $SEGID set to "W121" (string)
 CNSsolve>      do (segid = $segid) (segid W000) 
 SELRPN:    186 atoms have been selected out of   1605
 CNSsolve> 
 CNSsolve>    end loop wat3 
 CNSsolve>    while ($ztrans < $zmtran) loop wat3 
 NEXTCD: condition evaluated as true
 CNSsolve>      eval ($zcount=$zcount+1) 
 EVALUATE: symbol $ZCOUNT set to    2.00000     (real)
 CNSsolve>      eval ($ztrans = $ztrans + $boxlength) 
 EVALUATE: symbol $ZTRANS set to    6.50100     (real)
 CNSsolve> 
 CNSsolve> 
 CNSsolve>      segment 
 SEGMENT>        name="    " 
 SEGMENT>        chain 
 CHAIN>          coordinates @@RUN:protocols/boxtyp20.pdb 
 ASSFIL: file boxtyp20.pdb opened.
 COOR>REMARKS *****  CHARMM water box from Charlie Brooks. ******** 
 COOR>REMARKS * This is a box of 216 3-site water molecules in the experimental 
 COOR>REMARKS * geometry.  It was constructed from an equilibrated 
 COOR>REMARKS * configuration of TIP3P (3-site water model of Jorgenson) 
 COOR>REMARKS * waters at 1 atm pressure and a density of 0.0334 molecules/A**-3. 
 COOR>REMARKS * The box edgelength is 18.856 A.  The minimum image periodic 
 COOR>REMARKS * boundary energy for this configuration using the TIP3P 
 COOR>REMARKS * potentials is -2150.6833 kcal/mol. 
 COOR>REMARKS 
 COOR>ATOM      1 OH2  WAT     1       2.531   0.596  -2.477        0.000 
 SEGMNT-info: chain termination due to END keyword.   216 residues were inserted into segid "    "
 CHAIN>        end 
 SEGMENT>      end 
 Status of internal molecular topology database:
 -> NATOM=       2253(MAXA=     1000000)  NBOND=       1961(MAXB=     1000000)
 -> NTHETA=      2556(MAXT=     2000000)  NGRP=         732(MAXGRP=   1000000)
 -> NPHI=          22(MAXP=     2000000)  NIMPHI=       772(MAXIMP=   1000000)
 -> NNB=          102(MAXNB=    1000000) 
 CNSsolve>      coor @@RUN:protocols/boxtyp20.pdb 
 ASSFIL: file boxtyp20.pdb opened.
 COOR>REMARKS *****  CHARMM water box from Charlie Brooks. ******** 
 COOR>REMARKS * This is a box of 216 3-site water molecules in the experimental 
 COOR>REMARKS * geometry.  It was constructed from an equilibrated 
 COOR>REMARKS * configuration of TIP3P (3-site water model of Jorgenson) 
 COOR>REMARKS * waters at 1 atm pressure and a density of 0.0334 molecules/A**-3. 
 COOR>REMARKS * The box edgelength is 18.856 A.  The minimum image periodic 
 COOR>REMARKS * boundary energy for this configuration using the TIP3P 
 COOR>REMARKS * potentials is -2150.6833 kcal/mol. 
 COOR>REMARKS 
 COOR>ATOM      1 OH2  WAT     1       2.531   0.596  -2.477        0.000 
 COOR>ATOM      2 H1   WAT     1       2.620   1.540  -2.609        0.000 
 CNSsolve>      do (segid=W000) (segid "    ") 
 Assuming literal string "W000"
 SELRPN:    648 atoms have been selected out of   2253
 CNSsolve>      coor sele=(segid W000) translate vector = ($xtrans $ytrans $ztrans) end 
 SELRPN:    648 atoms have been selected out of   2253
 COOR: using atom subset.
 COOR: translation vector =(   -41.094000    1.612000    6.501000 )
 COOR: selected coordinates translated
 CNSsolve> 
 CNSsolve>      ! all new water oxygens 
 CNSsolve>      ident (store1) (segid W000 and name oh2) 
 SELRPN:    216 atoms have been selected out of   2253
 CNSsolve>      ! all new water oxygens close to a protein heavy atom 
 CNSsolve>      ident (store2) (store1 and (not (resn WAT or resn HOH or resn TIP* or resn ANI or resn DAN or resn XAN or resn DUM or resn SHA or hydro)) around $pw_dist) 
 SELRPN:     12 atoms have been selected out of   2253
 CNSsolve>      ! all new water oxygens close to old water oxygens 
 CNSsolve>      ident (store3) (store1 and (segid wat# and not hydro) around $water_diam) 
 SELRPN:      0 atoms have been selected out of   2253
 CNSsolve>      ! all new water oxygens further than thickness away from a protein heavy atom 
 CNSsolve>      ident (store4) (store1 and not (not (resn WAT or resn HOH or resn TIP* or resn ANI or resn DAN or resn XAN or resn DUM or resn SHA or hydro)) around $thickness) 
 SELRPN:    148 atoms have been selected out of   2253
 CNSsolve>      delete sele= (byres (store2 or store3 or store4)) end 
 SELRPN:    480 atoms have been selected out of   2253
 Status of internal molecular topology database:
 -> NATOM=       1773(MAXA=     1000000)  NBOND=       1641(MAXB=     1000000)
 -> NTHETA=      2396(MAXT=     2000000)  NGRP=         572(MAXGRP=   1000000)
 -> NPHI=          22(MAXP=     2000000)  NIMPHI=       772(MAXIMP=   1000000)
 -> NNB=          102(MAXNB=    1000000) 
 CNSsolve> 
 CNSsolve> 
 CNSsolve>      ! give waters unique segid name 
 CNSsolve>      eval ($segid= "W" 
 Expression=             + encode($xcount) + encode($ycount) + encode($zcount)) 
 EVALUATE: symbol $SEGID set to "W122" (string)
 CNSsolve>      do (segid = $segid) (segid W000) 
 SELRPN:    168 atoms have been selected out of   1773
 CNSsolve> 
 CNSsolve>    end loop wat3 
 CNSsolve>    while ($ztrans < $zmtran) loop wat3 
 NEXTCD: condition evaluated as true
 CNSsolve>      eval ($zcount=$zcount+1) 
 EVALUATE: symbol $ZCOUNT set to    3.00000     (real)
 CNSsolve>      eval ($ztrans = $ztrans + $boxlength) 
 EVALUATE: symbol $ZTRANS set to    25.3570     (real)
 CNSsolve> 
 CNSsolve> 
 CNSsolve>      segment 
 SEGMENT>        name="    " 
 SEGMENT>        chain 
 CHAIN>          coordinates @@RUN:protocols/boxtyp20.pdb 
 ASSFIL: file boxtyp20.pdb opened.
 COOR>REMARKS *****  CHARMM water box from Charlie Brooks. ******** 
 COOR>REMARKS * This is a box of 216 3-site water molecules in the experimental 
 COOR>REMARKS * geometry.  It was constructed from an equilibrated 
 COOR>REMARKS * configuration of TIP3P (3-site water model of Jorgenson) 
 COOR>REMARKS * waters at 1 atm pressure and a density of 0.0334 molecules/A**-3. 
 COOR>REMARKS * The box edgelength is 18.856 A.  The minimum image periodic 
 COOR>REMARKS * boundary energy for this configuration using the TIP3P 
 COOR>REMARKS * potentials is -2150.6833 kcal/mol. 
 COOR>REMARKS 
 COOR>ATOM      1 OH2  WAT     1       2.531   0.596  -2.477        0.000 
 SEGMNT-info: chain termination due to END keyword.   216 residues were inserted into segid "    "
 CHAIN>        end 
 SEGMENT>      end 
 Status of internal molecular topology database:
 -> NATOM=       2421(MAXA=     1000000)  NBOND=       2073(MAXB=     1000000)
 -> NTHETA=      2612(MAXT=     2000000)  NGRP=         788(MAXGRP=   1000000)
 -> NPHI=          22(MAXP=     2000000)  NIMPHI=       772(MAXIMP=   1000000)
 -> NNB=          102(MAXNB=    1000000) 
 CNSsolve>      coor @@RUN:protocols/boxtyp20.pdb 
 ASSFIL: file boxtyp20.pdb opened.
 COOR>REMARKS *****  CHARMM water box from Charlie Brooks. ******** 
 COOR>REMARKS * This is a box of 216 3-site water molecules in the experimental 
 COOR>REMARKS * geometry.  It was constructed from an equilibrated 
 COOR>REMARKS * configuration of TIP3P (3-site water model of Jorgenson) 
 COOR>REMARKS * waters at 1 atm pressure and a density of 0.0334 molecules/A**-3. 
 COOR>REMARKS * The box edgelength is 18.856 A.  The minimum image periodic 
 COOR>REMARKS * boundary energy for this configuration using the TIP3P 
 COOR>REMARKS * potentials is -2150.6833 kcal/mol. 
 COOR>REMARKS 
 COOR>ATOM      1 OH2  WAT     1       2.531   0.596  -2.477        0.000 
 COOR>ATOM      2 H1   WAT     1       2.620   1.540  -2.609        0.000 
 CNSsolve>      do (segid=W000) (segid "    ") 
 Assuming literal string "W000"
 SELRPN:    648 atoms have been selected out of   2421
 CNSsolve>      coor sele=(segid W000) translate vector = ($xtrans $ytrans $ztrans) end 
 SELRPN:    648 atoms have been selected out of   2421
 COOR: using atom subset.
 COOR: translation vector =(   -41.094000    1.612000   25.357000 )
 COOR: selected coordinates translated
 CNSsolve> 
 CNSsolve>      ! all new water oxygens 
 CNSsolve>      ident (store1) (segid W000 and name oh2) 
 SELRPN:    216 atoms have been selected out of   2421
 CNSsolve>      ! all new water oxygens close to a protein heavy atom 
 CNSsolve>      ident (store2) (store1 and (not (resn WAT or resn HOH or resn TIP* or resn ANI or resn DAN or resn XAN or resn DUM or resn SHA or hydro)) around $pw_dist) 
 SELRPN:      0 atoms have been selected out of   2421
 CNSsolve>      ! all new water oxygens close to old water oxygens 
 CNSsolve>      ident (store3) (store1 and (segid wat# and not hydro) around $water_diam) 
 SELRPN:      0 atoms have been selected out of   2421
 CNSsolve>      ! all new water oxygens further than thickness away from a protein heavy atom 
 CNSsolve>      ident (store4) (store1 and not (not (resn WAT or resn HOH or resn TIP* or resn ANI or resn DAN or resn XAN or resn DUM or resn SHA or hydro)) around $thickness) 
 SELRPN:    216 atoms have been selected out of   2421
 CNSsolve>      delete sele= (byres (store2 or store3 or store4)) end 
 SELRPN:    648 atoms have been selected out of   2421
 Status of internal molecular topology database:
 -> NATOM=       1773(MAXA=     1000000)  NBOND=       1641(MAXB=     1000000)
 -> NTHETA=      2396(MAXT=     2000000)  NGRP=         572(MAXGRP=   1000000)
 -> NPHI=          22(MAXP=     2000000)  NIMPHI=       772(MAXIMP=   1000000)
 -> NNB=          102(MAXNB=    1000000) 
 CNSsolve> 
 CNSsolve> 
 CNSsolve>      ! give waters unique segid name 
 CNSsolve>      eval ($segid= "W" 
 Expression=             + encode($xcount) + encode($ycount) + encode($zcount)) 
 EVALUATE: symbol $SEGID set to "W123" (string)
 CNSsolve>      do (segid = $segid) (segid W000) 
 SELRPN:      0 atoms have been selected out of   1773
 CNSsolve> 
 CNSsolve>    end loop wat3 
 CNSsolve>    while ($ztrans < $zmtran) loop wat3 
 NEXTCD: condition evaluated as false
 CNSsolve>      eval ($zcount=$zcount+1) 
 CNSsolve>      eval ($ztrans = $ztrans + $boxlength) 
 CNSsolve> 
 CNSsolve> 
 CNSsolve>      segment 
 CNSsolve>        name="    " 
 CNSsolve>        chain 
 CNSsolve>          coordinates @@RUN:protocols/boxtyp20.pdb 
 CNSsolve>        end 
 CNSsolve>      end 
 CNSsolve>      coor @@RUN:protocols/boxtyp20.pdb 
 CNSsolve>      do (segid=W000) (segid "    ") 
 CNSsolve>      coor sele=(segid W000) translate vector = ($xtrans $ytrans $ztrans) end 
 CNSsolve> 
 CNSsolve>      ! all new water oxygens 
 CNSsolve>      ident (store1) (segid W000 and name oh2) 
 CNSsolve>      ! all new water oxygens close to a protein heavy atom 
 CNSsolve>      ident (store2) (store1 and (not (resn WAT or resn HOH or resn TIP* or resn ANI or resn DAN or resn XAN or resn DUM or resn SHA or hydro)) around $pw_dist) 
 CNSsolve>      ! all new water oxygens close to old water oxygens 
 CNSsolve>      ident (store3) (store1 and (segid wat# and not hydro) around $water_diam) 
 CNSsolve>      ! all new water oxygens further than thickness away from a protein heavy atom 
 CNSsolve>      ident (store4) (store1 and not (not (resn WAT or resn HOH or resn TIP* or resn ANI or resn DAN or resn XAN or resn DUM or resn SHA or hydro)) around $thickness) 
 CNSsolve>      delete sele= (byres (store2 or store3 or store4)) end 
 CNSsolve> 
 CNSsolve> 
 CNSsolve>      ! give waters unique segid name 
 CNSsolve>      eval ($segid= "W" 
 CNSsolve>             + encode($xcount) + encode($ycount) + encode($zcount)) 
 CNSsolve>      do (segid = $segid) (segid W000) 
 CNSsolve> 
 CNSsolve>    end loop wat3 
 CNSsolve>  end loop wat2 
 CNSsolve>  while ($ytrans < $ymtran) loop wat2 
 NEXTCD: condition evaluated as true
 CNSsolve>    eval ($ycount=$ycount+1) 
 EVALUATE: symbol $YCOUNT set to    3.00000     (real)
 CNSsolve>    eval ($ytrans = $ytrans + $boxlength) 
 EVALUATE: symbol $YTRANS set to    20.4680     (real)
 CNSsolve> 
 CNSsolve>    eval ($zcount=0) 
 EVALUATE: symbol $ZCOUNT set to    0.00000     (real)
 CNSsolve>    eval ($ztrans = $zmin - $thickness - $water_diam - $boxlength/2 ) 
 EVALUATE: symbol $ZTRANS set to   -31.2110     (real)
 CNSsolve>    while ($ztrans < $zmtran) loop wat3 
 NEXTCD: condition evaluated as true
 CNSsolve>      eval ($zcount=$zcount+1) 
 EVALUATE: symbol $ZCOUNT set to    1.00000     (real)
 CNSsolve>      eval ($ztrans = $ztrans + $boxlength) 
 EVALUATE: symbol $ZTRANS set to   -12.3550     (real)
 CNSsolve> 
 CNSsolve> 
 CNSsolve>      segment 
 SEGMENT>        name="    " 
 SEGMENT>        chain 
 CHAIN>          coordinates @@RUN:protocols/boxtyp20.pdb 
 ASSFIL: file boxtyp20.pdb opened.
 COOR>REMARKS *****  CHARMM water box from Charlie Brooks. ******** 
 COOR>REMARKS * This is a box of 216 3-site water molecules in the experimental 
 COOR>REMARKS * geometry.  It was constructed from an equilibrated 
 COOR>REMARKS * configuration of TIP3P (3-site water model of Jorgenson) 
 COOR>REMARKS * waters at 1 atm pressure and a density of 0.0334 molecules/A**-3. 
 COOR>REMARKS * The box edgelength is 18.856 A.  The minimum image periodic 
 COOR>REMARKS * boundary energy for this configuration using the TIP3P 
 COOR>REMARKS * potentials is -2150.6833 kcal/mol. 
 COOR>REMARKS 
 COOR>ATOM      1 OH2  WAT     1       2.531   0.596  -2.477        0.000 
 SEGMNT-info: chain termination due to END keyword.   216 residues were inserted into segid "    "
 CHAIN>        end 
 SEGMENT>      end 
 Status of internal molecular topology database:
 -> NATOM=       2421(MAXA=     1000000)  NBOND=       2073(MAXB=     1000000)
 -> NTHETA=      2612(MAXT=     2000000)  NGRP=         788(MAXGRP=   1000000)
 -> NPHI=          22(MAXP=     2000000)  NIMPHI=       772(MAXIMP=   1000000)
 -> NNB=          102(MAXNB=    1000000) 
 CNSsolve>      coor @@RUN:protocols/boxtyp20.pdb 
 ASSFIL: file boxtyp20.pdb opened.
 COOR>REMARKS *****  CHARMM water box from Charlie Brooks. ******** 
 COOR>REMARKS * This is a box of 216 3-site water molecules in the experimental 
 COOR>REMARKS * geometry.  It was constructed from an equilibrated 
 COOR>REMARKS * configuration of TIP3P (3-site water model of Jorgenson) 
 COOR>REMARKS * waters at 1 atm pressure and a density of 0.0334 molecules/A**-3. 
 COOR>REMARKS * The box edgelength is 18.856 A.  The minimum image periodic 
 COOR>REMARKS * boundary energy for this configuration using the TIP3P 
 COOR>REMARKS * potentials is -2150.6833 kcal/mol. 
 COOR>REMARKS 
 COOR>ATOM      1 OH2  WAT     1       2.531   0.596  -2.477        0.000 
 COOR>ATOM      2 H1   WAT     1       2.620   1.540  -2.609        0.000 
 CNSsolve>      do (segid=W000) (segid "    ") 
 Assuming literal string "W000"
 SELRPN:    648 atoms have been selected out of   2421
 CNSsolve>      coor sele=(segid W000) translate vector = ($xtrans $ytrans $ztrans) end 
 SELRPN:    648 atoms have been selected out of   2421
 COOR: using atom subset.
 COOR: translation vector =(   -41.094000   20.468000  -12.355000 )
 COOR: selected coordinates translated
 CNSsolve> 
 CNSsolve>      ! all new water oxygens 
 CNSsolve>      ident (store1) (segid W000 and name oh2) 
 SELRPN:    216 atoms have been selected out of   2421
 CNSsolve>      ! all new water oxygens close to a protein heavy atom 
 CNSsolve>      ident (store2) (store1 and (not (resn WAT or resn HOH or resn TIP* or resn ANI or resn DAN or resn XAN or resn DUM or resn SHA or hydro)) around $pw_dist) 
 SELRPN:      0 atoms have been selected out of   2421
 CNSsolve>      ! all new water oxygens close to old water oxygens 
 CNSsolve>      ident (store3) (store1 and (segid wat# and not hydro) around $water_diam) 
 SELRPN:      0 atoms have been selected out of   2421
 CNSsolve>      ! all new water oxygens further than thickness away from a protein heavy atom 
 CNSsolve>      ident (store4) (store1 and not (not (resn WAT or resn HOH or resn TIP* or resn ANI or resn DAN or resn XAN or resn DUM or resn SHA or hydro)) around $thickness) 
 SELRPN:    211 atoms have been selected out of   2421
 CNSsolve>      delete sele= (byres (store2 or store3 or store4)) end 
 SELRPN:    633 atoms have been selected out of   2421
 Status of internal molecular topology database:
 -> NATOM=       1788(MAXA=     1000000)  NBOND=       1651(MAXB=     1000000)
 -> NTHETA=      2401(MAXT=     2000000)  NGRP=         577(MAXGRP=   1000000)
 -> NPHI=          22(MAXP=     2000000)  NIMPHI=       772(MAXIMP=   1000000)
 -> NNB=          102(MAXNB=    1000000) 
 CNSsolve> 
 CNSsolve> 
 CNSsolve>      ! give waters unique segid name 
 CNSsolve>      eval ($segid= "W" 
 Expression=             + encode($xcount) + encode($ycount) + encode($zcount)) 
 EVALUATE: symbol $SEGID set to "W131" (string)
 CNSsolve>      do (segid = $segid) (segid W000) 
 SELRPN:     15 atoms have been selected out of   1788
 CNSsolve> 
 CNSsolve>    end loop wat3 
 CNSsolve>    while ($ztrans < $zmtran) loop wat3 
 NEXTCD: condition evaluated as true
 CNSsolve>      eval ($zcount=$zcount+1) 
 EVALUATE: symbol $ZCOUNT set to    2.00000     (real)
 CNSsolve>      eval ($ztrans = $ztrans + $boxlength) 
 EVALUATE: symbol $ZTRANS set to    6.50100     (real)
 CNSsolve> 
 CNSsolve> 
 CNSsolve>      segment 
 SEGMENT>        name="    " 
 SEGMENT>        chain 
 CHAIN>          coordinates @@RUN:protocols/boxtyp20.pdb 
 ASSFIL: file boxtyp20.pdb opened.
 COOR>REMARKS *****  CHARMM water box from Charlie Brooks. ******** 
 COOR>REMARKS * This is a box of 216 3-site water molecules in the experimental 
 COOR>REMARKS * geometry.  It was constructed from an equilibrated 
 COOR>REMARKS * configuration of TIP3P (3-site water model of Jorgenson) 
 COOR>REMARKS * waters at 1 atm pressure and a density of 0.0334 molecules/A**-3. 
 COOR>REMARKS * The box edgelength is 18.856 A.  The minimum image periodic 
 COOR>REMARKS * boundary energy for this configuration using the TIP3P 
 COOR>REMARKS * potentials is -2150.6833 kcal/mol. 
 COOR>REMARKS 
 COOR>ATOM      1 OH2  WAT     1       2.531   0.596  -2.477        0.000 
 SEGMNT-info: chain termination due to END keyword.   216 residues were inserted into segid "    "
 CHAIN>        end 
 SEGMENT>      end 
 Status of internal molecular topology database:
 -> NATOM=       2436(MAXA=     1000000)  NBOND=       2083(MAXB=     1000000)
 -> NTHETA=      2617(MAXT=     2000000)  NGRP=         793(MAXGRP=   1000000)
 -> NPHI=          22(MAXP=     2000000)  NIMPHI=       772(MAXIMP=   1000000)
 -> NNB=          102(MAXNB=    1000000) 
 CNSsolve>      coor @@RUN:protocols/boxtyp20.pdb 
 ASSFIL: file boxtyp20.pdb opened.
 COOR>REMARKS *****  CHARMM water box from Charlie Brooks. ******** 
 COOR>REMARKS * This is a box of 216 3-site water molecules in the experimental 
 COOR>REMARKS * geometry.  It was constructed from an equilibrated 
 COOR>REMARKS * configuration of TIP3P (3-site water model of Jorgenson) 
 COOR>REMARKS * waters at 1 atm pressure and a density of 0.0334 molecules/A**-3. 
 COOR>REMARKS * The box edgelength is 18.856 A.  The minimum image periodic 
 COOR>REMARKS * boundary energy for this configuration using the TIP3P 
 COOR>REMARKS * potentials is -2150.6833 kcal/mol. 
 COOR>REMARKS 
 COOR>ATOM      1 OH2  WAT     1       2.531   0.596  -2.477        0.000 
 COOR>ATOM      2 H1   WAT     1       2.620   1.540  -2.609        0.000 
 CNSsolve>      do (segid=W000) (segid "    ") 
 Assuming literal string "W000"
 SELRPN:    648 atoms have been selected out of   2436
 CNSsolve>      coor sele=(segid W000) translate vector = ($xtrans $ytrans $ztrans) end 
 SELRPN:    648 atoms have been selected out of   2436
 COOR: using atom subset.
 COOR: translation vector =(   -41.094000   20.468000    6.501000 )
 COOR: selected coordinates translated
 CNSsolve> 
 CNSsolve>      ! all new water oxygens 
 CNSsolve>      ident (store1) (segid W000 and name oh2) 
 SELRPN:    216 atoms have been selected out of   2436
 CNSsolve>      ! all new water oxygens close to a protein heavy atom 
 CNSsolve>      ident (store2) (store1 and (not (resn WAT or resn HOH or resn TIP* or resn ANI or resn DAN or resn XAN or resn DUM or resn SHA or hydro)) around $pw_dist) 
 SELRPN:      0 atoms have been selected out of   2436
 CNSsolve>      ! all new water oxygens close to old water oxygens 
 CNSsolve>      ident (store3) (store1 and (segid wat# and not hydro) around $water_diam) 
 SELRPN:      0 atoms have been selected out of   2436
 CNSsolve>      ! all new water oxygens further than thickness away from a protein heavy atom 
 CNSsolve>      ident (store4) (store1 and not (not (resn WAT or resn HOH or resn TIP* or resn ANI or resn DAN or resn XAN or resn DUM or resn SHA or hydro)) around $thickness) 
 SELRPN:    210 atoms have been selected out of   2436
 CNSsolve>      delete sele= (byres (store2 or store3 or store4)) end 
 SELRPN:    630 atoms have been selected out of   2436
 Status of internal molecular topology database:
 -> NATOM=       1806(MAXA=     1000000)  NBOND=       1663(MAXB=     1000000)
 -> NTHETA=      2407(MAXT=     2000000)  NGRP=         583(MAXGRP=   1000000)
 -> NPHI=          22(MAXP=     2000000)  NIMPHI=       772(MAXIMP=   1000000)
 -> NNB=          102(MAXNB=    1000000) 
 CNSsolve> 
 CNSsolve> 
 CNSsolve>      ! give waters unique segid name 
 CNSsolve>      eval ($segid= "W" 
 Expression=             + encode($xcount) + encode($ycount) + encode($zcount)) 
 EVALUATE: symbol $SEGID set to "W132" (string)
 CNSsolve>      do (segid = $segid) (segid W000) 
 SELRPN:     18 atoms have been selected out of   1806
 CNSsolve> 
 CNSsolve>    end loop wat3 
 CNSsolve>    while ($ztrans < $zmtran) loop wat3 
 NEXTCD: condition evaluated as true
 CNSsolve>      eval ($zcount=$zcount+1) 
 EVALUATE: symbol $ZCOUNT set to    3.00000     (real)
 CNSsolve>      eval ($ztrans = $ztrans + $boxlength) 
 EVALUATE: symbol $ZTRANS set to    25.3570     (real)
 CNSsolve> 
 CNSsolve> 
 CNSsolve>      segment 
 SEGMENT>        name="    " 
 SEGMENT>        chain 
 CHAIN>          coordinates @@RUN:protocols/boxtyp20.pdb 
 ASSFIL: file boxtyp20.pdb opened.
 COOR>REMARKS *****  CHARMM water box from Charlie Brooks. ******** 
 COOR>REMARKS * This is a box of 216 3-site water molecules in the experimental 
 COOR>REMARKS * geometry.  It was constructed from an equilibrated 
 COOR>REMARKS * configuration of TIP3P (3-site water model of Jorgenson) 
 COOR>REMARKS * waters at 1 atm pressure and a density of 0.0334 molecules/A**-3. 
 COOR>REMARKS * The box edgelength is 18.856 A.  The minimum image periodic 
 COOR>REMARKS * boundary energy for this configuration using the TIP3P 
 COOR>REMARKS * potentials is -2150.6833 kcal/mol. 
 COOR>REMARKS 
 COOR>ATOM      1 OH2  WAT     1       2.531   0.596  -2.477        0.000 
 SEGMNT-info: chain termination due to END keyword.   216 residues were inserted into segid "    "
 CHAIN>        end 
 SEGMENT>      end 
 Status of internal molecular topology database:
 -> NATOM=       2454(MAXA=     1000000)  NBOND=       2095(MAXB=     1000000)
 -> NTHETA=      2623(MAXT=     2000000)  NGRP=         799(MAXGRP=   1000000)
 -> NPHI=          22(MAXP=     2000000)  NIMPHI=       772(MAXIMP=   1000000)
 -> NNB=          102(MAXNB=    1000000) 
 CNSsolve>      coor @@RUN:protocols/boxtyp20.pdb 
 ASSFIL: file boxtyp20.pdb opened.
 COOR>REMARKS *****  CHARMM water box from Charlie Brooks. ******** 
 COOR>REMARKS * This is a box of 216 3-site water molecules in the experimental 
 COOR>REMARKS * geometry.  It was constructed from an equilibrated 
 COOR>REMARKS * configuration of TIP3P (3-site water model of Jorgenson) 
 COOR>REMARKS * waters at 1 atm pressure and a density of 0.0334 molecules/A**-3. 
 COOR>REMARKS * The box edgelength is 18.856 A.  The minimum image periodic 
 COOR>REMARKS * boundary energy for this configuration using the TIP3P 
 COOR>REMARKS * potentials is -2150.6833 kcal/mol. 
 COOR>REMARKS 
 COOR>ATOM      1 OH2  WAT     1       2.531   0.596  -2.477        0.000 
 COOR>ATOM      2 H1   WAT     1       2.620   1.540  -2.609        0.000 
 CNSsolve>      do (segid=W000) (segid "    ") 
 Assuming literal string "W000"
 SELRPN:    648 atoms have been selected out of   2454
 CNSsolve>      coor sele=(segid W000) translate vector = ($xtrans $ytrans $ztrans) end 
 SELRPN:    648 atoms have been selected out of   2454
 COOR: using atom subset.
 COOR: translation vector =(   -41.094000   20.468000   25.357000 )
 COOR: selected coordinates translated
 CNSsolve> 
 CNSsolve>      ! all new water oxygens 
 CNSsolve>      ident (store1) (segid W000 and name oh2) 
 SELRPN:    216 atoms have been selected out of   2454
 CNSsolve>      ! all new water oxygens close to a protein heavy atom 
 CNSsolve>      ident (store2) (store1 and (not (resn WAT or resn HOH or resn TIP* or resn ANI or resn DAN or resn XAN or resn DUM or resn SHA or hydro)) around $pw_dist) 
 SELRPN:      0 atoms have been selected out of   2454
 CNSsolve>      ! all new water oxygens close to old water oxygens 
 CNSsolve>      ident (store3) (store1 and (segid wat# and not hydro) around $water_diam) 
 SELRPN:      0 atoms have been selected out of   2454
 CNSsolve>      ! all new water oxygens further than thickness away from a protein heavy atom 
 CNSsolve>      ident (store4) (store1 and not (not (resn WAT or resn HOH or resn TIP* or resn ANI or resn DAN or resn XAN or resn DUM or resn SHA or hydro)) around $thickness) 
 SELRPN:    216 atoms have been selected out of   2454
 CNSsolve>      delete sele= (byres (store2 or store3 or store4)) end 
 SELRPN:    648 atoms have been selected out of   2454
 Status of internal molecular topology database:
 -> NATOM=       1806(MAXA=     1000000)  NBOND=       1663(MAXB=     1000000)
 -> NTHETA=      2407(MAXT=     2000000)  NGRP=         583(MAXGRP=   1000000)
 -> NPHI=          22(MAXP=     2000000)  NIMPHI=       772(MAXIMP=   1000000)
 -> NNB=          102(MAXNB=    1000000) 
 CNSsolve> 
 CNSsolve> 
 CNSsolve>      ! give waters unique segid name 
 CNSsolve>      eval ($segid= "W" 
 Expression=             + encode($xcount) + encode($ycount) + encode($zcount)) 
 EVALUATE: symbol $SEGID set to "W133" (string)
 CNSsolve>      do (segid = $segid) (segid W000) 
 SELRPN:      0 atoms have been selected out of   1806
 CNSsolve> 
 CNSsolve>    end loop wat3 
 CNSsolve>    while ($ztrans < $zmtran) loop wat3 
 NEXTCD: condition evaluated as false
 CNSsolve>      eval ($zcount=$zcount+1) 
 CNSsolve>      eval ($ztrans = $ztrans + $boxlength) 
 CNSsolve> 
 CNSsolve> 
 CNSsolve>      segment 
 CNSsolve>        name="    " 
 CNSsolve>        chain 
 CNSsolve>          coordinates @@RUN:protocols/boxtyp20.pdb 
 CNSsolve>        end 
 CNSsolve>      end 
 CNSsolve>      coor @@RUN:protocols/boxtyp20.pdb 
 CNSsolve>      do (segid=W000) (segid "    ") 
 CNSsolve>      coor sele=(segid W000) translate vector = ($xtrans $ytrans $ztrans) end 
 CNSsolve> 
 CNSsolve>      ! all new water oxygens 
 CNSsolve>      ident (store1) (segid W000 and name oh2) 
 CNSsolve>      ! all new water oxygens close to a protein heavy atom 
 CNSsolve>      ident (store2) (store1 and (not (resn WAT or resn HOH or resn TIP* or resn ANI or resn DAN or resn XAN or resn DUM or resn SHA or hydro)) around $pw_dist) 
 CNSsolve>      ! all new water oxygens close to old water oxygens 
 CNSsolve>      ident (store3) (store1 and (segid wat# and not hydro) around $water_diam) 
 CNSsolve>      ! all new water oxygens further than thickness away from a protein heavy atom 
 CNSsolve>      ident (store4) (store1 and not (not (resn WAT or resn HOH or resn TIP* or resn ANI or resn DAN or resn XAN or resn DUM or resn SHA or hydro)) around $thickness) 
 CNSsolve>      delete sele= (byres (store2 or store3 or store4)) end 
 CNSsolve> 
 CNSsolve> 
 CNSsolve>      ! give waters unique segid name 
 CNSsolve>      eval ($segid= "W" 
 CNSsolve>             + encode($xcount) + encode($ycount) + encode($zcount)) 
 CNSsolve>      do (segid = $segid) (segid W000) 
 CNSsolve> 
 CNSsolve>    end loop wat3 
 CNSsolve>  end loop wat2 
 CNSsolve>  while ($ytrans < $ymtran) loop wat2 
 NEXTCD: condition evaluated as false
 CNSsolve>    eval ($ycount=$ycount+1) 
 CNSsolve>    eval ($ytrans = $ytrans + $boxlength) 
 CNSsolve> 
 CNSsolve>    eval ($zcount=0) 
 CNSsolve>    eval ($ztrans = $zmin - $thickness - $water_diam - $boxlength/2 ) 
 CNSsolve>    while ($ztrans < $zmtran) loop wat3 
 CNSsolve>      eval ($zcount=$zcount+1) 
 CNSsolve>      eval ($ztrans = $ztrans + $boxlength) 
 CNSsolve> 
 CNSsolve> 
 CNSsolve>      segment 
 CNSsolve>        name="    " 
 CNSsolve>        chain 
 CNSsolve>          coordinates @@RUN:protocols/boxtyp20.pdb 
 CNSsolve>        end 
 CNSsolve>      end 
 CNSsolve>      coor @@RUN:protocols/boxtyp20.pdb 
 CNSsolve>      do (segid=W000) (segid "    ") 
 CNSsolve>      coor sele=(segid W000) translate vector = ($xtrans $ytrans $ztrans) end 
 CNSsolve> 
 CNSsolve>      ! all new water oxygens 
 CNSsolve>      ident (store1) (segid W000 and name oh2) 
 CNSsolve>      ! all new water oxygens close to a protein heavy atom 
 CNSsolve>      ident (store2) (store1 and (not (resn WAT or resn HOH or resn TIP* or resn ANI or resn DAN or resn XAN or resn DUM or resn SHA or hydro)) around $pw_dist) 
 CNSsolve>      ! all new water oxygens close to old water oxygens 
 CNSsolve>      ident (store3) (store1 and (segid wat# and not hydro) around $water_diam) 
 CNSsolve>      ! all new water oxygens further than thickness away from a protein heavy atom 
 CNSsolve>      ident (store4) (store1 and not (not (resn WAT or resn HOH or resn TIP* or resn ANI or resn DAN or resn XAN or resn DUM or resn SHA or hydro)) around $thickness) 
 CNSsolve>      delete sele= (byres (store2 or store3 or store4)) end 
 CNSsolve> 
 CNSsolve> 
 CNSsolve>      ! give waters unique segid name 
 CNSsolve>      eval ($segid= "W" 
 CNSsolve>             + encode($xcount) + encode($ycount) + encode($zcount)) 
 CNSsolve>      do (segid = $segid) (segid W000) 
 CNSsolve> 
 CNSsolve>    end loop wat3 
 CNSsolve>  end loop wat2 
 CNSsolve>end loop wat1 
 CNSsolve>while ($xtrans < $xmtran) loop wat1 
 NEXTCD: condition evaluated as true
 CNSsolve>  eval ($xcount=$xcount+1) 
 EVALUATE: symbol $XCOUNT set to    2.00000     (real)
 CNSsolve>  eval ($xtrans = $xtrans + $boxlength) 
 EVALUATE: symbol $XTRANS set to   -22.2380     (real)
 CNSsolve> 
 CNSsolve>  eval ($ycount=0) 
 EVALUATE: symbol $YCOUNT set to    0.00000     (real)
 CNSsolve>  eval ($ytrans = $ymin - $thickness - $water_diam - $boxlength/2 ) 
 EVALUATE: symbol $YTRANS set to   -36.1000     (real)
 CNSsolve>  while ($ytrans < $ymtran) loop wat2 
 NEXTCD: condition evaluated as true
 CNSsolve>    eval ($ycount=$ycount+1) 
 EVALUATE: symbol $YCOUNT set to    1.00000     (real)
 CNSsolve>    eval ($ytrans = $ytrans + $boxlength) 
 EVALUATE: symbol $YTRANS set to   -17.2440     (real)
 CNSsolve> 
 CNSsolve>    eval ($zcount=0) 
 EVALUATE: symbol $ZCOUNT set to    0.00000     (real)
 CNSsolve>    eval ($ztrans = $zmin - $thickness - $water_diam - $boxlength/2 ) 
 EVALUATE: symbol $ZTRANS set to   -31.2110     (real)
 CNSsolve>    while ($ztrans < $zmtran) loop wat3 
 NEXTCD: condition evaluated as true
 CNSsolve>      eval ($zcount=$zcount+1) 
 EVALUATE: symbol $ZCOUNT set to    1.00000     (real)
 CNSsolve>      eval ($ztrans = $ztrans + $boxlength) 
 EVALUATE: symbol $ZTRANS set to   -12.3550     (real)
 CNSsolve> 
 CNSsolve> 
 CNSsolve>      segment 
 SEGMENT>        name="    " 
 SEGMENT>        chain 
 CHAIN>          coordinates @@RUN:protocols/boxtyp20.pdb 
 ASSFIL: file boxtyp20.pdb opened.
 COOR>REMARKS *****  CHARMM water box from Charlie Brooks. ******** 
 COOR>REMARKS * This is a box of 216 3-site water molecules in the experimental 
 COOR>REMARKS * geometry.  It was constructed from an equilibrated 
 COOR>REMARKS * configuration of TIP3P (3-site water model of Jorgenson) 
 COOR>REMARKS * waters at 1 atm pressure and a density of 0.0334 molecules/A**-3. 
 COOR>REMARKS * The box edgelength is 18.856 A.  The minimum image periodic 
 COOR>REMARKS * boundary energy for this configuration using the TIP3P 
 COOR>REMARKS * potentials is -2150.6833 kcal/mol. 
 COOR>REMARKS 
 COOR>ATOM      1 OH2  WAT     1       2.531   0.596  -2.477        0.000 
 SEGMNT-info: chain termination due to END keyword.   216 residues were inserted into segid "    "
 CHAIN>        end 
 SEGMENT>      end 
 Status of internal molecular topology database:
 -> NATOM=       2454(MAXA=     1000000)  NBOND=       2095(MAXB=     1000000)
 -> NTHETA=      2623(MAXT=     2000000)  NGRP=         799(MAXGRP=   1000000)
 -> NPHI=          22(MAXP=     2000000)  NIMPHI=       772(MAXIMP=   1000000)
 -> NNB=          102(MAXNB=    1000000) 
 CNSsolve>      coor @@RUN:protocols/boxtyp20.pdb 
 ASSFIL: file boxtyp20.pdb opened.
 COOR>REMARKS *****  CHARMM water box from Charlie Brooks. ******** 
 COOR>REMARKS * This is a box of 216 3-site water molecules in the experimental 
 COOR>REMARKS * geometry.  It was constructed from an equilibrated 
 COOR>REMARKS * configuration of TIP3P (3-site water model of Jorgenson) 
 COOR>REMARKS * waters at 1 atm pressure and a density of 0.0334 molecules/A**-3. 
 COOR>REMARKS * The box edgelength is 18.856 A.  The minimum image periodic 
 COOR>REMARKS * boundary energy for this configuration using the TIP3P 
 COOR>REMARKS * potentials is -2150.6833 kcal/mol. 
 COOR>REMARKS 
 COOR>ATOM      1 OH2  WAT     1       2.531   0.596  -2.477        0.000 
 COOR>ATOM      2 H1   WAT     1       2.620   1.540  -2.609        0.000 
 CNSsolve>      do (segid=W000) (segid "    ") 
 Assuming literal string "W000"
 SELRPN:    648 atoms have been selected out of   2454
 CNSsolve>      coor sele=(segid W000) translate vector = ($xtrans $ytrans $ztrans) end 
 SELRPN:    648 atoms have been selected out of   2454
 COOR: using atom subset.
 COOR: translation vector =(   -22.238000  -17.244000  -12.355000 )
 COOR: selected coordinates translated
 CNSsolve> 
 CNSsolve>      ! all new water oxygens 
 CNSsolve>      ident (store1) (segid W000 and name oh2) 
 SELRPN:    216 atoms have been selected out of   2454
 CNSsolve>      ! all new water oxygens close to a protein heavy atom 
 CNSsolve>      ident (store2) (store1 and (not (resn WAT or resn HOH or resn TIP* or resn ANI or resn DAN or resn XAN or resn DUM or resn SHA or hydro)) around $pw_dist) 
 SELRPN:      0 atoms have been selected out of   2454
 CNSsolve>      ! all new water oxygens close to old water oxygens 
 CNSsolve>      ident (store3) (store1 and (segid wat# and not hydro) around $water_diam) 
 SELRPN:      0 atoms have been selected out of   2454
 CNSsolve>      ! all new water oxygens further than thickness away from a protein heavy atom 
 CNSsolve>      ident (store4) (store1 and not (not (resn WAT or resn HOH or resn TIP* or resn ANI or resn DAN or resn XAN or resn DUM or resn SHA or hydro)) around $thickness) 
 SELRPN:    195 atoms have been selected out of   2454
 CNSsolve>      delete sele= (byres (store2 or store3 or store4)) end 
 SELRPN:    585 atoms have been selected out of   2454
 Status of internal molecular topology database:
 -> NATOM=       1869(MAXA=     1000000)  NBOND=       1705(MAXB=     1000000)
 -> NTHETA=      2428(MAXT=     2000000)  NGRP=         604(MAXGRP=   1000000)
 -> NPHI=          22(MAXP=     2000000)  NIMPHI=       772(MAXIMP=   1000000)
 -> NNB=          102(MAXNB=    1000000) 
 CNSsolve> 
 CNSsolve> 
 CNSsolve>      ! give waters unique segid name 
 CNSsolve>      eval ($segid= "W" 
 Expression=             + encode($xcount) + encode($ycount) + encode($zcount)) 
 EVALUATE: symbol $SEGID set to "W211" (string)
 CNSsolve>      do (segid = $segid) (segid W000) 
 SELRPN:     63 atoms have been selected out of   1869
 CNSsolve> 
 CNSsolve>    end loop wat3 
 CNSsolve>    while ($ztrans < $zmtran) loop wat3 
 NEXTCD: condition evaluated as true
 CNSsolve>      eval ($zcount=$zcount+1) 
 EVALUATE: symbol $ZCOUNT set to    2.00000     (real)
 CNSsolve>      eval ($ztrans = $ztrans + $boxlength) 
 EVALUATE: symbol $ZTRANS set to    6.50100     (real)
 CNSsolve> 
 CNSsolve> 
 CNSsolve>      segment 
 SEGMENT>        name="    " 
 SEGMENT>        chain 
 CHAIN>          coordinates @@RUN:protocols/boxtyp20.pdb 
 ASSFIL: file boxtyp20.pdb opened.
 COOR>REMARKS *****  CHARMM water box from Charlie Brooks. ******** 
 COOR>REMARKS * This is a box of 216 3-site water molecules in the experimental 
 COOR>REMARKS * geometry.  It was constructed from an equilibrated 
 COOR>REMARKS * configuration of TIP3P (3-site water model of Jorgenson) 
 COOR>REMARKS * waters at 1 atm pressure and a density of 0.0334 molecules/A**-3. 
 COOR>REMARKS * The box edgelength is 18.856 A.  The minimum image periodic 
 COOR>REMARKS * boundary energy for this configuration using the TIP3P 
 COOR>REMARKS * potentials is -2150.6833 kcal/mol. 
 COOR>REMARKS 
 COOR>ATOM      1 OH2  WAT     1       2.531   0.596  -2.477        0.000 
 SEGMNT-info: chain termination due to END keyword.   216 residues were inserted into segid "    "
 CHAIN>        end 
 SEGMENT>      end 
 Status of internal molecular topology database:
 -> NATOM=       2517(MAXA=     1000000)  NBOND=       2137(MAXB=     1000000)
 -> NTHETA=      2644(MAXT=     2000000)  NGRP=         820(MAXGRP=   1000000)
 -> NPHI=          22(MAXP=     2000000)  NIMPHI=       772(MAXIMP=   1000000)
 -> NNB=          102(MAXNB=    1000000) 
 CNSsolve>      coor @@RUN:protocols/boxtyp20.pdb 
 ASSFIL: file boxtyp20.pdb opened.
 COOR>REMARKS *****  CHARMM water box from Charlie Brooks. ******** 
 COOR>REMARKS * This is a box of 216 3-site water molecules in the experimental 
 COOR>REMARKS * geometry.  It was constructed from an equilibrated 
 COOR>REMARKS * configuration of TIP3P (3-site water model of Jorgenson) 
 COOR>REMARKS * waters at 1 atm pressure and a density of 0.0334 molecules/A**-3. 
 COOR>REMARKS * The box edgelength is 18.856 A.  The minimum image periodic 
 COOR>REMARKS * boundary energy for this configuration using the TIP3P 
 COOR>REMARKS * potentials is -2150.6833 kcal/mol. 
 COOR>REMARKS 
 COOR>ATOM      1 OH2  WAT     1       2.531   0.596  -2.477        0.000 
 COOR>ATOM      2 H1   WAT     1       2.620   1.540  -2.609        0.000 
 CNSsolve>      do (segid=W000) (segid "    ") 
 Assuming literal string "W000"
 SELRPN:    648 atoms have been selected out of   2517
 CNSsolve>      coor sele=(segid W000) translate vector = ($xtrans $ytrans $ztrans) end 
 SELRPN:    648 atoms have been selected out of   2517
 COOR: using atom subset.
 COOR: translation vector =(   -22.238000  -17.244000    6.501000 )
 COOR: selected coordinates translated
 CNSsolve> 
 CNSsolve>      ! all new water oxygens 
 CNSsolve>      ident (store1) (segid W000 and name oh2) 
 SELRPN:    216 atoms have been selected out of   2517
 CNSsolve>      ! all new water oxygens close to a protein heavy atom 
 CNSsolve>      ident (store2) (store1 and (not (resn WAT or resn HOH or resn TIP* or resn ANI or resn DAN or resn XAN or resn DUM or resn SHA or hydro)) around $pw_dist) 
 SELRPN:      0 atoms have been selected out of   2517
 CNSsolve>      ! all new water oxygens close to old water oxygens 
 CNSsolve>      ident (store3) (store1 and (segid wat# and not hydro) around $water_diam) 
 SELRPN:      0 atoms have been selected out of   2517
 CNSsolve>      ! all new water oxygens further than thickness away from a protein heavy atom 
 CNSsolve>      ident (store4) (store1 and not (not (resn WAT or resn HOH or resn TIP* or resn ANI or resn DAN or resn XAN or resn DUM or resn SHA or hydro)) around $thickness) 
 SELRPN:    184 atoms have been selected out of   2517
 CNSsolve>      delete sele= (byres (store2 or store3 or store4)) end 
 SELRPN:    552 atoms have been selected out of   2517
 Status of internal molecular topology database:
 -> NATOM=       1965(MAXA=     1000000)  NBOND=       1769(MAXB=     1000000)
 -> NTHETA=      2460(MAXT=     2000000)  NGRP=         636(MAXGRP=   1000000)
 -> NPHI=          22(MAXP=     2000000)  NIMPHI=       772(MAXIMP=   1000000)
 -> NNB=          102(MAXNB=    1000000) 
 CNSsolve> 
 CNSsolve> 
 CNSsolve>      ! give waters unique segid name 
 CNSsolve>      eval ($segid= "W" 
 Expression=             + encode($xcount) + encode($ycount) + encode($zcount)) 
 EVALUATE: symbol $SEGID set to "W212" (string)
 CNSsolve>      do (segid = $segid) (segid W000) 
 SELRPN:     96 atoms have been selected out of   1965
 CNSsolve> 
 CNSsolve>    end loop wat3 
 CNSsolve>    while ($ztrans < $zmtran) loop wat3 
 NEXTCD: condition evaluated as true
 CNSsolve>      eval ($zcount=$zcount+1) 
 EVALUATE: symbol $ZCOUNT set to    3.00000     (real)
 CNSsolve>      eval ($ztrans = $ztrans + $boxlength) 
 EVALUATE: symbol $ZTRANS set to    25.3570     (real)
 CNSsolve> 
 CNSsolve> 
 CNSsolve>      segment 
 SEGMENT>        name="    " 
 SEGMENT>        chain 
 CHAIN>          coordinates @@RUN:protocols/boxtyp20.pdb 
 ASSFIL: file boxtyp20.pdb opened.
 COOR>REMARKS *****  CHARMM water box from Charlie Brooks. ******** 
 COOR>REMARKS * This is a box of 216 3-site water molecules in the experimental 
 COOR>REMARKS * geometry.  It was constructed from an equilibrated 
 COOR>REMARKS * configuration of TIP3P (3-site water model of Jorgenson) 
 COOR>REMARKS * waters at 1 atm pressure and a density of 0.0334 molecules/A**-3. 
 COOR>REMARKS * The box edgelength is 18.856 A.  The minimum image periodic 
 COOR>REMARKS * boundary energy for this configuration using the TIP3P 
 COOR>REMARKS * potentials is -2150.6833 kcal/mol. 
 COOR>REMARKS 
 COOR>ATOM      1 OH2  WAT     1       2.531   0.596  -2.477        0.000 
 SEGMNT-info: chain termination due to END keyword.   216 residues were inserted into segid "    "
 CHAIN>        end 
 SEGMENT>      end 
 Status of internal molecular topology database:
 -> NATOM=       2613(MAXA=     1000000)  NBOND=       2201(MAXB=     1000000)
 -> NTHETA=      2676(MAXT=     2000000)  NGRP=         852(MAXGRP=   1000000)
 -> NPHI=          22(MAXP=     2000000)  NIMPHI=       772(MAXIMP=   1000000)
 -> NNB=          102(MAXNB=    1000000) 
 CNSsolve>      coor @@RUN:protocols/boxtyp20.pdb 
 ASSFIL: file boxtyp20.pdb opened.
 COOR>REMARKS *****  CHARMM water box from Charlie Brooks. ******** 
 COOR>REMARKS * This is a box of 216 3-site water molecules in the experimental 
 COOR>REMARKS * geometry.  It was constructed from an equilibrated 
 COOR>REMARKS * configuration of TIP3P (3-site water model of Jorgenson) 
 COOR>REMARKS * waters at 1 atm pressure and a density of 0.0334 molecules/A**-3. 
 COOR>REMARKS * The box edgelength is 18.856 A.  The minimum image periodic 
 COOR>REMARKS * boundary energy for this configuration using the TIP3P 
 COOR>REMARKS * potentials is -2150.6833 kcal/mol. 
 COOR>REMARKS 
 COOR>ATOM      1 OH2  WAT     1       2.531   0.596  -2.477        0.000 
 COOR>ATOM      2 H1   WAT     1       2.620   1.540  -2.609        0.000 
 CNSsolve>      do (segid=W000) (segid "    ") 
 Assuming literal string "W000"
 SELRPN:    648 atoms have been selected out of   2613
 CNSsolve>      coor sele=(segid W000) translate vector = ($xtrans $ytrans $ztrans) end 
 SELRPN:    648 atoms have been selected out of   2613
 COOR: using atom subset.
 COOR: translation vector =(   -22.238000  -17.244000   25.357000 )
 COOR: selected coordinates translated
 CNSsolve> 
 CNSsolve>      ! all new water oxygens 
 CNSsolve>      ident (store1) (segid W000 and name oh2) 
 SELRPN:    216 atoms have been selected out of   2613
 CNSsolve>      ! all new water oxygens close to a protein heavy atom 
 CNSsolve>      ident (store2) (store1 and (not (resn WAT or resn HOH or resn TIP* or resn ANI or resn DAN or resn XAN or resn DUM or resn SHA or hydro)) around $pw_dist) 
 SELRPN:      0 atoms have been selected out of   2613
 CNSsolve>      ! all new water oxygens close to old water oxygens 
 CNSsolve>      ident (store3) (store1 and (segid wat# and not hydro) around $water_diam) 
 SELRPN:      0 atoms have been selected out of   2613
 CNSsolve>      ! all new water oxygens further than thickness away from a protein heavy atom 
 CNSsolve>      ident (store4) (store1 and not (not (resn WAT or resn HOH or resn TIP* or resn ANI or resn DAN or resn XAN or resn DUM or resn SHA or hydro)) around $thickness) 
 SELRPN:    216 atoms have been selected out of   2613
 CNSsolve>      delete sele= (byres (store2 or store3 or store4)) end 
 SELRPN:    648 atoms have been selected out of   2613
 Status of internal molecular topology database:
 -> NATOM=       1965(MAXA=     1000000)  NBOND=       1769(MAXB=     1000000)
 -> NTHETA=      2460(MAXT=     2000000)  NGRP=         636(MAXGRP=   1000000)
 -> NPHI=          22(MAXP=     2000000)  NIMPHI=       772(MAXIMP=   1000000)
 -> NNB=          102(MAXNB=    1000000) 
 CNSsolve> 
 CNSsolve> 
 CNSsolve>      ! give waters unique segid name 
 CNSsolve>      eval ($segid= "W" 
 Expression=             + encode($xcount) + encode($ycount) + encode($zcount)) 
 EVALUATE: symbol $SEGID set to "W213" (string)
 CNSsolve>      do (segid = $segid) (segid W000) 
 SELRPN:      0 atoms have been selected out of   1965
 CNSsolve> 
 CNSsolve>    end loop wat3 
 CNSsolve>    while ($ztrans < $zmtran) loop wat3 
 NEXTCD: condition evaluated as false
 CNSsolve>      eval ($zcount=$zcount+1) 
 CNSsolve>      eval ($ztrans = $ztrans + $boxlength) 
 CNSsolve> 
 CNSsolve> 
 CNSsolve>      segment 
 CNSsolve>        name="    " 
 CNSsolve>        chain 
 CNSsolve>          coordinates @@RUN:protocols/boxtyp20.pdb 
 CNSsolve>        end 
 CNSsolve>      end 
 CNSsolve>      coor @@RUN:protocols/boxtyp20.pdb 
 CNSsolve>      do (segid=W000) (segid "    ") 
 CNSsolve>      coor sele=(segid W000) translate vector = ($xtrans $ytrans $ztrans) end 
 CNSsolve> 
 CNSsolve>      ! all new water oxygens 
 CNSsolve>      ident (store1) (segid W000 and name oh2) 
 CNSsolve>      ! all new water oxygens close to a protein heavy atom 
 CNSsolve>      ident (store2) (store1 and (not (resn WAT or resn HOH or resn TIP* or resn ANI or resn DAN or resn XAN or resn DUM or resn SHA or hydro)) around $pw_dist) 
 CNSsolve>      ! all new water oxygens close to old water oxygens 
 CNSsolve>      ident (store3) (store1 and (segid wat# and not hydro) around $water_diam) 
 CNSsolve>      ! all new water oxygens further than thickness away from a protein heavy atom 
 CNSsolve>      ident (store4) (store1 and not (not (resn WAT or resn HOH or resn TIP* or resn ANI or resn DAN or resn XAN or resn DUM or resn SHA or hydro)) around $thickness) 
 CNSsolve>      delete sele= (byres (store2 or store3 or store4)) end 
 CNSsolve> 
 CNSsolve> 
 CNSsolve>      ! give waters unique segid name 
 CNSsolve>      eval ($segid= "W" 
 CNSsolve>             + encode($xcount) + encode($ycount) + encode($zcount)) 
 CNSsolve>      do (segid = $segid) (segid W000) 
 CNSsolve> 
 CNSsolve>    end loop wat3 
 CNSsolve>  end loop wat2 
 CNSsolve>  while ($ytrans < $ymtran) loop wat2 
 NEXTCD: condition evaluated as true
 CNSsolve>    eval ($ycount=$ycount+1) 
 EVALUATE: symbol $YCOUNT set to    2.00000     (real)
 CNSsolve>    eval ($ytrans = $ytrans + $boxlength) 
 EVALUATE: symbol $YTRANS set to    1.61200     (real)
 CNSsolve> 
 CNSsolve>    eval ($zcount=0) 
 EVALUATE: symbol $ZCOUNT set to    0.00000     (real)
 CNSsolve>    eval ($ztrans = $zmin - $thickness - $water_diam - $boxlength/2 ) 
 EVALUATE: symbol $ZTRANS set to   -31.2110     (real)
 CNSsolve>    while ($ztrans < $zmtran) loop wat3 
 NEXTCD: condition evaluated as true
 CNSsolve>      eval ($zcount=$zcount+1) 
 EVALUATE: symbol $ZCOUNT set to    1.00000     (real)
 CNSsolve>      eval ($ztrans = $ztrans + $boxlength) 
 EVALUATE: symbol $ZTRANS set to   -12.3550     (real)
 CNSsolve> 
 CNSsolve> 
 CNSsolve>      segment 
 SEGMENT>        name="    " 
 SEGMENT>        chain 
 CHAIN>          coordinates @@RUN:protocols/boxtyp20.pdb 
 ASSFIL: file boxtyp20.pdb opened.
 COOR>REMARKS *****  CHARMM water box from Charlie Brooks. ******** 
 COOR>REMARKS * This is a box of 216 3-site water molecules in the experimental 
 COOR>REMARKS * geometry.  It was constructed from an equilibrated 
 COOR>REMARKS * configuration of TIP3P (3-site water model of Jorgenson) 
 COOR>REMARKS * waters at 1 atm pressure and a density of 0.0334 molecules/A**-3. 
 COOR>REMARKS * The box edgelength is 18.856 A.  The minimum image periodic 
 COOR>REMARKS * boundary energy for this configuration using the TIP3P 
 COOR>REMARKS * potentials is -2150.6833 kcal/mol. 
 COOR>REMARKS 
 COOR>ATOM      1 OH2  WAT     1       2.531   0.596  -2.477        0.000 
 SEGMNT-info: chain termination due to END keyword.   216 residues were inserted into segid "    "
 CHAIN>        end 
 SEGMENT>      end 
 Status of internal molecular topology database:
 -> NATOM=       2613(MAXA=     1000000)  NBOND=       2201(MAXB=     1000000)
 -> NTHETA=      2676(MAXT=     2000000)  NGRP=         852(MAXGRP=   1000000)
 -> NPHI=          22(MAXP=     2000000)  NIMPHI=       772(MAXIMP=   1000000)
 -> NNB=          102(MAXNB=    1000000) 
 CNSsolve>      coor @@RUN:protocols/boxtyp20.pdb 
 ASSFIL: file boxtyp20.pdb opened.
 COOR>REMARKS *****  CHARMM water box from Charlie Brooks. ******** 
 COOR>REMARKS * This is a box of 216 3-site water molecules in the experimental 
 COOR>REMARKS * geometry.  It was constructed from an equilibrated 
 COOR>REMARKS * configuration of TIP3P (3-site water model of Jorgenson) 
 COOR>REMARKS * waters at 1 atm pressure and a density of 0.0334 molecules/A**-3. 
 COOR>REMARKS * The box edgelength is 18.856 A.  The minimum image periodic 
 COOR>REMARKS * boundary energy for this configuration using the TIP3P 
 COOR>REMARKS * potentials is -2150.6833 kcal/mol. 
 COOR>REMARKS 
 COOR>ATOM      1 OH2  WAT     1       2.531   0.596  -2.477        0.000 
 COOR>ATOM      2 H1   WAT     1       2.620   1.540  -2.609        0.000 
 CNSsolve>      do (segid=W000) (segid "    ") 
 Assuming literal string "W000"
 SELRPN:    648 atoms have been selected out of   2613
 CNSsolve>      coor sele=(segid W000) translate vector = ($xtrans $ytrans $ztrans) end 
 SELRPN:    648 atoms have been selected out of   2613
 COOR: using atom subset.
 COOR: translation vector =(   -22.238000    1.612000  -12.355000 )
 COOR: selected coordinates translated
 CNSsolve> 
 CNSsolve>      ! all new water oxygens 
 CNSsolve>      ident (store1) (segid W000 and name oh2) 
 SELRPN:    216 atoms have been selected out of   2613
 CNSsolve>      ! all new water oxygens close to a protein heavy atom 
 CNSsolve>      ident (store2) (store1 and (not (resn WAT or resn HOH or resn TIP* or resn ANI or resn DAN or resn XAN or resn DUM or resn SHA or hydro)) around $pw_dist) 
 SELRPN:     10 atoms have been selected out of   2613
 CNSsolve>      ! all new water oxygens close to old water oxygens 
 CNSsolve>      ident (store3) (store1 and (segid wat# and not hydro) around $water_diam) 
 SELRPN:      0 atoms have been selected out of   2613
 CNSsolve>      ! all new water oxygens further than thickness away from a protein heavy atom 
 CNSsolve>      ident (store4) (store1 and not (not (resn WAT or resn HOH or resn TIP* or resn ANI or resn DAN or resn XAN or resn DUM or resn SHA or hydro)) around $thickness) 
 SELRPN:    141 atoms have been selected out of   2613
 CNSsolve>      delete sele= (byres (store2 or store3 or store4)) end 
 SELRPN:    453 atoms have been selected out of   2613
 Status of internal molecular topology database:
 -> NATOM=       2160(MAXA=     1000000)  NBOND=       1899(MAXB=     1000000)
 -> NTHETA=      2525(MAXT=     2000000)  NGRP=         701(MAXGRP=   1000000)
 -> NPHI=          22(MAXP=     2000000)  NIMPHI=       772(MAXIMP=   1000000)
 -> NNB=          102(MAXNB=    1000000) 
 CNSsolve> 
 CNSsolve> 
 CNSsolve>      ! give waters unique segid name 
 CNSsolve>      eval ($segid= "W" 
 Expression=             + encode($xcount) + encode($ycount) + encode($zcount)) 
 EVALUATE: symbol $SEGID set to "W221" (string)
 CNSsolve>      do (segid = $segid) (segid W000) 
 SELRPN:    195 atoms have been selected out of   2160
 CNSsolve> 
 CNSsolve>    end loop wat3 
 CNSsolve>    while ($ztrans < $zmtran) loop wat3 
 NEXTCD: condition evaluated as true
 CNSsolve>      eval ($zcount=$zcount+1) 
 EVALUATE: symbol $ZCOUNT set to    2.00000     (real)
 CNSsolve>      eval ($ztrans = $ztrans + $boxlength) 
 EVALUATE: symbol $ZTRANS set to    6.50100     (real)
 CNSsolve> 
 CNSsolve> 
 CNSsolve>      segment 
 SEGMENT>        name="    " 
 SEGMENT>        chain 
 CHAIN>          coordinates @@RUN:protocols/boxtyp20.pdb 
 ASSFIL: file boxtyp20.pdb opened.
 COOR>REMARKS *****  CHARMM water box from Charlie Brooks. ******** 
 COOR>REMARKS * This is a box of 216 3-site water molecules in the experimental 
 COOR>REMARKS * geometry.  It was constructed from an equilibrated 
 COOR>REMARKS * configuration of TIP3P (3-site water model of Jorgenson) 
 COOR>REMARKS * waters at 1 atm pressure and a density of 0.0334 molecules/A**-3. 
 COOR>REMARKS * The box edgelength is 18.856 A.  The minimum image periodic 
 COOR>REMARKS * boundary energy for this configuration using the TIP3P 
 COOR>REMARKS * potentials is -2150.6833 kcal/mol. 
 COOR>REMARKS 
 COOR>ATOM      1 OH2  WAT     1       2.531   0.596  -2.477        0.000 
 SEGMNT-info: chain termination due to END keyword.   216 residues were inserted into segid "    "
 CHAIN>        end 
 SEGMENT>      end 
 Status of internal molecular topology database:
 -> NATOM=       2808(MAXA=     1000000)  NBOND=       2331(MAXB=     1000000)
 -> NTHETA=      2741(MAXT=     2000000)  NGRP=         917(MAXGRP=   1000000)
 -> NPHI=          22(MAXP=     2000000)  NIMPHI=       772(MAXIMP=   1000000)
 -> NNB=          102(MAXNB=    1000000) 
 CNSsolve>      coor @@RUN:protocols/boxtyp20.pdb 
 ASSFIL: file boxtyp20.pdb opened.
 COOR>REMARKS *****  CHARMM water box from Charlie Brooks. ******** 
 COOR>REMARKS * This is a box of 216 3-site water molecules in the experimental 
 COOR>REMARKS * geometry.  It was constructed from an equilibrated 
 COOR>REMARKS * configuration of TIP3P (3-site water model of Jorgenson) 
 COOR>REMARKS * waters at 1 atm pressure and a density of 0.0334 molecules/A**-3. 
 COOR>REMARKS * The box edgelength is 18.856 A.  The minimum image periodic 
 COOR>REMARKS * boundary energy for this configuration using the TIP3P 
 COOR>REMARKS * potentials is -2150.6833 kcal/mol. 
 COOR>REMARKS 
 COOR>ATOM      1 OH2  WAT     1       2.531   0.596  -2.477        0.000 
 COOR>ATOM      2 H1   WAT     1       2.620   1.540  -2.609        0.000 
 CNSsolve>      do (segid=W000) (segid "    ") 
 Assuming literal string "W000"
 SELRPN:    648 atoms have been selected out of   2808
 CNSsolve>      coor sele=(segid W000) translate vector = ($xtrans $ytrans $ztrans) end 
 SELRPN:    648 atoms have been selected out of   2808
 COOR: using atom subset.
 COOR: translation vector =(   -22.238000    1.612000    6.501000 )
 COOR: selected coordinates translated
 CNSsolve> 
 CNSsolve>      ! all new water oxygens 
 CNSsolve>      ident (store1) (segid W000 and name oh2) 
 SELRPN:    216 atoms have been selected out of   2808
 CNSsolve>      ! all new water oxygens close to a protein heavy atom 
 CNSsolve>      ident (store2) (store1 and (not (resn WAT or resn HOH or resn TIP* or resn ANI or resn DAN or resn XAN or resn DUM or resn SHA or hydro)) around $pw_dist) 
 SELRPN:     55 atoms have been selected out of   2808
 CNSsolve>      ! all new water oxygens close to old water oxygens 
 CNSsolve>      ident (store3) (store1 and (segid wat# and not hydro) around $water_diam) 
 SELRPN:      0 atoms have been selected out of   2808
 CNSsolve>      ! all new water oxygens further than thickness away from a protein heavy atom 
 CNSsolve>      ident (store4) (store1 and not (not (resn WAT or resn HOH or resn TIP* or resn ANI or resn DAN or resn XAN or resn DUM or resn SHA or hydro)) around $thickness) 
 SELRPN:     24 atoms have been selected out of   2808
 CNSsolve>      delete sele= (byres (store2 or store3 or store4)) end 
 SELRPN:    237 atoms have been selected out of   2808
 Status of internal molecular topology database:
 -> NATOM=       2571(MAXA=     1000000)  NBOND=       2173(MAXB=     1000000)
 -> NTHETA=      2662(MAXT=     2000000)  NGRP=         838(MAXGRP=   1000000)
 -> NPHI=          22(MAXP=     2000000)  NIMPHI=       772(MAXIMP=   1000000)
 -> NNB=          102(MAXNB=    1000000) 
 CNSsolve> 
 CNSsolve> 
 CNSsolve>      ! give waters unique segid name 
 CNSsolve>      eval ($segid= "W" 
 Expression=             + encode($xcount) + encode($ycount) + encode($zcount)) 
 EVALUATE: symbol $SEGID set to "W222" (string)
 CNSsolve>      do (segid = $segid) (segid W000) 
 SELRPN:    411 atoms have been selected out of   2571
 CNSsolve> 
 CNSsolve>    end loop wat3 
 CNSsolve>    while ($ztrans < $zmtran) loop wat3 
 NEXTCD: condition evaluated as true
 CNSsolve>      eval ($zcount=$zcount+1) 
 EVALUATE: symbol $ZCOUNT set to    3.00000     (real)
 CNSsolve>      eval ($ztrans = $ztrans + $boxlength) 
 EVALUATE: symbol $ZTRANS set to    25.3570     (real)
 CNSsolve> 
 CNSsolve> 
 CNSsolve>      segment 
 SEGMENT>        name="    " 
 SEGMENT>        chain 
 CHAIN>          coordinates @@RUN:protocols/boxtyp20.pdb 
 ASSFIL: file boxtyp20.pdb opened.
 COOR>REMARKS *****  CHARMM water box from Charlie Brooks. ******** 
 COOR>REMARKS * This is a box of 216 3-site water molecules in the experimental 
 COOR>REMARKS * geometry.  It was constructed from an equilibrated 
 COOR>REMARKS * configuration of TIP3P (3-site water model of Jorgenson) 
 COOR>REMARKS * waters at 1 atm pressure and a density of 0.0334 molecules/A**-3. 
 COOR>REMARKS * The box edgelength is 18.856 A.  The minimum image periodic 
 COOR>REMARKS * boundary energy for this configuration using the TIP3P 
 COOR>REMARKS * potentials is -2150.6833 kcal/mol. 
 COOR>REMARKS 
 COOR>ATOM      1 OH2  WAT     1       2.531   0.596  -2.477        0.000 
 SEGMNT-info: chain termination due to END keyword.   216 residues were inserted into segid "    "
 CHAIN>        end 
 SEGMENT>      end 
 Status of internal molecular topology database:
 -> NATOM=       3219(MAXA=     1000000)  NBOND=       2605(MAXB=     1000000)
 -> NTHETA=      2878(MAXT=     2000000)  NGRP=        1054(MAXGRP=   1000000)
 -> NPHI=          22(MAXP=     2000000)  NIMPHI=       772(MAXIMP=   1000000)
 -> NNB=          102(MAXNB=    1000000) 
 CNSsolve>      coor @@RUN:protocols/boxtyp20.pdb 
 ASSFIL: file boxtyp20.pdb opened.
 COOR>REMARKS *****  CHARMM water box from Charlie Brooks. ******** 
 COOR>REMARKS * This is a box of 216 3-site water molecules in the experimental 
 COOR>REMARKS * geometry.  It was constructed from an equilibrated 
 COOR>REMARKS * configuration of TIP3P (3-site water model of Jorgenson) 
 COOR>REMARKS * waters at 1 atm pressure and a density of 0.0334 molecules/A**-3. 
 COOR>REMARKS * The box edgelength is 18.856 A.  The minimum image periodic 
 COOR>REMARKS * boundary energy for this configuration using the TIP3P 
 COOR>REMARKS * potentials is -2150.6833 kcal/mol. 
 COOR>REMARKS 
 COOR>ATOM      1 OH2  WAT     1       2.531   0.596  -2.477        0.000 
 COOR>ATOM      2 H1   WAT     1       2.620   1.540  -2.609        0.000 
 CNSsolve>      do (segid=W000) (segid "    ") 
 Assuming literal string "W000"
 SELRPN:    648 atoms have been selected out of   3219
 CNSsolve>      coor sele=(segid W000) translate vector = ($xtrans $ytrans $ztrans) end 
 SELRPN:    648 atoms have been selected out of   3219
 COOR: using atom subset.
 COOR: translation vector =(   -22.238000    1.612000   25.357000 )
 COOR: selected coordinates translated
 CNSsolve> 
 CNSsolve>      ! all new water oxygens 
 CNSsolve>      ident (store1) (segid W000 and name oh2) 
 SELRPN:    216 atoms have been selected out of   3219
 CNSsolve>      ! all new water oxygens close to a protein heavy atom 
 CNSsolve>      ident (store2) (store1 and (not (resn WAT or resn HOH or resn TIP* or resn ANI or resn DAN or resn XAN or resn DUM or resn SHA or hydro)) around $pw_dist) 
 SELRPN:      0 atoms have been selected out of   3219
 CNSsolve>      ! all new water oxygens close to old water oxygens 
 CNSsolve>      ident (store3) (store1 and (segid wat# and not hydro) around $water_diam) 
 SELRPN:      0 atoms have been selected out of   3219
 CNSsolve>      ! all new water oxygens further than thickness away from a protein heavy atom 
 CNSsolve>      ident (store4) (store1 and not (not (resn WAT or resn HOH or resn TIP* or resn ANI or resn DAN or resn XAN or resn DUM or resn SHA or hydro)) around $thickness) 
 SELRPN:    198 atoms have been selected out of   3219
 CNSsolve>      delete sele= (byres (store2 or store3 or store4)) end 
 SELRPN:    594 atoms have been selected out of   3219
 Status of internal molecular topology database:
 -> NATOM=       2625(MAXA=     1000000)  NBOND=       2209(MAXB=     1000000)
 -> NTHETA=      2680(MAXT=     2000000)  NGRP=         856(MAXGRP=   1000000)
 -> NPHI=          22(MAXP=     2000000)  NIMPHI=       772(MAXIMP=   1000000)
 -> NNB=          102(MAXNB=    1000000) 
 CNSsolve> 
 CNSsolve> 
 CNSsolve>      ! give waters unique segid name 
 CNSsolve>      eval ($segid= "W" 
 Expression=             + encode($xcount) + encode($ycount) + encode($zcount)) 
 EVALUATE: symbol $SEGID set to "W223" (string)
 CNSsolve>      do (segid = $segid) (segid W000) 
 SELRPN:     54 atoms have been selected out of   2625
 CNSsolve> 
 CNSsolve>    end loop wat3 
 CNSsolve>    while ($ztrans < $zmtran) loop wat3 
 NEXTCD: condition evaluated as false
 CNSsolve>      eval ($zcount=$zcount+1) 
 CNSsolve>      eval ($ztrans = $ztrans + $boxlength) 
 CNSsolve> 
 CNSsolve> 
 CNSsolve>      segment 
 CNSsolve>        name="    " 
 CNSsolve>        chain 
 CNSsolve>          coordinates @@RUN:protocols/boxtyp20.pdb 
 CNSsolve>        end 
 CNSsolve>      end 
 CNSsolve>      coor @@RUN:protocols/boxtyp20.pdb 
 CNSsolve>      do (segid=W000) (segid "    ") 
 CNSsolve>      coor sele=(segid W000) translate vector = ($xtrans $ytrans $ztrans) end 
 CNSsolve> 
 CNSsolve>      ! all new water oxygens 
 CNSsolve>      ident (store1) (segid W000 and name oh2) 
 CNSsolve>      ! all new water oxygens close to a protein heavy atom 
 CNSsolve>      ident (store2) (store1 and (not (resn WAT or resn HOH or resn TIP* or resn ANI or resn DAN or resn XAN or resn DUM or resn SHA or hydro)) around $pw_dist) 
 CNSsolve>      ! all new water oxygens close to old water oxygens 
 CNSsolve>      ident (store3) (store1 and (segid wat# and not hydro) around $water_diam) 
 CNSsolve>      ! all new water oxygens further than thickness away from a protein heavy atom 
 CNSsolve>      ident (store4) (store1 and not (not (resn WAT or resn HOH or resn TIP* or resn ANI or resn DAN or resn XAN or resn DUM or resn SHA or hydro)) around $thickness) 
 CNSsolve>      delete sele= (byres (store2 or store3 or store4)) end 
 CNSsolve> 
 CNSsolve> 
 CNSsolve>      ! give waters unique segid name 
 CNSsolve>      eval ($segid= "W" 
 CNSsolve>             + encode($xcount) + encode($ycount) + encode($zcount)) 
 CNSsolve>      do (segid = $segid) (segid W000) 
 CNSsolve> 
 CNSsolve>    end loop wat3 
 CNSsolve>  end loop wat2 
 CNSsolve>  while ($ytrans < $ymtran) loop wat2 
 NEXTCD: condition evaluated as true
 CNSsolve>    eval ($ycount=$ycount+1) 
 EVALUATE: symbol $YCOUNT set to    3.00000     (real)
 CNSsolve>    eval ($ytrans = $ytrans + $boxlength) 
 EVALUATE: symbol $YTRANS set to    20.4680     (real)
 CNSsolve> 
 CNSsolve>    eval ($zcount=0) 
 EVALUATE: symbol $ZCOUNT set to    0.00000     (real)
 CNSsolve>    eval ($ztrans = $zmin - $thickness - $water_diam - $boxlength/2 ) 
 EVALUATE: symbol $ZTRANS set to   -31.2110     (real)
 CNSsolve>    while ($ztrans < $zmtran) loop wat3 
 NEXTCD: condition evaluated as true
 CNSsolve>      eval ($zcount=$zcount+1) 
 EVALUATE: symbol $ZCOUNT set to    1.00000     (real)
 CNSsolve>      eval ($ztrans = $ztrans + $boxlength) 
 EVALUATE: symbol $ZTRANS set to   -12.3550     (real)
 CNSsolve> 
 CNSsolve> 
 CNSsolve>      segment 
 SEGMENT>        name="    " 
 SEGMENT>        chain 
 CHAIN>          coordinates @@RUN:protocols/boxtyp20.pdb 
 ASSFIL: file boxtyp20.pdb opened.
 COOR>REMARKS *****  CHARMM water box from Charlie Brooks. ******** 
 COOR>REMARKS * This is a box of 216 3-site water molecules in the experimental 
 COOR>REMARKS * geometry.  It was constructed from an equilibrated 
 COOR>REMARKS * configuration of TIP3P (3-site water model of Jorgenson) 
 COOR>REMARKS * waters at 1 atm pressure and a density of 0.0334 molecules/A**-3. 
 COOR>REMARKS * The box edgelength is 18.856 A.  The minimum image periodic 
 COOR>REMARKS * boundary energy for this configuration using the TIP3P 
 COOR>REMARKS * potentials is -2150.6833 kcal/mol. 
 COOR>REMARKS 
 COOR>ATOM      1 OH2  WAT     1       2.531   0.596  -2.477        0.000 
 SEGMNT-info: chain termination due to END keyword.   216 residues were inserted into segid "    "
 CHAIN>        end 
 SEGMENT>      end 
 Status of internal molecular topology database:
 -> NATOM=       3273(MAXA=     1000000)  NBOND=       2641(MAXB=     1000000)
 -> NTHETA=      2896(MAXT=     2000000)  NGRP=        1072(MAXGRP=   1000000)
 -> NPHI=          22(MAXP=     2000000)  NIMPHI=       772(MAXIMP=   1000000)
 -> NNB=          102(MAXNB=    1000000) 
 CNSsolve>      coor @@RUN:protocols/boxtyp20.pdb 
 ASSFIL: file boxtyp20.pdb opened.
 COOR>REMARKS *****  CHARMM water box from Charlie Brooks. ******** 
 COOR>REMARKS * This is a box of 216 3-site water molecules in the experimental 
 COOR>REMARKS * geometry.  It was constructed from an equilibrated 
 COOR>REMARKS * configuration of TIP3P (3-site water model of Jorgenson) 
 COOR>REMARKS * waters at 1 atm pressure and a density of 0.0334 molecules/A**-3. 
 COOR>REMARKS * The box edgelength is 18.856 A.  The minimum image periodic 
 COOR>REMARKS * boundary energy for this configuration using the TIP3P 
 COOR>REMARKS * potentials is -2150.6833 kcal/mol. 
 COOR>REMARKS 
 COOR>ATOM      1 OH2  WAT     1       2.531   0.596  -2.477        0.000 
 COOR>ATOM      2 H1   WAT     1       2.620   1.540  -2.609        0.000 
 CNSsolve>      do (segid=W000) (segid "    ") 
 Assuming literal string "W000"
 SELRPN:    648 atoms have been selected out of   3273
 CNSsolve>      coor sele=(segid W000) translate vector = ($xtrans $ytrans $ztrans) end 
 SELRPN:    648 atoms have been selected out of   3273
 COOR: using atom subset.
 COOR: translation vector =(   -22.238000   20.468000  -12.355000 )
 COOR: selected coordinates translated
 CNSsolve> 
 CNSsolve>      ! all new water oxygens 
 CNSsolve>      ident (store1) (segid W000 and name oh2) 
 SELRPN:    216 atoms have been selected out of   3273
 CNSsolve>      ! all new water oxygens close to a protein heavy atom 
 CNSsolve>      ident (store2) (store1 and (not (resn WAT or resn HOH or resn TIP* or resn ANI or resn DAN or resn XAN or resn DUM or resn SHA or hydro)) around $pw_dist) 
 SELRPN:      0 atoms have been selected out of   3273
 CNSsolve>      ! all new water oxygens close to old water oxygens 
 CNSsolve>      ident (store3) (store1 and (segid wat# and not hydro) around $water_diam) 
 SELRPN:      0 atoms have been selected out of   3273
 CNSsolve>      ! all new water oxygens further than thickness away from a protein heavy atom 
 CNSsolve>      ident (store4) (store1 and not (not (resn WAT or resn HOH or resn TIP* or resn ANI or resn DAN or resn XAN or resn DUM or resn SHA or hydro)) around $thickness) 
 SELRPN:    207 atoms have been selected out of   3273
 CNSsolve>      delete sele= (byres (store2 or store3 or store4)) end 
 SELRPN:    621 atoms have been selected out of   3273
 Status of internal molecular topology database:
 -> NATOM=       2652(MAXA=     1000000)  NBOND=       2227(MAXB=     1000000)
 -> NTHETA=      2689(MAXT=     2000000)  NGRP=         865(MAXGRP=   1000000)
 -> NPHI=          22(MAXP=     2000000)  NIMPHI=       772(MAXIMP=   1000000)
 -> NNB=          102(MAXNB=    1000000) 
 CNSsolve> 
 CNSsolve> 
 CNSsolve>      ! give waters unique segid name 
 CNSsolve>      eval ($segid= "W" 
 Expression=             + encode($xcount) + encode($ycount) + encode($zcount)) 
 EVALUATE: symbol $SEGID set to "W231" (string)
 CNSsolve>      do (segid = $segid) (segid W000) 
 SELRPN:     27 atoms have been selected out of   2652
 CNSsolve> 
 CNSsolve>    end loop wat3 
 CNSsolve>    while ($ztrans < $zmtran) loop wat3 
 NEXTCD: condition evaluated as true
 CNSsolve>      eval ($zcount=$zcount+1) 
 EVALUATE: symbol $ZCOUNT set to    2.00000     (real)
 CNSsolve>      eval ($ztrans = $ztrans + $boxlength) 
 EVALUATE: symbol $ZTRANS set to    6.50100     (real)
 CNSsolve> 
 CNSsolve> 
 CNSsolve>      segment 
 SEGMENT>        name="    " 
 SEGMENT>        chain 
 CHAIN>          coordinates @@RUN:protocols/boxtyp20.pdb 
 ASSFIL: file boxtyp20.pdb opened.
 COOR>REMARKS *****  CHARMM water box from Charlie Brooks. ******** 
 COOR>REMARKS * This is a box of 216 3-site water molecules in the experimental 
 COOR>REMARKS * geometry.  It was constructed from an equilibrated 
 COOR>REMARKS * configuration of TIP3P (3-site water model of Jorgenson) 
 COOR>REMARKS * waters at 1 atm pressure and a density of 0.0334 molecules/A**-3. 
 COOR>REMARKS * The box edgelength is 18.856 A.  The minimum image periodic 
 COOR>REMARKS * boundary energy for this configuration using the TIP3P 
 COOR>REMARKS * potentials is -2150.6833 kcal/mol. 
 COOR>REMARKS 
 COOR>ATOM      1 OH2  WAT     1       2.531   0.596  -2.477        0.000 
 SEGMNT-info: chain termination due to END keyword.   216 residues were inserted into segid "    "
 CHAIN>        end 
 SEGMENT>      end 
 Status of internal molecular topology database:
 -> NATOM=       3300(MAXA=     1000000)  NBOND=       2659(MAXB=     1000000)
 -> NTHETA=      2905(MAXT=     2000000)  NGRP=        1081(MAXGRP=   1000000)
 -> NPHI=          22(MAXP=     2000000)  NIMPHI=       772(MAXIMP=   1000000)
 -> NNB=          102(MAXNB=    1000000) 
 CNSsolve>      coor @@RUN:protocols/boxtyp20.pdb 
 ASSFIL: file boxtyp20.pdb opened.
 COOR>REMARKS *****  CHARMM water box from Charlie Brooks. ******** 
 COOR>REMARKS * This is a box of 216 3-site water molecules in the experimental 
 COOR>REMARKS * geometry.  It was constructed from an equilibrated 
 COOR>REMARKS * configuration of TIP3P (3-site water model of Jorgenson) 
 COOR>REMARKS * waters at 1 atm pressure and a density of 0.0334 molecules/A**-3. 
 COOR>REMARKS * The box edgelength is 18.856 A.  The minimum image periodic 
 COOR>REMARKS * boundary energy for this configuration using the TIP3P 
 COOR>REMARKS * potentials is -2150.6833 kcal/mol. 
 COOR>REMARKS 
 COOR>ATOM      1 OH2  WAT     1       2.531   0.596  -2.477        0.000 
 COOR>ATOM      2 H1   WAT     1       2.620   1.540  -2.609        0.000 
 CNSsolve>      do (segid=W000) (segid "    ") 
 Assuming literal string "W000"
 SELRPN:    648 atoms have been selected out of   3300
 CNSsolve>      coor sele=(segid W000) translate vector = ($xtrans $ytrans $ztrans) end 
 SELRPN:    648 atoms have been selected out of   3300
 COOR: using atom subset.
 COOR: translation vector =(   -22.238000   20.468000    6.501000 )
 COOR: selected coordinates translated
 CNSsolve> 
 CNSsolve>      ! all new water oxygens 
 CNSsolve>      ident (store1) (segid W000 and name oh2) 
 SELRPN:    216 atoms have been selected out of   3300
 CNSsolve>      ! all new water oxygens close to a protein heavy atom 
 CNSsolve>      ident (store2) (store1 and (not (resn WAT or resn HOH or resn TIP* or resn ANI or resn DAN or resn XAN or resn DUM or resn SHA or hydro)) around $pw_dist) 
 SELRPN:      0 atoms have been selected out of   3300
 CNSsolve>      ! all new water oxygens close to old water oxygens 
 CNSsolve>      ident (store3) (store1 and (segid wat# and not hydro) around $water_diam) 
 SELRPN:      0 atoms have been selected out of   3300
 CNSsolve>      ! all new water oxygens further than thickness away from a protein heavy atom 
 CNSsolve>      ident (store4) (store1 and not (not (resn WAT or resn HOH or resn TIP* or resn ANI or resn DAN or resn XAN or resn DUM or resn SHA or hydro)) around $thickness) 
 SELRPN:    177 atoms have been selected out of   3300
 CNSsolve>      delete sele= (byres (store2 or store3 or store4)) end 
 SELRPN:    531 atoms have been selected out of   3300
 Status of internal molecular topology database:
 -> NATOM=       2769(MAXA=     1000000)  NBOND=       2305(MAXB=     1000000)
 -> NTHETA=      2728(MAXT=     2000000)  NGRP=         904(MAXGRP=   1000000)
 -> NPHI=          22(MAXP=     2000000)  NIMPHI=       772(MAXIMP=   1000000)
 -> NNB=          102(MAXNB=    1000000) 
 CNSsolve> 
 CNSsolve> 
 CNSsolve>      ! give waters unique segid name 
 CNSsolve>      eval ($segid= "W" 
 Expression=             + encode($xcount) + encode($ycount) + encode($zcount)) 
 EVALUATE: symbol $SEGID set to "W232" (string)
 CNSsolve>      do (segid = $segid) (segid W000) 
 SELRPN:    117 atoms have been selected out of   2769
 CNSsolve> 
 CNSsolve>    end loop wat3 
 CNSsolve>    while ($ztrans < $zmtran) loop wat3 
 NEXTCD: condition evaluated as true
 CNSsolve>      eval ($zcount=$zcount+1) 
 EVALUATE: symbol $ZCOUNT set to    3.00000     (real)
 CNSsolve>      eval ($ztrans = $ztrans + $boxlength) 
 EVALUATE: symbol $ZTRANS set to    25.3570     (real)
 CNSsolve> 
 CNSsolve> 
 CNSsolve>      segment 
 SEGMENT>        name="    " 
 SEGMENT>        chain 
 CHAIN>          coordinates @@RUN:protocols/boxtyp20.pdb 
 ASSFIL: file boxtyp20.pdb opened.
 COOR>REMARKS *****  CHARMM water box from Charlie Brooks. ******** 
 COOR>REMARKS * This is a box of 216 3-site water molecules in the experimental 
 COOR>REMARKS * geometry.  It was constructed from an equilibrated 
 COOR>REMARKS * configuration of TIP3P (3-site water model of Jorgenson) 
 COOR>REMARKS * waters at 1 atm pressure and a density of 0.0334 molecules/A**-3. 
 COOR>REMARKS * The box edgelength is 18.856 A.  The minimum image periodic 
 COOR>REMARKS * boundary energy for this configuration using the TIP3P 
 COOR>REMARKS * potentials is -2150.6833 kcal/mol. 
 COOR>REMARKS 
 COOR>ATOM      1 OH2  WAT     1       2.531   0.596  -2.477        0.000 
 SEGMNT-info: chain termination due to END keyword.   216 residues were inserted into segid "    "
 CHAIN>        end 
 SEGMENT>      end 
 Status of internal molecular topology database:
 -> NATOM=       3417(MAXA=     1000000)  NBOND=       2737(MAXB=     1000000)
 -> NTHETA=      2944(MAXT=     2000000)  NGRP=        1120(MAXGRP=   1000000)
 -> NPHI=          22(MAXP=     2000000)  NIMPHI=       772(MAXIMP=   1000000)
 -> NNB=          102(MAXNB=    1000000) 
 CNSsolve>      coor @@RUN:protocols/boxtyp20.pdb 
 ASSFIL: file boxtyp20.pdb opened.
 COOR>REMARKS *****  CHARMM water box from Charlie Brooks. ******** 
 COOR>REMARKS * This is a box of 216 3-site water molecules in the experimental 
 COOR>REMARKS * geometry.  It was constructed from an equilibrated 
 COOR>REMARKS * configuration of TIP3P (3-site water model of Jorgenson) 
 COOR>REMARKS * waters at 1 atm pressure and a density of 0.0334 molecules/A**-3. 
 COOR>REMARKS * The box edgelength is 18.856 A.  The minimum image periodic 
 COOR>REMARKS * boundary energy for this configuration using the TIP3P 
 COOR>REMARKS * potentials is -2150.6833 kcal/mol. 
 COOR>REMARKS 
 COOR>ATOM      1 OH2  WAT     1       2.531   0.596  -2.477        0.000 
 COOR>ATOM      2 H1   WAT     1       2.620   1.540  -2.609        0.000 
 CNSsolve>      do (segid=W000) (segid "    ") 
 Assuming literal string "W000"
 SELRPN:    648 atoms have been selected out of   3417
 CNSsolve>      coor sele=(segid W000) translate vector = ($xtrans $ytrans $ztrans) end 
 SELRPN:    648 atoms have been selected out of   3417
 COOR: using atom subset.
 COOR: translation vector =(   -22.238000   20.468000   25.357000 )
 COOR: selected coordinates translated
 CNSsolve> 
 CNSsolve>      ! all new water oxygens 
 CNSsolve>      ident (store1) (segid W000 and name oh2) 
 SELRPN:    216 atoms have been selected out of   3417
 CNSsolve>      ! all new water oxygens close to a protein heavy atom 
 CNSsolve>      ident (store2) (store1 and (not (resn WAT or resn HOH or resn TIP* or resn ANI or resn DAN or resn XAN or resn DUM or resn SHA or hydro)) around $pw_dist) 
 SELRPN:      0 atoms have been selected out of   3417
 CNSsolve>      ! all new water oxygens close to old water oxygens 
 CNSsolve>      ident (store3) (store1 and (segid wat# and not hydro) around $water_diam) 
 SELRPN:      0 atoms have been selected out of   3417
 CNSsolve>      ! all new water oxygens further than thickness away from a protein heavy atom 
 CNSsolve>      ident (store4) (store1 and not (not (resn WAT or resn HOH or resn TIP* or resn ANI or resn DAN or resn XAN or resn DUM or resn SHA or hydro)) around $thickness) 
 SELRPN:    216 atoms have been selected out of   3417
 CNSsolve>      delete sele= (byres (store2 or store3 or store4)) end 
 SELRPN:    648 atoms have been selected out of   3417
 Status of internal molecular topology database:
 -> NATOM=       2769(MAXA=     1000000)  NBOND=       2305(MAXB=     1000000)
 -> NTHETA=      2728(MAXT=     2000000)  NGRP=         904(MAXGRP=   1000000)
 -> NPHI=          22(MAXP=     2000000)  NIMPHI=       772(MAXIMP=   1000000)
 -> NNB=          102(MAXNB=    1000000) 
 CNSsolve> 
 CNSsolve> 
 CNSsolve>      ! give waters unique segid name 
 CNSsolve>      eval ($segid= "W" 
 Expression=             + encode($xcount) + encode($ycount) + encode($zcount)) 
 EVALUATE: symbol $SEGID set to "W233" (string)
 CNSsolve>      do (segid = $segid) (segid W000) 
 SELRPN:      0 atoms have been selected out of   2769
 CNSsolve> 
 CNSsolve>    end loop wat3 
 CNSsolve>    while ($ztrans < $zmtran) loop wat3 
 NEXTCD: condition evaluated as false
 CNSsolve>      eval ($zcount=$zcount+1) 
 CNSsolve>      eval ($ztrans = $ztrans + $boxlength) 
 CNSsolve> 
 CNSsolve> 
 CNSsolve>      segment 
 CNSsolve>        name="    " 
 CNSsolve>        chain 
 CNSsolve>          coordinates @@RUN:protocols/boxtyp20.pdb 
 CNSsolve>        end 
 CNSsolve>      end 
 CNSsolve>      coor @@RUN:protocols/boxtyp20.pdb 
 CNSsolve>      do (segid=W000) (segid "    ") 
 CNSsolve>      coor sele=(segid W000) translate vector = ($xtrans $ytrans $ztrans) end 
 CNSsolve> 
 CNSsolve>      ! all new water oxygens 
 CNSsolve>      ident (store1) (segid W000 and name oh2) 
 CNSsolve>      ! all new water oxygens close to a protein heavy atom 
 CNSsolve>      ident (store2) (store1 and (not (resn WAT or resn HOH or resn TIP* or resn ANI or resn DAN or resn XAN or resn DUM or resn SHA or hydro)) around $pw_dist) 
 CNSsolve>      ! all new water oxygens close to old water oxygens 
 CNSsolve>      ident (store3) (store1 and (segid wat# and not hydro) around $water_diam) 
 CNSsolve>      ! all new water oxygens further than thickness away from a protein heavy atom 
 CNSsolve>      ident (store4) (store1 and not (not (resn WAT or resn HOH or resn TIP* or resn ANI or resn DAN or resn XAN or resn DUM or resn SHA or hydro)) around $thickness) 
 CNSsolve>      delete sele= (byres (store2 or store3 or store4)) end 
 CNSsolve> 
 CNSsolve> 
 CNSsolve>      ! give waters unique segid name 
 CNSsolve>      eval ($segid= "W" 
 CNSsolve>             + encode($xcount) + encode($ycount) + encode($zcount)) 
 CNSsolve>      do (segid = $segid) (segid W000) 
 CNSsolve> 
 CNSsolve>    end loop wat3 
 CNSsolve>  end loop wat2 
 CNSsolve>  while ($ytrans < $ymtran) loop wat2 
 NEXTCD: condition evaluated as false
 CNSsolve>    eval ($ycount=$ycount+1) 
 CNSsolve>    eval ($ytrans = $ytrans + $boxlength) 
 CNSsolve> 
 CNSsolve>    eval ($zcount=0) 
 CNSsolve>    eval ($ztrans = $zmin - $thickness - $water_diam - $boxlength/2 ) 
 CNSsolve>    while ($ztrans < $zmtran) loop wat3 
 CNSsolve>      eval ($zcount=$zcount+1) 
 CNSsolve>      eval ($ztrans = $ztrans + $boxlength) 
 CNSsolve> 
 CNSsolve> 
 CNSsolve>      segment 
 CNSsolve>        name="    " 
 CNSsolve>        chain 
 CNSsolve>          coordinates @@RUN:protocols/boxtyp20.pdb 
 CNSsolve>        end 
 CNSsolve>      end 
 CNSsolve>      coor @@RUN:protocols/boxtyp20.pdb 
 CNSsolve>      do (segid=W000) (segid "    ") 
 CNSsolve>      coor sele=(segid W000) translate vector = ($xtrans $ytrans $ztrans) end 
 CNSsolve> 
 CNSsolve>      ! all new water oxygens 
 CNSsolve>      ident (store1) (segid W000 and name oh2) 
 CNSsolve>      ! all new water oxygens close to a protein heavy atom 
 CNSsolve>      ident (store2) (store1 and (not (resn WAT or resn HOH or resn TIP* or resn ANI or resn DAN or resn XAN or resn DUM or resn SHA or hydro)) around $pw_dist) 
 CNSsolve>      ! all new water oxygens close to old water oxygens 
 CNSsolve>      ident (store3) (store1 and (segid wat# and not hydro) around $water_diam) 
 CNSsolve>      ! all new water oxygens further than thickness away from a protein heavy atom 
 CNSsolve>      ident (store4) (store1 and not (not (resn WAT or resn HOH or resn TIP* or resn ANI or resn DAN or resn XAN or resn DUM or resn SHA or hydro)) around $thickness) 
 CNSsolve>      delete sele= (byres (store2 or store3 or store4)) end 
 CNSsolve> 
 CNSsolve> 
 CNSsolve>      ! give waters unique segid name 
 CNSsolve>      eval ($segid= "W" 
 CNSsolve>             + encode($xcount) + encode($ycount) + encode($zcount)) 
 CNSsolve>      do (segid = $segid) (segid W000) 
 CNSsolve> 
 CNSsolve>    end loop wat3 
 CNSsolve>  end loop wat2 
 CNSsolve>end loop wat1 
 CNSsolve>while ($xtrans < $xmtran) loop wat1 
 NEXTCD: condition evaluated as true
 CNSsolve>  eval ($xcount=$xcount+1) 
 EVALUATE: symbol $XCOUNT set to    3.00000     (real)
 CNSsolve>  eval ($xtrans = $xtrans + $boxlength) 
 EVALUATE: symbol $XTRANS set to   -3.38200     (real)
 CNSsolve> 
 CNSsolve>  eval ($ycount=0) 
 EVALUATE: symbol $YCOUNT set to    0.00000     (real)
 CNSsolve>  eval ($ytrans = $ymin - $thickness - $water_diam - $boxlength/2 ) 
 EVALUATE: symbol $YTRANS set to   -36.1000     (real)
 CNSsolve>  while ($ytrans < $ymtran) loop wat2 
 NEXTCD: condition evaluated as true
 CNSsolve>    eval ($ycount=$ycount+1) 
 EVALUATE: symbol $YCOUNT set to    1.00000     (real)
 CNSsolve>    eval ($ytrans = $ytrans + $boxlength) 
 EVALUATE: symbol $YTRANS set to   -17.2440     (real)
 CNSsolve> 
 CNSsolve>    eval ($zcount=0) 
 EVALUATE: symbol $ZCOUNT set to    0.00000     (real)
 CNSsolve>    eval ($ztrans = $zmin - $thickness - $water_diam - $boxlength/2 ) 
 EVALUATE: symbol $ZTRANS set to   -31.2110     (real)
 CNSsolve>    while ($ztrans < $zmtran) loop wat3 
 NEXTCD: condition evaluated as true
 CNSsolve>      eval ($zcount=$zcount+1) 
 EVALUATE: symbol $ZCOUNT set to    1.00000     (real)
 CNSsolve>      eval ($ztrans = $ztrans + $boxlength) 
 EVALUATE: symbol $ZTRANS set to   -12.3550     (real)
 CNSsolve> 
 CNSsolve> 
 CNSsolve>      segment 
 SEGMENT>        name="    " 
 SEGMENT>        chain 
 CHAIN>          coordinates @@RUN:protocols/boxtyp20.pdb 
 ASSFIL: file boxtyp20.pdb opened.
 COOR>REMARKS *****  CHARMM water box from Charlie Brooks. ******** 
 COOR>REMARKS * This is a box of 216 3-site water molecules in the experimental 
 COOR>REMARKS * geometry.  It was constructed from an equilibrated 
 COOR>REMARKS * configuration of TIP3P (3-site water model of Jorgenson) 
 COOR>REMARKS * waters at 1 atm pressure and a density of 0.0334 molecules/A**-3. 
 COOR>REMARKS * The box edgelength is 18.856 A.  The minimum image periodic 
 COOR>REMARKS * boundary energy for this configuration using the TIP3P 
 COOR>REMARKS * potentials is -2150.6833 kcal/mol. 
 COOR>REMARKS 
 COOR>ATOM      1 OH2  WAT     1       2.531   0.596  -2.477        0.000 
 SEGMNT-info: chain termination due to END keyword.   216 residues were inserted into segid "    "
 CHAIN>        end 
 SEGMENT>      end 
 Status of internal molecular topology database:
 -> NATOM=       3417(MAXA=     1000000)  NBOND=       2737(MAXB=     1000000)
 -> NTHETA=      2944(MAXT=     2000000)  NGRP=        1120(MAXGRP=   1000000)
 -> NPHI=          22(MAXP=     2000000)  NIMPHI=       772(MAXIMP=   1000000)
 -> NNB=          102(MAXNB=    1000000) 
 CNSsolve>      coor @@RUN:protocols/boxtyp20.pdb 
 ASSFIL: file boxtyp20.pdb opened.
 COOR>REMARKS *****  CHARMM water box from Charlie Brooks. ******** 
 COOR>REMARKS * This is a box of 216 3-site water molecules in the experimental 
 COOR>REMARKS * geometry.  It was constructed from an equilibrated 
 COOR>REMARKS * configuration of TIP3P (3-site water model of Jorgenson) 
 COOR>REMARKS * waters at 1 atm pressure and a density of 0.0334 molecules/A**-3. 
 COOR>REMARKS * The box edgelength is 18.856 A.  The minimum image periodic 
 COOR>REMARKS * boundary energy for this configuration using the TIP3P 
 COOR>REMARKS * potentials is -2150.6833 kcal/mol. 
 COOR>REMARKS 
 COOR>ATOM      1 OH2  WAT     1       2.531   0.596  -2.477        0.000 
 COOR>ATOM      2 H1   WAT     1       2.620   1.540  -2.609        0.000 
 CNSsolve>      do (segid=W000) (segid "    ") 
 Assuming literal string "W000"
 SELRPN:    648 atoms have been selected out of   3417
 CNSsolve>      coor sele=(segid W000) translate vector = ($xtrans $ytrans $ztrans) end 
 SELRPN:    648 atoms have been selected out of   3417
 COOR: using atom subset.
 COOR: translation vector =(    -3.382000  -17.244000  -12.355000 )
 COOR: selected coordinates translated
 CNSsolve> 
 CNSsolve>      ! all new water oxygens 
 CNSsolve>      ident (store1) (segid W000 and name oh2) 
 SELRPN:    216 atoms have been selected out of   3417
 CNSsolve>      ! all new water oxygens close to a protein heavy atom 
 CNSsolve>      ident (store2) (store1 and (not (resn WAT or resn HOH or resn TIP* or resn ANI or resn DAN or resn XAN or resn DUM or resn SHA or hydro)) around $pw_dist) 
 SELRPN:      0 atoms have been selected out of   3417
 CNSsolve>      ! all new water oxygens close to old water oxygens 
 CNSsolve>      ident (store3) (store1 and (segid wat# and not hydro) around $water_diam) 
 SELRPN:      0 atoms have been selected out of   3417
 CNSsolve>      ! all new water oxygens further than thickness away from a protein heavy atom 
 CNSsolve>      ident (store4) (store1 and not (not (resn WAT or resn HOH or resn TIP* or resn ANI or resn DAN or resn XAN or resn DUM or resn SHA or hydro)) around $thickness) 
 SELRPN:    192 atoms have been selected out of   3417
 CNSsolve>      delete sele= (byres (store2 or store3 or store4)) end 
 SELRPN:    576 atoms have been selected out of   3417
 Status of internal molecular topology database:
 -> NATOM=       2841(MAXA=     1000000)  NBOND=       2353(MAXB=     1000000)
 -> NTHETA=      2752(MAXT=     2000000)  NGRP=         928(MAXGRP=   1000000)
 -> NPHI=          22(MAXP=     2000000)  NIMPHI=       772(MAXIMP=   1000000)
 -> NNB=          102(MAXNB=    1000000) 
 CNSsolve> 
 CNSsolve> 
 CNSsolve>      ! give waters unique segid name 
 CNSsolve>      eval ($segid= "W" 
 Expression=             + encode($xcount) + encode($ycount) + encode($zcount)) 
 EVALUATE: symbol $SEGID set to "W311" (string)
 CNSsolve>      do (segid = $segid) (segid W000) 
 SELRPN:     72 atoms have been selected out of   2841
 CNSsolve> 
 CNSsolve>    end loop wat3 
 CNSsolve>    while ($ztrans < $zmtran) loop wat3 
 NEXTCD: condition evaluated as true
 CNSsolve>      eval ($zcount=$zcount+1) 
 EVALUATE: symbol $ZCOUNT set to    2.00000     (real)
 CNSsolve>      eval ($ztrans = $ztrans + $boxlength) 
 EVALUATE: symbol $ZTRANS set to    6.50100     (real)
 CNSsolve> 
 CNSsolve> 
 CNSsolve>      segment 
 SEGMENT>        name="    " 
 SEGMENT>        chain 
 CHAIN>          coordinates @@RUN:protocols/boxtyp20.pdb 
 ASSFIL: file boxtyp20.pdb opened.
 COOR>REMARKS *****  CHARMM water box from Charlie Brooks. ******** 
 COOR>REMARKS * This is a box of 216 3-site water molecules in the experimental 
 COOR>REMARKS * geometry.  It was constructed from an equilibrated 
 COOR>REMARKS * configuration of TIP3P (3-site water model of Jorgenson) 
 COOR>REMARKS * waters at 1 atm pressure and a density of 0.0334 molecules/A**-3. 
 COOR>REMARKS * The box edgelength is 18.856 A.  The minimum image periodic 
 COOR>REMARKS * boundary energy for this configuration using the TIP3P 
 COOR>REMARKS * potentials is -2150.6833 kcal/mol. 
 COOR>REMARKS 
 COOR>ATOM      1 OH2  WAT     1       2.531   0.596  -2.477        0.000 
 SEGMNT-info: chain termination due to END keyword.   216 residues were inserted into segid "    "
 CHAIN>        end 
 SEGMENT>      end 
 Status of internal molecular topology database:
 -> NATOM=       3489(MAXA=     1000000)  NBOND=       2785(MAXB=     1000000)
 -> NTHETA=      2968(MAXT=     2000000)  NGRP=        1144(MAXGRP=   1000000)
 -> NPHI=          22(MAXP=     2000000)  NIMPHI=       772(MAXIMP=   1000000)
 -> NNB=          102(MAXNB=    1000000) 
 CNSsolve>      coor @@RUN:protocols/boxtyp20.pdb 
 ASSFIL: file boxtyp20.pdb opened.
 COOR>REMARKS *****  CHARMM water box from Charlie Brooks. ******** 
 COOR>REMARKS * This is a box of 216 3-site water molecules in the experimental 
 COOR>REMARKS * geometry.  It was constructed from an equilibrated 
 COOR>REMARKS * configuration of TIP3P (3-site water model of Jorgenson) 
 COOR>REMARKS * waters at 1 atm pressure and a density of 0.0334 molecules/A**-3. 
 COOR>REMARKS * The box edgelength is 18.856 A.  The minimum image periodic 
 COOR>REMARKS * boundary energy for this configuration using the TIP3P 
 COOR>REMARKS * potentials is -2150.6833 kcal/mol. 
 COOR>REMARKS 
 COOR>ATOM      1 OH2  WAT     1       2.531   0.596  -2.477        0.000 
 COOR>ATOM      2 H1   WAT     1       2.620   1.540  -2.609        0.000 
 CNSsolve>      do (segid=W000) (segid "    ") 
 Assuming literal string "W000"
 SELRPN:    648 atoms have been selected out of   3489
 CNSsolve>      coor sele=(segid W000) translate vector = ($xtrans $ytrans $ztrans) end 
 SELRPN:    648 atoms have been selected out of   3489
 COOR: using atom subset.
 COOR: translation vector =(    -3.382000  -17.244000    6.501000 )
 COOR: selected coordinates translated
 CNSsolve> 
 CNSsolve>      ! all new water oxygens 
 CNSsolve>      ident (store1) (segid W000 and name oh2) 
 SELRPN:    216 atoms have been selected out of   3489
 CNSsolve>      ! all new water oxygens close to a protein heavy atom 
 CNSsolve>      ident (store2) (store1 and (not (resn WAT or resn HOH or resn TIP* or resn ANI or resn DAN or resn XAN or resn DUM or resn SHA or hydro)) around $pw_dist) 
 SELRPN:      4 atoms have been selected out of   3489
 CNSsolve>      ! all new water oxygens close to old water oxygens 
 CNSsolve>      ident (store3) (store1 and (segid wat# and not hydro) around $water_diam) 
 SELRPN:      0 atoms have been selected out of   3489
 CNSsolve>      ! all new water oxygens further than thickness away from a protein heavy atom 
 CNSsolve>      ident (store4) (store1 and not (not (resn WAT or resn HOH or resn TIP* or resn ANI or resn DAN or resn XAN or resn DUM or resn SHA or hydro)) around $thickness) 
 SELRPN:    158 atoms have been selected out of   3489
 CNSsolve>      delete sele= (byres (store2 or store3 or store4)) end 
 SELRPN:    486 atoms have been selected out of   3489
 Status of internal molecular topology database:
 -> NATOM=       3003(MAXA=     1000000)  NBOND=       2461(MAXB=     1000000)
 -> NTHETA=      2806(MAXT=     2000000)  NGRP=         982(MAXGRP=   1000000)
 -> NPHI=          22(MAXP=     2000000)  NIMPHI=       772(MAXIMP=   1000000)
 -> NNB=          102(MAXNB=    1000000) 
 CNSsolve> 
 CNSsolve> 
 CNSsolve>      ! give waters unique segid name 
 CNSsolve>      eval ($segid= "W" 
 Expression=             + encode($xcount) + encode($ycount) + encode($zcount)) 
 EVALUATE: symbol $SEGID set to "W312" (string)
 CNSsolve>      do (segid = $segid) (segid W000) 
 SELRPN:    162 atoms have been selected out of   3003
 CNSsolve> 
 CNSsolve>    end loop wat3 
 CNSsolve>    while ($ztrans < $zmtran) loop wat3 
 NEXTCD: condition evaluated as true
 CNSsolve>      eval ($zcount=$zcount+1) 
 EVALUATE: symbol $ZCOUNT set to    3.00000     (real)
 CNSsolve>      eval ($ztrans = $ztrans + $boxlength) 
 EVALUATE: symbol $ZTRANS set to    25.3570     (real)
 CNSsolve> 
 CNSsolve> 
 CNSsolve>      segment 
 SEGMENT>        name="    " 
 SEGMENT>        chain 
 CHAIN>          coordinates @@RUN:protocols/boxtyp20.pdb 
 ASSFIL: file boxtyp20.pdb opened.
 COOR>REMARKS *****  CHARMM water box from Charlie Brooks. ******** 
 COOR>REMARKS * This is a box of 216 3-site water molecules in the experimental 
 COOR>REMARKS * geometry.  It was constructed from an equilibrated 
 COOR>REMARKS * configuration of TIP3P (3-site water model of Jorgenson) 
 COOR>REMARKS * waters at 1 atm pressure and a density of 0.0334 molecules/A**-3. 
 COOR>REMARKS * The box edgelength is 18.856 A.  The minimum image periodic 
 COOR>REMARKS * boundary energy for this configuration using the TIP3P 
 COOR>REMARKS * potentials is -2150.6833 kcal/mol. 
 COOR>REMARKS 
 COOR>ATOM      1 OH2  WAT     1       2.531   0.596  -2.477        0.000 
 SEGMNT-info: chain termination due to END keyword.   216 residues were inserted into segid "    "
 CHAIN>        end 
 SEGMENT>      end 
 Status of internal molecular topology database:
 -> NATOM=       3651(MAXA=     1000000)  NBOND=       2893(MAXB=     1000000)
 -> NTHETA=      3022(MAXT=     2000000)  NGRP=        1198(MAXGRP=   1000000)
 -> NPHI=          22(MAXP=     2000000)  NIMPHI=       772(MAXIMP=   1000000)
 -> NNB=          102(MAXNB=    1000000) 
 CNSsolve>      coor @@RUN:protocols/boxtyp20.pdb 
 ASSFIL: file boxtyp20.pdb opened.
 COOR>REMARKS *****  CHARMM water box from Charlie Brooks. ******** 
 COOR>REMARKS * This is a box of 216 3-site water molecules in the experimental 
 COOR>REMARKS * geometry.  It was constructed from an equilibrated 
 COOR>REMARKS * configuration of TIP3P (3-site water model of Jorgenson) 
 COOR>REMARKS * waters at 1 atm pressure and a density of 0.0334 molecules/A**-3. 
 COOR>REMARKS * The box edgelength is 18.856 A.  The minimum image periodic 
 COOR>REMARKS * boundary energy for this configuration using the TIP3P 
 COOR>REMARKS * potentials is -2150.6833 kcal/mol. 
 COOR>REMARKS 
 COOR>ATOM      1 OH2  WAT     1       2.531   0.596  -2.477        0.000 
 COOR>ATOM      2 H1   WAT     1       2.620   1.540  -2.609        0.000 
 CNSsolve>      do (segid=W000) (segid "    ") 
 Assuming literal string "W000"
 SELRPN:    648 atoms have been selected out of   3651
 CNSsolve>      coor sele=(segid W000) translate vector = ($xtrans $ytrans $ztrans) end 
 SELRPN:    648 atoms have been selected out of   3651
 COOR: using atom subset.
 COOR: translation vector =(    -3.382000  -17.244000   25.357000 )
 COOR: selected coordinates translated
 CNSsolve> 
 CNSsolve>      ! all new water oxygens 
 CNSsolve>      ident (store1) (segid W000 and name oh2) 
 SELRPN:    216 atoms have been selected out of   3651
 CNSsolve>      ! all new water oxygens close to a protein heavy atom 
 CNSsolve>      ident (store2) (store1 and (not (resn WAT or resn HOH or resn TIP* or resn ANI or resn DAN or resn XAN or resn DUM or resn SHA or hydro)) around $pw_dist) 
 SELRPN:      0 atoms have been selected out of   3651
 CNSsolve>      ! all new water oxygens close to old water oxygens 
 CNSsolve>      ident (store3) (store1 and (segid wat# and not hydro) around $water_diam) 
 SELRPN:      0 atoms have been selected out of   3651
 CNSsolve>      ! all new water oxygens further than thickness away from a protein heavy atom 
 CNSsolve>      ident (store4) (store1 and not (not (resn WAT or resn HOH or resn TIP* or resn ANI or resn DAN or resn XAN or resn DUM or resn SHA or hydro)) around $thickness) 
 SELRPN:    215 atoms have been selected out of   3651
 CNSsolve>      delete sele= (byres (store2 or store3 or store4)) end 
 SELRPN:    645 atoms have been selected out of   3651
 Status of internal molecular topology database:
 -> NATOM=       3006(MAXA=     1000000)  NBOND=       2463(MAXB=     1000000)
 -> NTHETA=      2807(MAXT=     2000000)  NGRP=         983(MAXGRP=   1000000)
 -> NPHI=          22(MAXP=     2000000)  NIMPHI=       772(MAXIMP=   1000000)
 -> NNB=          102(MAXNB=    1000000) 
 CNSsolve> 
 CNSsolve> 
 CNSsolve>      ! give waters unique segid name 
 CNSsolve>      eval ($segid= "W" 
 Expression=             + encode($xcount) + encode($ycount) + encode($zcount)) 
 EVALUATE: symbol $SEGID set to "W313" (string)
 CNSsolve>      do (segid = $segid) (segid W000) 
 SELRPN:      3 atoms have been selected out of   3006
 CNSsolve> 
 CNSsolve>    end loop wat3 
 CNSsolve>    while ($ztrans < $zmtran) loop wat3 
 NEXTCD: condition evaluated as false
 CNSsolve>      eval ($zcount=$zcount+1) 
 CNSsolve>      eval ($ztrans = $ztrans + $boxlength) 
 CNSsolve> 
 CNSsolve> 
 CNSsolve>      segment 
 CNSsolve>        name="    " 
 CNSsolve>        chain 
 CNSsolve>          coordinates @@RUN:protocols/boxtyp20.pdb 
 CNSsolve>        end 
 CNSsolve>      end 
 CNSsolve>      coor @@RUN:protocols/boxtyp20.pdb 
 CNSsolve>      do (segid=W000) (segid "    ") 
 CNSsolve>      coor sele=(segid W000) translate vector = ($xtrans $ytrans $ztrans) end 
 CNSsolve> 
 CNSsolve>      ! all new water oxygens 
 CNSsolve>      ident (store1) (segid W000 and name oh2) 
 CNSsolve>      ! all new water oxygens close to a protein heavy atom 
 CNSsolve>      ident (store2) (store1 and (not (resn WAT or resn HOH or resn TIP* or resn ANI or resn DAN or resn XAN or resn DUM or resn SHA or hydro)) around $pw_dist) 
 CNSsolve>      ! all new water oxygens close to old water oxygens 
 CNSsolve>      ident (store3) (store1 and (segid wat# and not hydro) around $water_diam) 
 CNSsolve>      ! all new water oxygens further than thickness away from a protein heavy atom 
 CNSsolve>      ident (store4) (store1 and not (not (resn WAT or resn HOH or resn TIP* or resn ANI or resn DAN or resn XAN or resn DUM or resn SHA or hydro)) around $thickness) 
 CNSsolve>      delete sele= (byres (store2 or store3 or store4)) end 
 CNSsolve> 
 CNSsolve> 
 CNSsolve>      ! give waters unique segid name 
 CNSsolve>      eval ($segid= "W" 
 CNSsolve>             + encode($xcount) + encode($ycount) + encode($zcount)) 
 CNSsolve>      do (segid = $segid) (segid W000) 
 CNSsolve> 
 CNSsolve>    end loop wat3 
 CNSsolve>  end loop wat2 
 CNSsolve>  while ($ytrans < $ymtran) loop wat2 
 NEXTCD: condition evaluated as true
 CNSsolve>    eval ($ycount=$ycount+1) 
 EVALUATE: symbol $YCOUNT set to    2.00000     (real)
 CNSsolve>    eval ($ytrans = $ytrans + $boxlength) 
 EVALUATE: symbol $YTRANS set to    1.61200     (real)
 CNSsolve> 
 CNSsolve>    eval ($zcount=0) 
 EVALUATE: symbol $ZCOUNT set to    0.00000     (real)
 CNSsolve>    eval ($ztrans = $zmin - $thickness - $water_diam - $boxlength/2 ) 
 EVALUATE: symbol $ZTRANS set to   -31.2110     (real)
 CNSsolve>    while ($ztrans < $zmtran) loop wat3 
 NEXTCD: condition evaluated as true
 CNSsolve>      eval ($zcount=$zcount+1) 
 EVALUATE: symbol $ZCOUNT set to    1.00000     (real)
 CNSsolve>      eval ($ztrans = $ztrans + $boxlength) 
 EVALUATE: symbol $ZTRANS set to   -12.3550     (real)
 CNSsolve> 
 CNSsolve> 
 CNSsolve>      segment 
 SEGMENT>        name="    " 
 SEGMENT>        chain 
 CHAIN>          coordinates @@RUN:protocols/boxtyp20.pdb 
 ASSFIL: file boxtyp20.pdb opened.
 COOR>REMARKS *****  CHARMM water box from Charlie Brooks. ******** 
 COOR>REMARKS * This is a box of 216 3-site water molecules in the experimental 
 COOR>REMARKS * geometry.  It was constructed from an equilibrated 
 COOR>REMARKS * configuration of TIP3P (3-site water model of Jorgenson) 
 COOR>REMARKS * waters at 1 atm pressure and a density of 0.0334 molecules/A**-3. 
 COOR>REMARKS * The box edgelength is 18.856 A.  The minimum image periodic 
 COOR>REMARKS * boundary energy for this configuration using the TIP3P 
 COOR>REMARKS * potentials is -2150.6833 kcal/mol. 
 COOR>REMARKS 
 COOR>ATOM      1 OH2  WAT     1       2.531   0.596  -2.477        0.000 
 SEGMNT-info: chain termination due to END keyword.   216 residues were inserted into segid "    "
 CHAIN>        end 
 SEGMENT>      end 
 Status of internal molecular topology database:
 -> NATOM=       3654(MAXA=     1000000)  NBOND=       2895(MAXB=     1000000)
 -> NTHETA=      3023(MAXT=     2000000)  NGRP=        1199(MAXGRP=   1000000)
 -> NPHI=          22(MAXP=     2000000)  NIMPHI=       772(MAXIMP=   1000000)
 -> NNB=          102(MAXNB=    1000000) 
 CNSsolve>      coor @@RUN:protocols/boxtyp20.pdb 
 ASSFIL: file boxtyp20.pdb opened.
 COOR>REMARKS *****  CHARMM water box from Charlie Brooks. ******** 
 COOR>REMARKS * This is a box of 216 3-site water molecules in the experimental 
 COOR>REMARKS * geometry.  It was constructed from an equilibrated 
 COOR>REMARKS * configuration of TIP3P (3-site water model of Jorgenson) 
 COOR>REMARKS * waters at 1 atm pressure and a density of 0.0334 molecules/A**-3. 
 COOR>REMARKS * The box edgelength is 18.856 A.  The minimum image periodic 
 COOR>REMARKS * boundary energy for this configuration using the TIP3P 
 COOR>REMARKS * potentials is -2150.6833 kcal/mol. 
 COOR>REMARKS 
 COOR>ATOM      1 OH2  WAT     1       2.531   0.596  -2.477        0.000 
 COOR>ATOM      2 H1   WAT     1       2.620   1.540  -2.609        0.000 
 CNSsolve>      do (segid=W000) (segid "    ") 
 Assuming literal string "W000"
 SELRPN:    648 atoms have been selected out of   3654
 CNSsolve>      coor sele=(segid W000) translate vector = ($xtrans $ytrans $ztrans) end 
 SELRPN:    648 atoms have been selected out of   3654
 COOR: using atom subset.
 COOR: translation vector =(    -3.382000    1.612000  -12.355000 )
 COOR: selected coordinates translated
 CNSsolve> 
 CNSsolve>      ! all new water oxygens 
 CNSsolve>      ident (store1) (segid W000 and name oh2) 
 SELRPN:    216 atoms have been selected out of   3654
 CNSsolve>      ! all new water oxygens close to a protein heavy atom 
 CNSsolve>      ident (store2) (store1 and (not (resn WAT or resn HOH or resn TIP* or resn ANI or resn DAN or resn XAN or resn DUM or resn SHA or hydro)) around $pw_dist) 
 SELRPN:     34 atoms have been selected out of   3654
 CNSsolve>      ! all new water oxygens close to old water oxygens 
 CNSsolve>      ident (store3) (store1 and (segid wat# and not hydro) around $water_diam) 
 SELRPN:      0 atoms have been selected out of   3654
 CNSsolve>      ! all new water oxygens further than thickness away from a protein heavy atom 
 CNSsolve>      ident (store4) (store1 and not (not (resn WAT or resn HOH or resn TIP* or resn ANI or resn DAN or resn XAN or resn DUM or resn SHA or hydro)) around $thickness) 
 SELRPN:     75 atoms have been selected out of   3654
 CNSsolve>      delete sele= (byres (store2 or store3 or store4)) end 
 SELRPN:    327 atoms have been selected out of   3654
 Status of internal molecular topology database:
 -> NATOM=       3327(MAXA=     1000000)  NBOND=       2677(MAXB=     1000000)
 -> NTHETA=      2914(MAXT=     2000000)  NGRP=        1090(MAXGRP=   1000000)
 -> NPHI=          22(MAXP=     2000000)  NIMPHI=       772(MAXIMP=   1000000)
 -> NNB=          102(MAXNB=    1000000) 
 CNSsolve> 
 CNSsolve> 
 CNSsolve>      ! give waters unique segid name 
 CNSsolve>      eval ($segid= "W" 
 Expression=             + encode($xcount) + encode($ycount) + encode($zcount)) 
 EVALUATE: symbol $SEGID set to "W321" (string)
 CNSsolve>      do (segid = $segid) (segid W000) 
 SELRPN:    321 atoms have been selected out of   3327
 CNSsolve> 
 CNSsolve>    end loop wat3 
 CNSsolve>    while ($ztrans < $zmtran) loop wat3 
 NEXTCD: condition evaluated as true
 CNSsolve>      eval ($zcount=$zcount+1) 
 EVALUATE: symbol $ZCOUNT set to    2.00000     (real)
 CNSsolve>      eval ($ztrans = $ztrans + $boxlength) 
 EVALUATE: symbol $ZTRANS set to    6.50100     (real)
 CNSsolve> 
 CNSsolve> 
 CNSsolve>      segment 
 SEGMENT>        name="    " 
 SEGMENT>        chain 
 CHAIN>          coordinates @@RUN:protocols/boxtyp20.pdb 
 ASSFIL: file boxtyp20.pdb opened.
 COOR>REMARKS *****  CHARMM water box from Charlie Brooks. ******** 
 COOR>REMARKS * This is a box of 216 3-site water molecules in the experimental 
 COOR>REMARKS * geometry.  It was constructed from an equilibrated 
 COOR>REMARKS * configuration of TIP3P (3-site water model of Jorgenson) 
 COOR>REMARKS * waters at 1 atm pressure and a density of 0.0334 molecules/A**-3. 
 COOR>REMARKS * The box edgelength is 18.856 A.  The minimum image periodic 
 COOR>REMARKS * boundary energy for this configuration using the TIP3P 
 COOR>REMARKS * potentials is -2150.6833 kcal/mol. 
 COOR>REMARKS 
 COOR>ATOM      1 OH2  WAT     1       2.531   0.596  -2.477        0.000 
 SEGMNT-info: chain termination due to END keyword.   216 residues were inserted into segid "    "
 CHAIN>        end 
 SEGMENT>      end 
 Status of internal molecular topology database:
 -> NATOM=       3975(MAXA=     1000000)  NBOND=       3109(MAXB=     1000000)
 -> NTHETA=      3130(MAXT=     2000000)  NGRP=        1306(MAXGRP=   1000000)
 -> NPHI=          22(MAXP=     2000000)  NIMPHI=       772(MAXIMP=   1000000)
 -> NNB=          102(MAXNB=    1000000) 
 CNSsolve>      coor @@RUN:protocols/boxtyp20.pdb 
 ASSFIL: file boxtyp20.pdb opened.
 COOR>REMARKS *****  CHARMM water box from Charlie Brooks. ******** 
 COOR>REMARKS * This is a box of 216 3-site water molecules in the experimental 
 COOR>REMARKS * geometry.  It was constructed from an equilibrated 
 COOR>REMARKS * configuration of TIP3P (3-site water model of Jorgenson) 
 COOR>REMARKS * waters at 1 atm pressure and a density of 0.0334 molecules/A**-3. 
 COOR>REMARKS * The box edgelength is 18.856 A.  The minimum image periodic 
 COOR>REMARKS * boundary energy for this configuration using the TIP3P 
 COOR>REMARKS * potentials is -2150.6833 kcal/mol. 
 COOR>REMARKS 
 COOR>ATOM      1 OH2  WAT     1       2.531   0.596  -2.477        0.000 
 COOR>ATOM      2 H1   WAT     1       2.620   1.540  -2.609        0.000 
 CNSsolve>      do (segid=W000) (segid "    ") 
 Assuming literal string "W000"
 SELRPN:    648 atoms have been selected out of   3975
 CNSsolve>      coor sele=(segid W000) translate vector = ($xtrans $ytrans $ztrans) end 
 SELRPN:    648 atoms have been selected out of   3975
 COOR: using atom subset.
 COOR: translation vector =(    -3.382000    1.612000    6.501000 )
 COOR: selected coordinates translated
 CNSsolve> 
 CNSsolve>      ! all new water oxygens 
 CNSsolve>      ident (store1) (segid W000 and name oh2) 
 SELRPN:    216 atoms have been selected out of   3975
 CNSsolve>      ! all new water oxygens close to a protein heavy atom 
 CNSsolve>      ident (store2) (store1 and (not (resn WAT or resn HOH or resn TIP* or resn ANI or resn DAN or resn XAN or resn DUM or resn SHA or hydro)) around $pw_dist) 
 SELRPN:     74 atoms have been selected out of   3975
 CNSsolve>      ! all new water oxygens close to old water oxygens 
 CNSsolve>      ident (store3) (store1 and (segid wat# and not hydro) around $water_diam) 
 SELRPN:      0 atoms have been selected out of   3975
 CNSsolve>      ! all new water oxygens further than thickness away from a protein heavy atom 
 CNSsolve>      ident (store4) (store1 and not (not (resn WAT or resn HOH or resn TIP* or resn ANI or resn DAN or resn XAN or resn DUM or resn SHA or hydro)) around $thickness) 
 SELRPN:      7 atoms have been selected out of   3975
 CNSsolve>      delete sele= (byres (store2 or store3 or store4)) end 
 SELRPN:    243 atoms have been selected out of   3975
 Status of internal molecular topology database:
 -> NATOM=       3732(MAXA=     1000000)  NBOND=       2947(MAXB=     1000000)
 -> NTHETA=      3049(MAXT=     2000000)  NGRP=        1225(MAXGRP=   1000000)
 -> NPHI=          22(MAXP=     2000000)  NIMPHI=       772(MAXIMP=   1000000)
 -> NNB=          102(MAXNB=    1000000) 
 CNSsolve> 
 CNSsolve> 
 CNSsolve>      ! give waters unique segid name 
 CNSsolve>      eval ($segid= "W" 
 Expression=             + encode($xcount) + encode($ycount) + encode($zcount)) 
 EVALUATE: symbol $SEGID set to "W322" (string)
 CNSsolve>      do (segid = $segid) (segid W000) 
 SELRPN:    405 atoms have been selected out of   3732
 CNSsolve> 
 CNSsolve>    end loop wat3 
 CNSsolve>    while ($ztrans < $zmtran) loop wat3 
 NEXTCD: condition evaluated as true
 CNSsolve>      eval ($zcount=$zcount+1) 
 EVALUATE: symbol $ZCOUNT set to    3.00000     (real)
 CNSsolve>      eval ($ztrans = $ztrans + $boxlength) 
 EVALUATE: symbol $ZTRANS set to    25.3570     (real)
 CNSsolve> 
 CNSsolve> 
 CNSsolve>      segment 
 SEGMENT>        name="    " 
 SEGMENT>        chain 
 CHAIN>          coordinates @@RUN:protocols/boxtyp20.pdb 
 ASSFIL: file boxtyp20.pdb opened.
 COOR>REMARKS *****  CHARMM water box from Charlie Brooks. ******** 
 COOR>REMARKS * This is a box of 216 3-site water molecules in the experimental 
 COOR>REMARKS * geometry.  It was constructed from an equilibrated 
 COOR>REMARKS * configuration of TIP3P (3-site water model of Jorgenson) 
 COOR>REMARKS * waters at 1 atm pressure and a density of 0.0334 molecules/A**-3. 
 COOR>REMARKS * The box edgelength is 18.856 A.  The minimum image periodic 
 COOR>REMARKS * boundary energy for this configuration using the TIP3P 
 COOR>REMARKS * potentials is -2150.6833 kcal/mol. 
 COOR>REMARKS 
 COOR>ATOM      1 OH2  WAT     1       2.531   0.596  -2.477        0.000 
 SEGMNT-info: chain termination due to END keyword.   216 residues were inserted into segid "    "
 CHAIN>        end 
 SEGMENT>      end 
 Status of internal molecular topology database:
 -> NATOM=       4380(MAXA=     1000000)  NBOND=       3379(MAXB=     1000000)
 -> NTHETA=      3265(MAXT=     2000000)  NGRP=        1441(MAXGRP=   1000000)
 -> NPHI=          22(MAXP=     2000000)  NIMPHI=       772(MAXIMP=   1000000)
 -> NNB=          102(MAXNB=    1000000) 
 CNSsolve>      coor @@RUN:protocols/boxtyp20.pdb 
 ASSFIL: file boxtyp20.pdb opened.
 COOR>REMARKS *****  CHARMM water box from Charlie Brooks. ******** 
 COOR>REMARKS * This is a box of 216 3-site water molecules in the experimental 
 COOR>REMARKS * geometry.  It was constructed from an equilibrated 
 COOR>REMARKS * configuration of TIP3P (3-site water model of Jorgenson) 
 COOR>REMARKS * waters at 1 atm pressure and a density of 0.0334 molecules/A**-3. 
 COOR>REMARKS * The box edgelength is 18.856 A.  The minimum image periodic 
 COOR>REMARKS * boundary energy for this configuration using the TIP3P 
 COOR>REMARKS * potentials is -2150.6833 kcal/mol. 
 COOR>REMARKS 
 COOR>ATOM      1 OH2  WAT     1       2.531   0.596  -2.477        0.000 
 COOR>ATOM      2 H1   WAT     1       2.620   1.540  -2.609        0.000 
 CNSsolve>      do (segid=W000) (segid "    ") 
 Assuming literal string "W000"
 SELRPN:    648 atoms have been selected out of   4380
 CNSsolve>      coor sele=(segid W000) translate vector = ($xtrans $ytrans $ztrans) end 
 SELRPN:    648 atoms have been selected out of   4380
 COOR: using atom subset.
 COOR: translation vector =(    -3.382000    1.612000   25.357000 )
 COOR: selected coordinates translated
 CNSsolve> 
 CNSsolve>      ! all new water oxygens 
 CNSsolve>      ident (store1) (segid W000 and name oh2) 
 SELRPN:    216 atoms have been selected out of   4380
 CNSsolve>      ! all new water oxygens close to a protein heavy atom 
 CNSsolve>      ident (store2) (store1 and (not (resn WAT or resn HOH or resn TIP* or resn ANI or resn DAN or resn XAN or resn DUM or resn SHA or hydro)) around $pw_dist) 
 SELRPN:      0 atoms have been selected out of   4380
 CNSsolve>      ! all new water oxygens close to old water oxygens 
 CNSsolve>      ident (store3) (store1 and (segid wat# and not hydro) around $water_diam) 
 SELRPN:      0 atoms have been selected out of   4380
 CNSsolve>      ! all new water oxygens further than thickness away from a protein heavy atom 
 CNSsolve>      ident (store4) (store1 and not (not (resn WAT or resn HOH or resn TIP* or resn ANI or resn DAN or resn XAN or resn DUM or resn SHA or hydro)) around $thickness) 
 SELRPN:    200 atoms have been selected out of   4380
 CNSsolve>      delete sele= (byres (store2 or store3 or store4)) end 
 SELRPN:    600 atoms have been selected out of   4380
 Status of internal molecular topology database:
 -> NATOM=       3780(MAXA=     1000000)  NBOND=       2979(MAXB=     1000000)
 -> NTHETA=      3065(MAXT=     2000000)  NGRP=        1241(MAXGRP=   1000000)
 -> NPHI=          22(MAXP=     2000000)  NIMPHI=       772(MAXIMP=   1000000)
 -> NNB=          102(MAXNB=    1000000) 
 CNSsolve> 
 CNSsolve> 
 CNSsolve>      ! give waters unique segid name 
 CNSsolve>      eval ($segid= "W" 
 Expression=             + encode($xcount) + encode($ycount) + encode($zcount)) 
 EVALUATE: symbol $SEGID set to "W323" (string)
 CNSsolve>      do (segid = $segid) (segid W000) 
 SELRPN:     48 atoms have been selected out of   3780
 CNSsolve> 
 CNSsolve>    end loop wat3 
 CNSsolve>    while ($ztrans < $zmtran) loop wat3 
 NEXTCD: condition evaluated as false
 CNSsolve>      eval ($zcount=$zcount+1) 
 CNSsolve>      eval ($ztrans = $ztrans + $boxlength) 
 CNSsolve> 
 CNSsolve> 
 CNSsolve>      segment 
 CNSsolve>        name="    " 
 CNSsolve>        chain 
 CNSsolve>          coordinates @@RUN:protocols/boxtyp20.pdb 
 CNSsolve>        end 
 CNSsolve>      end 
 CNSsolve>      coor @@RUN:protocols/boxtyp20.pdb 
 CNSsolve>      do (segid=W000) (segid "    ") 
 CNSsolve>      coor sele=(segid W000) translate vector = ($xtrans $ytrans $ztrans) end 
 CNSsolve> 
 CNSsolve>      ! all new water oxygens 
 CNSsolve>      ident (store1) (segid W000 and name oh2) 
 CNSsolve>      ! all new water oxygens close to a protein heavy atom 
 CNSsolve>      ident (store2) (store1 and (not (resn WAT or resn HOH or resn TIP* or resn ANI or resn DAN or resn XAN or resn DUM or resn SHA or hydro)) around $pw_dist) 
 CNSsolve>      ! all new water oxygens close to old water oxygens 
 CNSsolve>      ident (store3) (store1 and (segid wat# and not hydro) around $water_diam) 
 CNSsolve>      ! all new water oxygens further than thickness away from a protein heavy atom 
 CNSsolve>      ident (store4) (store1 and not (not (resn WAT or resn HOH or resn TIP* or resn ANI or resn DAN or resn XAN or resn DUM or resn SHA or hydro)) around $thickness) 
 CNSsolve>      delete sele= (byres (store2 or store3 or store4)) end 
 CNSsolve> 
 CNSsolve> 
 CNSsolve>      ! give waters unique segid name 
 CNSsolve>      eval ($segid= "W" 
 CNSsolve>             + encode($xcount) + encode($ycount) + encode($zcount)) 
 CNSsolve>      do (segid = $segid) (segid W000) 
 CNSsolve> 
 CNSsolve>    end loop wat3 
 CNSsolve>  end loop wat2 
 CNSsolve>  while ($ytrans < $ymtran) loop wat2 
 NEXTCD: condition evaluated as true
 CNSsolve>    eval ($ycount=$ycount+1) 
 EVALUATE: symbol $YCOUNT set to    3.00000     (real)
 CNSsolve>    eval ($ytrans = $ytrans + $boxlength) 
 EVALUATE: symbol $YTRANS set to    20.4680     (real)
 CNSsolve> 
 CNSsolve>    eval ($zcount=0) 
 EVALUATE: symbol $ZCOUNT set to    0.00000     (real)
 CNSsolve>    eval ($ztrans = $zmin - $thickness - $water_diam - $boxlength/2 ) 
 EVALUATE: symbol $ZTRANS set to   -31.2110     (real)
 CNSsolve>    while ($ztrans < $zmtran) loop wat3 
 NEXTCD: condition evaluated as true
 CNSsolve>      eval ($zcount=$zcount+1) 
 EVALUATE: symbol $ZCOUNT set to    1.00000     (real)
 CNSsolve>      eval ($ztrans = $ztrans + $boxlength) 
 EVALUATE: symbol $ZTRANS set to   -12.3550     (real)
 CNSsolve> 
 CNSsolve> 
 CNSsolve>      segment 
 SEGMENT>        name="    " 
 SEGMENT>        chain 
 CHAIN>          coordinates @@RUN:protocols/boxtyp20.pdb 
 ASSFIL: file boxtyp20.pdb opened.
 COOR>REMARKS *****  CHARMM water box from Charlie Brooks. ******** 
 COOR>REMARKS * This is a box of 216 3-site water molecules in the experimental 
 COOR>REMARKS * geometry.  It was constructed from an equilibrated 
 COOR>REMARKS * configuration of TIP3P (3-site water model of Jorgenson) 
 COOR>REMARKS * waters at 1 atm pressure and a density of 0.0334 molecules/A**-3. 
 COOR>REMARKS * The box edgelength is 18.856 A.  The minimum image periodic 
 COOR>REMARKS * boundary energy for this configuration using the TIP3P 
 COOR>REMARKS * potentials is -2150.6833 kcal/mol. 
 COOR>REMARKS 
 COOR>ATOM      1 OH2  WAT     1       2.531   0.596  -2.477        0.000 
 SEGMNT-info: chain termination due to END keyword.   216 residues were inserted into segid "    "
 CHAIN>        end 
 SEGMENT>      end 
 Status of internal molecular topology database:
 -> NATOM=       4428(MAXA=     1000000)  NBOND=       3411(MAXB=     1000000)
 -> NTHETA=      3281(MAXT=     2000000)  NGRP=        1457(MAXGRP=   1000000)
 -> NPHI=          22(MAXP=     2000000)  NIMPHI=       772(MAXIMP=   1000000)
 -> NNB=          102(MAXNB=    1000000) 
 CNSsolve>      coor @@RUN:protocols/boxtyp20.pdb 
 ASSFIL: file boxtyp20.pdb opened.
 COOR>REMARKS *****  CHARMM water box from Charlie Brooks. ******** 
 COOR>REMARKS * This is a box of 216 3-site water molecules in the experimental 
 COOR>REMARKS * geometry.  It was constructed from an equilibrated 
 COOR>REMARKS * configuration of TIP3P (3-site water model of Jorgenson) 
 COOR>REMARKS * waters at 1 atm pressure and a density of 0.0334 molecules/A**-3. 
 COOR>REMARKS * The box edgelength is 18.856 A.  The minimum image periodic 
 COOR>REMARKS * boundary energy for this configuration using the TIP3P 
 COOR>REMARKS * potentials is -2150.6833 kcal/mol. 
 COOR>REMARKS 
 COOR>ATOM      1 OH2  WAT     1       2.531   0.596  -2.477        0.000 
 COOR>ATOM      2 H1   WAT     1       2.620   1.540  -2.609        0.000 
 CNSsolve>      do (segid=W000) (segid "    ") 
 Assuming literal string "W000"
 SELRPN:    648 atoms have been selected out of   4428
 CNSsolve>      coor sele=(segid W000) translate vector = ($xtrans $ytrans $ztrans) end 
 SELRPN:    648 atoms have been selected out of   4428
 COOR: using atom subset.
 COOR: translation vector =(    -3.382000   20.468000  -12.355000 )
 COOR: selected coordinates translated
 CNSsolve> 
 CNSsolve>      ! all new water oxygens 
 CNSsolve>      ident (store1) (segid W000 and name oh2) 
 SELRPN:    216 atoms have been selected out of   4428
 CNSsolve>      ! all new water oxygens close to a protein heavy atom 
 CNSsolve>      ident (store2) (store1 and (not (resn WAT or resn HOH or resn TIP* or resn ANI or resn DAN or resn XAN or resn DUM or resn SHA or hydro)) around $pw_dist) 
 SELRPN:      3 atoms have been selected out of   4428
 CNSsolve>      ! all new water oxygens close to old water oxygens 
 CNSsolve>      ident (store3) (store1 and (segid wat# and not hydro) around $water_diam) 
 SELRPN:      0 atoms have been selected out of   4428
 CNSsolve>      ! all new water oxygens further than thickness away from a protein heavy atom 
 CNSsolve>      ident (store4) (store1 and not (not (resn WAT or resn HOH or resn TIP* or resn ANI or resn DAN or resn XAN or resn DUM or resn SHA or hydro)) around $thickness) 
 SELRPN:    173 atoms have been selected out of   4428
 CNSsolve>      delete sele= (byres (store2 or store3 or store4)) end 
 SELRPN:    528 atoms have been selected out of   4428
 Status of internal molecular topology database:
 -> NATOM=       3900(MAXA=     1000000)  NBOND=       3059(MAXB=     1000000)
 -> NTHETA=      3105(MAXT=     2000000)  NGRP=        1281(MAXGRP=   1000000)
 -> NPHI=          22(MAXP=     2000000)  NIMPHI=       772(MAXIMP=   1000000)
 -> NNB=          102(MAXNB=    1000000) 
 CNSsolve> 
 CNSsolve> 
 CNSsolve>      ! give waters unique segid name 
 CNSsolve>      eval ($segid= "W" 
 Expression=             + encode($xcount) + encode($ycount) + encode($zcount)) 
 EVALUATE: symbol $SEGID set to "W331" (string)
 CNSsolve>      do (segid = $segid) (segid W000) 
 SELRPN:    120 atoms have been selected out of   3900
 CNSsolve> 
 CNSsolve>    end loop wat3 
 CNSsolve>    while ($ztrans < $zmtran) loop wat3 
 NEXTCD: condition evaluated as true
 CNSsolve>      eval ($zcount=$zcount+1) 
 EVALUATE: symbol $ZCOUNT set to    2.00000     (real)
 CNSsolve>      eval ($ztrans = $ztrans + $boxlength) 
 EVALUATE: symbol $ZTRANS set to    6.50100     (real)
 CNSsolve> 
 CNSsolve> 
 CNSsolve>      segment 
 SEGMENT>        name="    " 
 SEGMENT>        chain 
 CHAIN>          coordinates @@RUN:protocols/boxtyp20.pdb 
 ASSFIL: file boxtyp20.pdb opened.
 COOR>REMARKS *****  CHARMM water box from Charlie Brooks. ******** 
 COOR>REMARKS * This is a box of 216 3-site water molecules in the experimental 
 COOR>REMARKS * geometry.  It was constructed from an equilibrated 
 COOR>REMARKS * configuration of TIP3P (3-site water model of Jorgenson) 
 COOR>REMARKS * waters at 1 atm pressure and a density of 0.0334 molecules/A**-3. 
 COOR>REMARKS * The box edgelength is 18.856 A.  The minimum image periodic 
 COOR>REMARKS * boundary energy for this configuration using the TIP3P 
 COOR>REMARKS * potentials is -2150.6833 kcal/mol. 
 COOR>REMARKS 
 COOR>ATOM      1 OH2  WAT     1       2.531   0.596  -2.477        0.000 
 SEGMNT-info: chain termination due to END keyword.   216 residues were inserted into segid "    "
 CHAIN>        end 
 SEGMENT>      end 
 Status of internal molecular topology database:
 -> NATOM=       4548(MAXA=     1000000)  NBOND=       3491(MAXB=     1000000)
 -> NTHETA=      3321(MAXT=     2000000)  NGRP=        1497(MAXGRP=   1000000)
 -> NPHI=          22(MAXP=     2000000)  NIMPHI=       772(MAXIMP=   1000000)
 -> NNB=          102(MAXNB=    1000000) 
 CNSsolve>      coor @@RUN:protocols/boxtyp20.pdb 
 ASSFIL: file boxtyp20.pdb opened.
 COOR>REMARKS *****  CHARMM water box from Charlie Brooks. ******** 
 COOR>REMARKS * This is a box of 216 3-site water molecules in the experimental 
 COOR>REMARKS * geometry.  It was constructed from an equilibrated 
 COOR>REMARKS * configuration of TIP3P (3-site water model of Jorgenson) 
 COOR>REMARKS * waters at 1 atm pressure and a density of 0.0334 molecules/A**-3. 
 COOR>REMARKS * The box edgelength is 18.856 A.  The minimum image periodic 
 COOR>REMARKS * boundary energy for this configuration using the TIP3P 
 COOR>REMARKS * potentials is -2150.6833 kcal/mol. 
 COOR>REMARKS 
 COOR>ATOM      1 OH2  WAT     1       2.531   0.596  -2.477        0.000 
 COOR>ATOM      2 H1   WAT     1       2.620   1.540  -2.609        0.000 
 CNSsolve>      do (segid=W000) (segid "    ") 
 Assuming literal string "W000"
 SELRPN:    648 atoms have been selected out of   4548
 CNSsolve>      coor sele=(segid W000) translate vector = ($xtrans $ytrans $ztrans) end 
 SELRPN:    648 atoms have been selected out of   4548
 COOR: using atom subset.
 COOR: translation vector =(    -3.382000   20.468000    6.501000 )
 COOR: selected coordinates translated
 CNSsolve> 
 CNSsolve>      ! all new water oxygens 
 CNSsolve>      ident (store1) (segid W000 and name oh2) 
 SELRPN:    216 atoms have been selected out of   4548
 CNSsolve>      ! all new water oxygens close to a protein heavy atom 
 CNSsolve>      ident (store2) (store1 and (not (resn WAT or resn HOH or resn TIP* or resn ANI or resn DAN or resn XAN or resn DUM or resn SHA or hydro)) around $pw_dist) 
 SELRPN:      3 atoms have been selected out of   4548
 CNSsolve>      ! all new water oxygens close to old water oxygens 
 CNSsolve>      ident (store3) (store1 and (segid wat# and not hydro) around $water_diam) 
 SELRPN:      0 atoms have been selected out of   4548
 CNSsolve>      ! all new water oxygens further than thickness away from a protein heavy atom 
 CNSsolve>      ident (store4) (store1 and not (not (resn WAT or resn HOH or resn TIP* or resn ANI or resn DAN or resn XAN or resn DUM or resn SHA or hydro)) around $thickness) 
 SELRPN:    168 atoms have been selected out of   4548
 CNSsolve>      delete sele= (byres (store2 or store3 or store4)) end 
 SELRPN:    513 atoms have been selected out of   4548
 Status of internal molecular topology database:
 -> NATOM=       4035(MAXA=     1000000)  NBOND=       3149(MAXB=     1000000)
 -> NTHETA=      3150(MAXT=     2000000)  NGRP=        1326(MAXGRP=   1000000)
 -> NPHI=          22(MAXP=     2000000)  NIMPHI=       772(MAXIMP=   1000000)
 -> NNB=          102(MAXNB=    1000000) 
 CNSsolve> 
 CNSsolve> 
 CNSsolve>      ! give waters unique segid name 
 CNSsolve>      eval ($segid= "W" 
 Expression=             + encode($xcount) + encode($ycount) + encode($zcount)) 
 EVALUATE: symbol $SEGID set to "W332" (string)
 CNSsolve>      do (segid = $segid) (segid W000) 
 SELRPN:    135 atoms have been selected out of   4035
 CNSsolve> 
 CNSsolve>    end loop wat3 
 CNSsolve>    while ($ztrans < $zmtran) loop wat3 
 NEXTCD: condition evaluated as true
 CNSsolve>      eval ($zcount=$zcount+1) 
 EVALUATE: symbol $ZCOUNT set to    3.00000     (real)
 CNSsolve>      eval ($ztrans = $ztrans + $boxlength) 
 EVALUATE: symbol $ZTRANS set to    25.3570     (real)
 CNSsolve> 
 CNSsolve> 
 CNSsolve>      segment 
 SEGMENT>        name="    " 
 SEGMENT>        chain 
 CHAIN>          coordinates @@RUN:protocols/boxtyp20.pdb 
 ASSFIL: file boxtyp20.pdb opened.
 COOR>REMARKS *****  CHARMM water box from Charlie Brooks. ******** 
 COOR>REMARKS * This is a box of 216 3-site water molecules in the experimental 
 COOR>REMARKS * geometry.  It was constructed from an equilibrated 
 COOR>REMARKS * configuration of TIP3P (3-site water model of Jorgenson) 
 COOR>REMARKS * waters at 1 atm pressure and a density of 0.0334 molecules/A**-3. 
 COOR>REMARKS * The box edgelength is 18.856 A.  The minimum image periodic 
 COOR>REMARKS * boundary energy for this configuration using the TIP3P 
 COOR>REMARKS * potentials is -2150.6833 kcal/mol. 
 COOR>REMARKS 
 COOR>ATOM      1 OH2  WAT     1       2.531   0.596  -2.477        0.000 
 SEGMNT-info: chain termination due to END keyword.   216 residues were inserted into segid "    "
 CHAIN>        end 
 SEGMENT>      end 
 Status of internal molecular topology database:
 -> NATOM=       4683(MAXA=     1000000)  NBOND=       3581(MAXB=     1000000)
 -> NTHETA=      3366(MAXT=     2000000)  NGRP=        1542(MAXGRP=   1000000)
 -> NPHI=          22(MAXP=     2000000)  NIMPHI=       772(MAXIMP=   1000000)
 -> NNB=          102(MAXNB=    1000000) 
 CNSsolve>      coor @@RUN:protocols/boxtyp20.pdb 
 ASSFIL: file boxtyp20.pdb opened.
 COOR>REMARKS *****  CHARMM water box from Charlie Brooks. ******** 
 COOR>REMARKS * This is a box of 216 3-site water molecules in the experimental 
 COOR>REMARKS * geometry.  It was constructed from an equilibrated 
 COOR>REMARKS * configuration of TIP3P (3-site water model of Jorgenson) 
 COOR>REMARKS * waters at 1 atm pressure and a density of 0.0334 molecules/A**-3. 
 COOR>REMARKS * The box edgelength is 18.856 A.  The minimum image periodic 
 COOR>REMARKS * boundary energy for this configuration using the TIP3P 
 COOR>REMARKS * potentials is -2150.6833 kcal/mol. 
 COOR>REMARKS 
 COOR>ATOM      1 OH2  WAT     1       2.531   0.596  -2.477        0.000 
 COOR>ATOM      2 H1   WAT     1       2.620   1.540  -2.609        0.000 
 CNSsolve>      do (segid=W000) (segid "    ") 
 Assuming literal string "W000"
 SELRPN:    648 atoms have been selected out of   4683
 CNSsolve>      coor sele=(segid W000) translate vector = ($xtrans $ytrans $ztrans) end 
 SELRPN:    648 atoms have been selected out of   4683
 COOR: using atom subset.
 COOR: translation vector =(    -3.382000   20.468000   25.357000 )
 COOR: selected coordinates translated
 CNSsolve> 
 CNSsolve>      ! all new water oxygens 
 CNSsolve>      ident (store1) (segid W000 and name oh2) 
 SELRPN:    216 atoms have been selected out of   4683
 CNSsolve>      ! all new water oxygens close to a protein heavy atom 
 CNSsolve>      ident (store2) (store1 and (not (resn WAT or resn HOH or resn TIP* or resn ANI or resn DAN or resn XAN or resn DUM or resn SHA or hydro)) around $pw_dist) 
 SELRPN:      0 atoms have been selected out of   4683
 CNSsolve>      ! all new water oxygens close to old water oxygens 
 CNSsolve>      ident (store3) (store1 and (segid wat# and not hydro) around $water_diam) 
 SELRPN:      0 atoms have been selected out of   4683
 CNSsolve>      ! all new water oxygens further than thickness away from a protein heavy atom 
 CNSsolve>      ident (store4) (store1 and not (not (resn WAT or resn HOH or resn TIP* or resn ANI or resn DAN or resn XAN or resn DUM or resn SHA or hydro)) around $thickness) 
 SELRPN:    216 atoms have been selected out of   4683
 CNSsolve>      delete sele= (byres (store2 or store3 or store4)) end 
 SELRPN:    648 atoms have been selected out of   4683
 Status of internal molecular topology database:
 -> NATOM=       4035(MAXA=     1000000)  NBOND=       3149(MAXB=     1000000)
 -> NTHETA=      3150(MAXT=     2000000)  NGRP=        1326(MAXGRP=   1000000)
 -> NPHI=          22(MAXP=     2000000)  NIMPHI=       772(MAXIMP=   1000000)
 -> NNB=          102(MAXNB=    1000000) 
 CNSsolve> 
 CNSsolve> 
 CNSsolve>      ! give waters unique segid name 
 CNSsolve>      eval ($segid= "W" 
 Expression=             + encode($xcount) + encode($ycount) + encode($zcount)) 
 EVALUATE: symbol $SEGID set to "W333" (string)
 CNSsolve>      do (segid = $segid) (segid W000) 
 SELRPN:      0 atoms have been selected out of   4035
 CNSsolve> 
 CNSsolve>    end loop wat3 
 CNSsolve>    while ($ztrans < $zmtran) loop wat3 
 NEXTCD: condition evaluated as false
 CNSsolve>      eval ($zcount=$zcount+1) 
 CNSsolve>      eval ($ztrans = $ztrans + $boxlength) 
 CNSsolve> 
 CNSsolve> 
 CNSsolve>      segment 
 CNSsolve>        name="    " 
 CNSsolve>        chain 
 CNSsolve>          coordinates @@RUN:protocols/boxtyp20.pdb 
 CNSsolve>        end 
 CNSsolve>      end 
 CNSsolve>      coor @@RUN:protocols/boxtyp20.pdb 
 CNSsolve>      do (segid=W000) (segid "    ") 
 CNSsolve>      coor sele=(segid W000) translate vector = ($xtrans $ytrans $ztrans) end 
 CNSsolve> 
 CNSsolve>      ! all new water oxygens 
 CNSsolve>      ident (store1) (segid W000 and name oh2) 
 CNSsolve>      ! all new water oxygens close to a protein heavy atom 
 CNSsolve>      ident (store2) (store1 and (not (resn WAT or resn HOH or resn TIP* or resn ANI or resn DAN or resn XAN or resn DUM or resn SHA or hydro)) around $pw_dist) 
 CNSsolve>      ! all new water oxygens close to old water oxygens 
 CNSsolve>      ident (store3) (store1 and (segid wat# and not hydro) around $water_diam) 
 CNSsolve>      ! all new water oxygens further than thickness away from a protein heavy atom 
 CNSsolve>      ident (store4) (store1 and not (not (resn WAT or resn HOH or resn TIP* or resn ANI or resn DAN or resn XAN or resn DUM or resn SHA or hydro)) around $thickness) 
 CNSsolve>      delete sele= (byres (store2 or store3 or store4)) end 
 CNSsolve> 
 CNSsolve> 
 CNSsolve>      ! give waters unique segid name 
 CNSsolve>      eval ($segid= "W" 
 CNSsolve>             + encode($xcount) + encode($ycount) + encode($zcount)) 
 CNSsolve>      do (segid = $segid) (segid W000) 
 CNSsolve> 
 CNSsolve>    end loop wat3 
 CNSsolve>  end loop wat2 
 CNSsolve>  while ($ytrans < $ymtran) loop wat2 
 NEXTCD: condition evaluated as false
 CNSsolve>    eval ($ycount=$ycount+1) 
 CNSsolve>    eval ($ytrans = $ytrans + $boxlength) 
 CNSsolve> 
 CNSsolve>    eval ($zcount=0) 
 CNSsolve>    eval ($ztrans = $zmin - $thickness - $water_diam - $boxlength/2 ) 
 CNSsolve>    while ($ztrans < $zmtran) loop wat3 
 CNSsolve>      eval ($zcount=$zcount+1) 
 CNSsolve>      eval ($ztrans = $ztrans + $boxlength) 
 CNSsolve> 
 CNSsolve> 
 CNSsolve>      segment 
 CNSsolve>        name="    " 
 CNSsolve>        chain 
 CNSsolve>          coordinates @@RUN:protocols/boxtyp20.pdb 
 CNSsolve>        end 
 CNSsolve>      end 
 CNSsolve>      coor @@RUN:protocols/boxtyp20.pdb 
 CNSsolve>      do (segid=W000) (segid "    ") 
 CNSsolve>      coor sele=(segid W000) translate vector = ($xtrans $ytrans $ztrans) end 
 CNSsolve> 
 CNSsolve>      ! all new water oxygens 
 CNSsolve>      ident (store1) (segid W000 and name oh2) 
 CNSsolve>      ! all new water oxygens close to a protein heavy atom 
 CNSsolve>      ident (store2) (store1 and (not (resn WAT or resn HOH or resn TIP* or resn ANI or resn DAN or resn XAN or resn DUM or resn SHA or hydro)) around $pw_dist) 
 CNSsolve>      ! all new water oxygens close to old water oxygens 
 CNSsolve>      ident (store3) (store1 and (segid wat# and not hydro) around $water_diam) 
 CNSsolve>      ! all new water oxygens further than thickness away from a protein heavy atom 
 CNSsolve>      ident (store4) (store1 and not (not (resn WAT or resn HOH or resn TIP* or resn ANI or resn DAN or resn XAN or resn DUM or resn SHA or hydro)) around $thickness) 
 CNSsolve>      delete sele= (byres (store2 or store3 or store4)) end 
 CNSsolve> 
 CNSsolve> 
 CNSsolve>      ! give waters unique segid name 
 CNSsolve>      eval ($segid= "W" 
 CNSsolve>             + encode($xcount) + encode($ycount) + encode($zcount)) 
 CNSsolve>      do (segid = $segid) (segid W000) 
 CNSsolve> 
 CNSsolve>    end loop wat3 
 CNSsolve>  end loop wat2 
 CNSsolve>end loop wat1 
 CNSsolve>while ($xtrans < $xmtran) loop wat1 
 NEXTCD: condition evaluated as true
 CNSsolve>  eval ($xcount=$xcount+1) 
 EVALUATE: symbol $XCOUNT set to    4.00000     (real)
 CNSsolve>  eval ($xtrans = $xtrans + $boxlength) 
 EVALUATE: symbol $XTRANS set to    15.4740     (real)
 CNSsolve> 
 CNSsolve>  eval ($ycount=0) 
 EVALUATE: symbol $YCOUNT set to    0.00000     (real)
 CNSsolve>  eval ($ytrans = $ymin - $thickness - $water_diam - $boxlength/2 ) 
 EVALUATE: symbol $YTRANS set to   -36.1000     (real)
 CNSsolve>  while ($ytrans < $ymtran) loop wat2 
 NEXTCD: condition evaluated as true
 CNSsolve>    eval ($ycount=$ycount+1) 
 EVALUATE: symbol $YCOUNT set to    1.00000     (real)
 CNSsolve>    eval ($ytrans = $ytrans + $boxlength) 
 EVALUATE: symbol $YTRANS set to   -17.2440     (real)
 CNSsolve> 
 CNSsolve>    eval ($zcount=0) 
 EVALUATE: symbol $ZCOUNT set to    0.00000     (real)
 CNSsolve>    eval ($ztrans = $zmin - $thickness - $water_diam - $boxlength/2 ) 
 EVALUATE: symbol $ZTRANS set to   -31.2110     (real)
 CNSsolve>    while ($ztrans < $zmtran) loop wat3 
 NEXTCD: condition evaluated as true
 CNSsolve>      eval ($zcount=$zcount+1) 
 EVALUATE: symbol $ZCOUNT set to    1.00000     (real)
 CNSsolve>      eval ($ztrans = $ztrans + $boxlength) 
 EVALUATE: symbol $ZTRANS set to   -12.3550     (real)
 CNSsolve> 
 CNSsolve> 
 CNSsolve>      segment 
 SEGMENT>        name="    " 
 SEGMENT>        chain 
 CHAIN>          coordinates @@RUN:protocols/boxtyp20.pdb 
 ASSFIL: file boxtyp20.pdb opened.
 COOR>REMARKS *****  CHARMM water box from Charlie Brooks. ******** 
 COOR>REMARKS * This is a box of 216 3-site water molecules in the experimental 
 COOR>REMARKS * geometry.  It was constructed from an equilibrated 
 COOR>REMARKS * configuration of TIP3P (3-site water model of Jorgenson) 
 COOR>REMARKS * waters at 1 atm pressure and a density of 0.0334 molecules/A**-3. 
 COOR>REMARKS * The box edgelength is 18.856 A.  The minimum image periodic 
 COOR>REMARKS * boundary energy for this configuration using the TIP3P 
 COOR>REMARKS * potentials is -2150.6833 kcal/mol. 
 COOR>REMARKS 
 COOR>ATOM      1 OH2  WAT     1       2.531   0.596  -2.477        0.000 
 SEGMNT-info: chain termination due to END keyword.   216 residues were inserted into segid "    "
 CHAIN>        end 
 SEGMENT>      end 
 Status of internal molecular topology database:
 -> NATOM=       4683(MAXA=     1000000)  NBOND=       3581(MAXB=     1000000)
 -> NTHETA=      3366(MAXT=     2000000)  NGRP=        1542(MAXGRP=   1000000)
 -> NPHI=          22(MAXP=     2000000)  NIMPHI=       772(MAXIMP=   1000000)
 -> NNB=          102(MAXNB=    1000000) 
 CNSsolve>      coor @@RUN:protocols/boxtyp20.pdb 
 ASSFIL: file boxtyp20.pdb opened.
 COOR>REMARKS *****  CHARMM water box from Charlie Brooks. ******** 
 COOR>REMARKS * This is a box of 216 3-site water molecules in the experimental 
 COOR>REMARKS * geometry.  It was constructed from an equilibrated 
 COOR>REMARKS * configuration of TIP3P (3-site water model of Jorgenson) 
 COOR>REMARKS * waters at 1 atm pressure and a density of 0.0334 molecules/A**-3. 
 COOR>REMARKS * The box edgelength is 18.856 A.  The minimum image periodic 
 COOR>REMARKS * boundary energy for this configuration using the TIP3P 
 COOR>REMARKS * potentials is -2150.6833 kcal/mol. 
 COOR>REMARKS 
 COOR>ATOM      1 OH2  WAT     1       2.531   0.596  -2.477        0.000 
 COOR>ATOM      2 H1   WAT     1       2.620   1.540  -2.609        0.000 
 CNSsolve>      do (segid=W000) (segid "    ") 
 Assuming literal string "W000"
 SELRPN:    648 atoms have been selected out of   4683
 CNSsolve>      coor sele=(segid W000) translate vector = ($xtrans $ytrans $ztrans) end 
 SELRPN:    648 atoms have been selected out of   4683
 COOR: using atom subset.
 COOR: translation vector =(    15.474000  -17.244000  -12.355000 )
 COOR: selected coordinates translated
 CNSsolve> 
 CNSsolve>      ! all new water oxygens 
 CNSsolve>      ident (store1) (segid W000 and name oh2) 
 SELRPN:    216 atoms have been selected out of   4683
 CNSsolve>      ! all new water oxygens close to a protein heavy atom 
 CNSsolve>      ident (store2) (store1 and (not (resn WAT or resn HOH or resn TIP* or resn ANI or resn DAN or resn XAN or resn DUM or resn SHA or hydro)) around $pw_dist) 
 SELRPN:      5 atoms have been selected out of   4683
 CNSsolve>      ! all new water oxygens close to old water oxygens 
 CNSsolve>      ident (store3) (store1 and (segid wat# and not hydro) around $water_diam) 
 SELRPN:      0 atoms have been selected out of   4683
 CNSsolve>      ! all new water oxygens further than thickness away from a protein heavy atom 
 CNSsolve>      ident (store4) (store1 and not (not (resn WAT or resn HOH or resn TIP* or resn ANI or resn DAN or resn XAN or resn DUM or resn SHA or hydro)) around $thickness) 
 SELRPN:    177 atoms have been selected out of   4683
 CNSsolve>      delete sele= (byres (store2 or store3 or store4)) end 
 SELRPN:    546 atoms have been selected out of   4683
 Status of internal molecular topology database:
 -> NATOM=       4137(MAXA=     1000000)  NBOND=       3217(MAXB=     1000000)
 -> NTHETA=      3184(MAXT=     2000000)  NGRP=        1360(MAXGRP=   1000000)
 -> NPHI=          22(MAXP=     2000000)  NIMPHI=       772(MAXIMP=   1000000)
 -> NNB=          102(MAXNB=    1000000) 
 CNSsolve> 
 CNSsolve> 
 CNSsolve>      ! give waters unique segid name 
 CNSsolve>      eval ($segid= "W" 
 Expression=             + encode($xcount) + encode($ycount) + encode($zcount)) 
 EVALUATE: symbol $SEGID set to "W411" (string)
 CNSsolve>      do (segid = $segid) (segid W000) 
 SELRPN:    102 atoms have been selected out of   4137
 CNSsolve> 
 CNSsolve>    end loop wat3 
 CNSsolve>    while ($ztrans < $zmtran) loop wat3 
 NEXTCD: condition evaluated as true
 CNSsolve>      eval ($zcount=$zcount+1) 
 EVALUATE: symbol $ZCOUNT set to    2.00000     (real)
 CNSsolve>      eval ($ztrans = $ztrans + $boxlength) 
 EVALUATE: symbol $ZTRANS set to    6.50100     (real)
 CNSsolve> 
 CNSsolve> 
 CNSsolve>      segment 
 SEGMENT>        name="    " 
 SEGMENT>        chain 
 CHAIN>          coordinates @@RUN:protocols/boxtyp20.pdb 
 ASSFIL: file boxtyp20.pdb opened.
 COOR>REMARKS *****  CHARMM water box from Charlie Brooks. ******** 
 COOR>REMARKS * This is a box of 216 3-site water molecules in the experimental 
 COOR>REMARKS * geometry.  It was constructed from an equilibrated 
 COOR>REMARKS * configuration of TIP3P (3-site water model of Jorgenson) 
 COOR>REMARKS * waters at 1 atm pressure and a density of 0.0334 molecules/A**-3. 
 COOR>REMARKS * The box edgelength is 18.856 A.  The minimum image periodic 
 COOR>REMARKS * boundary energy for this configuration using the TIP3P 
 COOR>REMARKS * potentials is -2150.6833 kcal/mol. 
 COOR>REMARKS 
 COOR>ATOM      1 OH2  WAT     1       2.531   0.596  -2.477        0.000 
 SEGMNT-info: chain termination due to END keyword.   216 residues were inserted into segid "    "
 CHAIN>        end 
 SEGMENT>      end 
 Status of internal molecular topology database:
 -> NATOM=       4785(MAXA=     1000000)  NBOND=       3649(MAXB=     1000000)
 -> NTHETA=      3400(MAXT=     2000000)  NGRP=        1576(MAXGRP=   1000000)
 -> NPHI=          22(MAXP=     2000000)  NIMPHI=       772(MAXIMP=   1000000)
 -> NNB=          102(MAXNB=    1000000) 
 CNSsolve>      coor @@RUN:protocols/boxtyp20.pdb 
 ASSFIL: file boxtyp20.pdb opened.
 COOR>REMARKS *****  CHARMM water box from Charlie Brooks. ******** 
 COOR>REMARKS * This is a box of 216 3-site water molecules in the experimental 
 COOR>REMARKS * geometry.  It was constructed from an equilibrated 
 COOR>REMARKS * configuration of TIP3P (3-site water model of Jorgenson) 
 COOR>REMARKS * waters at 1 atm pressure and a density of 0.0334 molecules/A**-3. 
 COOR>REMARKS * The box edgelength is 18.856 A.  The minimum image periodic 
 COOR>REMARKS * boundary energy for this configuration using the TIP3P 
 COOR>REMARKS * potentials is -2150.6833 kcal/mol. 
 COOR>REMARKS 
 COOR>ATOM      1 OH2  WAT     1       2.531   0.596  -2.477        0.000 
 COOR>ATOM      2 H1   WAT     1       2.620   1.540  -2.609        0.000 
 CNSsolve>      do (segid=W000) (segid "    ") 
 Assuming literal string "W000"
 SELRPN:    648 atoms have been selected out of   4785
 CNSsolve>      coor sele=(segid W000) translate vector = ($xtrans $ytrans $ztrans) end 
 SELRPN:    648 atoms have been selected out of   4785
 COOR: using atom subset.
 COOR: translation vector =(    15.474000  -17.244000    6.501000 )
 COOR: selected coordinates translated
 CNSsolve> 
 CNSsolve>      ! all new water oxygens 
 CNSsolve>      ident (store1) (segid W000 and name oh2) 
 SELRPN:    216 atoms have been selected out of   4785
 CNSsolve>      ! all new water oxygens close to a protein heavy atom 
 CNSsolve>      ident (store2) (store1 and (not (resn WAT or resn HOH or resn TIP* or resn ANI or resn DAN or resn XAN or resn DUM or resn SHA or hydro)) around $pw_dist) 
 SELRPN:     19 atoms have been selected out of   4785
 CNSsolve>      ! all new water oxygens close to old water oxygens 
 CNSsolve>      ident (store3) (store1 and (segid wat# and not hydro) around $water_diam) 
 SELRPN:      0 atoms have been selected out of   4785
 CNSsolve>      ! all new water oxygens further than thickness away from a protein heavy atom 
 CNSsolve>      ident (store4) (store1 and not (not (resn WAT or resn HOH or resn TIP* or resn ANI or resn DAN or resn XAN or resn DUM or resn SHA or hydro)) around $thickness) 
 SELRPN:    115 atoms have been selected out of   4785
 CNSsolve>      delete sele= (byres (store2 or store3 or store4)) end 
 SELRPN:    402 atoms have been selected out of   4785
 Status of internal molecular topology database:
 -> NATOM=       4383(MAXA=     1000000)  NBOND=       3381(MAXB=     1000000)
 -> NTHETA=      3266(MAXT=     2000000)  NGRP=        1442(MAXGRP=   1000000)
 -> NPHI=          22(MAXP=     2000000)  NIMPHI=       772(MAXIMP=   1000000)
 -> NNB=          102(MAXNB=    1000000) 
 CNSsolve> 
 CNSsolve> 
 CNSsolve>      ! give waters unique segid name 
 CNSsolve>      eval ($segid= "W" 
 Expression=             + encode($xcount) + encode($ycount) + encode($zcount)) 
 EVALUATE: symbol $SEGID set to "W412" (string)
 CNSsolve>      do (segid = $segid) (segid W000) 
 SELRPN:    246 atoms have been selected out of   4383
 CNSsolve> 
 CNSsolve>    end loop wat3 
 CNSsolve>    while ($ztrans < $zmtran) loop wat3 
 NEXTCD: condition evaluated as true
 CNSsolve>      eval ($zcount=$zcount+1) 
 EVALUATE: symbol $ZCOUNT set to    3.00000     (real)
 CNSsolve>      eval ($ztrans = $ztrans + $boxlength) 
 EVALUATE: symbol $ZTRANS set to    25.3570     (real)
 CNSsolve> 
 CNSsolve> 
 CNSsolve>      segment 
 SEGMENT>        name="    " 
 SEGMENT>        chain 
 CHAIN>          coordinates @@RUN:protocols/boxtyp20.pdb 
 ASSFIL: file boxtyp20.pdb opened.
 COOR>REMARKS *****  CHARMM water box from Charlie Brooks. ******** 
 COOR>REMARKS * This is a box of 216 3-site water molecules in the experimental 
 COOR>REMARKS * geometry.  It was constructed from an equilibrated 
 COOR>REMARKS * configuration of TIP3P (3-site water model of Jorgenson) 
 COOR>REMARKS * waters at 1 atm pressure and a density of 0.0334 molecules/A**-3. 
 COOR>REMARKS * The box edgelength is 18.856 A.  The minimum image periodic 
 COOR>REMARKS * boundary energy for this configuration using the TIP3P 
 COOR>REMARKS * potentials is -2150.6833 kcal/mol. 
 COOR>REMARKS 
 COOR>ATOM      1 OH2  WAT     1       2.531   0.596  -2.477        0.000 
 SEGMNT-info: chain termination due to END keyword.   216 residues were inserted into segid "    "
 CHAIN>        end 
 SEGMENT>      end 
 Status of internal molecular topology database:
 -> NATOM=       5031(MAXA=     1000000)  NBOND=       3813(MAXB=     1000000)
 -> NTHETA=      3482(MAXT=     2000000)  NGRP=        1658(MAXGRP=   1000000)
 -> NPHI=          22(MAXP=     2000000)  NIMPHI=       772(MAXIMP=   1000000)
 -> NNB=          102(MAXNB=    1000000) 
 CNSsolve>      coor @@RUN:protocols/boxtyp20.pdb 
 ASSFIL: file boxtyp20.pdb opened.
 COOR>REMARKS *****  CHARMM water box from Charlie Brooks. ******** 
 COOR>REMARKS * This is a box of 216 3-site water molecules in the experimental 
 COOR>REMARKS * geometry.  It was constructed from an equilibrated 
 COOR>REMARKS * configuration of TIP3P (3-site water model of Jorgenson) 
 COOR>REMARKS * waters at 1 atm pressure and a density of 0.0334 molecules/A**-3. 
 COOR>REMARKS * The box edgelength is 18.856 A.  The minimum image periodic 
 COOR>REMARKS * boundary energy for this configuration using the TIP3P 
 COOR>REMARKS * potentials is -2150.6833 kcal/mol. 
 COOR>REMARKS 
 COOR>ATOM      1 OH2  WAT     1       2.531   0.596  -2.477        0.000 
 COOR>ATOM      2 H1   WAT     1       2.620   1.540  -2.609        0.000 
 CNSsolve>      do (segid=W000) (segid "    ") 
 Assuming literal string "W000"
 SELRPN:    648 atoms have been selected out of   5031
 CNSsolve>      coor sele=(segid W000) translate vector = ($xtrans $ytrans $ztrans) end 
 SELRPN:    648 atoms have been selected out of   5031
 COOR: using atom subset.
 COOR: translation vector =(    15.474000  -17.244000   25.357000 )
 COOR: selected coordinates translated
 CNSsolve> 
 CNSsolve>      ! all new water oxygens 
 CNSsolve>      ident (store1) (segid W000 and name oh2) 
 SELRPN:    216 atoms have been selected out of   5031
 CNSsolve>      ! all new water oxygens close to a protein heavy atom 
 CNSsolve>      ident (store2) (store1 and (not (resn WAT or resn HOH or resn TIP* or resn ANI or resn DAN or resn XAN or resn DUM or resn SHA or hydro)) around $pw_dist) 
 SELRPN:      0 atoms have been selected out of   5031
 CNSsolve>      ! all new water oxygens close to old water oxygens 
 CNSsolve>      ident (store3) (store1 and (segid wat# and not hydro) around $water_diam) 
 SELRPN:      0 atoms have been selected out of   5031
 CNSsolve>      ! all new water oxygens further than thickness away from a protein heavy atom 
 CNSsolve>      ident (store4) (store1 and not (not (resn WAT or resn HOH or resn TIP* or resn ANI or resn DAN or resn XAN or resn DUM or resn SHA or hydro)) around $thickness) 
 SELRPN:    216 atoms have been selected out of   5031
 CNSsolve>      delete sele= (byres (store2 or store3 or store4)) end 
 SELRPN:    648 atoms have been selected out of   5031
 Status of internal molecular topology database:
 -> NATOM=       4383(MAXA=     1000000)  NBOND=       3381(MAXB=     1000000)
 -> NTHETA=      3266(MAXT=     2000000)  NGRP=        1442(MAXGRP=   1000000)
 -> NPHI=          22(MAXP=     2000000)  NIMPHI=       772(MAXIMP=   1000000)
 -> NNB=          102(MAXNB=    1000000) 
 CNSsolve> 
 CNSsolve> 
 CNSsolve>      ! give waters unique segid name 
 CNSsolve>      eval ($segid= "W" 
 Expression=             + encode($xcount) + encode($ycount) + encode($zcount)) 
 EVALUATE: symbol $SEGID set to "W413" (string)
 CNSsolve>      do (segid = $segid) (segid W000) 
 SELRPN:      0 atoms have been selected out of   4383
 CNSsolve> 
 CNSsolve>    end loop wat3 
 CNSsolve>    while ($ztrans < $zmtran) loop wat3 
 NEXTCD: condition evaluated as false
 CNSsolve>      eval ($zcount=$zcount+1) 
 CNSsolve>      eval ($ztrans = $ztrans + $boxlength) 
 CNSsolve> 
 CNSsolve> 
 CNSsolve>      segment 
 CNSsolve>        name="    " 
 CNSsolve>        chain 
 CNSsolve>          coordinates @@RUN:protocols/boxtyp20.pdb 
 CNSsolve>        end 
 CNSsolve>      end 
 CNSsolve>      coor @@RUN:protocols/boxtyp20.pdb 
 CNSsolve>      do (segid=W000) (segid "    ") 
 CNSsolve>      coor sele=(segid W000) translate vector = ($xtrans $ytrans $ztrans) end 
 CNSsolve> 
 CNSsolve>      ! all new water oxygens 
 CNSsolve>      ident (store1) (segid W000 and name oh2) 
 CNSsolve>      ! all new water oxygens close to a protein heavy atom 
 CNSsolve>      ident (store2) (store1 and (not (resn WAT or resn HOH or resn TIP* or resn ANI or resn DAN or resn XAN or resn DUM or resn SHA or hydro)) around $pw_dist) 
 CNSsolve>      ! all new water oxygens close to old water oxygens 
 CNSsolve>      ident (store3) (store1 and (segid wat# and not hydro) around $water_diam) 
 CNSsolve>      ! all new water oxygens further than thickness away from a protein heavy atom 
 CNSsolve>      ident (store4) (store1 and not (not (resn WAT or resn HOH or resn TIP* or resn ANI or resn DAN or resn XAN or resn DUM or resn SHA or hydro)) around $thickness) 
 CNSsolve>      delete sele= (byres (store2 or store3 or store4)) end 
 CNSsolve> 
 CNSsolve> 
 CNSsolve>      ! give waters unique segid name 
 CNSsolve>      eval ($segid= "W" 
 CNSsolve>             + encode($xcount) + encode($ycount) + encode($zcount)) 
 CNSsolve>      do (segid = $segid) (segid W000) 
 CNSsolve> 
 CNSsolve>    end loop wat3 
 CNSsolve>  end loop wat2 
 CNSsolve>  while ($ytrans < $ymtran) loop wat2 
 NEXTCD: condition evaluated as true
 CNSsolve>    eval ($ycount=$ycount+1) 
 EVALUATE: symbol $YCOUNT set to    2.00000     (real)
 CNSsolve>    eval ($ytrans = $ytrans + $boxlength) 
 EVALUATE: symbol $YTRANS set to    1.61200     (real)
 CNSsolve> 
 CNSsolve>    eval ($zcount=0) 
 EVALUATE: symbol $ZCOUNT set to    0.00000     (real)
 CNSsolve>    eval ($ztrans = $zmin - $thickness - $water_diam - $boxlength/2 ) 
 EVALUATE: symbol $ZTRANS set to   -31.2110     (real)
 CNSsolve>    while ($ztrans < $zmtran) loop wat3 
 NEXTCD: condition evaluated as true
 CNSsolve>      eval ($zcount=$zcount+1) 
 EVALUATE: symbol $ZCOUNT set to    1.00000     (real)
 CNSsolve>      eval ($ztrans = $ztrans + $boxlength) 
 EVALUATE: symbol $ZTRANS set to   -12.3550     (real)
 CNSsolve> 
 CNSsolve> 
 CNSsolve>      segment 
 SEGMENT>        name="    " 
 SEGMENT>        chain 
 CHAIN>          coordinates @@RUN:protocols/boxtyp20.pdb 
 ASSFIL: file boxtyp20.pdb opened.
 COOR>REMARKS *****  CHARMM water box from Charlie Brooks. ******** 
 COOR>REMARKS * This is a box of 216 3-site water molecules in the experimental 
 COOR>REMARKS * geometry.  It was constructed from an equilibrated 
 COOR>REMARKS * configuration of TIP3P (3-site water model of Jorgenson) 
 COOR>REMARKS * waters at 1 atm pressure and a density of 0.0334 molecules/A**-3. 
 COOR>REMARKS * The box edgelength is 18.856 A.  The minimum image periodic 
 COOR>REMARKS * boundary energy for this configuration using the TIP3P 
 COOR>REMARKS * potentials is -2150.6833 kcal/mol. 
 COOR>REMARKS 
 COOR>ATOM      1 OH2  WAT     1       2.531   0.596  -2.477        0.000 
 SEGMNT-info: chain termination due to END keyword.   216 residues were inserted into segid "    "
 CHAIN>        end 
 SEGMENT>      end 
 Status of internal molecular topology database:
 -> NATOM=       5031(MAXA=     1000000)  NBOND=       3813(MAXB=     1000000)
 -> NTHETA=      3482(MAXT=     2000000)  NGRP=        1658(MAXGRP=   1000000)
 -> NPHI=          22(MAXP=     2000000)  NIMPHI=       772(MAXIMP=   1000000)
 -> NNB=          102(MAXNB=    1000000) 
 CNSsolve>      coor @@RUN:protocols/boxtyp20.pdb 
 ASSFIL: file boxtyp20.pdb opened.
 COOR>REMARKS *****  CHARMM water box from Charlie Brooks. ******** 
 COOR>REMARKS * This is a box of 216 3-site water molecules in the experimental 
 COOR>REMARKS * geometry.  It was constructed from an equilibrated 
 COOR>REMARKS * configuration of TIP3P (3-site water model of Jorgenson) 
 COOR>REMARKS * waters at 1 atm pressure and a density of 0.0334 molecules/A**-3. 
 COOR>REMARKS * The box edgelength is 18.856 A.  The minimum image periodic 
 COOR>REMARKS * boundary energy for this configuration using the TIP3P 
 COOR>REMARKS * potentials is -2150.6833 kcal/mol. 
 COOR>REMARKS 
 COOR>ATOM      1 OH2  WAT     1       2.531   0.596  -2.477        0.000 
 COOR>ATOM      2 H1   WAT     1       2.620   1.540  -2.609        0.000 
 CNSsolve>      do (segid=W000) (segid "    ") 
 Assuming literal string "W000"
 SELRPN:    648 atoms have been selected out of   5031
 CNSsolve>      coor sele=(segid W000) translate vector = ($xtrans $ytrans $ztrans) end 
 SELRPN:    648 atoms have been selected out of   5031
 COOR: using atom subset.
 COOR: translation vector =(    15.474000    1.612000  -12.355000 )
 COOR: selected coordinates translated
 CNSsolve> 
 CNSsolve>      ! all new water oxygens 
 CNSsolve>      ident (store1) (segid W000 and name oh2) 
 SELRPN:    216 atoms have been selected out of   5031
 CNSsolve>      ! all new water oxygens close to a protein heavy atom 
 CNSsolve>      ident (store2) (store1 and (not (resn WAT or resn HOH or resn TIP* or resn ANI or resn DAN or resn XAN or resn DUM or resn SHA or hydro)) around $pw_dist) 
 SELRPN:     43 atoms have been selected out of   5031
 CNSsolve>      ! all new water oxygens close to old water oxygens 
 CNSsolve>      ident (store3) (store1 and (segid wat# and not hydro) around $water_diam) 
 SELRPN:      0 atoms have been selected out of   5031
 CNSsolve>      ! all new water oxygens further than thickness away from a protein heavy atom 
 CNSsolve>      ident (store4) (store1 and not (not (resn WAT or resn HOH or resn TIP* or resn ANI or resn DAN or resn XAN or resn DUM or resn SHA or hydro)) around $thickness) 
 SELRPN:     63 atoms have been selected out of   5031
 CNSsolve>      delete sele= (byres (store2 or store3 or store4)) end 
 SELRPN:    318 atoms have been selected out of   5031
 Status of internal molecular topology database:
 -> NATOM=       4713(MAXA=     1000000)  NBOND=       3601(MAXB=     1000000)
 -> NTHETA=      3376(MAXT=     2000000)  NGRP=        1552(MAXGRP=   1000000)
 -> NPHI=          22(MAXP=     2000000)  NIMPHI=       772(MAXIMP=   1000000)
 -> NNB=          102(MAXNB=    1000000) 
 CNSsolve> 
 CNSsolve> 
 CNSsolve>      ! give waters unique segid name 
 CNSsolve>      eval ($segid= "W" 
 Expression=             + encode($xcount) + encode($ycount) + encode($zcount)) 
 EVALUATE: symbol $SEGID set to "W421" (string)
 CNSsolve>      do (segid = $segid) (segid W000) 
 SELRPN:    330 atoms have been selected out of   4713
 CNSsolve> 
 CNSsolve>    end loop wat3 
 CNSsolve>    while ($ztrans < $zmtran) loop wat3 
 NEXTCD: condition evaluated as true
 CNSsolve>      eval ($zcount=$zcount+1) 
 EVALUATE: symbol $ZCOUNT set to    2.00000     (real)
 CNSsolve>      eval ($ztrans = $ztrans + $boxlength) 
 EVALUATE: symbol $ZTRANS set to    6.50100     (real)
 CNSsolve> 
 CNSsolve> 
 CNSsolve>      segment 
 SEGMENT>        name="    " 
 SEGMENT>        chain 
 CHAIN>          coordinates @@RUN:protocols/boxtyp20.pdb 
 ASSFIL: file boxtyp20.pdb opened.
 COOR>REMARKS *****  CHARMM water box from Charlie Brooks. ******** 
 COOR>REMARKS * This is a box of 216 3-site water molecules in the experimental 
 COOR>REMARKS * geometry.  It was constructed from an equilibrated 
 COOR>REMARKS * configuration of TIP3P (3-site water model of Jorgenson) 
 COOR>REMARKS * waters at 1 atm pressure and a density of 0.0334 molecules/A**-3. 
 COOR>REMARKS * The box edgelength is 18.856 A.  The minimum image periodic 
 COOR>REMARKS * boundary energy for this configuration using the TIP3P 
 COOR>REMARKS * potentials is -2150.6833 kcal/mol. 
 COOR>REMARKS 
 COOR>ATOM      1 OH2  WAT     1       2.531   0.596  -2.477        0.000 
 SEGMNT-info: chain termination due to END keyword.   216 residues were inserted into segid "    "
 CHAIN>        end 
 SEGMENT>      end 
 Status of internal molecular topology database:
 -> NATOM=       5361(MAXA=     1000000)  NBOND=       4033(MAXB=     1000000)
 -> NTHETA=      3592(MAXT=     2000000)  NGRP=        1768(MAXGRP=   1000000)
 -> NPHI=          22(MAXP=     2000000)  NIMPHI=       772(MAXIMP=   1000000)
 -> NNB=          102(MAXNB=    1000000) 
 CNSsolve>      coor @@RUN:protocols/boxtyp20.pdb 
 ASSFIL: file boxtyp20.pdb opened.
 COOR>REMARKS *****  CHARMM water box from Charlie Brooks. ******** 
 COOR>REMARKS * This is a box of 216 3-site water molecules in the experimental 
 COOR>REMARKS * geometry.  It was constructed from an equilibrated 
 COOR>REMARKS * configuration of TIP3P (3-site water model of Jorgenson) 
 COOR>REMARKS * waters at 1 atm pressure and a density of 0.0334 molecules/A**-3. 
 COOR>REMARKS * The box edgelength is 18.856 A.  The minimum image periodic 
 COOR>REMARKS * boundary energy for this configuration using the TIP3P 
 COOR>REMARKS * potentials is -2150.6833 kcal/mol. 
 COOR>REMARKS 
 COOR>ATOM      1 OH2  WAT     1       2.531   0.596  -2.477        0.000 
 COOR>ATOM      2 H1   WAT     1       2.620   1.540  -2.609        0.000 
 CNSsolve>      do (segid=W000) (segid "    ") 
 Assuming literal string "W000"
 SELRPN:    648 atoms have been selected out of   5361
 CNSsolve>      coor sele=(segid W000) translate vector = ($xtrans $ytrans $ztrans) end 
 SELRPN:    648 atoms have been selected out of   5361
 COOR: using atom subset.
 COOR: translation vector =(    15.474000    1.612000    6.501000 )
 COOR: selected coordinates translated
 CNSsolve> 
 CNSsolve>      ! all new water oxygens 
 CNSsolve>      ident (store1) (segid W000 and name oh2) 
 SELRPN:    216 atoms have been selected out of   5361
 CNSsolve>      ! all new water oxygens close to a protein heavy atom 
 CNSsolve>      ident (store2) (store1 and (not (resn WAT or resn HOH or resn TIP* or resn ANI or resn DAN or resn XAN or resn DUM or resn SHA or hydro)) around $pw_dist) 
 SELRPN:     78 atoms have been selected out of   5361
 CNSsolve>      ! all new water oxygens close to old water oxygens 
 CNSsolve>      ident (store3) (store1 and (segid wat# and not hydro) around $water_diam) 
 SELRPN:      0 atoms have been selected out of   5361
 CNSsolve>      ! all new water oxygens further than thickness away from a protein heavy atom 
 CNSsolve>      ident (store4) (store1 and not (not (resn WAT or resn HOH or resn TIP* or resn ANI or resn DAN or resn XAN or resn DUM or resn SHA or hydro)) around $thickness) 
 SELRPN:     17 atoms have been selected out of   5361
 CNSsolve>      delete sele= (byres (store2 or store3 or store4)) end 
 SELRPN:    285 atoms have been selected out of   5361
 Status of internal molecular topology database:
 -> NATOM=       5076(MAXA=     1000000)  NBOND=       3843(MAXB=     1000000)
 -> NTHETA=      3497(MAXT=     2000000)  NGRP=        1673(MAXGRP=   1000000)
 -> NPHI=          22(MAXP=     2000000)  NIMPHI=       772(MAXIMP=   1000000)
 -> NNB=          102(MAXNB=    1000000) 
 CNSsolve> 
 CNSsolve> 
 CNSsolve>      ! give waters unique segid name 
 CNSsolve>      eval ($segid= "W" 
 Expression=             + encode($xcount) + encode($ycount) + encode($zcount)) 
 EVALUATE: symbol $SEGID set to "W422" (string)
 CNSsolve>      do (segid = $segid) (segid W000) 
 SELRPN:    363 atoms have been selected out of   5076
 CNSsolve> 
 CNSsolve>    end loop wat3 
 CNSsolve>    while ($ztrans < $zmtran) loop wat3 
 NEXTCD: condition evaluated as true
 CNSsolve>      eval ($zcount=$zcount+1) 
 EVALUATE: symbol $ZCOUNT set to    3.00000     (real)
 CNSsolve>      eval ($ztrans = $ztrans + $boxlength) 
 EVALUATE: symbol $ZTRANS set to    25.3570     (real)
 CNSsolve> 
 CNSsolve> 
 CNSsolve>      segment 
 SEGMENT>        name="    " 
 SEGMENT>        chain 
 CHAIN>          coordinates @@RUN:protocols/boxtyp20.pdb 
 ASSFIL: file boxtyp20.pdb opened.
 COOR>REMARKS *****  CHARMM water box from Charlie Brooks. ******** 
 COOR>REMARKS * This is a box of 216 3-site water molecules in the experimental 
 COOR>REMARKS * geometry.  It was constructed from an equilibrated 
 COOR>REMARKS * configuration of TIP3P (3-site water model of Jorgenson) 
 COOR>REMARKS * waters at 1 atm pressure and a density of 0.0334 molecules/A**-3. 
 COOR>REMARKS * The box edgelength is 18.856 A.  The minimum image periodic 
 COOR>REMARKS * boundary energy for this configuration using the TIP3P 
 COOR>REMARKS * potentials is -2150.6833 kcal/mol. 
 COOR>REMARKS 
 COOR>ATOM      1 OH2  WAT     1       2.531   0.596  -2.477        0.000 
 SEGMNT-info: chain termination due to END keyword.   216 residues were inserted into segid "    "
 CHAIN>        end 
 SEGMENT>      end 
 Status of internal molecular topology database:
 -> NATOM=       5724(MAXA=     1000000)  NBOND=       4275(MAXB=     1000000)
 -> NTHETA=      3713(MAXT=     2000000)  NGRP=        1889(MAXGRP=   1000000)
 -> NPHI=          22(MAXP=     2000000)  NIMPHI=       772(MAXIMP=   1000000)
 -> NNB=          102(MAXNB=    1000000) 
 CNSsolve>      coor @@RUN:protocols/boxtyp20.pdb 
 ASSFIL: file boxtyp20.pdb opened.
 COOR>REMARKS *****  CHARMM water box from Charlie Brooks. ******** 
 COOR>REMARKS * This is a box of 216 3-site water molecules in the experimental 
 COOR>REMARKS * geometry.  It was constructed from an equilibrated 
 COOR>REMARKS * configuration of TIP3P (3-site water model of Jorgenson) 
 COOR>REMARKS * waters at 1 atm pressure and a density of 0.0334 molecules/A**-3. 
 COOR>REMARKS * The box edgelength is 18.856 A.  The minimum image periodic 
 COOR>REMARKS * boundary energy for this configuration using the TIP3P 
 COOR>REMARKS * potentials is -2150.6833 kcal/mol. 
 COOR>REMARKS 
 COOR>ATOM      1 OH2  WAT     1       2.531   0.596  -2.477        0.000 
 COOR>ATOM      2 H1   WAT     1       2.620   1.540  -2.609        0.000 
 CNSsolve>      do (segid=W000) (segid "    ") 
 Assuming literal string "W000"
 SELRPN:    648 atoms have been selected out of   5724
 CNSsolve>      coor sele=(segid W000) translate vector = ($xtrans $ytrans $ztrans) end 
 SELRPN:    648 atoms have been selected out of   5724
 COOR: using atom subset.
 COOR: translation vector =(    15.474000    1.612000   25.357000 )
 COOR: selected coordinates translated
 CNSsolve> 
 CNSsolve>      ! all new water oxygens 
 CNSsolve>      ident (store1) (segid W000 and name oh2) 
 SELRPN:    216 atoms have been selected out of   5724
 CNSsolve>      ! all new water oxygens close to a protein heavy atom 
 CNSsolve>      ident (store2) (store1 and (not (resn WAT or resn HOH or resn TIP* or resn ANI or resn DAN or resn XAN or resn DUM or resn SHA or hydro)) around $pw_dist) 
 SELRPN:      0 atoms have been selected out of   5724
 CNSsolve>      ! all new water oxygens close to old water oxygens 
 CNSsolve>      ident (store3) (store1 and (segid wat# and not hydro) around $water_diam) 
 SELRPN:      0 atoms have been selected out of   5724
 CNSsolve>      ! all new water oxygens further than thickness away from a protein heavy atom 
 CNSsolve>      ident (store4) (store1 and not (not (resn WAT or resn HOH or resn TIP* or resn ANI or resn DAN or resn XAN or resn DUM or resn SHA or hydro)) around $thickness) 
 SELRPN:    215 atoms have been selected out of   5724
 CNSsolve>      delete sele= (byres (store2 or store3 or store4)) end 
 SELRPN:    645 atoms have been selected out of   5724
 Status of internal molecular topology database:
 -> NATOM=       5079(MAXA=     1000000)  NBOND=       3845(MAXB=     1000000)
 -> NTHETA=      3498(MAXT=     2000000)  NGRP=        1674(MAXGRP=   1000000)
 -> NPHI=          22(MAXP=     2000000)  NIMPHI=       772(MAXIMP=   1000000)
 -> NNB=          102(MAXNB=    1000000) 
 CNSsolve> 
 CNSsolve> 
 CNSsolve>      ! give waters unique segid name 
 CNSsolve>      eval ($segid= "W" 
 Expression=             + encode($xcount) + encode($ycount) + encode($zcount)) 
 EVALUATE: symbol $SEGID set to "W423" (string)
 CNSsolve>      do (segid = $segid) (segid W000) 
 SELRPN:      3 atoms have been selected out of   5079
 CNSsolve> 
 CNSsolve>    end loop wat3 
 CNSsolve>    while ($ztrans < $zmtran) loop wat3 
 NEXTCD: condition evaluated as false
 CNSsolve>      eval ($zcount=$zcount+1) 
 CNSsolve>      eval ($ztrans = $ztrans + $boxlength) 
 CNSsolve> 
 CNSsolve> 
 CNSsolve>      segment 
 CNSsolve>        name="    " 
 CNSsolve>        chain 
 CNSsolve>          coordinates @@RUN:protocols/boxtyp20.pdb 
 CNSsolve>        end 
 CNSsolve>      end 
 CNSsolve>      coor @@RUN:protocols/boxtyp20.pdb 
 CNSsolve>      do (segid=W000) (segid "    ") 
 CNSsolve>      coor sele=(segid W000) translate vector = ($xtrans $ytrans $ztrans) end 
 CNSsolve> 
 CNSsolve>      ! all new water oxygens 
 CNSsolve>      ident (store1) (segid W000 and name oh2) 
 CNSsolve>      ! all new water oxygens close to a protein heavy atom 
 CNSsolve>      ident (store2) (store1 and (not (resn WAT or resn HOH or resn TIP* or resn ANI or resn DAN or resn XAN or resn DUM or resn SHA or hydro)) around $pw_dist) 
 CNSsolve>      ! all new water oxygens close to old water oxygens 
 CNSsolve>      ident (store3) (store1 and (segid wat# and not hydro) around $water_diam) 
 CNSsolve>      ! all new water oxygens further than thickness away from a protein heavy atom 
 CNSsolve>      ident (store4) (store1 and not (not (resn WAT or resn HOH or resn TIP* or resn ANI or resn DAN or resn XAN or resn DUM or resn SHA or hydro)) around $thickness) 
 CNSsolve>      delete sele= (byres (store2 or store3 or store4)) end 
 CNSsolve> 
 CNSsolve> 
 CNSsolve>      ! give waters unique segid name 
 CNSsolve>      eval ($segid= "W" 
 CNSsolve>             + encode($xcount) + encode($ycount) + encode($zcount)) 
 CNSsolve>      do (segid = $segid) (segid W000) 
 CNSsolve> 
 CNSsolve>    end loop wat3 
 CNSsolve>  end loop wat2 
 CNSsolve>  while ($ytrans < $ymtran) loop wat2 
 NEXTCD: condition evaluated as true
 CNSsolve>    eval ($ycount=$ycount+1) 
 EVALUATE: symbol $YCOUNT set to    3.00000     (real)
 CNSsolve>    eval ($ytrans = $ytrans + $boxlength) 
 EVALUATE: symbol $YTRANS set to    20.4680     (real)
 CNSsolve> 
 CNSsolve>    eval ($zcount=0) 
 EVALUATE: symbol $ZCOUNT set to    0.00000     (real)
 CNSsolve>    eval ($ztrans = $zmin - $thickness - $water_diam - $boxlength/2 ) 
 EVALUATE: symbol $ZTRANS set to   -31.2110     (real)
 CNSsolve>    while ($ztrans < $zmtran) loop wat3 
 NEXTCD: condition evaluated as true
 CNSsolve>      eval ($zcount=$zcount+1) 
 EVALUATE: symbol $ZCOUNT set to    1.00000     (real)
 CNSsolve>      eval ($ztrans = $ztrans + $boxlength) 
 EVALUATE: symbol $ZTRANS set to   -12.3550     (real)
 CNSsolve> 
 CNSsolve> 
 CNSsolve>      segment 
 SEGMENT>        name="    " 
 SEGMENT>        chain 
 CHAIN>          coordinates @@RUN:protocols/boxtyp20.pdb 
 ASSFIL: file boxtyp20.pdb opened.
 COOR>REMARKS *****  CHARMM water box from Charlie Brooks. ******** 
 COOR>REMARKS * This is a box of 216 3-site water molecules in the experimental 
 COOR>REMARKS * geometry.  It was constructed from an equilibrated 
 COOR>REMARKS * configuration of TIP3P (3-site water model of Jorgenson) 
 COOR>REMARKS * waters at 1 atm pressure and a density of 0.0334 molecules/A**-3. 
 COOR>REMARKS * The box edgelength is 18.856 A.  The minimum image periodic 
 COOR>REMARKS * boundary energy for this configuration using the TIP3P 
 COOR>REMARKS * potentials is -2150.6833 kcal/mol. 
 COOR>REMARKS 
 COOR>ATOM      1 OH2  WAT     1       2.531   0.596  -2.477        0.000 
 SEGMNT-info: chain termination due to END keyword.   216 residues were inserted into segid "    "
 CHAIN>        end 
 SEGMENT>      end 
 Status of internal molecular topology database:
 -> NATOM=       5727(MAXA=     1000000)  NBOND=       4277(MAXB=     1000000)
 -> NTHETA=      3714(MAXT=     2000000)  NGRP=        1890(MAXGRP=   1000000)
 -> NPHI=          22(MAXP=     2000000)  NIMPHI=       772(MAXIMP=   1000000)
 -> NNB=          102(MAXNB=    1000000) 
 CNSsolve>      coor @@RUN:protocols/boxtyp20.pdb 
 ASSFIL: file boxtyp20.pdb opened.
 COOR>REMARKS *****  CHARMM water box from Charlie Brooks. ******** 
 COOR>REMARKS * This is a box of 216 3-site water molecules in the experimental 
 COOR>REMARKS * geometry.  It was constructed from an equilibrated 
 COOR>REMARKS * configuration of TIP3P (3-site water model of Jorgenson) 
 COOR>REMARKS * waters at 1 atm pressure and a density of 0.0334 molecules/A**-3. 
 COOR>REMARKS * The box edgelength is 18.856 A.  The minimum image periodic 
 COOR>REMARKS * boundary energy for this configuration using the TIP3P 
 COOR>REMARKS * potentials is -2150.6833 kcal/mol. 
 COOR>REMARKS 
 COOR>ATOM      1 OH2  WAT     1       2.531   0.596  -2.477        0.000 
 COOR>ATOM      2 H1   WAT     1       2.620   1.540  -2.609        0.000 
 CNSsolve>      do (segid=W000) (segid "    ") 
 Assuming literal string "W000"
 SELRPN:    648 atoms have been selected out of   5727
 CNSsolve>      coor sele=(segid W000) translate vector = ($xtrans $ytrans $ztrans) end 
 SELRPN:    648 atoms have been selected out of   5727
 COOR: using atom subset.
 COOR: translation vector =(    15.474000   20.468000  -12.355000 )
 COOR: selected coordinates translated
 CNSsolve> 
 CNSsolve>      ! all new water oxygens 
 CNSsolve>      ident (store1) (segid W000 and name oh2) 
 SELRPN:    216 atoms have been selected out of   5727
 CNSsolve>      ! all new water oxygens close to a protein heavy atom 
 CNSsolve>      ident (store2) (store1 and (not (resn WAT or resn HOH or resn TIP* or resn ANI or resn DAN or resn XAN or resn DUM or resn SHA or hydro)) around $pw_dist) 
 SELRPN:      0 atoms have been selected out of   5727
 CNSsolve>      ! all new water oxygens close to old water oxygens 
 CNSsolve>      ident (store3) (store1 and (segid wat# and not hydro) around $water_diam) 
 SELRPN:      0 atoms have been selected out of   5727
 CNSsolve>      ! all new water oxygens further than thickness away from a protein heavy atom 
 CNSsolve>      ident (store4) (store1 and not (not (resn WAT or resn HOH or resn TIP* or resn ANI or resn DAN or resn XAN or resn DUM or resn SHA or hydro)) around $thickness) 
 SELRPN:    187 atoms have been selected out of   5727
 CNSsolve>      delete sele= (byres (store2 or store3 or store4)) end 
 SELRPN:    561 atoms have been selected out of   5727
 Status of internal molecular topology database:
 -> NATOM=       5166(MAXA=     1000000)  NBOND=       3903(MAXB=     1000000)
 -> NTHETA=      3527(MAXT=     2000000)  NGRP=        1703(MAXGRP=   1000000)
 -> NPHI=          22(MAXP=     2000000)  NIMPHI=       772(MAXIMP=   1000000)
 -> NNB=          102(MAXNB=    1000000) 
 CNSsolve> 
 CNSsolve> 
 CNSsolve>      ! give waters unique segid name 
 CNSsolve>      eval ($segid= "W" 
 Expression=             + encode($xcount) + encode($ycount) + encode($zcount)) 
 EVALUATE: symbol $SEGID set to "W431" (string)
 CNSsolve>      do (segid = $segid) (segid W000) 
 SELRPN:     87 atoms have been selected out of   5166
 CNSsolve> 
 CNSsolve>    end loop wat3 
 CNSsolve>    while ($ztrans < $zmtran) loop wat3 
 NEXTCD: condition evaluated as true
 CNSsolve>      eval ($zcount=$zcount+1) 
 EVALUATE: symbol $ZCOUNT set to    2.00000     (real)
 CNSsolve>      eval ($ztrans = $ztrans + $boxlength) 
 EVALUATE: symbol $ZTRANS set to    6.50100     (real)
 CNSsolve> 
 CNSsolve> 
 CNSsolve>      segment 
 SEGMENT>        name="    " 
 SEGMENT>        chain 
 CHAIN>          coordinates @@RUN:protocols/boxtyp20.pdb 
 ASSFIL: file boxtyp20.pdb opened.
 COOR>REMARKS *****  CHARMM water box from Charlie Brooks. ******** 
 COOR>REMARKS * This is a box of 216 3-site water molecules in the experimental 
 COOR>REMARKS * geometry.  It was constructed from an equilibrated 
 COOR>REMARKS * configuration of TIP3P (3-site water model of Jorgenson) 
 COOR>REMARKS * waters at 1 atm pressure and a density of 0.0334 molecules/A**-3. 
 COOR>REMARKS * The box edgelength is 18.856 A.  The minimum image periodic 
 COOR>REMARKS * boundary energy for this configuration using the TIP3P 
 COOR>REMARKS * potentials is -2150.6833 kcal/mol. 
 COOR>REMARKS 
 COOR>ATOM      1 OH2  WAT     1       2.531   0.596  -2.477        0.000 
 SEGMNT-info: chain termination due to END keyword.   216 residues were inserted into segid "    "
 CHAIN>        end 
 SEGMENT>      end 
 Status of internal molecular topology database:
 -> NATOM=       5814(MAXA=     1000000)  NBOND=       4335(MAXB=     1000000)
 -> NTHETA=      3743(MAXT=     2000000)  NGRP=        1919(MAXGRP=   1000000)
 -> NPHI=          22(MAXP=     2000000)  NIMPHI=       772(MAXIMP=   1000000)
 -> NNB=          102(MAXNB=    1000000) 
 CNSsolve>      coor @@RUN:protocols/boxtyp20.pdb 
 ASSFIL: file boxtyp20.pdb opened.
 COOR>REMARKS *****  CHARMM water box from Charlie Brooks. ******** 
 COOR>REMARKS * This is a box of 216 3-site water molecules in the experimental 
 COOR>REMARKS * geometry.  It was constructed from an equilibrated 
 COOR>REMARKS * configuration of TIP3P (3-site water model of Jorgenson) 
 COOR>REMARKS * waters at 1 atm pressure and a density of 0.0334 molecules/A**-3. 
 COOR>REMARKS * The box edgelength is 18.856 A.  The minimum image periodic 
 COOR>REMARKS * boundary energy for this configuration using the TIP3P 
 COOR>REMARKS * potentials is -2150.6833 kcal/mol. 
 COOR>REMARKS 
 COOR>ATOM      1 OH2  WAT     1       2.531   0.596  -2.477        0.000 
 COOR>ATOM      2 H1   WAT     1       2.620   1.540  -2.609        0.000 
 CNSsolve>      do (segid=W000) (segid "    ") 
 Assuming literal string "W000"
 SELRPN:    648 atoms have been selected out of   5814
 CNSsolve>      coor sele=(segid W000) translate vector = ($xtrans $ytrans $ztrans) end 
 SELRPN:    648 atoms have been selected out of   5814
 COOR: using atom subset.
 COOR: translation vector =(    15.474000   20.468000    6.501000 )
 COOR: selected coordinates translated
 CNSsolve> 
 CNSsolve>      ! all new water oxygens 
 CNSsolve>      ident (store1) (segid W000 and name oh2) 
 SELRPN:    216 atoms have been selected out of   5814
 CNSsolve>      ! all new water oxygens close to a protein heavy atom 
 CNSsolve>      ident (store2) (store1 and (not (resn WAT or resn HOH or resn TIP* or resn ANI or resn DAN or resn XAN or resn DUM or resn SHA or hydro)) around $pw_dist) 
 SELRPN:      6 atoms have been selected out of   5814
 CNSsolve>      ! all new water oxygens close to old water oxygens 
 CNSsolve>      ident (store3) (store1 and (segid wat# and not hydro) around $water_diam) 
 SELRPN:      0 atoms have been selected out of   5814
 CNSsolve>      ! all new water oxygens further than thickness away from a protein heavy atom 
 CNSsolve>      ident (store4) (store1 and not (not (resn WAT or resn HOH or resn TIP* or resn ANI or resn DAN or resn XAN or resn DUM or resn SHA or hydro)) around $thickness) 
 SELRPN:    151 atoms have been selected out of   5814
 CNSsolve>      delete sele= (byres (store2 or store3 or store4)) end 
 SELRPN:    471 atoms have been selected out of   5814
 Status of internal molecular topology database:
 -> NATOM=       5343(MAXA=     1000000)  NBOND=       4021(MAXB=     1000000)
 -> NTHETA=      3586(MAXT=     2000000)  NGRP=        1762(MAXGRP=   1000000)
 -> NPHI=          22(MAXP=     2000000)  NIMPHI=       772(MAXIMP=   1000000)
 -> NNB=          102(MAXNB=    1000000) 
 CNSsolve> 
 CNSsolve> 
 CNSsolve>      ! give waters unique segid name 
 CNSsolve>      eval ($segid= "W" 
 Expression=             + encode($xcount) + encode($ycount) + encode($zcount)) 
 EVALUATE: symbol $SEGID set to "W432" (string)
 CNSsolve>      do (segid = $segid) (segid W000) 
 SELRPN:    177 atoms have been selected out of   5343
 CNSsolve> 
 CNSsolve>    end loop wat3 
 CNSsolve>    while ($ztrans < $zmtran) loop wat3 
 NEXTCD: condition evaluated as true
 CNSsolve>      eval ($zcount=$zcount+1) 
 EVALUATE: symbol $ZCOUNT set to    3.00000     (real)
 CNSsolve>      eval ($ztrans = $ztrans + $boxlength) 
 EVALUATE: symbol $ZTRANS set to    25.3570     (real)
 CNSsolve> 
 CNSsolve> 
 CNSsolve>      segment 
 SEGMENT>        name="    " 
 SEGMENT>        chain 
 CHAIN>          coordinates @@RUN:protocols/boxtyp20.pdb 
 ASSFIL: file boxtyp20.pdb opened.
 COOR>REMARKS *****  CHARMM water box from Charlie Brooks. ******** 
 COOR>REMARKS * This is a box of 216 3-site water molecules in the experimental 
 COOR>REMARKS * geometry.  It was constructed from an equilibrated 
 COOR>REMARKS * configuration of TIP3P (3-site water model of Jorgenson) 
 COOR>REMARKS * waters at 1 atm pressure and a density of 0.0334 molecules/A**-3. 
 COOR>REMARKS * The box edgelength is 18.856 A.  The minimum image periodic 
 COOR>REMARKS * boundary energy for this configuration using the TIP3P 
 COOR>REMARKS * potentials is -2150.6833 kcal/mol. 
 COOR>REMARKS 
 COOR>ATOM      1 OH2  WAT     1       2.531   0.596  -2.477        0.000 
 SEGMNT-info: chain termination due to END keyword.   216 residues were inserted into segid "    "
 CHAIN>        end 
 SEGMENT>      end 
 Status of internal molecular topology database:
 -> NATOM=       5991(MAXA=     1000000)  NBOND=       4453(MAXB=     1000000)
 -> NTHETA=      3802(MAXT=     2000000)  NGRP=        1978(MAXGRP=   1000000)
 -> NPHI=          22(MAXP=     2000000)  NIMPHI=       772(MAXIMP=   1000000)
 -> NNB=          102(MAXNB=    1000000) 
 CNSsolve>      coor @@RUN:protocols/boxtyp20.pdb 
 ASSFIL: file boxtyp20.pdb opened.
 COOR>REMARKS *****  CHARMM water box from Charlie Brooks. ******** 
 COOR>REMARKS * This is a box of 216 3-site water molecules in the experimental 
 COOR>REMARKS * geometry.  It was constructed from an equilibrated 
 COOR>REMARKS * configuration of TIP3P (3-site water model of Jorgenson) 
 COOR>REMARKS * waters at 1 atm pressure and a density of 0.0334 molecules/A**-3. 
 COOR>REMARKS * The box edgelength is 18.856 A.  The minimum image periodic 
 COOR>REMARKS * boundary energy for this configuration using the TIP3P 
 COOR>REMARKS * potentials is -2150.6833 kcal/mol. 
 COOR>REMARKS 
 COOR>ATOM      1 OH2  WAT     1       2.531   0.596  -2.477        0.000 
 COOR>ATOM      2 H1   WAT     1       2.620   1.540  -2.609        0.000 
 CNSsolve>      do (segid=W000) (segid "    ") 
 Assuming literal string "W000"
 SELRPN:    648 atoms have been selected out of   5991
 CNSsolve>      coor sele=(segid W000) translate vector = ($xtrans $ytrans $ztrans) end 
 SELRPN:    648 atoms have been selected out of   5991
 COOR: using atom subset.
 COOR: translation vector =(    15.474000   20.468000   25.357000 )
 COOR: selected coordinates translated
 CNSsolve> 
 CNSsolve>      ! all new water oxygens 
 CNSsolve>      ident (store1) (segid W000 and name oh2) 
 SELRPN:    216 atoms have been selected out of   5991
 CNSsolve>      ! all new water oxygens close to a protein heavy atom 
 CNSsolve>      ident (store2) (store1 and (not (resn WAT or resn HOH or resn TIP* or resn ANI or resn DAN or resn XAN or resn DUM or resn SHA or hydro)) around $pw_dist) 
 SELRPN:      0 atoms have been selected out of   5991
 CNSsolve>      ! all new water oxygens close to old water oxygens 
 CNSsolve>      ident (store3) (store1 and (segid wat# and not hydro) around $water_diam) 
 SELRPN:      0 atoms have been selected out of   5991
 CNSsolve>      ! all new water oxygens further than thickness away from a protein heavy atom 
 CNSsolve>      ident (store4) (store1 and not (not (resn WAT or resn HOH or resn TIP* or resn ANI or resn DAN or resn XAN or resn DUM or resn SHA or hydro)) around $thickness) 
 SELRPN:    216 atoms have been selected out of   5991
 CNSsolve>      delete sele= (byres (store2 or store3 or store4)) end 
 SELRPN:    648 atoms have been selected out of   5991
 Status of internal molecular topology database:
 -> NATOM=       5343(MAXA=     1000000)  NBOND=       4021(MAXB=     1000000)
 -> NTHETA=      3586(MAXT=     2000000)  NGRP=        1762(MAXGRP=   1000000)
 -> NPHI=          22(MAXP=     2000000)  NIMPHI=       772(MAXIMP=   1000000)
 -> NNB=          102(MAXNB=    1000000) 
 CNSsolve> 
 CNSsolve> 
 CNSsolve>      ! give waters unique segid name 
 CNSsolve>      eval ($segid= "W" 
 Expression=             + encode($xcount) + encode($ycount) + encode($zcount)) 
 EVALUATE: symbol $SEGID set to "W433" (string)
 CNSsolve>      do (segid = $segid) (segid W000) 
 SELRPN:      0 atoms have been selected out of   5343
 CNSsolve> 
 CNSsolve>    end loop wat3 
 CNSsolve>    while ($ztrans < $zmtran) loop wat3 
 NEXTCD: condition evaluated as false
 CNSsolve>      eval ($zcount=$zcount+1) 
 CNSsolve>      eval ($ztrans = $ztrans + $boxlength) 
 CNSsolve> 
 CNSsolve> 
 CNSsolve>      segment 
 CNSsolve>        name="    " 
 CNSsolve>        chain 
 CNSsolve>          coordinates @@RUN:protocols/boxtyp20.pdb 
 CNSsolve>        end 
 CNSsolve>      end 
 CNSsolve>      coor @@RUN:protocols/boxtyp20.pdb 
 CNSsolve>      do (segid=W000) (segid "    ") 
 CNSsolve>      coor sele=(segid W000) translate vector = ($xtrans $ytrans $ztrans) end 
 CNSsolve> 
 CNSsolve>      ! all new water oxygens 
 CNSsolve>      ident (store1) (segid W000 and name oh2) 
 CNSsolve>      ! all new water oxygens close to a protein heavy atom 
 CNSsolve>      ident (store2) (store1 and (not (resn WAT or resn HOH or resn TIP* or resn ANI or resn DAN or resn XAN or resn DUM or resn SHA or hydro)) around $pw_dist) 
 CNSsolve>      ! all new water oxygens close to old water oxygens 
 CNSsolve>      ident (store3) (store1 and (segid wat# and not hydro) around $water_diam) 
 CNSsolve>      ! all new water oxygens further than thickness away from a protein heavy atom 
 CNSsolve>      ident (store4) (store1 and not (not (resn WAT or resn HOH or resn TIP* or resn ANI or resn DAN or resn XAN or resn DUM or resn SHA or hydro)) around $thickness) 
 CNSsolve>      delete sele= (byres (store2 or store3 or store4)) end 
 CNSsolve> 
 CNSsolve> 
 CNSsolve>      ! give waters unique segid name 
 CNSsolve>      eval ($segid= "W" 
 CNSsolve>             + encode($xcount) + encode($ycount) + encode($zcount)) 
 CNSsolve>      do (segid = $segid) (segid W000) 
 CNSsolve> 
 CNSsolve>    end loop wat3 
 CNSsolve>  end loop wat2 
 CNSsolve>  while ($ytrans < $ymtran) loop wat2 
 NEXTCD: condition evaluated as false
 CNSsolve>    eval ($ycount=$ycount+1) 
 CNSsolve>    eval ($ytrans = $ytrans + $boxlength) 
 CNSsolve> 
 CNSsolve>    eval ($zcount=0) 
 CNSsolve>    eval ($ztrans = $zmin - $thickness - $water_diam - $boxlength/2 ) 
 CNSsolve>    while ($ztrans < $zmtran) loop wat3 
 CNSsolve>      eval ($zcount=$zcount+1) 
 CNSsolve>      eval ($ztrans = $ztrans + $boxlength) 
 CNSsolve> 
 CNSsolve> 
 CNSsolve>      segment 
 CNSsolve>        name="    " 
 CNSsolve>        chain 
 CNSsolve>          coordinates @@RUN:protocols/boxtyp20.pdb 
 CNSsolve>        end 
 CNSsolve>      end 
 CNSsolve>      coor @@RUN:protocols/boxtyp20.pdb 
 CNSsolve>      do (segid=W000) (segid "    ") 
 CNSsolve>      coor sele=(segid W000) translate vector = ($xtrans $ytrans $ztrans) end 
 CNSsolve> 
 CNSsolve>      ! all new water oxygens 
 CNSsolve>      ident (store1) (segid W000 and name oh2) 
 CNSsolve>      ! all new water oxygens close to a protein heavy atom 
 CNSsolve>      ident (store2) (store1 and (not (resn WAT or resn HOH or resn TIP* or resn ANI or resn DAN or resn XAN or resn DUM or resn SHA or hydro)) around $pw_dist) 
 CNSsolve>      ! all new water oxygens close to old water oxygens 
 CNSsolve>      ident (store3) (store1 and (segid wat# and not hydro) around $water_diam) 
 CNSsolve>      ! all new water oxygens further than thickness away from a protein heavy atom 
 CNSsolve>      ident (store4) (store1 and not (not (resn WAT or resn HOH or resn TIP* or resn ANI or resn DAN or resn XAN or resn DUM or resn SHA or hydro)) around $thickness) 
 CNSsolve>      delete sele= (byres (store2 or store3 or store4)) end 
 CNSsolve> 
 CNSsolve> 
 CNSsolve>      ! give waters unique segid name 
 CNSsolve>      eval ($segid= "W" 
 CNSsolve>             + encode($xcount) + encode($ycount) + encode($zcount)) 
 CNSsolve>      do (segid = $segid) (segid W000) 
 CNSsolve> 
 CNSsolve>    end loop wat3 
 CNSsolve>  end loop wat2 
 CNSsolve>end loop wat1 
 CNSsolve>while ($xtrans < $xmtran) loop wat1 
 NEXTCD: condition evaluated as true
 CNSsolve>  eval ($xcount=$xcount+1) 
 EVALUATE: symbol $XCOUNT set to    5.00000     (real)
 CNSsolve>  eval ($xtrans = $xtrans + $boxlength) 
 EVALUATE: symbol $XTRANS set to    34.3300     (real)
 CNSsolve> 
 CNSsolve>  eval ($ycount=0) 
 EVALUATE: symbol $YCOUNT set to    0.00000     (real)
 CNSsolve>  eval ($ytrans = $ymin - $thickness - $water_diam - $boxlength/2 ) 
 EVALUATE: symbol $YTRANS set to   -36.1000     (real)
 CNSsolve>  while ($ytrans < $ymtran) loop wat2 
 NEXTCD: condition evaluated as true
 CNSsolve>    eval ($ycount=$ycount+1) 
 EVALUATE: symbol $YCOUNT set to    1.00000     (real)
 CNSsolve>    eval ($ytrans = $ytrans + $boxlength) 
 EVALUATE: symbol $YTRANS set to   -17.2440     (real)
 CNSsolve> 
 CNSsolve>    eval ($zcount=0) 
 EVALUATE: symbol $ZCOUNT set to    0.00000     (real)
 CNSsolve>    eval ($ztrans = $zmin - $thickness - $water_diam - $boxlength/2 ) 
 EVALUATE: symbol $ZTRANS set to   -31.2110     (real)
 CNSsolve>    while ($ztrans < $zmtran) loop wat3 
 NEXTCD: condition evaluated as true
 CNSsolve>      eval ($zcount=$zcount+1) 
 EVALUATE: symbol $ZCOUNT set to    1.00000     (real)
 CNSsolve>      eval ($ztrans = $ztrans + $boxlength) 
 EVALUATE: symbol $ZTRANS set to   -12.3550     (real)
 CNSsolve> 
 CNSsolve> 
 CNSsolve>      segment 
 SEGMENT>        name="    " 
 SEGMENT>        chain 
 CHAIN>          coordinates @@RUN:protocols/boxtyp20.pdb 
 ASSFIL: file boxtyp20.pdb opened.
 COOR>REMARKS *****  CHARMM water box from Charlie Brooks. ******** 
 COOR>REMARKS * This is a box of 216 3-site water molecules in the experimental 
 COOR>REMARKS * geometry.  It was constructed from an equilibrated 
 COOR>REMARKS * configuration of TIP3P (3-site water model of Jorgenson) 
 COOR>REMARKS * waters at 1 atm pressure and a density of 0.0334 molecules/A**-3. 
 COOR>REMARKS * The box edgelength is 18.856 A.  The minimum image periodic 
 COOR>REMARKS * boundary energy for this configuration using the TIP3P 
 COOR>REMARKS * potentials is -2150.6833 kcal/mol. 
 COOR>REMARKS 
 COOR>ATOM      1 OH2  WAT     1       2.531   0.596  -2.477        0.000 
 SEGMNT-info: chain termination due to END keyword.   216 residues were inserted into segid "    "
 CHAIN>        end 
 SEGMENT>      end 
 Status of internal molecular topology database:
 -> NATOM=       5991(MAXA=     1000000)  NBOND=       4453(MAXB=     1000000)
 -> NTHETA=      3802(MAXT=     2000000)  NGRP=        1978(MAXGRP=   1000000)
 -> NPHI=          22(MAXP=     2000000)  NIMPHI=       772(MAXIMP=   1000000)
 -> NNB=          102(MAXNB=    1000000) 
 CNSsolve>      coor @@RUN:protocols/boxtyp20.pdb 
 ASSFIL: file boxtyp20.pdb opened.
 COOR>REMARKS *****  CHARMM water box from Charlie Brooks. ******** 
 COOR>REMARKS * This is a box of 216 3-site water molecules in the experimental 
 COOR>REMARKS * geometry.  It was constructed from an equilibrated 
 COOR>REMARKS * configuration of TIP3P (3-site water model of Jorgenson) 
 COOR>REMARKS * waters at 1 atm pressure and a density of 0.0334 molecules/A**-3. 
 COOR>REMARKS * The box edgelength is 18.856 A.  The minimum image periodic 
 COOR>REMARKS * boundary energy for this configuration using the TIP3P 
 COOR>REMARKS * potentials is -2150.6833 kcal/mol. 
 COOR>REMARKS 
 COOR>ATOM      1 OH2  WAT     1       2.531   0.596  -2.477        0.000 
 COOR>ATOM      2 H1   WAT     1       2.620   1.540  -2.609        0.000 
 CNSsolve>      do (segid=W000) (segid "    ") 
 Assuming literal string "W000"
 SELRPN:    648 atoms have been selected out of   5991
 CNSsolve>      coor sele=(segid W000) translate vector = ($xtrans $ytrans $ztrans) end 
 SELRPN:    648 atoms have been selected out of   5991
 COOR: using atom subset.
 COOR: translation vector =(    34.330000  -17.244000  -12.355000 )
 COOR: selected coordinates translated
 CNSsolve> 
 CNSsolve>      ! all new water oxygens 
 CNSsolve>      ident (store1) (segid W000 and name oh2) 
 SELRPN:    216 atoms have been selected out of   5991
 CNSsolve>      ! all new water oxygens close to a protein heavy atom 
 CNSsolve>      ident (store2) (store1 and (not (resn WAT or resn HOH or resn TIP* or resn ANI or resn DAN or resn XAN or resn DUM or resn SHA or hydro)) around $pw_dist) 
 SELRPN:      1 atoms have been selected out of   5991
 CNSsolve>      ! all new water oxygens close to old water oxygens 
 CNSsolve>      ident (store3) (store1 and (segid wat# and not hydro) around $water_diam) 
 SELRPN:      0 atoms have been selected out of   5991
 CNSsolve>      ! all new water oxygens further than thickness away from a protein heavy atom 
 CNSsolve>      ident (store4) (store1 and not (not (resn WAT or resn HOH or resn TIP* or resn ANI or resn DAN or resn XAN or resn DUM or resn SHA or hydro)) around $thickness) 
 SELRPN:    192 atoms have been selected out of   5991
 CNSsolve>      delete sele= (byres (store2 or store3 or store4)) end 
 SELRPN:    579 atoms have been selected out of   5991
 Status of internal molecular topology database:
 -> NATOM=       5412(MAXA=     1000000)  NBOND=       4067(MAXB=     1000000)
 -> NTHETA=      3609(MAXT=     2000000)  NGRP=        1785(MAXGRP=   1000000)
 -> NPHI=          22(MAXP=     2000000)  NIMPHI=       772(MAXIMP=   1000000)
 -> NNB=          102(MAXNB=    1000000) 
 CNSsolve> 
 CNSsolve> 
 CNSsolve>      ! give waters unique segid name 
 CNSsolve>      eval ($segid= "W" 
 Expression=             + encode($xcount) + encode($ycount) + encode($zcount)) 
 EVALUATE: symbol $SEGID set to "W511" (string)
 CNSsolve>      do (segid = $segid) (segid W000) 
 SELRPN:     69 atoms have been selected out of   5412
 CNSsolve> 
 CNSsolve>    end loop wat3 
 CNSsolve>    while ($ztrans < $zmtran) loop wat3 
 NEXTCD: condition evaluated as true
 CNSsolve>      eval ($zcount=$zcount+1) 
 EVALUATE: symbol $ZCOUNT set to    2.00000     (real)
 CNSsolve>      eval ($ztrans = $ztrans + $boxlength) 
 EVALUATE: symbol $ZTRANS set to    6.50100     (real)
 CNSsolve> 
 CNSsolve> 
 CNSsolve>      segment 
 SEGMENT>        name="    " 
 SEGMENT>        chain 
 CHAIN>          coordinates @@RUN:protocols/boxtyp20.pdb 
 ASSFIL: file boxtyp20.pdb opened.
 COOR>REMARKS *****  CHARMM water box from Charlie Brooks. ******** 
 COOR>REMARKS * This is a box of 216 3-site water molecules in the experimental 
 COOR>REMARKS * geometry.  It was constructed from an equilibrated 
 COOR>REMARKS * configuration of TIP3P (3-site water model of Jorgenson) 
 COOR>REMARKS * waters at 1 atm pressure and a density of 0.0334 molecules/A**-3. 
 COOR>REMARKS * The box edgelength is 18.856 A.  The minimum image periodic 
 COOR>REMARKS * boundary energy for this configuration using the TIP3P 
 COOR>REMARKS * potentials is -2150.6833 kcal/mol. 
 COOR>REMARKS 
 COOR>ATOM      1 OH2  WAT     1       2.531   0.596  -2.477        0.000 
 SEGMNT-info: chain termination due to END keyword.   216 residues were inserted into segid "    "
 CHAIN>        end 
 SEGMENT>      end 
 Status of internal molecular topology database:
 -> NATOM=       6060(MAXA=     1000000)  NBOND=       4499(MAXB=     1000000)
 -> NTHETA=      3825(MAXT=     2000000)  NGRP=        2001(MAXGRP=   1000000)
 -> NPHI=          22(MAXP=     2000000)  NIMPHI=       772(MAXIMP=   1000000)
 -> NNB=          102(MAXNB=    1000000) 
 CNSsolve>      coor @@RUN:protocols/boxtyp20.pdb 
 ASSFIL: file boxtyp20.pdb opened.
 COOR>REMARKS *****  CHARMM water box from Charlie Brooks. ******** 
 COOR>REMARKS * This is a box of 216 3-site water molecules in the experimental 
 COOR>REMARKS * geometry.  It was constructed from an equilibrated 
 COOR>REMARKS * configuration of TIP3P (3-site water model of Jorgenson) 
 COOR>REMARKS * waters at 1 atm pressure and a density of 0.0334 molecules/A**-3. 
 COOR>REMARKS * The box edgelength is 18.856 A.  The minimum image periodic 
 COOR>REMARKS * boundary energy for this configuration using the TIP3P 
 COOR>REMARKS * potentials is -2150.6833 kcal/mol. 
 COOR>REMARKS 
 COOR>ATOM      1 OH2  WAT     1       2.531   0.596  -2.477        0.000 
 COOR>ATOM      2 H1   WAT     1       2.620   1.540  -2.609        0.000 
 CNSsolve>      do (segid=W000) (segid "    ") 
 Assuming literal string "W000"
 SELRPN:    648 atoms have been selected out of   6060
 CNSsolve>      coor sele=(segid W000) translate vector = ($xtrans $ytrans $ztrans) end 
 SELRPN:    648 atoms have been selected out of   6060
 COOR: using atom subset.
 COOR: translation vector =(    34.330000  -17.244000    6.501000 )
 COOR: selected coordinates translated
 CNSsolve> 
 CNSsolve>      ! all new water oxygens 
 CNSsolve>      ident (store1) (segid W000 and name oh2) 
 SELRPN:    216 atoms have been selected out of   6060
 CNSsolve>      ! all new water oxygens close to a protein heavy atom 
 CNSsolve>      ident (store2) (store1 and (not (resn WAT or resn HOH or resn TIP* or resn ANI or resn DAN or resn XAN or resn DUM or resn SHA or hydro)) around $pw_dist) 
 SELRPN:      9 atoms have been selected out of   6060
 CNSsolve>      ! all new water oxygens close to old water oxygens 
 CNSsolve>      ident (store3) (store1 and (segid wat# and not hydro) around $water_diam) 
 SELRPN:      0 atoms have been selected out of   6060
 CNSsolve>      ! all new water oxygens further than thickness away from a protein heavy atom 
 CNSsolve>      ident (store4) (store1 and not (not (resn WAT or resn HOH or resn TIP* or resn ANI or resn DAN or resn XAN or resn DUM or resn SHA or hydro)) around $thickness) 
 SELRPN:    166 atoms have been selected out of   6060
 CNSsolve>      delete sele= (byres (store2 or store3 or store4)) end 
 SELRPN:    525 atoms have been selected out of   6060
 Status of internal molecular topology database:
 -> NATOM=       5535(MAXA=     1000000)  NBOND=       4149(MAXB=     1000000)
 -> NTHETA=      3650(MAXT=     2000000)  NGRP=        1826(MAXGRP=   1000000)
 -> NPHI=          22(MAXP=     2000000)  NIMPHI=       772(MAXIMP=   1000000)
 -> NNB=          102(MAXNB=    1000000) 
 CNSsolve> 
 CNSsolve> 
 CNSsolve>      ! give waters unique segid name 
 CNSsolve>      eval ($segid= "W" 
 Expression=             + encode($xcount) + encode($ycount) + encode($zcount)) 
 EVALUATE: symbol $SEGID set to "W512" (string)
 CNSsolve>      do (segid = $segid) (segid W000) 
 SELRPN:    123 atoms have been selected out of   5535
 CNSsolve> 
 CNSsolve>    end loop wat3 
 CNSsolve>    while ($ztrans < $zmtran) loop wat3 
 NEXTCD: condition evaluated as true
 CNSsolve>      eval ($zcount=$zcount+1) 
 EVALUATE: symbol $ZCOUNT set to    3.00000     (real)
 CNSsolve>      eval ($ztrans = $ztrans + $boxlength) 
 EVALUATE: symbol $ZTRANS set to    25.3570     (real)
 CNSsolve> 
 CNSsolve> 
 CNSsolve>      segment 
 SEGMENT>        name="    " 
 SEGMENT>        chain 
 CHAIN>          coordinates @@RUN:protocols/boxtyp20.pdb 
 ASSFIL: file boxtyp20.pdb opened.
 COOR>REMARKS *****  CHARMM water box from Charlie Brooks. ******** 
 COOR>REMARKS * This is a box of 216 3-site water molecules in the experimental 
 COOR>REMARKS * geometry.  It was constructed from an equilibrated 
 COOR>REMARKS * configuration of TIP3P (3-site water model of Jorgenson) 
 COOR>REMARKS * waters at 1 atm pressure and a density of 0.0334 molecules/A**-3. 
 COOR>REMARKS * The box edgelength is 18.856 A.  The minimum image periodic 
 COOR>REMARKS * boundary energy for this configuration using the TIP3P 
 COOR>REMARKS * potentials is -2150.6833 kcal/mol. 
 COOR>REMARKS 
 COOR>ATOM      1 OH2  WAT     1       2.531   0.596  -2.477        0.000 
 SEGMNT-info: chain termination due to END keyword.   216 residues were inserted into segid "    "
 CHAIN>        end 
 SEGMENT>      end 
 Status of internal molecular topology database:
 -> NATOM=       6183(MAXA=     1000000)  NBOND=       4581(MAXB=     1000000)
 -> NTHETA=      3866(MAXT=     2000000)  NGRP=        2042(MAXGRP=   1000000)
 -> NPHI=          22(MAXP=     2000000)  NIMPHI=       772(MAXIMP=   1000000)
 -> NNB=          102(MAXNB=    1000000) 
 CNSsolve>      coor @@RUN:protocols/boxtyp20.pdb 
 ASSFIL: file boxtyp20.pdb opened.
 COOR>REMARKS *****  CHARMM water box from Charlie Brooks. ******** 
 COOR>REMARKS * This is a box of 216 3-site water molecules in the experimental 
 COOR>REMARKS * geometry.  It was constructed from an equilibrated 
 COOR>REMARKS * configuration of TIP3P (3-site water model of Jorgenson) 
 COOR>REMARKS * waters at 1 atm pressure and a density of 0.0334 molecules/A**-3. 
 COOR>REMARKS * The box edgelength is 18.856 A.  The minimum image periodic 
 COOR>REMARKS * boundary energy for this configuration using the TIP3P 
 COOR>REMARKS * potentials is -2150.6833 kcal/mol. 
 COOR>REMARKS 
 COOR>ATOM      1 OH2  WAT     1       2.531   0.596  -2.477        0.000 
 COOR>ATOM      2 H1   WAT     1       2.620   1.540  -2.609        0.000 
 CNSsolve>      do (segid=W000) (segid "    ") 
 Assuming literal string "W000"
 SELRPN:    648 atoms have been selected out of   6183
 CNSsolve>      coor sele=(segid W000) translate vector = ($xtrans $ytrans $ztrans) end 
 SELRPN:    648 atoms have been selected out of   6183
 COOR: using atom subset.
 COOR: translation vector =(    34.330000  -17.244000   25.357000 )
 COOR: selected coordinates translated
 CNSsolve> 
 CNSsolve>      ! all new water oxygens 
 CNSsolve>      ident (store1) (segid W000 and name oh2) 
 SELRPN:    216 atoms have been selected out of   6183
 CNSsolve>      ! all new water oxygens close to a protein heavy atom 
 CNSsolve>      ident (store2) (store1 and (not (resn WAT or resn HOH or resn TIP* or resn ANI or resn DAN or resn XAN or resn DUM or resn SHA or hydro)) around $pw_dist) 
 SELRPN:      0 atoms have been selected out of   6183
 CNSsolve>      ! all new water oxygens close to old water oxygens 
 CNSsolve>      ident (store3) (store1 and (segid wat# and not hydro) around $water_diam) 
 SELRPN:      0 atoms have been selected out of   6183
 CNSsolve>      ! all new water oxygens further than thickness away from a protein heavy atom 
 CNSsolve>      ident (store4) (store1 and not (not (resn WAT or resn HOH or resn TIP* or resn ANI or resn DAN or resn XAN or resn DUM or resn SHA or hydro)) around $thickness) 
 SELRPN:    216 atoms have been selected out of   6183
 CNSsolve>      delete sele= (byres (store2 or store3 or store4)) end 
 SELRPN:    648 atoms have been selected out of   6183
 Status of internal molecular topology database:
 -> NATOM=       5535(MAXA=     1000000)  NBOND=       4149(MAXB=     1000000)
 -> NTHETA=      3650(MAXT=     2000000)  NGRP=        1826(MAXGRP=   1000000)
 -> NPHI=          22(MAXP=     2000000)  NIMPHI=       772(MAXIMP=   1000000)
 -> NNB=          102(MAXNB=    1000000) 
 CNSsolve> 
 CNSsolve> 
 CNSsolve>      ! give waters unique segid name 
 CNSsolve>      eval ($segid= "W" 
 Expression=             + encode($xcount) + encode($ycount) + encode($zcount)) 
 EVALUATE: symbol $SEGID set to "W513" (string)
 CNSsolve>      do (segid = $segid) (segid W000) 
 SELRPN:      0 atoms have been selected out of   5535
 CNSsolve> 
 CNSsolve>    end loop wat3 
 CNSsolve>    while ($ztrans < $zmtran) loop wat3 
 NEXTCD: condition evaluated as false
 CNSsolve>      eval ($zcount=$zcount+1) 
 CNSsolve>      eval ($ztrans = $ztrans + $boxlength) 
 CNSsolve> 
 CNSsolve> 
 CNSsolve>      segment 
 CNSsolve>        name="    " 
 CNSsolve>        chain 
 CNSsolve>          coordinates @@RUN:protocols/boxtyp20.pdb 
 CNSsolve>        end 
 CNSsolve>      end 
 CNSsolve>      coor @@RUN:protocols/boxtyp20.pdb 
 CNSsolve>      do (segid=W000) (segid "    ") 
 CNSsolve>      coor sele=(segid W000) translate vector = ($xtrans $ytrans $ztrans) end 
 CNSsolve> 
 CNSsolve>      ! all new water oxygens 
 CNSsolve>      ident (store1) (segid W000 and name oh2) 
 CNSsolve>      ! all new water oxygens close to a protein heavy atom 
 CNSsolve>      ident (store2) (store1 and (not (resn WAT or resn HOH or resn TIP* or resn ANI or resn DAN or resn XAN or resn DUM or resn SHA or hydro)) around $pw_dist) 
 CNSsolve>      ! all new water oxygens close to old water oxygens 
 CNSsolve>      ident (store3) (store1 and (segid wat# and not hydro) around $water_diam) 
 CNSsolve>      ! all new water oxygens further than thickness away from a protein heavy atom 
 CNSsolve>      ident (store4) (store1 and not (not (resn WAT or resn HOH or resn TIP* or resn ANI or resn DAN or resn XAN or resn DUM or resn SHA or hydro)) around $thickness) 
 CNSsolve>      delete sele= (byres (store2 or store3 or store4)) end 
 CNSsolve> 
 CNSsolve> 
 CNSsolve>      ! give waters unique segid name 
 CNSsolve>      eval ($segid= "W" 
 CNSsolve>             + encode($xcount) + encode($ycount) + encode($zcount)) 
 CNSsolve>      do (segid = $segid) (segid W000) 
 CNSsolve> 
 CNSsolve>    end loop wat3 
 CNSsolve>  end loop wat2 
 CNSsolve>  while ($ytrans < $ymtran) loop wat2 
 NEXTCD: condition evaluated as true
 CNSsolve>    eval ($ycount=$ycount+1) 
 EVALUATE: symbol $YCOUNT set to    2.00000     (real)
 CNSsolve>    eval ($ytrans = $ytrans + $boxlength) 
 EVALUATE: symbol $YTRANS set to    1.61200     (real)
 CNSsolve> 
 CNSsolve>    eval ($zcount=0) 
 EVALUATE: symbol $ZCOUNT set to    0.00000     (real)
 CNSsolve>    eval ($ztrans = $zmin - $thickness - $water_diam - $boxlength/2 ) 
 EVALUATE: symbol $ZTRANS set to   -31.2110     (real)
 CNSsolve>    while ($ztrans < $zmtran) loop wat3 
 NEXTCD: condition evaluated as true
 CNSsolve>      eval ($zcount=$zcount+1) 
 EVALUATE: symbol $ZCOUNT set to    1.00000     (real)
 CNSsolve>      eval ($ztrans = $ztrans + $boxlength) 
 EVALUATE: symbol $ZTRANS set to   -12.3550     (real)
 CNSsolve> 
 CNSsolve> 
 CNSsolve>      segment 
 SEGMENT>        name="    " 
 SEGMENT>        chain 
 CHAIN>          coordinates @@RUN:protocols/boxtyp20.pdb 
 ASSFIL: file boxtyp20.pdb opened.
 COOR>REMARKS *****  CHARMM water box from Charlie Brooks. ******** 
 COOR>REMARKS * This is a box of 216 3-site water molecules in the experimental 
 COOR>REMARKS * geometry.  It was constructed from an equilibrated 
 COOR>REMARKS * configuration of TIP3P (3-site water model of Jorgenson) 
 COOR>REMARKS * waters at 1 atm pressure and a density of 0.0334 molecules/A**-3. 
 COOR>REMARKS * The box edgelength is 18.856 A.  The minimum image periodic 
 COOR>REMARKS * boundary energy for this configuration using the TIP3P 
 COOR>REMARKS * potentials is -2150.6833 kcal/mol. 
 COOR>REMARKS 
 COOR>ATOM      1 OH2  WAT     1       2.531   0.596  -2.477        0.000 
 SEGMNT-info: chain termination due to END keyword.   216 residues were inserted into segid "    "
 CHAIN>        end 
 SEGMENT>      end 
 Status of internal molecular topology database:
 -> NATOM=       6183(MAXA=     1000000)  NBOND=       4581(MAXB=     1000000)
 -> NTHETA=      3866(MAXT=     2000000)  NGRP=        2042(MAXGRP=   1000000)
 -> NPHI=          22(MAXP=     2000000)  NIMPHI=       772(MAXIMP=   1000000)
 -> NNB=          102(MAXNB=    1000000) 
 CNSsolve>      coor @@RUN:protocols/boxtyp20.pdb 
 ASSFIL: file boxtyp20.pdb opened.
 COOR>REMARKS *****  CHARMM water box from Charlie Brooks. ******** 
 COOR>REMARKS * This is a box of 216 3-site water molecules in the experimental 
 COOR>REMARKS * geometry.  It was constructed from an equilibrated 
 COOR>REMARKS * configuration of TIP3P (3-site water model of Jorgenson) 
 COOR>REMARKS * waters at 1 atm pressure and a density of 0.0334 molecules/A**-3. 
 COOR>REMARKS * The box edgelength is 18.856 A.  The minimum image periodic 
 COOR>REMARKS * boundary energy for this configuration using the TIP3P 
 COOR>REMARKS * potentials is -2150.6833 kcal/mol. 
 COOR>REMARKS 
 COOR>ATOM      1 OH2  WAT     1       2.531   0.596  -2.477        0.000 
 COOR>ATOM      2 H1   WAT     1       2.620   1.540  -2.609        0.000 
 CNSsolve>      do (segid=W000) (segid "    ") 
 Assuming literal string "W000"
 SELRPN:    648 atoms have been selected out of   6183
 CNSsolve>      coor sele=(segid W000) translate vector = ($xtrans $ytrans $ztrans) end 
 SELRPN:    648 atoms have been selected out of   6183
 COOR: using atom subset.
 COOR: translation vector =(    34.330000    1.612000  -12.355000 )
 COOR: selected coordinates translated
 CNSsolve> 
 CNSsolve>      ! all new water oxygens 
 CNSsolve>      ident (store1) (segid W000 and name oh2) 
 SELRPN:    216 atoms have been selected out of   6183
 CNSsolve>      ! all new water oxygens close to a protein heavy atom 
 CNSsolve>      ident (store2) (store1 and (not (resn WAT or resn HOH or resn TIP* or resn ANI or resn DAN or resn XAN or resn DUM or resn SHA or hydro)) around $pw_dist) 
 SELRPN:     11 atoms have been selected out of   6183
 CNSsolve>      ! all new water oxygens close to old water oxygens 
 CNSsolve>      ident (store3) (store1 and (segid wat# and not hydro) around $water_diam) 
 SELRPN:      0 atoms have been selected out of   6183
 CNSsolve>      ! all new water oxygens further than thickness away from a protein heavy atom 
 CNSsolve>      ident (store4) (store1 and not (not (resn WAT or resn HOH or resn TIP* or resn ANI or resn DAN or resn XAN or resn DUM or resn SHA or hydro)) around $thickness) 
 SELRPN:    155 atoms have been selected out of   6183
 CNSsolve>      delete sele= (byres (store2 or store3 or store4)) end 
 SELRPN:    498 atoms have been selected out of   6183
 Status of internal molecular topology database:
 -> NATOM=       5685(MAXA=     1000000)  NBOND=       4249(MAXB=     1000000)
 -> NTHETA=      3700(MAXT=     2000000)  NGRP=        1876(MAXGRP=   1000000)
 -> NPHI=          22(MAXP=     2000000)  NIMPHI=       772(MAXIMP=   1000000)
 -> NNB=          102(MAXNB=    1000000) 
 CNSsolve> 
 CNSsolve> 
 CNSsolve>      ! give waters unique segid name 
 CNSsolve>      eval ($segid= "W" 
 Expression=             + encode($xcount) + encode($ycount) + encode($zcount)) 
 EVALUATE: symbol $SEGID set to "W521" (string)
 CNSsolve>      do (segid = $segid) (segid W000) 
 SELRPN:    150 atoms have been selected out of   5685
 CNSsolve> 
 CNSsolve>    end loop wat3 
 CNSsolve>    while ($ztrans < $zmtran) loop wat3 
 NEXTCD: condition evaluated as true
 CNSsolve>      eval ($zcount=$zcount+1) 
 EVALUATE: symbol $ZCOUNT set to    2.00000     (real)
 CNSsolve>      eval ($ztrans = $ztrans + $boxlength) 
 EVALUATE: symbol $ZTRANS set to    6.50100     (real)
 CNSsolve> 
 CNSsolve> 
 CNSsolve>      segment 
 SEGMENT>        name="    " 
 SEGMENT>        chain 
 CHAIN>          coordinates @@RUN:protocols/boxtyp20.pdb 
 ASSFIL: file boxtyp20.pdb opened.
 COOR>REMARKS *****  CHARMM water box from Charlie Brooks. ******** 
 COOR>REMARKS * This is a box of 216 3-site water molecules in the experimental 
 COOR>REMARKS * geometry.  It was constructed from an equilibrated 
 COOR>REMARKS * configuration of TIP3P (3-site water model of Jorgenson) 
 COOR>REMARKS * waters at 1 atm pressure and a density of 0.0334 molecules/A**-3. 
 COOR>REMARKS * The box edgelength is 18.856 A.  The minimum image periodic 
 COOR>REMARKS * boundary energy for this configuration using the TIP3P 
 COOR>REMARKS * potentials is -2150.6833 kcal/mol. 
 COOR>REMARKS 
 COOR>ATOM      1 OH2  WAT     1       2.531   0.596  -2.477        0.000 
 SEGMNT-info: chain termination due to END keyword.   216 residues were inserted into segid "    "
 CHAIN>        end 
 SEGMENT>      end 
 Status of internal molecular topology database:
 -> NATOM=       6333(MAXA=     1000000)  NBOND=       4681(MAXB=     1000000)
 -> NTHETA=      3916(MAXT=     2000000)  NGRP=        2092(MAXGRP=   1000000)
 -> NPHI=          22(MAXP=     2000000)  NIMPHI=       772(MAXIMP=   1000000)
 -> NNB=          102(MAXNB=    1000000) 
 CNSsolve>      coor @@RUN:protocols/boxtyp20.pdb 
 ASSFIL: file boxtyp20.pdb opened.
 COOR>REMARKS *****  CHARMM water box from Charlie Brooks. ******** 
 COOR>REMARKS * This is a box of 216 3-site water molecules in the experimental 
 COOR>REMARKS * geometry.  It was constructed from an equilibrated 
 COOR>REMARKS * configuration of TIP3P (3-site water model of Jorgenson) 
 COOR>REMARKS * waters at 1 atm pressure and a density of 0.0334 molecules/A**-3. 
 COOR>REMARKS * The box edgelength is 18.856 A.  The minimum image periodic 
 COOR>REMARKS * boundary energy for this configuration using the TIP3P 
 COOR>REMARKS * potentials is -2150.6833 kcal/mol. 
 COOR>REMARKS 
 COOR>ATOM      1 OH2  WAT     1       2.531   0.596  -2.477        0.000 
 COOR>ATOM      2 H1   WAT     1       2.620   1.540  -2.609        0.000 
 CNSsolve>      do (segid=W000) (segid "    ") 
 Assuming literal string "W000"
 SELRPN:    648 atoms have been selected out of   6333
 CNSsolve>      coor sele=(segid W000) translate vector = ($xtrans $ytrans $ztrans) end 
 SELRPN:    648 atoms have been selected out of   6333
 COOR: using atom subset.
 COOR: translation vector =(    34.330000    1.612000    6.501000 )
 COOR: selected coordinates translated
 CNSsolve> 
 CNSsolve>      ! all new water oxygens 
 CNSsolve>      ident (store1) (segid W000 and name oh2) 
 SELRPN:    216 atoms have been selected out of   6333
 CNSsolve>      ! all new water oxygens close to a protein heavy atom 
 CNSsolve>      ident (store2) (store1 and (not (resn WAT or resn HOH or resn TIP* or resn ANI or resn DAN or resn XAN or resn DUM or resn SHA or hydro)) around $pw_dist) 
 SELRPN:     13 atoms have been selected out of   6333
 CNSsolve>      ! all new water oxygens close to old water oxygens 
 CNSsolve>      ident (store3) (store1 and (segid wat# and not hydro) around $water_diam) 
 SELRPN:      0 atoms have been selected out of   6333
 CNSsolve>      ! all new water oxygens further than thickness away from a protein heavy atom 
 CNSsolve>      ident (store4) (store1 and not (not (resn WAT or resn HOH or resn TIP* or resn ANI or resn DAN or resn XAN or resn DUM or resn SHA or hydro)) around $thickness) 
 SELRPN:    138 atoms have been selected out of   6333
 CNSsolve>      delete sele= (byres (store2 or store3 or store4)) end 
 SELRPN:    453 atoms have been selected out of   6333
 Status of internal molecular topology database:
 -> NATOM=       5880(MAXA=     1000000)  NBOND=       4379(MAXB=     1000000)
 -> NTHETA=      3765(MAXT=     2000000)  NGRP=        1941(MAXGRP=   1000000)
 -> NPHI=          22(MAXP=     2000000)  NIMPHI=       772(MAXIMP=   1000000)
 -> NNB=          102(MAXNB=    1000000) 
 CNSsolve> 
 CNSsolve> 
 CNSsolve>      ! give waters unique segid name 
 CNSsolve>      eval ($segid= "W" 
 Expression=             + encode($xcount) + encode($ycount) + encode($zcount)) 
 EVALUATE: symbol $SEGID set to "W522" (string)
 CNSsolve>      do (segid = $segid) (segid W000) 
 SELRPN:    195 atoms have been selected out of   5880
 CNSsolve> 
 CNSsolve>    end loop wat3 
 CNSsolve>    while ($ztrans < $zmtran) loop wat3 
 NEXTCD: condition evaluated as true
 CNSsolve>      eval ($zcount=$zcount+1) 
 EVALUATE: symbol $ZCOUNT set to    3.00000     (real)
 CNSsolve>      eval ($ztrans = $ztrans + $boxlength) 
 EVALUATE: symbol $ZTRANS set to    25.3570     (real)
 CNSsolve> 
 CNSsolve> 
 CNSsolve>      segment 
 SEGMENT>        name="    " 
 SEGMENT>        chain 
 CHAIN>          coordinates @@RUN:protocols/boxtyp20.pdb 
 ASSFIL: file boxtyp20.pdb opened.
 COOR>REMARKS *****  CHARMM water box from Charlie Brooks. ******** 
 COOR>REMARKS * This is a box of 216 3-site water molecules in the experimental 
 COOR>REMARKS * geometry.  It was constructed from an equilibrated 
 COOR>REMARKS * configuration of TIP3P (3-site water model of Jorgenson) 
 COOR>REMARKS * waters at 1 atm pressure and a density of 0.0334 molecules/A**-3. 
 COOR>REMARKS * The box edgelength is 18.856 A.  The minimum image periodic 
 COOR>REMARKS * boundary energy for this configuration using the TIP3P 
 COOR>REMARKS * potentials is -2150.6833 kcal/mol. 
 COOR>REMARKS 
 COOR>ATOM      1 OH2  WAT     1       2.531   0.596  -2.477        0.000 
 SEGMNT-info: chain termination due to END keyword.   216 residues were inserted into segid "    "
 CHAIN>        end 
 SEGMENT>      end 
 Status of internal molecular topology database:
 -> NATOM=       6528(MAXA=     1000000)  NBOND=       4811(MAXB=     1000000)
 -> NTHETA=      3981(MAXT=     2000000)  NGRP=        2157(MAXGRP=   1000000)
 -> NPHI=          22(MAXP=     2000000)  NIMPHI=       772(MAXIMP=   1000000)
 -> NNB=          102(MAXNB=    1000000) 
 CNSsolve>      coor @@RUN:protocols/boxtyp20.pdb 
 ASSFIL: file boxtyp20.pdb opened.
 COOR>REMARKS *****  CHARMM water box from Charlie Brooks. ******** 
 COOR>REMARKS * This is a box of 216 3-site water molecules in the experimental 
 COOR>REMARKS * geometry.  It was constructed from an equilibrated 
 COOR>REMARKS * configuration of TIP3P (3-site water model of Jorgenson) 
 COOR>REMARKS * waters at 1 atm pressure and a density of 0.0334 molecules/A**-3. 
 COOR>REMARKS * The box edgelength is 18.856 A.  The minimum image periodic 
 COOR>REMARKS * boundary energy for this configuration using the TIP3P 
 COOR>REMARKS * potentials is -2150.6833 kcal/mol. 
 COOR>REMARKS 
 COOR>ATOM      1 OH2  WAT     1       2.531   0.596  -2.477        0.000 
 COOR>ATOM      2 H1   WAT     1       2.620   1.540  -2.609        0.000 
 CNSsolve>      do (segid=W000) (segid "    ") 
 Assuming literal string "W000"
 SELRPN:    648 atoms have been selected out of   6528
 CNSsolve>      coor sele=(segid W000) translate vector = ($xtrans $ytrans $ztrans) end 
 SELRPN:    648 atoms have been selected out of   6528
 COOR: using atom subset.
 COOR: translation vector =(    34.330000    1.612000   25.357000 )
 COOR: selected coordinates translated
 CNSsolve> 
 CNSsolve>      ! all new water oxygens 
 CNSsolve>      ident (store1) (segid W000 and name oh2) 
 SELRPN:    216 atoms have been selected out of   6528
 CNSsolve>      ! all new water oxygens close to a protein heavy atom 
 CNSsolve>      ident (store2) (store1 and (not (resn WAT or resn HOH or resn TIP* or resn ANI or resn DAN or resn XAN or resn DUM or resn SHA or hydro)) around $pw_dist) 
 SELRPN:      0 atoms have been selected out of   6528
 CNSsolve>      ! all new water oxygens close to old water oxygens 
 CNSsolve>      ident (store3) (store1 and (segid wat# and not hydro) around $water_diam) 
 SELRPN:      0 atoms have been selected out of   6528
 CNSsolve>      ! all new water oxygens further than thickness away from a protein heavy atom 
 CNSsolve>      ident (store4) (store1 and not (not (resn WAT or resn HOH or resn TIP* or resn ANI or resn DAN or resn XAN or resn DUM or resn SHA or hydro)) around $thickness) 
 SELRPN:    216 atoms have been selected out of   6528
 CNSsolve>      delete sele= (byres (store2 or store3 or store4)) end 
 SELRPN:    648 atoms have been selected out of   6528
 Status of internal molecular topology database:
 -> NATOM=       5880(MAXA=     1000000)  NBOND=       4379(MAXB=     1000000)
 -> NTHETA=      3765(MAXT=     2000000)  NGRP=        1941(MAXGRP=   1000000)
 -> NPHI=          22(MAXP=     2000000)  NIMPHI=       772(MAXIMP=   1000000)
 -> NNB=          102(MAXNB=    1000000) 
 CNSsolve> 
 CNSsolve> 
 CNSsolve>      ! give waters unique segid name 
 CNSsolve>      eval ($segid= "W" 
 Expression=             + encode($xcount) + encode($ycount) + encode($zcount)) 
 EVALUATE: symbol $SEGID set to "W523" (string)
 CNSsolve>      do (segid = $segid) (segid W000) 
 SELRPN:      0 atoms have been selected out of   5880
 CNSsolve> 
 CNSsolve>    end loop wat3 
 CNSsolve>    while ($ztrans < $zmtran) loop wat3 
 NEXTCD: condition evaluated as false
 CNSsolve>      eval ($zcount=$zcount+1) 
 CNSsolve>      eval ($ztrans = $ztrans + $boxlength) 
 CNSsolve> 
 CNSsolve> 
 CNSsolve>      segment 
 CNSsolve>        name="    " 
 CNSsolve>        chain 
 CNSsolve>          coordinates @@RUN:protocols/boxtyp20.pdb 
 CNSsolve>        end 
 CNSsolve>      end 
 CNSsolve>      coor @@RUN:protocols/boxtyp20.pdb 
 CNSsolve>      do (segid=W000) (segid "    ") 
 CNSsolve>      coor sele=(segid W000) translate vector = ($xtrans $ytrans $ztrans) end 
 CNSsolve> 
 CNSsolve>      ! all new water oxygens 
 CNSsolve>      ident (store1) (segid W000 and name oh2) 
 CNSsolve>      ! all new water oxygens close to a protein heavy atom 
 CNSsolve>      ident (store2) (store1 and (not (resn WAT or resn HOH or resn TIP* or resn ANI or resn DAN or resn XAN or resn DUM or resn SHA or hydro)) around $pw_dist) 
 CNSsolve>      ! all new water oxygens close to old water oxygens 
 CNSsolve>      ident (store3) (store1 and (segid wat# and not hydro) around $water_diam) 
 CNSsolve>      ! all new water oxygens further than thickness away from a protein heavy atom 
 CNSsolve>      ident (store4) (store1 and not (not (resn WAT or resn HOH or resn TIP* or resn ANI or resn DAN or resn XAN or resn DUM or resn SHA or hydro)) around $thickness) 
 CNSsolve>      delete sele= (byres (store2 or store3 or store4)) end 
 CNSsolve> 
 CNSsolve> 
 CNSsolve>      ! give waters unique segid name 
 CNSsolve>      eval ($segid= "W" 
 CNSsolve>             + encode($xcount) + encode($ycount) + encode($zcount)) 
 CNSsolve>      do (segid = $segid) (segid W000) 
 CNSsolve> 
 CNSsolve>    end loop wat3 
 CNSsolve>  end loop wat2 
 CNSsolve>  while ($ytrans < $ymtran) loop wat2 
 NEXTCD: condition evaluated as true
 CNSsolve>    eval ($ycount=$ycount+1) 
 EVALUATE: symbol $YCOUNT set to    3.00000     (real)
 CNSsolve>    eval ($ytrans = $ytrans + $boxlength) 
 EVALUATE: symbol $YTRANS set to    20.4680     (real)
 CNSsolve> 
 CNSsolve>    eval ($zcount=0) 
 EVALUATE: symbol $ZCOUNT set to    0.00000     (real)
 CNSsolve>    eval ($ztrans = $zmin - $thickness - $water_diam - $boxlength/2 ) 
 EVALUATE: symbol $ZTRANS set to   -31.2110     (real)
 CNSsolve>    while ($ztrans < $zmtran) loop wat3 
 NEXTCD: condition evaluated as true
 CNSsolve>      eval ($zcount=$zcount+1) 
 EVALUATE: symbol $ZCOUNT set to    1.00000     (real)
 CNSsolve>      eval ($ztrans = $ztrans + $boxlength) 
 EVALUATE: symbol $ZTRANS set to   -12.3550     (real)
 CNSsolve> 
 CNSsolve> 
 CNSsolve>      segment 
 SEGMENT>        name="    " 
 SEGMENT>        chain 
 CHAIN>          coordinates @@RUN:protocols/boxtyp20.pdb 
 ASSFIL: file boxtyp20.pdb opened.
 COOR>REMARKS *****  CHARMM water box from Charlie Brooks. ******** 
 COOR>REMARKS * This is a box of 216 3-site water molecules in the experimental 
 COOR>REMARKS * geometry.  It was constructed from an equilibrated 
 COOR>REMARKS * configuration of TIP3P (3-site water model of Jorgenson) 
 COOR>REMARKS * waters at 1 atm pressure and a density of 0.0334 molecules/A**-3. 
 COOR>REMARKS * The box edgelength is 18.856 A.  The minimum image periodic 
 COOR>REMARKS * boundary energy for this configuration using the TIP3P 
 COOR>REMARKS * potentials is -2150.6833 kcal/mol. 
 COOR>REMARKS 
 COOR>ATOM      1 OH2  WAT     1       2.531   0.596  -2.477        0.000 
 SEGMNT-info: chain termination due to END keyword.   216 residues were inserted into segid "    "
 CHAIN>        end 
 SEGMENT>      end 
 Status of internal molecular topology database:
 -> NATOM=       6528(MAXA=     1000000)  NBOND=       4811(MAXB=     1000000)
 -> NTHETA=      3981(MAXT=     2000000)  NGRP=        2157(MAXGRP=   1000000)
 -> NPHI=          22(MAXP=     2000000)  NIMPHI=       772(MAXIMP=   1000000)
 -> NNB=          102(MAXNB=    1000000) 
 CNSsolve>      coor @@RUN:protocols/boxtyp20.pdb 
 ASSFIL: file boxtyp20.pdb opened.
 COOR>REMARKS *****  CHARMM water box from Charlie Brooks. ******** 
 COOR>REMARKS * This is a box of 216 3-site water molecules in the experimental 
 COOR>REMARKS * geometry.  It was constructed from an equilibrated 
 COOR>REMARKS * configuration of TIP3P (3-site water model of Jorgenson) 
 COOR>REMARKS * waters at 1 atm pressure and a density of 0.0334 molecules/A**-3. 
 COOR>REMARKS * The box edgelength is 18.856 A.  The minimum image periodic 
 COOR>REMARKS * boundary energy for this configuration using the TIP3P 
 COOR>REMARKS * potentials is -2150.6833 kcal/mol. 
 COOR>REMARKS 
 COOR>ATOM      1 OH2  WAT     1       2.531   0.596  -2.477        0.000 
 COOR>ATOM      2 H1   WAT     1       2.620   1.540  -2.609        0.000 
 CNSsolve>      do (segid=W000) (segid "    ") 
 Assuming literal string "W000"
 SELRPN:    648 atoms have been selected out of   6528
 CNSsolve>      coor sele=(segid W000) translate vector = ($xtrans $ytrans $ztrans) end 
 SELRPN:    648 atoms have been selected out of   6528
 COOR: using atom subset.
 COOR: translation vector =(    34.330000   20.468000  -12.355000 )
 COOR: selected coordinates translated
 CNSsolve> 
 CNSsolve>      ! all new water oxygens 
 CNSsolve>      ident (store1) (segid W000 and name oh2) 
 SELRPN:    216 atoms have been selected out of   6528
 CNSsolve>      ! all new water oxygens close to a protein heavy atom 
 CNSsolve>      ident (store2) (store1 and (not (resn WAT or resn HOH or resn TIP* or resn ANI or resn DAN or resn XAN or resn DUM or resn SHA or hydro)) around $pw_dist) 
 SELRPN:      0 atoms have been selected out of   6528
 CNSsolve>      ! all new water oxygens close to old water oxygens 
 CNSsolve>      ident (store3) (store1 and (segid wat# and not hydro) around $water_diam) 
 SELRPN:      0 atoms have been selected out of   6528
 CNSsolve>      ! all new water oxygens further than thickness away from a protein heavy atom 
 CNSsolve>      ident (store4) (store1 and not (not (resn WAT or resn HOH or resn TIP* or resn ANI or resn DAN or resn XAN or resn DUM or resn SHA or hydro)) around $thickness) 
 SELRPN:    216 atoms have been selected out of   6528
 CNSsolve>      delete sele= (byres (store2 or store3 or store4)) end 
 SELRPN:    648 atoms have been selected out of   6528
 Status of internal molecular topology database:
 -> NATOM=       5880(MAXA=     1000000)  NBOND=       4379(MAXB=     1000000)
 -> NTHETA=      3765(MAXT=     2000000)  NGRP=        1941(MAXGRP=   1000000)
 -> NPHI=          22(MAXP=     2000000)  NIMPHI=       772(MAXIMP=   1000000)
 -> NNB=          102(MAXNB=    1000000) 
 CNSsolve> 
 CNSsolve> 
 CNSsolve>      ! give waters unique segid name 
 CNSsolve>      eval ($segid= "W" 
 Expression=             + encode($xcount) + encode($ycount) + encode($zcount)) 
 EVALUATE: symbol $SEGID set to "W531" (string)
 CNSsolve>      do (segid = $segid) (segid W000) 
 SELRPN:      0 atoms have been selected out of   5880
 CNSsolve> 
 CNSsolve>    end loop wat3 
 CNSsolve>    while ($ztrans < $zmtran) loop wat3 
 NEXTCD: condition evaluated as true
 CNSsolve>      eval ($zcount=$zcount+1) 
 EVALUATE: symbol $ZCOUNT set to    2.00000     (real)
 CNSsolve>      eval ($ztrans = $ztrans + $boxlength) 
 EVALUATE: symbol $ZTRANS set to    6.50100     (real)
 CNSsolve> 
 CNSsolve> 
 CNSsolve>      segment 
 SEGMENT>        name="    " 
 SEGMENT>        chain 
 CHAIN>          coordinates @@RUN:protocols/boxtyp20.pdb 
 ASSFIL: file boxtyp20.pdb opened.
 COOR>REMARKS *****  CHARMM water box from Charlie Brooks. ******** 
 COOR>REMARKS * This is a box of 216 3-site water molecules in the experimental 
 COOR>REMARKS * geometry.  It was constructed from an equilibrated 
 COOR>REMARKS * configuration of TIP3P (3-site water model of Jorgenson) 
 COOR>REMARKS * waters at 1 atm pressure and a density of 0.0334 molecules/A**-3. 
 COOR>REMARKS * The box edgelength is 18.856 A.  The minimum image periodic 
 COOR>REMARKS * boundary energy for this configuration using the TIP3P 
 COOR>REMARKS * potentials is -2150.6833 kcal/mol. 
 COOR>REMARKS 
 COOR>ATOM      1 OH2  WAT     1       2.531   0.596  -2.477        0.000 
 SEGMNT-info: chain termination due to END keyword.   216 residues were inserted into segid "    "
 CHAIN>        end 
 SEGMENT>      end 
 Status of internal molecular topology database:
 -> NATOM=       6528(MAXA=     1000000)  NBOND=       4811(MAXB=     1000000)
 -> NTHETA=      3981(MAXT=     2000000)  NGRP=        2157(MAXGRP=   1000000)
 -> NPHI=          22(MAXP=     2000000)  NIMPHI=       772(MAXIMP=   1000000)
 -> NNB=          102(MAXNB=    1000000) 
 CNSsolve>      coor @@RUN:protocols/boxtyp20.pdb 
 ASSFIL: file boxtyp20.pdb opened.
 COOR>REMARKS *****  CHARMM water box from Charlie Brooks. ******** 
 COOR>REMARKS * This is a box of 216 3-site water molecules in the experimental 
 COOR>REMARKS * geometry.  It was constructed from an equilibrated 
 COOR>REMARKS * configuration of TIP3P (3-site water model of Jorgenson) 
 COOR>REMARKS * waters at 1 atm pressure and a density of 0.0334 molecules/A**-3. 
 COOR>REMARKS * The box edgelength is 18.856 A.  The minimum image periodic 
 COOR>REMARKS * boundary energy for this configuration using the TIP3P 
 COOR>REMARKS * potentials is -2150.6833 kcal/mol. 
 COOR>REMARKS 
 COOR>ATOM      1 OH2  WAT     1       2.531   0.596  -2.477        0.000 
 COOR>ATOM      2 H1   WAT     1       2.620   1.540  -2.609        0.000 
 CNSsolve>      do (segid=W000) (segid "    ") 
 Assuming literal string "W000"
 SELRPN:    648 atoms have been selected out of   6528
 CNSsolve>      coor sele=(segid W000) translate vector = ($xtrans $ytrans $ztrans) end 
 SELRPN:    648 atoms have been selected out of   6528
 COOR: using atom subset.
 COOR: translation vector =(    34.330000   20.468000    6.501000 )
 COOR: selected coordinates translated
 CNSsolve> 
 CNSsolve>      ! all new water oxygens 
 CNSsolve>      ident (store1) (segid W000 and name oh2) 
 SELRPN:    216 atoms have been selected out of   6528
 CNSsolve>      ! all new water oxygens close to a protein heavy atom 
 CNSsolve>      ident (store2) (store1 and (not (resn WAT or resn HOH or resn TIP* or resn ANI or resn DAN or resn XAN or resn DUM or resn SHA or hydro)) around $pw_dist) 
 SELRPN:      0 atoms have been selected out of   6528
 CNSsolve>      ! all new water oxygens close to old water oxygens 
 CNSsolve>      ident (store3) (store1 and (segid wat# and not hydro) around $water_diam) 
 SELRPN:      0 atoms have been selected out of   6528
 CNSsolve>      ! all new water oxygens further than thickness away from a protein heavy atom 
 CNSsolve>      ident (store4) (store1 and not (not (resn WAT or resn HOH or resn TIP* or resn ANI or resn DAN or resn XAN or resn DUM or resn SHA or hydro)) around $thickness) 
 SELRPN:    212 atoms have been selected out of   6528
 CNSsolve>      delete sele= (byres (store2 or store3 or store4)) end 
 SELRPN:    636 atoms have been selected out of   6528
 Status of internal molecular topology database:
 -> NATOM=       5892(MAXA=     1000000)  NBOND=       4387(MAXB=     1000000)
 -> NTHETA=      3769(MAXT=     2000000)  NGRP=        1945(MAXGRP=   1000000)
 -> NPHI=          22(MAXP=     2000000)  NIMPHI=       772(MAXIMP=   1000000)
 -> NNB=          102(MAXNB=    1000000) 
 CNSsolve> 
 CNSsolve> 
 CNSsolve>      ! give waters unique segid name 
 CNSsolve>      eval ($segid= "W" 
 Expression=             + encode($xcount) + encode($ycount) + encode($zcount)) 
 EVALUATE: symbol $SEGID set to "W532" (string)
 CNSsolve>      do (segid = $segid) (segid W000) 
 SELRPN:     12 atoms have been selected out of   5892
 CNSsolve> 
 CNSsolve>    end loop wat3 
 CNSsolve>    while ($ztrans < $zmtran) loop wat3 
 NEXTCD: condition evaluated as true
 CNSsolve>      eval ($zcount=$zcount+1) 
 EVALUATE: symbol $ZCOUNT set to    3.00000     (real)
 CNSsolve>      eval ($ztrans = $ztrans + $boxlength) 
 EVALUATE: symbol $ZTRANS set to    25.3570     (real)
 CNSsolve> 
 CNSsolve> 
 CNSsolve>      segment 
 SEGMENT>        name="    " 
 SEGMENT>        chain 
 CHAIN>          coordinates @@RUN:protocols/boxtyp20.pdb 
 ASSFIL: file boxtyp20.pdb opened.
 COOR>REMARKS *****  CHARMM water box from Charlie Brooks. ******** 
 COOR>REMARKS * This is a box of 216 3-site water molecules in the experimental 
 COOR>REMARKS * geometry.  It was constructed from an equilibrated 
 COOR>REMARKS * configuration of TIP3P (3-site water model of Jorgenson) 
 COOR>REMARKS * waters at 1 atm pressure and a density of 0.0334 molecules/A**-3. 
 COOR>REMARKS * The box edgelength is 18.856 A.  The minimum image periodic 
 COOR>REMARKS * boundary energy for this configuration using the TIP3P 
 COOR>REMARKS * potentials is -2150.6833 kcal/mol. 
 COOR>REMARKS 
 COOR>ATOM      1 OH2  WAT     1       2.531   0.596  -2.477        0.000 
 SEGMNT-info: chain termination due to END keyword.   216 residues were inserted into segid "    "
 CHAIN>        end 
 SEGMENT>      end 
 Status of internal molecular topology database:
 -> NATOM=       6540(MAXA=     1000000)  NBOND=       4819(MAXB=     1000000)
 -> NTHETA=      3985(MAXT=     2000000)  NGRP=        2161(MAXGRP=   1000000)
 -> NPHI=          22(MAXP=     2000000)  NIMPHI=       772(MAXIMP=   1000000)
 -> NNB=          102(MAXNB=    1000000) 
 CNSsolve>      coor @@RUN:protocols/boxtyp20.pdb 
 ASSFIL: file boxtyp20.pdb opened.
 COOR>REMARKS *****  CHARMM water box from Charlie Brooks. ******** 
 COOR>REMARKS * This is a box of 216 3-site water molecules in the experimental 
 COOR>REMARKS * geometry.  It was constructed from an equilibrated 
 COOR>REMARKS * configuration of TIP3P (3-site water model of Jorgenson) 
 COOR>REMARKS * waters at 1 atm pressure and a density of 0.0334 molecules/A**-3. 
 COOR>REMARKS * The box edgelength is 18.856 A.  The minimum image periodic 
 COOR>REMARKS * boundary energy for this configuration using the TIP3P 
 COOR>REMARKS * potentials is -2150.6833 kcal/mol. 
 COOR>REMARKS 
 COOR>ATOM      1 OH2  WAT     1       2.531   0.596  -2.477        0.000 
 COOR>ATOM      2 H1   WAT     1       2.620   1.540  -2.609        0.000 
 CNSsolve>      do (segid=W000) (segid "    ") 
 Assuming literal string "W000"
 SELRPN:    648 atoms have been selected out of   6540
 CNSsolve>      coor sele=(segid W000) translate vector = ($xtrans $ytrans $ztrans) end 
 SELRPN:    648 atoms have been selected out of   6540
 COOR: using atom subset.
 COOR: translation vector =(    34.330000   20.468000   25.357000 )
 COOR: selected coordinates translated
 CNSsolve> 
 CNSsolve>      ! all new water oxygens 
 CNSsolve>      ident (store1) (segid W000 and name oh2) 
 SELRPN:    216 atoms have been selected out of   6540
 CNSsolve>      ! all new water oxygens close to a protein heavy atom 
 CNSsolve>      ident (store2) (store1 and (not (resn WAT or resn HOH or resn TIP* or resn ANI or resn DAN or resn XAN or resn DUM or resn SHA or hydro)) around $pw_dist) 
 SELRPN:      0 atoms have been selected out of   6540
 CNSsolve>      ! all new water oxygens close to old water oxygens 
 CNSsolve>      ident (store3) (store1 and (segid wat# and not hydro) around $water_diam) 
 SELRPN:      0 atoms have been selected out of   6540
 CNSsolve>      ! all new water oxygens further than thickness away from a protein heavy atom 
 CNSsolve>      ident (store4) (store1 and not (not (resn WAT or resn HOH or resn TIP* or resn ANI or resn DAN or resn XAN or resn DUM or resn SHA or hydro)) around $thickness) 
 SELRPN:    216 atoms have been selected out of   6540
 CNSsolve>      delete sele= (byres (store2 or store3 or store4)) end 
 SELRPN:    648 atoms have been selected out of   6540
 Status of internal molecular topology database:
 -> NATOM=       5892(MAXA=     1000000)  NBOND=       4387(MAXB=     1000000)
 -> NTHETA=      3769(MAXT=     2000000)  NGRP=        1945(MAXGRP=   1000000)
 -> NPHI=          22(MAXP=     2000000)  NIMPHI=       772(MAXIMP=   1000000)
 -> NNB=          102(MAXNB=    1000000) 
 CNSsolve> 
 CNSsolve> 
 CNSsolve>      ! give waters unique segid name 
 CNSsolve>      eval ($segid= "W" 
 Expression=             + encode($xcount) + encode($ycount) + encode($zcount)) 
 EVALUATE: symbol $SEGID set to "W533" (string)
 CNSsolve>      do (segid = $segid) (segid W000) 
 SELRPN:      0 atoms have been selected out of   5892
 CNSsolve> 
 CNSsolve>    end loop wat3 
 CNSsolve>    while ($ztrans < $zmtran) loop wat3 
 NEXTCD: condition evaluated as false
 CNSsolve>      eval ($zcount=$zcount+1) 
 CNSsolve>      eval ($ztrans = $ztrans + $boxlength) 
 CNSsolve> 
 CNSsolve> 
 CNSsolve>      segment 
 CNSsolve>        name="    " 
 CNSsolve>        chain 
 CNSsolve>          coordinates @@RUN:protocols/boxtyp20.pdb 
 CNSsolve>        end 
 CNSsolve>      end 
 CNSsolve>      coor @@RUN:protocols/boxtyp20.pdb 
 CNSsolve>      do (segid=W000) (segid "    ") 
 CNSsolve>      coor sele=(segid W000) translate vector = ($xtrans $ytrans $ztrans) end 
 CNSsolve> 
 CNSsolve>      ! all new water oxygens 
 CNSsolve>      ident (store1) (segid W000 and name oh2) 
 CNSsolve>      ! all new water oxygens close to a protein heavy atom 
 CNSsolve>      ident (store2) (store1 and (not (resn WAT or resn HOH or resn TIP* or resn ANI or resn DAN or resn XAN or resn DUM or resn SHA or hydro)) around $pw_dist) 
 CNSsolve>      ! all new water oxygens close to old water oxygens 
 CNSsolve>      ident (store3) (store1 and (segid wat# and not hydro) around $water_diam) 
 CNSsolve>      ! all new water oxygens further than thickness away from a protein heavy atom 
 CNSsolve>      ident (store4) (store1 and not (not (resn WAT or resn HOH or resn TIP* or resn ANI or resn DAN or resn XAN or resn DUM or resn SHA or hydro)) around $thickness) 
 CNSsolve>      delete sele= (byres (store2 or store3 or store4)) end 
 CNSsolve> 
 CNSsolve> 
 CNSsolve>      ! give waters unique segid name 
 CNSsolve>      eval ($segid= "W" 
 CNSsolve>             + encode($xcount) + encode($ycount) + encode($zcount)) 
 CNSsolve>      do (segid = $segid) (segid W000) 
 CNSsolve> 
 CNSsolve>    end loop wat3 
 CNSsolve>  end loop wat2 
 CNSsolve>  while ($ytrans < $ymtran) loop wat2 
 NEXTCD: condition evaluated as false
 CNSsolve>    eval ($ycount=$ycount+1) 
 CNSsolve>    eval ($ytrans = $ytrans + $boxlength) 
 CNSsolve> 
 CNSsolve>    eval ($zcount=0) 
 CNSsolve>    eval ($ztrans = $zmin - $thickness - $water_diam - $boxlength/2 ) 
 CNSsolve>    while ($ztrans < $zmtran) loop wat3 
 CNSsolve>      eval ($zcount=$zcount+1) 
 CNSsolve>      eval ($ztrans = $ztrans + $boxlength) 
 CNSsolve> 
 CNSsolve> 
 CNSsolve>      segment 
 CNSsolve>        name="    " 
 CNSsolve>        chain 
 CNSsolve>          coordinates @@RUN:protocols/boxtyp20.pdb 
 CNSsolve>        end 
 CNSsolve>      end 
 CNSsolve>      coor @@RUN:protocols/boxtyp20.pdb 
 CNSsolve>      do (segid=W000) (segid "    ") 
 CNSsolve>      coor sele=(segid W000) translate vector = ($xtrans $ytrans $ztrans) end 
 CNSsolve> 
 CNSsolve>      ! all new water oxygens 
 CNSsolve>      ident (store1) (segid W000 and name oh2) 
 CNSsolve>      ! all new water oxygens close to a protein heavy atom 
 CNSsolve>      ident (store2) (store1 and (not (resn WAT or resn HOH or resn TIP* or resn ANI or resn DAN or resn XAN or resn DUM or resn SHA or hydro)) around $pw_dist) 
 CNSsolve>      ! all new water oxygens close to old water oxygens 
 CNSsolve>      ident (store3) (store1 and (segid wat# and not hydro) around $water_diam) 
 CNSsolve>      ! all new water oxygens further than thickness away from a protein heavy atom 
 CNSsolve>      ident (store4) (store1 and not (not (resn WAT or resn HOH or resn TIP* or resn ANI or resn DAN or resn XAN or resn DUM or resn SHA or hydro)) around $thickness) 
 CNSsolve>      delete sele= (byres (store2 or store3 or store4)) end 
 CNSsolve> 
 CNSsolve> 
 CNSsolve>      ! give waters unique segid name 
 CNSsolve>      eval ($segid= "W" 
 CNSsolve>             + encode($xcount) + encode($ycount) + encode($zcount)) 
 CNSsolve>      do (segid = $segid) (segid W000) 
 CNSsolve> 
 CNSsolve>    end loop wat3 
 CNSsolve>  end loop wat2 
 CNSsolve>end loop wat1 
 CNSsolve>while ($xtrans < $xmtran) loop wat1 
 NEXTCD: condition evaluated as false
 CNSsolve>  eval ($xcount=$xcount+1) 
 CNSsolve>  eval ($xtrans = $xtrans + $boxlength) 
 CNSsolve> 
 CNSsolve>  eval ($ycount=0) 
 CNSsolve>  eval ($ytrans = $ymin - $thickness - $water_diam - $boxlength/2 ) 
 CNSsolve>  while ($ytrans < $ymtran) loop wat2 
 CNSsolve>    eval ($ycount=$ycount+1) 
 CNSsolve>    eval ($ytrans = $ytrans + $boxlength) 
 CNSsolve> 
 CNSsolve>    eval ($zcount=0) 
 CNSsolve>    eval ($ztrans = $zmin - $thickness - $water_diam - $boxlength/2 ) 
 CNSsolve>    while ($ztrans < $zmtran) loop wat3 
 CNSsolve>      eval ($zcount=$zcount+1) 
 CNSsolve>      eval ($ztrans = $ztrans + $boxlength) 
 CNSsolve> 
 CNSsolve> 
 CNSsolve>      segment 
 CNSsolve>        name="    " 
 CNSsolve>        chain 
 CNSsolve>          coordinates @@RUN:protocols/boxtyp20.pdb 
 CNSsolve>        end 
 CNSsolve>      end 
 CNSsolve>      coor @@RUN:protocols/boxtyp20.pdb 
 CNSsolve>      do (segid=W000) (segid "    ") 
 CNSsolve>      coor sele=(segid W000) translate vector = ($xtrans $ytrans $ztrans) end 
 CNSsolve> 
 CNSsolve>      ! all new water oxygens 
 CNSsolve>      ident (store1) (segid W000 and name oh2) 
 CNSsolve>      ! all new water oxygens close to a protein heavy atom 
 CNSsolve>      ident (store2) (store1 and (not (resn WAT or resn HOH or resn TIP* or resn ANI or resn DAN or resn XAN or resn DUM or resn SHA or hydro)) around $pw_dist) 
 CNSsolve>      ! all new water oxygens close to old water oxygens 
 CNSsolve>      ident (store3) (store1 and (segid wat# and not hydro) around $water_diam) 
 CNSsolve>      ! all new water oxygens further than thickness away from a protein heavy atom 
 CNSsolve>      ident (store4) (store1 and not (not (resn WAT or resn HOH or resn TIP* or resn ANI or resn DAN or resn XAN or resn DUM or resn SHA or hydro)) around $thickness) 
 CNSsolve>      delete sele= (byres (store2 or store3 or store4)) end 
 CNSsolve> 
 CNSsolve> 
 CNSsolve>      ! give waters unique segid name 
 CNSsolve>      eval ($segid= "W" 
 CNSsolve>             + encode($xcount) + encode($ycount) + encode($zcount)) 
 CNSsolve>      do (segid = $segid) (segid W000) 
 CNSsolve> 
 CNSsolve>    end loop wat3 
 CNSsolve>  end loop wat2 
 CNSsolve>end loop wat1 
 CNSsolve> 
 CNSsolve>! now, give waters a unique resid so that we get the segid to play around with 
 CNSsolve>ident (store1) (all) 
 SELRPN:   5892 atoms have been selected out of   5892
 CNSsolve>show min (store1) (segid w*) 
 SELRPN:   4776 atoms have been selected out of   5892
 SHOW: minimum of selected elements =    1117.000000
 CNSsolve>do (store1 = store1 - $result + 1) (segid w*) 
 SELRPN:   4776 atoms have been selected out of   5892
 CNSsolve>do (resid = encode(int(store1/3 -0.1) +1)) (segid w* and not segid wat#) 
 SELRPN:   4776 atoms have been selected out of   5892
 CNSsolve>do (segid = $water) (segid w* and not segid wat#) 
 SELRPN:   4776 atoms have been selected out of   5892
 CNSsolve> 
 CNSsolve>! shave off any waters that left 
 CNSsolve>delete sele= (byres (name oh2 and segid W* and not (not (resn WAT or resn HOH or resn TIP* or resn ANI or resn DAN or resn XAN or resn DUM or resn SHA or hydro)) around $thickness)) end 
 SELRPN:      0 atoms have been selected out of   5892
 SCRATC-warning: STORe selections erased.
 Status of internal molecular topology database:
 -> NATOM=       5892(MAXA=     1000000)  NBOND=       4387(MAXB=     1000000)
 -> NTHETA=      3769(MAXT=     2000000)  NGRP=        1945(MAXGRP=   1000000)
 -> NPHI=          22(MAXP=     2000000)  NIMPHI=       772(MAXIMP=   1000000)
 -> NNB=          102(MAXNB=    1000000) 
 CNSsolve> 
 CNSsolve>{* write out initial coordinates just for testing *} 
 CNSsolve>!   evaluate ($filename=$Filenames.fileroot+ encode($count)+ "wini.pdb") 
 CNSsolve>!   write coordinates format=pdbo sele= (all) output =$filename end 
 CNSsolve> 
 CNSsolve>      do (segid = "    ") (segid "PROT") 
 SELRPN:      0 atoms have been selected out of   5892
 CNSsolve>    end if 
 CNSsolve>  else 
 CNSsolve>    parameter nbonds eps=$Data.epsilon1 end end 
 CNSsolve>  end if 
 CNSsolve>end if 
 CNSsolve> 
 CNSsolve>set seed $seed end 
 CNSsolve>set message=normal echo=on end 
 CNSsolve>inline @RUN:protocols/read_data.cns 
 ASSFIL: file read_data.cns opened.
 CNSsolve>! read_data.cns 
 CNSsolve>!    Read the various restraints data 
 CNSsolve>! 
 CNSsolve>! *********************************************************************** 
 CNSsolve>! * Copyright 2003-2018 Alexandre Bonvin, Utrecht University.           * 
 CNSsolve>! * Originally adapted from Aria 1.2 from Nilges and Linge, EMBL.       * 
 CNSsolve>! * All rights reserved.                                                * 
 CNSsolve>! * This code is part of the HADDOCK software and governed by its       * 
 CNSsolve>! * license. Please see the LICENSE file that should have been included * 
 CNSsolve>! * as part of this package.                                            * 
 CNSsolve>! *********************************************************************** 
 CNSsolve>! 
 CNSsolve> 
 CNSsolve>!module(Iteration; Data; count;) 
 CNSsolve> 
 CNSsolve>!NOEs, hbonds 
 CNSsolve>noe 
 NOE>  reset 
 NOE>  nrestraints = 12000000     ! allocate space for NOEs 
 NOE: allocating space for ******* restraints.
 NOE>  ceiling 1000 
 NOE>end 
 CNSsolve> 
 CNSsolve>if ($Data.amb_lastit ge $Iteration) then 
 NEXTCD: condition evaluated as true
 CNSsolve>  if ($Data.amb_firstit le $Iteration)   then 
 NEXTCD: condition evaluated as true
 CNSsolve>     evaluate ($filenam0 = "NEWIT:ambig.tbl_" + encode($count)) 
 EVALUATE: symbol $FILENAM0 set to "NEWIT:ambig.tbl_1" (string)
 CNSsolve>     fileexist $filenam0 end 
 MISCOM: file does not exist
 CNSsolve>     if ($result eq false) then 
 NEXTCD: condition evaluated as true
 CNSsolve>       evaluate ($filenam0 = "NEWIT:ambig.tbl") 
 EVALUATE: symbol $FILENAM0 set to "NEWIT:ambig.tbl" (string)
 CNSsolve>     end if 
 CNSsolve>     noe class ambi @@$filenam0 end 
 ASSFIL: file ambig.tbl opened.
 NOE>! HADDOCK AIR restraints for 1st partner 
 NOE>! 
 NOE>assign ( resid 1  and segid A) 
 SELRPN:     32 atoms have been selected out of   5892
 SELRPN>       ( 
 SELRPN>        ( resid 8  and segid B) 
 SELRPN>     or 
 SELRPN>        ( resid 9  and segid B) 
 SELRPN>     or 
 SELRPN>        ( resid 10  and segid B) 
 SELRPN>     or 
 SELRPN>        ( resid 11  and segid B) 
 SELRPN>     or 
 SELRPN>        ( resid 12  and segid B) 
 SELRPN>     or 
 SELRPN>        ( resid 13  and segid B) 
 SELRPN>     or 
 SELRPN>        ( resid 14  and segid B) 
 SELRPN>     or 
 SELRPN>        ( resid 15  and segid B) 
 SELRPN>     or 
 SELRPN>        ( resid 16  and segid B) 
 SELRPN>     or 
 SELRPN>        ( resid 17  and segid B) 
 SELRPN>     or 
 SELRPN>        ( resid 18  and segid B) 
 SELRPN>     or 
 SELRPN>        ( resid 19  and segid B) 
 SELRPN>     or 
 SELRPN>        ( resid 20  and segid B) 
 SELRPN>     or 
 SELRPN>        ( resid 21  and segid B) 
 SELRPN>     or 
 SELRPN>        ( resid 22  and segid B) 
 SELRPN>     or 
 SELRPN>        ( resid 1  and segid B) 
 SELRPN>     or 
 SELRPN>        ( resid 2  and segid B) 
 SELRPN>     or 
 SELRPN>        ( resid 3  and segid B) 
 SELRPN>     or 
 SELRPN>        ( resid 4  and segid B) 
 SELRPN>     or 
 SELRPN>        ( resid 5  and segid B) 
 SELRPN>     or 
 SELRPN>        ( resid 6  and segid B) 
 SELRPN>     or 
 SELRPN>        ( resid 7  and segid B) 
 SELRPN>     or 
 SELRPN>        ( resid 23  and segid B) 
 SELRPN>       )  2.0 2.0 0.0 
 SELRPN:    732 atoms have been selected out of   5892
 NOE>! 
 NOE>! HADDOCK AIR restraints for 2nd partner 
 NOE>! 
 NOE>assign ( resid 8  and segid B) 
 SELRPN:     32 atoms have been selected out of   5892
 SELRPN>       ( 
 SELRPN>        ( resid 1  and segid A) 
 SELRPN>       )  2.0 2.0 0.0 
 SELRPN:     32 atoms have been selected out of   5892
 NOE>! 
 NOE>assign ( resid 9  and segid B) 
 SELRPN:     30 atoms have been selected out of   5892
 SELRPN>       ( 
 SELRPN>        ( resid 1  and segid A) 
 SELRPN>       )  2.0 2.0 0.0 
 SELRPN:     32 atoms have been selected out of   5892
 NOE>! 
 NOE>assign ( resid 10  and segid B) 
 SELRPN:     33 atoms have been selected out of   5892
 SELRPN>       ( 
 SELRPN>        ( resid 1  and segid A) 
 SELRPN>       )  2.0 2.0 0.0 
 SELRPN:     32 atoms have been selected out of   5892
 NOE>! 
 NOE>assign ( resid 11  and segid B) 
 SELRPN:     30 atoms have been selected out of   5892
 SELRPN>       ( 
 SELRPN>        ( resid 1  and segid A) 
 SELRPN>       )  2.0 2.0 0.0 
 SELRPN:     32 atoms have been selected out of   5892
 NOE>! 
 NOE>assign ( resid 12  and segid B) 
 SELRPN:     32 atoms have been selected out of   5892
 SELRPN>       ( 
 SELRPN>        ( resid 1  and segid A) 
 SELRPN>       )  2.0 2.0 0.0 
 SELRPN:     32 atoms have been selected out of   5892
 NOE>! 
 NOE>assign ( resid 13  and segid B) 
 SELRPN:     32 atoms have been selected out of   5892
 SELRPN>       ( 
 SELRPN>        ( resid 1  and segid A) 
 SELRPN>       )  2.0 2.0 0.0 
 SELRPN:     32 atoms have been selected out of   5892
 NOE>! 
 NOE>assign ( resid 14  and segid B) 
 SELRPN:     30 atoms have been selected out of   5892
 SELRPN>       ( 
 SELRPN>        ( resid 1  and segid A) 
 SELRPN>       )  2.0 2.0 0.0 
 SELRPN:     32 atoms have been selected out of   5892
 NOE>! 
 NOE>assign ( resid 15  and segid B) 
 SELRPN:     30 atoms have been selected out of   5892
 SELRPN>       ( 
 SELRPN>        ( resid 1  and segid A) 
 SELRPN>       )  2.0 2.0 0.0 
 SELRPN:     32 atoms have been selected out of   5892
 NOE>! 
 NOE>assign ( resid 16  and segid B) 
 SELRPN:     30 atoms have been selected out of   5892
 SELRPN>       ( 
 SELRPN>        ( resid 1  and segid A) 
 SELRPN>       )  2.0 2.0 0.0 
 SELRPN:     32 atoms have been selected out of   5892
 NOE>! 
 NOE>assign ( resid 17  and segid B) 
 SELRPN:     33 atoms have been selected out of   5892
 SELRPN>       ( 
 SELRPN>        ( resid 1  and segid A) 
 SELRPN>       )  2.0 2.0 0.0 
 SELRPN:     32 atoms have been selected out of   5892
 NOE>! 
 NOE>assign ( resid 18  and segid B) 
 SELRPN:     32 atoms have been selected out of   5892
 SELRPN>       ( 
 SELRPN>        ( resid 1  and segid A) 
 SELRPN>       )  2.0 2.0 0.0 
 SELRPN:     32 atoms have been selected out of   5892
 NOE>! 
 NOE>assign ( resid 19  and segid B) 
 SELRPN:     33 atoms have been selected out of   5892
 SELRPN>       ( 
 SELRPN>        ( resid 1  and segid A) 
 SELRPN>       )  2.0 2.0 0.0 
 SELRPN:     32 atoms have been selected out of   5892
 NOE>! 
 NOE>assign ( resid 20  and segid B) 
 SELRPN:     33 atoms have been selected out of   5892
 SELRPN>       ( 
 SELRPN>        ( resid 1  and segid A) 
 SELRPN>       )  2.0 2.0 0.0 
 SELRPN:     32 atoms have been selected out of   5892
 NOE>! 
 NOE>assign ( resid 21  and segid B) 
 SELRPN:     32 atoms have been selected out of   5892
 SELRPN>       ( 
 SELRPN>        ( resid 1  and segid A) 
 SELRPN>       )  2.0 2.0 0.0 
 SELRPN:     32 atoms have been selected out of   5892
 NOE>! 
 NOE>assign ( resid 22  and segid B) 
 SELRPN:     32 atoms have been selected out of   5892
 SELRPN>       ( 
 SELRPN>        ( resid 1  and segid A) 
 SELRPN>       )  2.0 2.0 0.0 
 SELRPN:     32 atoms have been selected out of   5892
 NOE> 
 NOE> end 
 CNSsolve>     if ($Data.noecv eq true) then 
 NEXTCD: condition evaluated as true
 CNSsolve>       noe part $Data.ncvpart end 
 For set   1 there are    11 distance restraints.
 For set   2 there are     5 distance restraints.
 CNSsolve>     end if 
 CNSsolve>  end if 
 CNSsolve>end if 
 CNSsolve> 
 CNSsolve>if ($Data.unamb_lastit ge $Iteration) then 
 NEXTCD: condition evaluated as true
 CNSsolve>  if ($Data.unamb_firstit le $Iteration) then 
 NEXTCD: condition evaluated as true
 CNSsolve>     noe class dist @@NEWIT:unambig.tbl end 
 ASSFIL: file unambig.tbl opened.
 CNSsolve>  end if 
 CNSsolve>end if 
 CNSsolve> 
 CNSsolve>if ($Data.hbond_lastit ge $Iteration) then 
 NEXTCD: condition evaluated as true
 CNSsolve>  if ($Data.hbond_firstit le $Iteration) then 
 NEXTCD: condition evaluated as true
 CNSsolve>    if ($Data.hbonds_on eq true) then 
 NEXTCD: condition evaluated as false
 CNSsolve>      noe class hbon @@RUN:data/hbonds/hbonds.tbl end 
 CNSsolve>    end if 
 CNSsolve>  end if 
 CNSsolve>end if 
 CNSsolve> 
 CNSsolve>noe 
 NOE>  averaging  * sum 
 NOE>  potential  * soft 
 NOE>  scale      * 1.0 
 NOE>  sqconstant * 1.0 
 NOE>  sqexponent * 2 
 NOE>  soexponent * 1 
 NOE>  rswitch    * 1.0 
 NOE>  sqoffset   * 0.0 
 NOE>  asymptote  * 2.0 
 NOE>  msoexponent * 1 
 NOE>  masymptote  * -0.1 
 NOE>  mrswitch    * 1.0 
 NOE>end 
 CNSsolve> 
 CNSsolve> 
 CNSsolve>!!!!!!!!!!!!!!!!!!!!!!!!!!!!!!!!!!!!!!!!!!!!!!!!!!!!!!!!!!!!!!!!!!!!!!!!!!!!!!! 
 CNSsolve>!dihedral restraints: 
 CNSsolve>restraints dihedral 
 DIHEDRAL>   reset 
 DIHEDRAL>   nassign 50000 
 RSTDIH: allocating space for   50000 assignments.
 DIHEDRAL>end 
 CNSsolve>if ($Data.cdih.on eq true) then 
 NEXTCD: condition evaluated as false
 CNSsolve>  restraints dihedral 
 CNSsolve>    @@RUN:data/dihedrals/dihedrals.tbl 
 CNSsolve>  end 
 CNSsolve>end if 
 CNSsolve> 
 CNSsolve>restraints dihedral ? end 
 Total number of dihedral angle restraints=     0
  overall scale =    1.0000
 Number of dihedral angle restraints=    0
 RMS deviation=   0.000
 CNSsolve> 
 CNSsolve>!!!!!!!!!!!!!!!!!!!!!!!!!!!!!!!!!!!!!!!!!!!!!!!!!!!!!!!!!!!!!!!!!!!!!!!!!!!!!!! 
 CNSsolve>!residual dipolar couplings: 
 CNSsolve> 
 CNSsolve>evaluate ($Data.flags.sani = false) 
 EVALUATE: symbol $DATA.FLAGS.SANI set to FALSE (logical)
 CNSsolve>evaluate ($Data.flags.xrdc = false) 
 EVALUATE: symbol $DATA.FLAGS.XRDC set to FALSE (logical)
 CNSsolve>evaluate ($Data.flags.xpcs = false) 
 EVALUATE: symbol $DATA.FLAGS.XPCS set to FALSE (logical)
 CNSsolve>evaluate ($Data.flags.dani = false) 
 EVALUATE: symbol $DATA.FLAGS.DANI set to FALSE (logical)
 CNSsolve>evaluate ($Data.flags.vean = false) 
 EVALUATE: symbol $DATA.FLAGS.VEAN set to FALSE (logical)
 CNSsolve>evaluate ($inisani=0) 
 EVALUATE: symbol $INISANI set to    0.00000     (real)
 CNSsolve>evaluate ($inixrdc=0) 
 EVALUATE: symbol $INIXRDC set to    0.00000     (real)
 CNSsolve>evaluate ($inixpcs=0) 
 EVALUATE: symbol $INIXPCS set to    0.00000     (real)
 CNSsolve>evaluate ($inidani=0) 
 EVALUATE: symbol $INIDANI set to    0.00000     (real)
 CNSsolve>evaluate ($inivean = 0) 
 EVALUATE: symbol $INIVEAN set to    0.00000     (real)
 CNSsolve> 
 CNSsolve>sani reset nres=5000 end 
SANI: Allocating space for    5000
number of constraints 
 CNSsolve>vean reset nres=10000 end 
 CNSsolve>xrdc reset nres=5000 end 
XDIPO_RDC: Allocating space for    5000number of restraints.
 CNSsolve>evaluate ($nrdc=1) 
 EVALUATE: symbol $NRDC set to    1.00000     (real)
 CNSsolve>while ($nrdc <= $Data.numrdc) loop rdc 
 NEXTCD: condition evaluated as false
 CNSsolve>  evaluate ($cln="rd"+encode($nrdc)) 
 CNSsolve>  if ($Data.rdc_lastit_$nrdc ge $Iteration) then 
 CNSsolve>    if ($Data.rdc_firstit_$nrdc le $Iteration) then 
 CNSsolve>      if ($Data.rdc_choice_$nrdc eq "SANI") then 
 CNSsolve>        evaluate ($Data.flags.sani = true) 
 CNSsolve>	evaluate ($restfile="RUN:data/rdcs/rdc"+encode($nrdc)+".tbl") 
 CNSsolve>        evaluate ($inisani=1) 
 CNSsolve>        sani 
 CNSsolve>          class $cln 
 CNSsolve>          force 0.0 
 CNSsolve>          potential square 
 CNSsolve>          @@$restfile 
 CNSsolve>        end 
 CNSsolve>      end if 
 CNSsolve>      if ($Data.rdc_choice_$nrdc eq "XRDC") then 
 CNSsolve>        evaluate ($Data.flags.xrdc = true) 
 CNSsolve>	evaluate ($restfile="RUN:data/rdcs/rdc"+encode($nrdc)+".tbl") 
 CNSsolve>        evaluate ($inixrdc=1) 
 CNSsolve>        xrdc 
 CNSsolve>          class $cln 
 CNSsolve>          force 0.0 
 CNSsolve>          @@$restfile 
 CNSsolve>        end 
 CNSsolve>      end if 
 CNSsolve>      if ($Data.rdc_choice_$nrdc eq "VANGLE") then 
 CNSsolve>        evaluate ($Data.flags.vean = true) 
 CNSsolve>	evaluate ($restfile="RUN:data/rdcs/rdc"+encode($nrdc)+".tbl") 
 CNSsolve>        evaluate ($inivean = 1) 
 CNSsolve>        if ($Data.rdc_firstIt_$nrdc le $Iteration) then 
 CNSsolve>          vean 
 CNSsolve>            class $cln 
 CNSsolve>            force 0.0 0.0 
 CNSsolve>            @@$restfile 
 CNSsolve>          end 
 CNSsolve>        end if 
 CNSsolve>      end if 
 CNSsolve>    end if 
 CNSsolve>  end if 
 CNSsolve>  evaluate ($nrdc = $nrdc + 1) 
 CNSsolve>end loop rdc 
 CNSsolve> 
 CNSsolve>evaluate ($tensread = false) 
 EVALUATE: symbol $TENSREAD set to FALSE (logical)
 CNSsolve>if ($Data.flags.xrdc = true) then 
 NEXTCD: condition evaluated as false
 CNSsolve>  noe 
 CNSsolve>    class tens 
 CNSsolve>    @@RUN:data/tensor/tensor.tbl 
 CNSsolve>    potential tens square 
 CNSsolve>    scale     tens 500.0 
 CNSsolve>  end 
 CNSsolve>  evaluate ($tensread = true) 
 CNSsolve>end if 
 CNSsolve> 
 CNSsolve>!!!!!!!!!!!!!!!!!!!!!!!!!!!!!!!!!!!!!!!!!!!!!!!!!!!!!!!!!!!!!!!!!!!!!!!!!!!!!!! 
 CNSsolve>!PCS restraints: 
 CNSsolve>xpcs reset nres=5000 end 
XDIPO_PCS: Allocating space for    5000number of restraints.
 CNSsolve>evaluate ($npcs=1) 
 EVALUATE: symbol $NPCS set to    1.00000     (real)
 CNSsolve>while ($npcs <= $Data.numpcs) loop pcs 
 NEXTCD: condition evaluated as false
 CNSsolve>  if ($Data.pcs_lastit_$npcs ge $Iteration) then 
 CNSsolve>    if ($Data.pcs_firstit_$npcs le $Iteration) then 
 CNSsolve>      if ($Data.pcs_choice_$npcs eq "XPCS") then 
 CNSsolve>        evaluate ($Data.flags.xpcs = true) 
 CNSsolve>	evaluate ($restfile="RUN:data/pcs/pcs"+encode($npcs)+".tbl") 
 CNSsolve>	evaluate ($cln="pc"+encode($npcs)) 
 CNSsolve>        evaluate ($inixpcs=1) 
 CNSsolve>        xpcs 
 CNSsolve>          class $cln 
 CNSsolve>          force 0.0 
 CNSsolve>          @@$restfile 
 CNSsolve>        end 
 CNSsolve>      end if 
 CNSsolve>    end if 
 CNSsolve>  end if 
 CNSsolve>  evaluate ($npcs= $npcs + 1) 
 CNSsolve>end loop pcs 
 CNSsolve> 
 CNSsolve>if ($Data.flags.xpcs = true) then 
 NEXTCD: condition evaluated as false
 CNSsolve>  if ($tensread eq FALSE) then 
 CNSsolve>    noe 
 CNSsolve>      class tens 
 CNSsolve>      @@RUN:data/tensor/tensor.tbl 
 CNSsolve>      potential tens square 
 CNSsolve>      scale     tens 500.0 
 CNSsolve>    end 
 CNSsolve>  end if 
 CNSsolve>end if 
 CNSsolve> 
 CNSsolve>!!!!!!!!!!!!!!!!!!!!!!!!!!!!!!!!!!!!!!!!!!!!!!!!!!!!!!!!!!!!!!!!!!!!!!!!!!!!!!! 
 CNSsolve>!DANI restraints: 
 CNSsolve> 
 CNSsolve>evaluate ($ndani=1) 
 EVALUATE: symbol $NDANI set to    1.00000     (real)
 CNSsolve>dani reset nres=5000 end 
DANI: Allocating space for    5000
number of constraints 
 CNSsolve>while ($ndani <= $Data.numdani) loop dani 
 NEXTCD: condition evaluated as false
 CNSsolve>  if ($Data.dan_lastit_$ndani ge $Iteration) then 
 CNSsolve>    if ($Data.dan_firstit_$ndani le $Iteration) then 
 CNSsolve>      if ($Data.dan_choice_$ndani eq "DANI") then 
 CNSsolve>        evaluate ($Data.flags.dani = true) 
 CNSsolve>	evaluate ($restfile="RUN:data/dani/dani"+encode($ndani)+".tbl") 
 CNSsolve>	evaluate ($cln="da"+encode($ndani)) 
 CNSsolve>        evaluate ($inidani=1) 
 CNSsolve>        dani 
 CNSsolve>          class $cln 
 CNSsolve>          force 0.0 
 CNSsolve>          potential square 
 CNSsolve>          @@$restfile 
 CNSsolve>        end 
 CNSsolve>      end if 
 CNSsolve>    end if 
 CNSsolve>  end if 
 CNSsolve>  evaluate ($ndani = $ndani + 1) 
 CNSsolve>end loop dani 
 CNSsolve> 
 CNSsolve>! read EM-data 
 CNSsolve>if ($data.flags.em = true) then 
 NEXTCD: condition evaluated as false
 CNSsolve>    @RUN:protocols/em_read_data.cns(data=$data;) 
 ASSFIL: file em_read_data.cns opened.
 CNSsolve>module (Data;) 
 CNSsolve>    {* 
 CNSsolve>    Module reads in the cryoEM data, supposed to be the CryoEM map. Since CNS 
 CNSsolve>    is mainly build for X-ray Crystallography and thus reciprocal space, 
 CNSsolve>    working in real space is a bit cumbersome. Therefor we first determine the 
 CNSsolve>    map size and such befor reading it in. The unit cell is determined first 
 CNSsolve>    and the resolution cutoff.  After that the FFT parameters can be determined 
 CNSsolve>    and space is generated for the reflections. 
 CNSsolve> 
 CNSsolve>    It follows with reading in the form factors for all the atoms. The arrays 
 CNSsolve>    FOBS, FCALC, FPART and MAP are allocated. The CryoEM map is read and the 
 CNSsolve>    target function is set, which is here the so called vector potential. The 
 CNSsolve>    vector potential is the reciprocal space variant of the cross correlation 
 CNSsolve>    between two maps. 
 CNSsolve> 
 CNSsolve>    Parameters 
 CNSsolve>    ---------- 
 CNSsolve>    Data : Data object 
 CNSsolve>        The Data object holds all the parameter for the CryoEM functionality 
 CNSsolve> 
 CNSsolve>    Notes 
 CNSsolve>    ----- 
 CNSsolve>    After the call of this module one is able to use the XREF energy flag at will. 
 CNSsolve> 
 CNSsolve>    Examples 
 CNSsolve>    -------- 
 CNSsolve>    >>> ! Use the XREF energy term 
 CNSsolve>    >>> @RUN:protocols/em_read_data.cns(Data=&Data;) 
 CNSsolve>    >>> flags include XREF end 
 CNSsolve>    *} 
 CNSsolve> 
 CNSsolve>    xray 
 CNSsolve>        ! Set unit cell parameters. The angles are implicitely assumed to be 90' 
 CNSsolve>        symmetry=(x, y, z) 
 CNSsolve>        a=&Data.em.xlength 
 CNSsolve>        b=&Data.em.ylength 
 CNSsolve>        c=&Data.em.zlength 
 CNSsolve> 
 CNSsolve>        ! set target resolution 
 CNSsolve>        mapresolution &Data.em.resolution 
 CNSsolve> 
 CNSsolve>        ! set up FFT 
 CNSsolve>        method=FFT 
 CNSsolve>        evaluate($voxelspacing = &Data.em.xlength / &Data.em.nx) 
 CNSsolve>        evaluate($gridsize = $voxelspacing/&Data.em.resolution) 
 CNSsolve>        fft 
 CNSsolve>            automemory=true 
 CNSsolve>            gridsize=$gridsize 
 CNSsolve>            bscale=100 
 CNSsolve>            elimit=9 
 CNSsolve>            prime=5 
 CNSsolve>        end 
 CNSsolve> 
 CNSsolve>        ! allocate space for the reflections. 
 CNSsolve>        generate 100000 &Data.em.resolution 
 CNSsolve>    end 
 CNSsolve> 
 CNSsolve>    xray 
 CNSsolve>        ! read in atomic form factors 
 CNSsolve>        @RUN:toppar/scatter.lib 
 ASSFIL: file scatter.lib opened.
 CNSsolve>! file libraries/xray/scatter.lib 
 CNSsolve>! Atomic scattering factors without anomalous contribution 
 CNSsolve>! Library for CNS 
 CNSsolve> 
 CNSsolve>! Authors: Paul Adams, Joe Jaeger, and Axel T. Brunger 
 CNSsolve> 
 CNSsolve>!BEWARE: 
 CNSsolve>!(1) element Cf (Californium) has to be referred to as Cff 
 CNSsolve>!(2) element Sm (Samarium) has to be referred to as Smm 
 CNSsolve>!(3) element Np (Neptunium) has to be referred to as Npp 
 CNSsolve>!(3) types of elements with ionic state (i.e., +/-) specifications have 
 CNSsolve>!    to be put in double quotes in selection statements. 
 CNSsolve> 
 CNSsolve>set message ? end 
 CNSsolve>evaluate ($message_old_sclib=$result) 
 CNSsolve>set echo ? end 
 CNSsolve>evaluate ($echo_old_sclib=$result) 
 CNSsolve>set echo=off message=off end 
 CNSsolve> 
 CNSsolve> checkversion 1.3 
 CNSsolve> 
 CNSsolve> 
 CNSsolve>SCATter ( chemical H* and not ( 
 CNSsolve>          chemical "He" or chemical "HE" or 
 CNSsolve>          chemical "Ho" or chemical "HO" or 
 CNSsolve>          chemical "Ho+3" or chemical "HO+3" or 
 CNSsolve>          chemical "Hf" or chemical "HF" or 
 CNSsolve>          chemical "Hf+4" or chemical "HF+4" or 
 CNSsolve>          chemical "Hg" or chemical "HG" or 
 CNSsolve>          chemical "Hg+1" or chemical "HG+1" or 
 CNSsolve>          chemical "Hg+2" or chemical "HG+2" )) 
 CNSsolve>  0.489918 20.6593 0.262003 7.74039 0.196767 49.5519 0.049879 2.20159 0.001305 
 CNSsolve>SCATter ( chemical "He" or chemical "HE" ) 
 CNSsolve>  0.8734 9.1037 0.6309 3.3568 0.3112 22.9276 0.178 0.9821 0.0064 
 CNSsolve>SCATter ( chemical "Li" or chemical "LI" ) 
 CNSsolve>  1.1282 3.9546 0.7508 1.0524 0.6175 85.3905 0.4653 168.261 0.0377 
 CNSsolve>SCATter ( chemical "Li+1" or chemical "LI+1" ) 
 CNSsolve>  0.6968 4.6237 0.7888 1.9557 0.3414 0.6316 0.1563 10.0953 0.0167 
 CNSsolve>SCATter ( chemical "Be" or chemical "BE" ) 
 CNSsolve>  1.5919 43.6427 1.1278 1.8623 0.5391 103.483 0.7029 0.542 0.0385 
 CNSsolve>SCATter ( chemical "Be+2" or chemical "BE+2" ) 
 CNSsolve>  6.2603 0.0027 0.8849 0.8313 0.7993 2.2758 0.1647 5.1146 -6.1092 
 CNSsolve>SCATter ( chemical "B" ) 
 CNSsolve>  2.0545 23.2185 1.3326 1.021 1.0979 60.3498 0.7068 0.1403 -0.1932 
 CNSsolve>SCATter ( chemical C* and not 
 CNSsolve>        ( chem "Ca" or chem "CA" or chem "Ca+2" or chem "CA+2" or 
 CNSsolve>          chem "Ce" or chem "CE" or chem "Ce+3" or chem "CE+3" or chem "Ce+4" or chem "CE+4" or 
 CNSsolve>          chem "Co" or chem "CO" or chem "Co+2" or chem "CO+2" or chem "Co+3" or chem "CO+3" or 
 CNSsolve>          chem "Cr" or chem "CR" or chem "Cr+2" or chem "CR+2" or chem "Cr+3" or chem "CR+3" or 
 CNSsolve>          chem "Cu" or chem "CU" or chem "Cu+1" or chem "CU+1" or chem "Cu+2" or chem "CU+2" or 
 CNSsolve>          chem "Cd" or chem "CD" or chem "Cd+2" or chem "CD+2" or 
 CNSsolve>          chem "Cs" or chem "CS" or chem "Cs+1" or chem "CS+1" or 
 CNSsolve>          chem "Cm" or chem "CM" or 
 CNSsolve>          chem "Cl" or chem "CL" or chem "Cl-1" or chem "CL-1" or 
 CNSsolve>          chem "Cff" or chem "CFF" or chem "Cval" or chem "CVAL" )) 
 CNSsolve>  2.31 20.8439 1.02 10.2075 1.5886 0.5687 0.865 51.6512 0.2156 
 CNSsolve>SCATter ( chemical "Cval" or chemical "CVAL" ) 
 CNSsolve>  2.26069 22.6907 1.56165 0.656665 1.05075 9.75618 0.839259 55.5949 0.286977 
 CNSsolve>SCATter ( chemical N* and not 
 CNSsolve>        ( chem "Ne" or chem "NE" or 
 CNSsolve>          chem "Na" or chem "NA" or chem "Na+1" or chem "NA+1" or 
 CNSsolve>          chem "Ni" or chem "NI" or chem "Ni+2" or chem "NI+2" or chem "Ni+3" or chem "NI+3" or 
 CNSsolve>          chem "Nb" or chem "NB" or chem "Nb+3" or chem "NB+3" or chem "Nb+5" or chem "NB+5" or 
 CNSsolve>          chem "Nd" or chem "ND" or chem "Nd+3" or chem "ND+3" or 
 CNSsolve>          chem "Npp" or chem "NPP" or chem "Np+3" or chem "NP+3" or chem "Np+4" or chem "NP+4" or 
 CNSsolve>          chem "Np+6" or chem "NP+6" )) 
 CNSsolve>  12.2126 0.0057 3.1322 9.8933 2.0125 28.9975 1.1663 0.5826 -11.529 
 CNSsolve>SCATter ( chemical O* and not ( chem "O-1" or chem "Os" or chem "OS" or chem "Os+4" or chem "OS+4" ) ) 
 CNSsolve>  3.0485 13.2771 2.2868 5.7011 1.5463 0.3239 0.867 32.9089 0.2508 
 CNSsolve>SCATter ( chemical "O-1" ) 
 CNSsolve>  4.1916 12.8573 1.63969 4.17236 1.52673 47.0179 -20.307 -0.01404 21.9412 
 CNSsolve>SCATter ( chemical "F" ) 
 CNSsolve>  3.5392 10.2825 2.6412 4.2944 1.517 0.2615 1.0243 26.1476 0.2776 
 CNSsolve>SCATter ( chemical "F-1" ) 
 CNSsolve>  3.6322 5.27756 3.51057 14.7353 1.26064 0.442258 0.940706 47.3437 0.653396 
 CNSsolve>SCATter ( chemical "Ne" or chemical "NE" ) 
 CNSsolve>  3.9553 8.4042 3.1125 3.4262 1.4546 0.2306 1.1251 21.7184 0.3515 
 CNSsolve>SCATter ( chemical "Na" or chemical "NA" ) 
 CNSsolve>  4.7626 3.285 3.1736 8.8422 1.2674 0.3136 1.1128 129.424 0.676 
 CNSsolve>SCATter ( chemical "Na+1" or chemical "NA+1" ) 
 CNSsolve>  3.2565 2.6671 3.9362 6.1153 1.3998 0.2001 1.0032 14.039 0.404 
 CNSsolve>SCATter ( chemical "Mg" or chemical "MG" ) 
 CNSsolve>  5.4204 2.8275 2.1735 79.2611 1.2269 0.3808 2.3073 7.1937 0.8584 
 CNSsolve>SCATter ( chemical "Mg+2" or chemical "MG+2" ) 
 CNSsolve>  3.4988 2.1676 3.8378 4.7542 1.3284 0.185 0.8497 10.1411 0.4853 
 CNSsolve>SCATter ( chemical "Al" or chemical "AL" ) 
 CNSsolve>  6.4202 3.0387 1.9002 0.7426 1.5936 31.5472 1.9646 85.0886 1.1151 
 CNSsolve>SCATter ( chemical "Al+3" or chemical "AL+3" ) 
 CNSsolve>  4.17448 1.93816 3.3876 4.14553 1.20296 0.228753 0.528137 8.28524 0.706786 
 CNSsolve>SCATter ( chemical "Si" or chemical "SI" ) 
 CNSsolve>  6.2915 2.4386 3.0353 32.3337 1.9891 0.6785 1.541 81.6937 1.1407 
 CNSsolve>SCATter ( chemical "Siv" or chemical "SIV" ) 
 CNSsolve>  5.66269 2.6652 3.07164 38.6634 2.62446 0.916946 1.3932 93.5458 1.24707 
 CNSsolve>SCATter ( chemical "Si+4" or chemical "SI+4" ) 
 CNSsolve>  4.43918 1.64167 3.20345 3.43757 1.19453 0.2149 0.41653 6.65365 0.746297 
 CNSsolve>SCATter ( chemical P* and not ( 
 CNSsolve>          chem "Pd" or chem "Pr" or chem "Pm" or chem "Pt" or 
 CNSsolve>          chem "Pb" or chem "Po" or chem "Pa" or chem "Pu" or 
 CNSsolve>          chem "PD" or chem "PR" or chem "PM" or chem "PT" or 
 CNSsolve>          chem "PB" or chem "PO" or chem "PA" or chem "PU" or 
 CNSsolve>          chem "Pr+3" or chem "PR+3" or 
 CNSsolve>          chem "Pr+4" or chem "PR+4" or 
 CNSsolve>          chem "Pm+3" or chem "PM+3" or 
 CNSsolve>          chem "Pt+2" or chem "PT+2" or 
 CNSsolve>          chem "Pt+4" or chem "PT+4" or 
 CNSsolve>          chem "Pb+2" or chem "PB+2" or 
 CNSsolve>          chem "Pb+4" or chem "PB+4" or 
 CNSsolve>          chem "Pu+3" or chem "PU+3" or 
 CNSsolve>          chem "Pu+4" or chem "PU+4" or 
 CNSsolve>          chem "Pu+6" or chem "PU+6" )) 
 CNSsolve>  6.4345 1.9067 4.1791 27.157 1.78 0.526 1.4908 68.1645 1.1149 
 CNSsolve>SCATter ( chemical S* and not ( 
 CNSsolve>          chem "Sc" or chem "SC" or chem "Sc+3" or chem "SC+3" or 
 CNSsolve>          chem "Se" or chem "SE" or 
 CNSsolve>          chem "Sr" or chem "SR" or chem "Sr+2" or chem "SR+2" or 
 CNSsolve>          chem "Sn" or chem "SN" or chem "Sn+2" or chem "SN+2" or chem "Sn+4" or chem "SN+4" or 
 CNSsolve>          chem "Sb" or chem "SB" or chem "Sb+3" or chem "SB+3" or chem "Sb+5" or chem "SB+5" or 
 CNSsolve>          chem "Smm" or chem "SMM" or chem "Sm+3" or chem "SM+3" or 
 CNSsolve>          chem "Si" or chem "SI" or chem "Si+4" or chem "SI+4"  )) 
 CNSsolve>  6.9053 1.4679 5.2034 22.2151 1.4379 0.2536 1.5863 56.172 0.8669 
 CNSsolve>SCATter ( chemical "Cl" or chemical "CL" ) 
 CNSsolve>  11.4604 0.0104 7.1964 1.1662 6.2556 18.5194 1.6455 47.7784 -9.5574 
 CNSsolve>SCATter ( chemical "Cl-1" or chemical "CL-1" ) 
 CNSsolve>  18.2915 0.0066 7.2084 1.1717 6.5337 19.5424 2.3386 60.4486 -16.378 
 CNSsolve>SCATter ( chemical "Ar" or chemical "AR" ) 
 CNSsolve>  7.4845 0.9072 6.7723 14.8407 0.6539 43.8983 1.6442 33.3929 1.4445 
 CNSsolve>SCATter ( chemical "K" ) 
 CNSsolve>  8.2186 12.7949 7.4398 0.7748 1.0519 213.187 0.8659 41.6841 1.4228 
 CNSsolve>SCATter ( chemical "K+1" ) 
 CNSsolve>  7.9578 12.6331 7.4917 0.7674 6.359 -0.002 1.1915 31.9128 -4.9978 
 CNSsolve>SCATter ( chemical "Ca" or chemical "CA" ) 
 CNSsolve>  8.6266 10.4421 7.3873 0.6599 1.5899 85.7484 1.0211 178.437 1.3751 
 CNSsolve>SCATter ( chemical "Ca+2" or chemical "CA+2" ) 
 CNSsolve>  15.6348 -0.0074 7.9518 0.6089 8.4372 10.3116 0.8537 25.9905 -14.875 
 CNSsolve>SCATter ( chemical "Sc" or chemical "SC" ) 
 CNSsolve>  9.189 9.0213 7.3679 0.5729 1.6409 136.108 1.468 51.3531 1.3329 
 CNSsolve>SCATter ( chemical "Sc+3" or chemical "SC+3" ) 
 CNSsolve>  13.4008 0.29854 8.0273 7.9629 1.65943 -0.28604 1.57936 16.0662 -6.6667 
 CNSsolve>SCATter ( chemical "Ti" or chemical "TI" ) 
 CNSsolve>  9.7595 7.8508 7.3558 0.5 1.6991 35.6338 1.9021 116.105 1.2807 
 CNSsolve>SCATter ( chemical "Ti+2" or chemical "TI+2" ) 
 CNSsolve>  9.11423 7.5243 7.62174 0.457585 2.2793 19.5361 0.087899 61.6558 0.897155 
 CNSsolve>SCATter ( chemical "Ti+3" or chemical "TI+3" ) 
 CNSsolve>  17.7344 0.22061 8.73816 7.04716 5.25691 -0.15762 1.92134 15.9768 -14.652 
 CNSsolve>SCATter ( chemical "Ti+4" or chemical "TI+4" ) 
 CNSsolve>  19.5114 0.178847 8.23473 6.67018 2.01341 -0.29263 1.5208 12.9464 -13.28 
 CNSsolve>SCATter ( chemical "V" ) 
 CNSsolve>  10.2971 6.8657 7.3511 0.4385 2.0703 26.8938 2.0571 102.478 1.2199 
 CNSsolve>SCATter ( chemical "V+2" ) 
 CNSsolve>  10.106 6.8818 7.3541 0.4409 2.2884 20.3004 0.0223 115.122 1.2298 
 CNSsolve>SCATter ( chemical "V+3" ) 
 CNSsolve>  9.43141 6.39535 7.7419 0.383349 2.15343 15.1908 0.016865 63.969 0.656565 
 CNSsolve>SCATter ( chemical "V+5" ) 
 CNSsolve>  15.6887 0.679003 8.14208 5.40135 2.03081 9.97278 -9.576 0.940464 1.7143 
 CNSsolve>SCATter ( chemical "Cr" or chemical "CR" ) 
 CNSsolve>  10.6406 6.1038 7.3537 0.392 3.324 20.2626 1.4922 98.7399 1.1832 
 CNSsolve>SCATter ( chemical "Cr+2" or chemical "CR+2" ) 
 CNSsolve>  9.54034 5.66078 7.7509 0.344261 3.58274 13.3075 0.509107 32.4224 0.616898 
 CNSsolve>SCATter ( chemical "Cr+3" or chemical "CR+3" ) 
 CNSsolve>  9.6809 5.59463 7.81136 0.334393 2.87603 12.8288 0.113575 32.8761 0.518275 
 CNSsolve>SCATter ( chemical "Mn" or chemical "MN" ) 
 CNSsolve>  11.2819 5.3409 7.3573 0.3432 3.0193 17.8674 2.2441 83.7543 1.0896 
 CNSsolve>SCATter ( chemical "Mn+2" or chemical "MN+2" ) 
 CNSsolve>  10.8061 5.2796 7.362 0.3435 3.5268 14.343 0.2184 41.3235 1.0874 
 CNSsolve>SCATter ( chemical "Mn+3" or chemical "MN+3" ) 
 CNSsolve>  9.84521 4.91797 7.87194 0.294393 3.56531 10.8171 0.323613 24.1281 0.393974 
 CNSsolve>SCATter ( chemical "Mn+4" or chemical "MN+4" ) 
 CNSsolve>  9.96253 4.8485 7.97057 0.283303 2.76067 10.4852 0.054447 27.573 0.251877 
 CNSsolve>SCATter ( chemical "Fe" or chemical "FE" ) 
 CNSsolve>  11.7695 4.7611 7.3573 0.3072 3.5222 15.3535 2.3045 76.8805 1.0369 
 CNSsolve>SCATter ( chemical "Fe+2" or chemical "FE+2" ) 
 CNSsolve>  11.0424 4.6538 7.374 0.3053 4.1346 12.0546 0.4399 31.2809 1.0097 
 CNSsolve>SCATter ( chemical "Fe+3" or chemical "FE+3" ) 
 CNSsolve>  11.1764 4.6147 7.3863 0.3005 3.3948 11.6729 0.0724 38.5566 0.9707 
 CNSsolve>SCATter ( chemical "Co" or chemical "CO" ) 
 CNSsolve>  12.2841 4.2791 7.3409 0.2784 4.0034 13.5359 2.3488 71.1692 1.0118 
 CNSsolve>SCATter ( chemical "Co+2" or chemical "CO+2" ) 
 CNSsolve>  11.2296 4.1231 7.3883 0.2726 4.7393 10.2443 0.7108 25.6466 0.9324 
 CNSsolve>SCATter ( chemical "Co+3" or chemical "CO+3" ) 
 CNSsolve>  10.338 3.90969 7.88173 0.238668 4.76795 8.35583 0.725591 18.3491 0.286667 
 CNSsolve>SCATter ( chemical "Ni" or chemical "NI" ) 
 CNSsolve>  12.8376 3.8785 7.292 0.2565 4.4438 12.1763 2.38 66.3421 1.0341 
 CNSsolve>SCATter ( chemical "Ni+2" or chemical "NI+2" ) 
 CNSsolve>  11.4166 3.6766 7.4005 0.2449 5.3442 8.873 0.9773 22.1626 0.8614 
 CNSsolve>SCATter ( chemical "Ni+3" or chemical "NI+3" ) 
 CNSsolve>  10.7806 3.5477 7.75868 0.22314 5.22746 7.64468 0.847114 16.9673 0.386044 
 CNSsolve>SCATter ( chemical "Cu" or chemical "CU" ) 
 CNSsolve>  13.338 3.5828 7.1676 0.247 5.6158 11.3966 1.6735 64.8126 1.191 
 CNSsolve>SCATter ( chemical "Cu+1" or chemical "CU+1" ) 
 CNSsolve>  11.9475 3.3669 7.3573 0.2274 6.2455 8.6625 1.5578 25.8487 0.89 
 CNSsolve>SCATter ( chemical "Cu+2" or chemical "CU+2" ) 
 CNSsolve>  11.8168 3.37484 7.11181 0.244078 5.78135 7.9876 1.14523 19.897 1.14431 
 CNSsolve>SCATter ( chemical "Zn" or chemical "ZN" ) 
 CNSsolve>  14.0743 3.2655 7.0318 0.2333 5.1652 10.3163 2.41 58.7097 1.3041 
 CNSsolve>SCATter ( chemical "Zn+2" or chemical "ZN+2" ) 
 CNSsolve>  11.9719 2.9946 7.3862 0.2031 6.4668 7.0826 1.394 18.0995 0.7807 
 CNSsolve>SCATter ( chemical "Ga" or chemical "GA" ) 
 CNSsolve>  15.2354 3.0669 6.7006 0.2412 4.3591 10.7805 2.9623 61.4135 1.7189 
 CNSsolve>SCATter ( chemical "Ga+3" or chemical "GA+3" ) 
 CNSsolve>  12.692 2.81262 6.69883 0.22789 6.06692 6.36441 1.0066 14.4122 1.53545 
 CNSsolve>SCATter ( chemical "Ge" or chemical "GE" ) 
 CNSsolve>  16.0816 2.8509 6.3747 0.2516 3.7068 11.4468 3.683 54.7625 2.1313 
 CNSsolve>SCATter ( chemical "Ge+4" or chemical "GE+4" ) 
 CNSsolve>  12.9172 2.53718 6.70003 0.205855 6.06791 5.47913 0.859041 11.603 1.45572 
 CNSsolve>SCATter ( chemical "As" or chemical "AS" ) 
 CNSsolve>  16.6723 2.6345 6.0701 0.2647 3.4313 12.9479 4.2779 47.7972 2.531 
 CNSsolve>SCATter ( chemical "Se" or chemical "SE" ) 
 CNSsolve>  17.0006 2.4098 5.8196 0.2726 3.9731 15.2372 4.3543 43.8163 2.8409 
 CNSsolve>SCATter ( chemical "Br" or chemical "BR" ) 
 CNSsolve>  17.1789 2.1723 5.2358 16.5796 5.6377 0.2609 3.9851 41.4328 2.9557 
 CNSsolve>SCATter ( chemical "Br-1" or chemical "BR-1" ) 
 CNSsolve>  17.1718 2.2059 6.3338 19.3345 5.5754 0.2871 3.7272 58.1535 3.1776 
 CNSsolve>SCATter ( chemical "Kr" or chemical "KR" ) 
 CNSsolve>  17.3555 1.9384 6.7286 16.5623 5.5493 0.2261 3.5375 39.3972 2.825 
 CNSsolve>SCATter ( chemical "Rb" or chemical "RB" ) 
 CNSsolve>  17.1784 1.7888 9.6435 17.3151 5.1399 0.2748 1.5292 164.934 3.4873 
 CNSsolve>SCATter ( chemical "Rb+1" or chemical "RB+1" ) 
 CNSsolve>  17.5816 1.7139 7.6598 14.7957 5.8981 0.1603 2.7817 31.2087 2.0782 
 CNSsolve>SCATter ( chemical "Sr" or chemical "SR" ) 
 CNSsolve>  17.5663 1.5564 9.8184 14.0988 5.422 0.1664 2.6694 132.376 2.5064 
 CNSsolve>SCATter ( chemical "Sr+2" or chemical "SR+2" ) 
 CNSsolve>  18.0874 1.4907 8.1373 12.6963 2.5654 24.5651 -34.193 -0.0138 41.4025 
 CNSsolve>SCATter ( chemical "Y" ) 
 CNSsolve>  17.776 1.4029 10.2946 12.8006 5.72629 0.125599 3.26588 104.354 1.91213 
 CNSsolve>SCATter ( chemical "Y+3" ) 
 CNSsolve>  17.9268 1.35417 9.1531 11.2145 1.76795 22.6599 -33.108 -0.01319 40.2602 
 CNSsolve>SCATter ( chemical "Zr" or chemical "ZR" ) 
 CNSsolve>  17.8765 1.27618 10.948 11.916 5.41732 0.117622 3.65721 87.6627 2.06929 
 CNSsolve>SCATter ( chemical "Zr+4" or chemical "ZR+4" ) 
 CNSsolve>  18.1668 1.2148 10.0562 10.1483 1.01118 21.6054 -2.6479 -0.10276 9.41454 
 CNSsolve>SCATter ( chemical "Nb" or chemical "NB" ) 
 CNSsolve>  17.6142 1.18865 12.0144 11.766 4.04183 0.204785 3.53346 69.7957 3.75591 
 CNSsolve>SCATter ( chemical "Nb+3" or chemical "NB+3" ) 
 CNSsolve>  19.8812 0.019175 18.0653 1.13305 11.0177 10.1621 1.94715 28.3389 -12.912 
 CNSsolve>SCATter ( chemical "Nb+5" or chemical "NB+5" ) 
 CNSsolve>  17.9163 1.12446 13.3417 0.028781 10.799 9.28206 0.337905 25.7228 -6.3934 
 CNSsolve>SCATter ( chemical "Mo" or chemical "MO" ) 
 CNSsolve>  3.7025 0.2772 17.2356 1.0958 12.8876 11.004 3.7429 61.6584 4.3875 
 CNSsolve>SCATter ( chemical "Mo+3" or chemical "MO+3" ) 
 CNSsolve>  21.1664 0.014734 18.2017 1.03031 11.7423 9.53659 2.30951 26.6307 -14.421 
 CNSsolve>SCATter ( chemical "Mo+5" or chemical "MO+5" ) 
 CNSsolve>  21.0149 0.014345 18.0992 1.02238 11.4632 8.78809 0.740625 23.3452 -14.316 
 CNSsolve>SCATter ( chemical "Mo+6" or chemical "MO+6" ) 
 CNSsolve>  17.8871 1.03649 11.175 8.48061 6.57891 0.058881 0 0 0.344941 
 CNSsolve>SCATter ( chemical "Tc" or chemical "TC" ) 
 CNSsolve>  19.1301 0.864132 11.0948 8.14487 4.64901 21.5707 2.71263 86.8472 5.40428 
 CNSsolve>SCATter ( chemical "Ru" or chemical "RU" ) 
 CNSsolve>  19.2674 0.80852 12.9182 8.43467 4.86337 24.7997 1.56756 94.2928 5.37874 
 CNSsolve>SCATter ( chemical "Ru+3" or chemical "RU+3" ) 
 CNSsolve>  18.5638 0.847329 13.2885 8.37164 9.32602 0.017662 3.00964 22.887 -3.1892 
 CNSsolve>SCATter ( chemical "Ru+4" or chemical "RU+4" ) 
 CNSsolve>  18.5003 0.844582 13.1787 8.12534 4.71304 0.36495 2.18535 20.8504 1.42357 
 CNSsolve>SCATter ( chemical "Rh" or chemical "RH" ) 
 CNSsolve>  19.2957 0.751536 14.3501 8.21758 4.73425 25.8749 1.28918 98.6062 5.328 
 CNSsolve>SCATter ( chemical "Rh+3" or chemical "RH+3" ) 
 CNSsolve>  18.8785 0.764252 14.1259 7.84438 3.32515 21.2487 -6.1989 -0.01036 11.8678 
 CNSsolve>SCATter ( chemical "Rh+4" or chemical "RH+4" ) 
 CNSsolve>  18.8545 0.760825 13.9806 7.62436 2.53464 19.3317 -5.6526 -0.0102 11.2835 
 CNSsolve>SCATter ( chemical "Pd" or chemical "PD" ) 
 CNSsolve>  19.3319 0.698655 15.5017 7.98929 5.29537 25.2052 0.605844 76.8986 5.26593 
 CNSsolve>SCATter ( chemical "Pd+2" or chemical "PD+2" ) 
 CNSsolve>  19.1701 0.696219 15.2096 7.55573 4.32234 22.5057 0 0 5.2916 
 CNSsolve>SCATter ( chemical "Pd+4" or chemical "PD+4" ) 
 CNSsolve>  19.2493 0.683839 14.79 7.14833 2.89289 17.9144 -7.9492 0.005127 13.0174 
 CNSsolve>SCATter ( chemical "Ag" or chemical "AG" ) 
 CNSsolve>  19.2808 0.6446 16.6885 7.4726 4.8045 24.6605 1.0463 99.8156 5.179 
 CNSsolve>SCATter ( chemical "Ag+1" or chemical "AG+1" ) 
 CNSsolve>  19.1812 0.646179 15.9719 7.19123 5.27475 21.7326 0.357534 66.1147 5.21572 
 CNSsolve>SCATter ( chemical "Ag+2" or chemical "AG+2" ) 
 CNSsolve>  19.1643 0.645643 16.2456 7.18544 4.3709 21.4072 0 0 5.21404 
 CNSsolve>SCATter ( chemical "Cd" or chemical "CD" ) 
 CNSsolve>  19.2214 0.5946 17.6444 6.9089 4.461 24.7008 1.6029 87.4825 5.0694 
 CNSsolve>SCATter ( chemical "Cd+2" or chemical "CD+2" ) 
 CNSsolve>  19.1514 0.597922 17.2535 6.80639 4.47128 20.2521 0 0 5.11937 
 CNSsolve>SCATter ( chemical "In" or chemical "IN" ) 
 CNSsolve>  19.1624 0.5476 18.5596 6.3776 4.2948 25.8499 2.0396 92.8029 4.9391 
 CNSsolve>SCATter ( chemical "In+3" or chemical "IN+3" ) 
 CNSsolve>  19.1045 0.551522 18.1108 6.3247 3.78897 17.3595 0 0 4.99635 
 CNSsolve>SCATter ( chemical "Sn" or chemical "SN" ) 
 CNSsolve>  19.1889 5.8303 19.1005 0.5031 4.4585 26.8909 2.4663 83.9571 4.7821 
 CNSsolve>SCATter ( chemical "Sn+2" or chemical "SN+2" ) 
 CNSsolve>  19.1094 0.5036 19.0548 5.8378 4.5648 23.3752 0.487 62.2061 4.7861 
 CNSsolve>SCATter ( chemical "Sn+4" or chemical "SN+4" ) 
 CNSsolve>  18.9333 5.764 19.7131 0.4655 3.4182 14.0049 0.0193 -0.7583 3.9182 
 CNSsolve>SCATter ( chemical "Sb" or chemical "SB" ) 
 CNSsolve>  19.6418 5.3034 19.0455 0.4607 5.0371 27.9074 2.6827 75.2825 4.5909 
 CNSsolve>SCATter ( chemical "Sb+3" or chemical "SB+3" ) 
 CNSsolve>  18.9755 0.467196 18.933 5.22126 5.10789 19.5902 0.288753 55.5113 4.69626 
 CNSsolve>SCATter ( chemical "Sb+5" or chemical "SB+5" ) 
 CNSsolve>  19.8685 5.44853 19.0302 0.467973 2.41253 14.1259 0 0 4.69263 
 CNSsolve>SCATter ( chemical "Te" or chemical "TE" ) 
 CNSsolve>  19.9644 4.81742 19.0138 0.420885 6.14487 28.5284 2.5239 70.8403 4.352 
 CNSsolve>SCATter ( chemical "I" or chemical "I5U" ) 
 CNSsolve>  20.1472 4.347 18.9949 0.3814 7.5138 27.766 2.2735 66.8776 4.0712 
 CNSsolve>SCATter ( chemical "I-1" ) 
 CNSsolve>  20.2332 4.3579 18.997 0.3815 7.8069 29.5259 2.8868 84.9304 4.0714 
 CNSsolve>SCATter ( chemical "Xe" or chemical "XE" ) 
 CNSsolve>  20.2933 3.9282 19.0298 0.344 8.9767 26.4659 1.99 64.2658 3.7118 
 CNSsolve>SCATter ( chemical "Cs" or chemical "CS" ) 
 CNSsolve>  20.3892 3.569 19.1062 0.3107 10.662 24.3879 1.4953 213.904 3.3352 
 CNSsolve>SCATter ( chemical "Cs+1" or chemical "CS+1" ) 
 CNSsolve>  20.3524 3.552 19.1278 0.3086 10.2821 23.7128 0.9615 59.4565 3.2791 
 CNSsolve>SCATter ( chemical "Ba" or chemical "BA" ) 
 CNSsolve>  20.3361 3.216 19.297 0.2756 10.888 20.2073 2.6959 167.202 2.7731 
 CNSsolve>SCATter ( chemical "Ba+2" or chemical "BA+2" ) 
 CNSsolve>  20.1807 3.21367 19.1136 0.28331 10.9054 20.0558 0.77634 51.746 3.02902 
 CNSsolve>SCATter ( chemical "La" or chemical "LA" ) 
 CNSsolve>  20.578 2.94817 19.599 0.244475 11.3727 18.7726 3.28719 133.124 2.14678 
 CNSsolve>SCATter ( chemical "La+3" or chemical "LA+3" ) 
 CNSsolve>  20.2489 2.9207 19.3763 0.250698 11.6323 17.8211 0.336048 54.9453 2.4086 
 CNSsolve>SCATter ( chemical "Ce" or chemical "CE" ) 
 CNSsolve>  21.1671 2.81219 19.7695 0.226836 11.8513 17.6083 3.33049 127.113 1.86264 
 CNSsolve>SCATter ( chemical "Ce+3" or chemical "CE+3" ) 
 CNSsolve>  20.8036 2.77691 19.559 0.23154 11.9369 16.5408 0.612376 43.1692 2.09013 
 CNSsolve>SCATter ( chemical "Ce+4" or chemical "CE+4" ) 
 CNSsolve>  20.3235 2.65941 19.8186 0.21885 12.1233 15.7992 0.144583 62.2355 1.5918 
 CNSsolve>SCATter ( chemical "Pr" or chemical "PR" ) 
 CNSsolve>  22.044 2.77393 19.6697 0.222087 12.3856 16.7669 2.82428 143.644 2.0583 
 CNSsolve>SCATter ( chemical "Pr+3" or chemical "PR+3" ) 
 CNSsolve>  21.3727 2.6452 19.7491 0.214299 12.1329 15.323 0.97518 36.4065 1.77132 
 CNSsolve>SCATter ( chemical "Pr+4" or chemical "PR+4" ) 
 CNSsolve>  20.9413 2.54467 20.0539 0.202481 12.4668 14.8137 0.296689 45.4643 1.24285 
 CNSsolve>SCATter ( chemical "Nd" or chemical "ND" ) 
 CNSsolve>  22.6845 2.66248 19.6847 0.210628 12.774 15.885 2.85137 137.903 1.98486 
 CNSsolve>SCATter ( chemical "Nd+3" or chemical "ND+3" ) 
 CNSsolve>  21.961 2.52722 19.9339 0.199237 12.12 14.1783 1.51031 30.8717 1.47588 
 CNSsolve>SCATter ( chemical "Pm" or chemical "PM" ) 
 CNSsolve>  23.3405 2.5627 19.6095 0.202088 13.1235 15.1009 2.87516 132.721 2.02876 
 CNSsolve>SCATter ( chemical "Pm+3" or chemical "PM+3" ) 
 CNSsolve>  22.5527 2.4174 20.1108 0.185769 12.0671 13.1275 2.07492 27.4491 1.19499 
 CNSsolve>SCATter ( chemical "Smm" or chemical "SMM" ) 
 CNSsolve>  24.0042 2.47274 19.4258 0.196451 13.4396 14.3996 2.89604 128.007 2.20963 
 CNSsolve>SCATter ( chemical "Sm+3" or chemical "SM+3" ) 
 CNSsolve>  23.1504 2.31641 20.2599 0.174081 11.9202 12.1571 2.71488 24.8242 0.954586 
 CNSsolve>SCATter ( chemical "Eu" or chemical "EU" ) 
 CNSsolve>  24.6274 2.3879 19.0886 0.1942 13.7603 13.7546 2.9227 123.174 2.5745 
 CNSsolve>SCATter ( chemical "Eu+2" or chemical "EU+2" ) 
 CNSsolve>  24.0063 2.27783 19.9504 0.17353 11.8034 11.6096 3.87243 26.5156 1.36389 
 CNSsolve>SCATter ( chemical "Eu+3" or chemical "EU+3" ) 
 CNSsolve>  23.7497 2.22258 20.3745 0.16394 11.8509 11.311 3.26503 22.9966 0.759344 
 CNSsolve>SCATter ( chemical "Gd" or chemical "GD" ) 
 CNSsolve>  25.0709 2.25341 19.0798 0.181951 13.8518 12.9331 3.54545 101.398 2.4196 
 CNSsolve>SCATter ( chemical "Gd+3" or chemical "GD+3" ) 
 CNSsolve>  24.3466 2.13553 20.4208 0.155525 11.8708 10.5782 3.7149 21.7029 0.645089 
 CNSsolve>SCATter ( chemical "Tb" or chemical "TB" ) 
 CNSsolve>  25.8976 2.24256 18.2185 0.196143 14.3167 12.6648 2.95354 115.362 3.58324 
 CNSsolve>SCATter ( chemical "Tb+3" or chemical "TB+3" ) 
 CNSsolve>  24.9559 2.05601 20.3271 0.149525 12.2471 10.0499 3.773 21.2773 0.691967 
 CNSsolve>SCATter ( chemical "Dy" or chemical "DY" ) 
 CNSsolve>  26.507 2.1802 17.6383 0.202172 14.5596 12.1899 2.96577 111.874 4.29728 
 CNSsolve>SCATter ( chemical "Dy+3" or chemical "DY+3" ) 
 CNSsolve>  25.5395 1.9804 20.2861 0.143384 11.9812 9.34972 4.50073 19.581 0.68969 
 CNSsolve>SCATter ( chemical "Ho" or chemical "HO" ) 
 CNSsolve>  26.9049 2.07051 17.294 0.19794 14.5583 11.4407 3.63837 92.6566 4.56796 
 CNSsolve>SCATter ( chemical "Ho+3" or chemical "HO+3" ) 
 CNSsolve>  26.1296 1.91072 20.0994 0.139358 11.9788 8.80018 4.93676 18.5908 0.852795 
 CNSsolve>SCATter ( chemical "Er" or chemical "ER" ) 
 CNSsolve>  27.6563 2.07356 16.4285 0.223545 14.9779 11.3604 2.98233 105.703 5.92046 
 CNSsolve>SCATter ( chemical "Er+3" or chemical "ER+3" ) 
 CNSsolve>  26.722 1.84659 19.7748 0.13729 12.1506 8.36225 5.17379 17.8974 1.17613 
 CNSsolve>SCATter ( chemical "Tm" or chemical "TM" ) 
 CNSsolve>  28.1819 2.02859 15.8851 0.238849 15.1542 10.9975 2.98706 102.961 6.75621 
 CNSsolve>SCATter ( chemical "Tm+3" or chemical "TM+3" ) 
 CNSsolve>  27.3083 1.78711 19.332 0.136974 12.3339 7.96778 5.38348 17.2922 1.63929 
 CNSsolve>SCATter ( chemical "Yb" or chemical "YB" ) 
 CNSsolve>  28.6641 1.9889 15.4345 0.257119 15.3087 10.6647 2.98963 100.417 7.56672 
 CNSsolve>SCATter ( chemical "Yb+2" or chemical "YB+2" ) 
 CNSsolve>  28.1209 1.78503 17.6817 0.15997 13.3335 8.18304 5.14657 20.39 3.70983 
 CNSsolve>SCATter ( chemical "Yb+3" or chemical "YB+3" ) 
 CNSsolve>  27.8917 1.73272 18.7614 0.13879 12.6072 7.64412 5.47647 16.8153 2.26001 
 CNSsolve>SCATter ( chemical "Lu" or chemical "LU" ) 
 CNSsolve>  28.9476 1.90182 15.2208 9.98519 15.1 0.261033 3.71601 84.3298 7.97628 
 CNSsolve>SCATter ( chemical "Lu+3" or chemical "LU+3" ) 
 CNSsolve>  28.4628 1.68216 18.121 0.142292 12.8429 7.33727 5.59415 16.3535 2.97573 
 CNSsolve>SCATter ( chemical "Hf" or chemical "HF" ) 
 CNSsolve>  29.144 1.83262 15.1726 9.5999 14.7586 0.275116 4.30013 72.029 8.58154 
 CNSsolve>SCATter ( chemical "Hf+4" or chemical "HF+4" ) 
 CNSsolve>  28.8131 1.59136 18.4601 0.128903 12.7285 6.76232 5.59927 14.0366 2.39699 
 CNSsolve>SCATter ( chemical "Ta" or chemical "TA" ) 
 CNSsolve>  29.2024 1.77333 15.2293 9.37046 14.5135 0.295977 4.76492 63.3644 9.24354 
 CNSsolve>SCATter ( chemical "Ta+5" or chemical "TA+5" ) 
 CNSsolve>  29.1587 1.50711 18.8407 0.116741 12.8268 6.31524 5.38695 12.4244 1.78555 
 CNSsolve>SCATter ( chemical "W" ) 
 CNSsolve>  29.0818 1.72029 15.43 9.2259 14.4327 0.321703 5.11982 57.056 9.8875 
 CNSsolve>SCATter ( chemical "W+6" ) 
 CNSsolve>  29.4936 1.42755 19.3763 0.104621 13.0544 5.93667 5.06412 11.1972 1.01074 
 CNSsolve>SCATter ( chemical "Re" or chemical "RE" ) 
 CNSsolve>  28.7621 1.67191 15.7189 9.09227 14.5564 0.3505 5.44174 52.0861 10.472 
 CNSsolve>SCATter ( chemical "Os" or chemical "OS" ) 
 CNSsolve>  28.1894 1.62903 16.155 8.97948 14.9305 0.382661 5.67589 48.1647 11.0005 
 CNSsolve>SCATter ( chemical "Os+4" or chemical "OS+4" ) 
 CNSsolve>  30.419 1.37113 15.2637 6.84706 14.7458 0.165191 5.06795 18.003 6.49804 
 CNSsolve>SCATter ( chemical "Ir" or chemical "IR" ) 
 CNSsolve>  27.3049 1.59279 16.7296 8.86553 15.6115 0.417916 5.83377 45.0011 11.4722 
 CNSsolve>SCATter ( chemical "Ir+3" or chemical "IR+3" ) 
 CNSsolve>  30.4156 1.34323 15.862 7.10909 13.6145 0.204633 5.82008 20.3254 8.27903 
 CNSsolve>SCATter ( chemical "Ir+4" or chemical "IR+4" ) 
 CNSsolve>  30.7058 1.30923 15.5512 6.71983 14.2326 0.167252 5.53672 17.4911 6.96824 
 CNSsolve>SCATter ( chemical "Pt" or chemical "PT" ) 
 CNSsolve>  27.0059 1.51293 17.7639 8.81174 15.7131 0.424593 5.7837 38.6103 11.6883 
 CNSsolve>SCATter ( chemical "Pt+2" or chemical "PT+2" ) 
 CNSsolve>  29.8429 1.32927 16.7224 7.38979 13.2153 0.263297 6.35234 22.9426 9.85329 
 CNSsolve>SCATter ( chemical "Pt+4" or chemical "PT+4" ) 
 CNSsolve>  30.9612 1.24813 15.9829 6.60834 13.7348 0.16864 5.92034 16.9392 7.39534 
 CNSsolve>SCATter ( chemical "Au" or chemical "AU" ) 
 CNSsolve>  16.8819 0.4611 18.5913 8.6216 25.5582 1.4826 5.86 36.3956 12.0658 
 CNSsolve>SCATter ( chemical "Au+1" or chemical "AU+1" ) 
 CNSsolve>  28.0109 1.35321 17.8204 7.7395 14.3359 0.356752 6.58077 26.4043 11.2299 
 CNSsolve>SCATter ( chemical "Au+3" or chemical "AU+3" ) 
 CNSsolve>  30.6886 1.2199 16.9029 6.82872 12.7801 0.212867 6.52354 18.659 9.0968 
 CNSsolve>SCATter ( chemical "Hg" or chemical "HG" ) 
 CNSsolve>  20.6809 0.545 19.0417 8.4484 21.6575 1.5729 5.9676 38.3246 12.6089 
 CNSsolve>SCATter ( chemical "Hg+1" or chemical "HG+1" ) 
 CNSsolve>  25.0853 1.39507 18.4973 7.65105 16.8883 0.443378 6.48216 28.2262 12.0205 
 CNSsolve>SCATter ( chemical "Hg+2" or chemical "HG+2" ) 
 CNSsolve>  29.5641 1.21152 18.06 7.05639 12.8374 0.284738 6.89912 20.7482 10.6268 
 CNSsolve>SCATter ( chemical "Tl" or chemical "TL" ) 
 CNSsolve>  27.5446 0.65515 19.1584 8.70751 15.538 1.96347 5.52593 45.8149 13.1746 
 CNSsolve>SCATter ( chemical "Tl+1" or chemical "TL+1" ) 
 CNSsolve>  21.3985 1.4711 20.4723 0.517394 18.7478 7.43463 6.82847 28.8482 12.5258 
 CNSsolve>SCATter ( chemical "Tl+3" or chemical "TL+3" ) 
 CNSsolve>  30.8695 1.1008 18.3841 6.53852 11.9328 0.219074 7.00574 17.2114 9.8027 
 CNSsolve>SCATter ( chemical "Pb" or chemical "PB" ) 
 CNSsolve>  31.0617 0.6902 13.0637 2.3576 18.442 8.618 5.9696 47.2579 13.4118 
 CNSsolve>SCATter ( chemical "Pb+2" or chemical "PB+2" ) 
 CNSsolve>  21.7886 1.3366 19.5682 0.488383 19.1406 6.7727 7.01107 23.8132 12.4734 
 CNSsolve>SCATter ( chemical "Pb+4" or chemical "PB+4" ) 
 CNSsolve>  32.1244 1.00566 18.8003 6.10926 12.0175 0.147041 6.96886 14.714 8.08428 
 CNSsolve>SCATter ( chemical "Bi" or chemical "BI" ) 
 CNSsolve>  33.3689 0.704 12.951 2.9238 16.5877 8.7937 6.4692 48.0093 13.5782 
 CNSsolve>SCATter ( chemical "Bi+3" or chemical "BI+3" ) 
 CNSsolve>  21.8053 1.2356 19.5026 6.24149 19.1053 0.469999 7.10295 20.3185 12.4711 
 CNSsolve>SCATter ( chemical "Bi+5" or chemical "BI+5" ) 
 CNSsolve>  33.5364 0.91654 25.0946 0.39042 19.2497 5.71414 6.91555 12.8285 -6.7994 
 CNSsolve>SCATter ( chemical "Po" or chemical "PO" ) 
 CNSsolve>  34.6726 0.700999 15.4733 3.55078 13.1138 9.55642 7.02588 47.0045 13.677 
 CNSsolve>SCATter ( chemical "At" or chemical "AT" ) 
 CNSsolve>  35.3163 0.68587 19.0211 3.97458 9.49887 11.3824 7.42518 45.4715 13.7108 
 CNSsolve>SCATter ( chemical "Rn" or chemical "RN" ) 
 CNSsolve>  35.5631 0.6631 21.2816 4.0691 8.0037 14.0422 7.4433 44.2473 13.6905 
 CNSsolve>SCATter ( chemical "Fr" or chemical "FR" ) 
 CNSsolve>  35.9299 0.646453 23.0547 4.17619 12.1439 23.1052 2.11253 150.645 13.7247 
 CNSsolve>SCATter ( chemical "Ra" or chemical "RA" ) 
 CNSsolve>  35.763 0.616341 22.9064 3.87135 12.4739 19.9887 3.21097 142.325 13.6211 
 CNSsolve>SCATter ( chemical "Ra+2" or chemical "RA+2" ) 
 CNSsolve>  35.215 0.604909 21.67 3.5767 7.91342 12.601 7.65078 29.8436 13.5431 
 CNSsolve>SCATter ( chemical "Ac" or chemical "AC" ) 
 CNSsolve>  35.6597 0.589092 23.1032 3.65155 12.5977 18.599 4.08655 117.02 13.5266 
 CNSsolve>SCATter ( chemical "Ac+3" or chemical "AC+3" ) 
 CNSsolve>  35.1736 0.579689 22.1112 3.41437 8.19216 12.9187 7.05545 25.9443 13.4637 
 CNSsolve>SCATter ( chemical "Th" or chemical "TH" ) 
 CNSsolve>  35.5645 0.563359 23.4219 3.46204 12.7473 17.8309 4.80703 99.1722 13.4314 
 CNSsolve>SCATter ( chemical "Th+4" or chemical "TH+4" ) 
 CNSsolve>  35.1007 0.555054 22.4418 3.24498 9.78554 13.4661 5.29444 23.9533 13.376 
 CNSsolve>SCATter ( chemical "Pa" or chemical "PA" ) 
 CNSsolve>  35.8847 0.547751 23.2948 3.41519 14.1891 16.9235 4.17287 105.251 13.4287 
 CNSsolve>SCATter ( chemical "U" ) 
 CNSsolve>  36.0228 0.5293 23.4128 3.3253 14.9491 16.0927 4.188 100.613 13.3966 
 CNSsolve>SCATter ( chemical "U+3" ) 
 CNSsolve>  35.5747 0.52048 22.5259 3.12293 12.2165 12.7148 5.37073 26.3394 13.3092 
 CNSsolve>SCATter ( chemical "U+4" ) 
 CNSsolve>  35.3715 0.516598 22.5326 3.05053 12.0291 12.5723 4.7984 23.4582 13.2671 
 CNSsolve>SCATter ( chemical "U+6" ) 
 CNSsolve>  34.8509 0.507079 22.7584 2.8903 14.0099 13.1767 1.21457 25.2017 13.1665 
 CNSsolve>SCATter ( chemical "Npp" or chemical "NPP" ) 
 CNSsolve>  36.1874 0.511929 23.5964 3.25396 15.6402 15.3622 4.1855 97.4908 13.3573 
 CNSsolve>SCATter ( chemical "Np+3" or chemical "NP+3" ) 
 CNSsolve>  35.7074 0.502322 22.613 3.03807 12.9898 12.1449 5.43227 25.4928 13.2544 
 CNSsolve>SCATter ( chemical "Np+4" or chemical "NP+4" ) 
 CNSsolve>  35.5103 0.498626 22.5787 2.96627 12.7766 11.9484 4.92159 22.7502 13.2116 
 CNSsolve>SCATter ( chemical "Np+6" or chemical "NP+6" ) 
 CNSsolve>  35.0136 0.48981 22.7286 2.81099 14.3884 12.33 1.75669 22.6581 13.113 
 CNSsolve>SCATter ( chemical "Pu" or chemical "PU" ) 
 CNSsolve>  36.5254 0.499384 23.8083 3.26371 16.7707 14.9455 3.47947 105.98 13.3812 
 CNSsolve>SCATter ( chemical "Pu+3" or chemical "PU+3" ) 
 CNSsolve>  35.84 0.484938 22.7169 2.96118 13.5807 11.5331 5.66016 24.3992 13.1991 
 CNSsolve>SCATter ( chemical "Pu+4" or chemical "PU+4" ) 
 CNSsolve>  35.6493 0.481422 22.646 2.8902 13.3595 11.316 5.18831 21.8301 13.1555 
 CNSsolve>SCATter ( chemical "Pu+6" or chemical "PU+6" ) 
 CNSsolve>  35.1736 0.473204 22.7181 2.73848 14.7635 11.553 2.28678 20.9303 13.0582 
 CNSsolve>SCATter ( chemical "Am" or chemical "AM" ) 
 CNSsolve>  36.6706 0.483629 24.0992 3.20647 17.3415 14.3136 3.49331 102.273 13.3592 
 CNSsolve>SCATter ( chemical "Cm" or chemical "CM" ) 
 CNSsolve>  36.6488 0.465154 24.4096 3.08997 17.399 13.4346 4.21665 88.4834 13.2887 
 CNSsolve>SCATter ( chemical "Bk" or chemical "BK" ) 
 CNSsolve>  36.7881 0.451018 24.7736 3.04619 17.8919 12.8946 4.23284 86.003 13.2754 
 CNSsolve>SCATter ( chemical "Cff" or chemical "CFF" ) 
 CNSsolve>  36.9185 0.437533 25.1995 3.00775 18.3317 12.4044 4.24391 83.7881 13.2674 
 CNSsolve> 
 CNSsolve>set message=$message_old_sclib echo=$echo_old_sclib end 
 CNSsolve> 
 CNSsolve>        ! reciprocal space complex arrays 
 CNSsolve>        declare name=fobs  domain=reciprocal type=complex end 
 CNSsolve>        declare name=fcalc domain=reciprocal type=complex end 
 CNSsolve>        declare name=fpart domain=reciprocal type=complex end 
 CNSsolve> 
 CNSsolve>        ! real space arrays 
 CNSsolve>        declare name=map domain=real end 
 CNSsolve> 
 CNSsolve>        ! only calculate structure factors for protein and DNA 
 CNSsolve>        associate fcalc (not (name H* or resn HOH or resn TIP3 or resn DAN or resn XAN or resn DUM)) 
 CNSsolve> 
 CNSsolve>        ! read in map 
 CNSsolve>        read map 
 CNSsolve>            to=map 
 CNSsolve>            input=RUN:data/cryo-em/cryo-em.xplor 
 CNSsolve>            formatted=True 
 CNSsolve>        end 
 CNSsolve> 
 CNSsolve>        ! set initial values 
 CNSsolve>        do (fobs = ft(map)) (all) 
 CNSsolve>        do (fcalc = 0) (all) 
 CNSsolve>        do (fpart = 0) (all) 
 CNSsolve> 
 CNSsolve>        ! set which Fourier coefficients are used for XREF term and which 
 CNSsolve>        ! are used for cross-validation 
 CNSsolve>        tselection=(all) 
 CNSsolve>        cvselection=(not all) 
 CNSsolve> 
 CNSsolve>        ! set target function and target derivative function for XREF energy 
 CNSsolve>        target =( vector(combine(amplitude(fobs),phase(fobs)), (fcalc), 1)) 
 CNSsolve>        dtarget=(dvector(combine(amplitude(fobs),phase(fobs)), (fcalc), 1)) 
 CNSsolve> 
 CNSsolve>        ! set weight of target function 
 CNSsolve>        wa=&Data.em.kscale 
 CNSsolve> 
 CNSsolve>        ! set tolerance level for recomputing structure factors. This 
 CNSsolve>        ! should maybe be higher during the refinement stage. 
 CNSsolve>        tolerance=0.0 
 CNSsolve>    end 
 CNSsolve>    if ($data.em.itw = true) then 
 CNSsolve>        flags include xref end 
 CNSsolve>    end if 
 CNSsolve>end if 
 CNSsolve> 
 CNSsolve>if ($refine.solvshell eq true) then 
 NEXTCD: condition evaluated as true
 CNSsolve>  inline @RUN:protocols/water_rest.cns 
 ASSFIL: file water_rest.cns opened.
 CNSsolve>! water_rest.cns 
 CNSsolve>!    Define restraints between interfacial water molecules and highly solvated 
 CNSsolve>!    amino-acids 
 CNSsolve>! 
 CNSsolve>! *********************************************************************** 
 CNSsolve>! * Copyright 2003-2018 Alexandre Bonvin, Utrecht University.           * 
 CNSsolve>! * All rights reserved.                                                * 
 CNSsolve>! * This code is part of the HADDOCK software and governed by its       * 
 CNSsolve>! * license. Please see the LICENSE file that should have been included * 
 CNSsolve>! * as part of this package.                                            * 
 CNSsolve>! *********************************************************************** 
 CNSsolve>! 
 CNSsolve>! This script define distance restraints between water molecule and amino-acids 
 CNSsolve>! often found to be involved in water-mediated contacts 
 CNSsolve>! See van Dijk and Bonvin, Bioinformatics 2006 
 CNSsolve>! 
 CNSsolve> 
 CNSsolve>evaluate ($nchain=0) 
 EVALUATE: symbol $NCHAIN set to    0.00000     (real)
 CNSsolve>while ($nchain < $data.ncomponents) loop nloop1 
 NEXTCD: condition evaluated as true
 CNSsolve>  evaluate ($nchain = $nchain + 1) 
 EVALUATE: symbol $NCHAIN set to    1.00000     (real)
 CNSsolve>  evaluate ($watersegname_$nchain="WA" + encode($nchain)) 
 EVALUATE: symbol $WATERSEGNAME_1 set to "WA1" (string)
 CNSsolve>end loop nloop1 
 CNSsolve>while ($nchain < $data.ncomponents) loop nloop1 
 NEXTCD: condition evaluated as true
 CNSsolve>  evaluate ($nchain = $nchain + 1) 
 EVALUATE: symbol $NCHAIN set to    2.00000     (real)
 CNSsolve>  evaluate ($watersegname_$nchain="WA" + encode($nchain)) 
 EVALUATE: symbol $WATERSEGNAME_2 set to "WA2" (string)
 CNSsolve>end loop nloop1 
 CNSsolve>while ($nchain < $data.ncomponents) loop nloop1 
 NEXTCD: condition evaluated as false
 CNSsolve>  evaluate ($nchain = $nchain + 1) 
 CNSsolve>  evaluate ($watersegname_$nchain="WA" + encode($nchain)) 
 CNSsolve>end loop nloop1 
 CNSsolve> 
 CNSsolve> 
 CNSsolve>if ($data.waterdock eq true) then 
 NEXTCD: condition evaluated as false
 CNSsolve> 
 CNSsolve>  if ($data.solvate_method eq "restraints") then 
 CNSsolve>    evaluate ($nchain=0) 
 CNSsolve>    while ($nchain < $data.ncomponents) loop nloop2 
 CNSsolve>      evaluate ($nchain = $nchain + 1) 
 CNSsolve>      noe class amwa end 
 CNSsolve>      for $atom_id in id ((resn WAT or resn HOH) and name OH2 and segid $watersegname_$nchain and not store5) loop waterrestraint 
 CNSsolve>        noe 
 CNSsolve>          assi (segid $toppar.prot_segid_$nchain and 
 CNSsolve>	        (resn arg or resn asn or resn asp or resn gln or resn glu or resn his* 
 CNSsolve>		 or resn lys or resn pro or resn ser or resn thr or resn tyr) 
 CNSsolve>	        and ((id $atom_id) around $data.water_restraint_cutoff)) 
 CNSsolve>               (id $atom_id) $data.water_restraint_cutoff $data.water_restraint_cutoff 0.0 
 CNSsolve>        end 
 CNSsolve>      end loop waterrestraint 
 CNSsolve>    end loop nloop2 
 CNSsolve>    evaluate($amwa_scale = $data.water_restraint_scale) 
 CNSsolve>    noe scale amwa $amwa_scale end 
 CNSsolve>  end if 
 CNSsolve> 
 CNSsolve>end if 
 CNSsolve>end if 
 CNSsolve> 
 CNSsolve>if ($Data.ranair eq true) then 
 NEXTCD: condition evaluated as false
 CNSsolve>  if ($Data.ncomponents > 2) then 
 CNSsolve>    display ========= Unsupported option =========== 
 CNSsolve>    display Random definition of AIRs with more than 
 CNSsolve>    display two molecules currently unsupported 
 CNSsolve>    display ======================================== 
 CNSsolve>    stop 
 CNSsolve>  end if 
 CNSsolve>  evaluate ($Data.noecv = false) 
 CNSsolve>  noe 
 CNSsolve>    reset 
 CNSsolve>    nrestraints = 100000     ! allocate space for NOEs 
 CNSsolve>    ceiling 1000 
 CNSsolve>  end 
 CNSsolve>!  @RUN:protocols/contactairs.cns 
 CNSsolve> 
 CNSsolve>  !Read back in hbond data 
 CNSsolve>  if (&data.hbond_lastit ge &iteration) then 
 CNSsolve>      if (&data.hbond_firstit le &iteration) then 
 CNSsolve>        if (&data.hbonds_on eq true) then 
 CNSsolve>          noe class hbon @@RUN:data/hbonds/hbonds.tbl end 
 CNSsolve>        end if 
 CNSsolve>      end if 
 CNSsolve>  end if 
 CNSsolve> 
 CNSsolve>  noe 
 CNSsolve>    averaging  * sum 
 CNSsolve>    potential  * soft 
 CNSsolve>    scale      * 1.0 
 CNSsolve>    sqconstant * 1.0 
 CNSsolve>    sqexponent * 2 
 CNSsolve>    soexponent * 1 
 CNSsolve>    rswitch    * 1.0 
 CNSsolve>    sqoffset   * 0.0 
 CNSsolve>    asymptote  * 2.0 
 CNSsolve>    msoexponent * 1 
 CNSsolve>    masymptote  * -0.1 
 CNSsolve>    mrswitch    * 1.0 
 CNSsolve>  end 
 CNSsolve>  inline @RUN:protocols/water_rest.cns 
 ASSFIL: file water_rest.cns opened.
 CNSsolve>! water_rest.cns 
 CNSsolve>!    Define restraints between interfacial water molecules and highly solvated 
 CNSsolve>!    amino-acids 
 CNSsolve>! 
 CNSsolve>! *********************************************************************** 
 CNSsolve>! * Copyright 2003-2018 Alexandre Bonvin, Utrecht University.           * 
 CNSsolve>! * All rights reserved.                                                * 
 CNSsolve>! * This code is part of the HADDOCK software and governed by its       * 
 CNSsolve>! * license. Please see the LICENSE file that should have been included * 
 CNSsolve>! * as part of this package.                                            * 
 CNSsolve>! *********************************************************************** 
 CNSsolve>! 
 CNSsolve>! This script define distance restraints between water molecule and amino-acids 
 CNSsolve>! often found to be involved in water-mediated contacts 
 CNSsolve>! See van Dijk and Bonvin, Bioinformatics 2006 
 CNSsolve>! 
 CNSsolve> 
 CNSsolve>evaluate ($nchain=0) 
 CNSsolve>while ($nchain < $data.ncomponents) loop nloop1 
 CNSsolve>  evaluate ($nchain = $nchain + 1) 
 CNSsolve>  evaluate ($watersegname_$nchain="WA" + encode($nchain)) 
 CNSsolve>end loop nloop1 
 CNSsolve> 
 CNSsolve> 
 CNSsolve>if ($data.waterdock eq true) then 
 CNSsolve> 
 CNSsolve>  if ($data.solvate_method eq "restraints") then 
 CNSsolve>    evaluate ($nchain=0) 
 CNSsolve>    while ($nchain < $data.ncomponents) loop nloop2 
 CNSsolve>      evaluate ($nchain = $nchain + 1) 
 CNSsolve>      noe class amwa end 
 CNSsolve>      for $atom_id in id ((resn WAT or resn HOH) and name OH2 and segid $watersegname_$nchain and not store5) loop waterrestraint 
 CNSsolve>        noe 
 CNSsolve>          assi (segid $toppar.prot_segid_$nchain and 
 CNSsolve>	        (resn arg or resn asn or resn asp or resn gln or resn glu or resn his* 
 CNSsolve>		 or resn lys or resn pro or resn ser or resn thr or resn tyr) 
 CNSsolve>	        and ((id $atom_id) around $data.water_restraint_cutoff)) 
 CNSsolve>               (id $atom_id) $data.water_restraint_cutoff $data.water_restraint_cutoff 0.0 
 CNSsolve>        end 
 CNSsolve>      end loop waterrestraint 
 CNSsolve>    end loop nloop2 
 CNSsolve>    evaluate($amwa_scale = $data.water_restraint_scale) 
 CNSsolve>    noe scale amwa $amwa_scale end 
 CNSsolve>  end if 
 CNSsolve> 
 CNSsolve>end if 
 CNSsolve>end if 
 CNSsolve> 
 CNSsolve>{* random removal of restaints ================================== *} 
 CNSsolve>!Make sure that at least as many distance restraints are successfully 
 CNSsolve>!read as the number of partitions for cross-validation 
 CNSsolve>evaluate ($numnoe = 999) 
 EVALUATE: symbol $NUMNOE set to    999.000     (real)
 CNSsolve>noe ? end 
 NOE: total number of restraints:    16 partitioned into      2 classes
 NOE: ceiling=    1000.000 current allocation=12000000
 CNSsolve>if ($NUMNOE = 0) then 
 NEXTCD: condition evaluated as false
 CNSsolve>  evaluate ($Data.ncvpart = 1) 
 CNSsolve>  evaluate ($Data.noecv = FALSE) 
 CNSsolve>end if 
 CNSsolve> 
 CNSsolve>if ($NUMNOE lt $Data.ncvpart) then 
 NEXTCD: condition evaluated as false
 CNSsolve>  noe part=1 end 
 CNSsolve>  evaluate ($Data.ncvpart = 1) 
 CNSsolve>  evaluate ($Data.noecv = FALSE) 
 CNSsolve>end if 
 CNSsolve> 
 CNSsolve>if ($Data.noecv eq true) then 
 NEXTCD: condition evaluated as true
 CNSsolve>  set message=on echo=on end 
 CNSsolve>  noe cv $npart ? end 
 NOE: total number of restraints:    16 partitioned into      2 classes
 NOE: ceiling=    1000.000 current allocation=12000000
 NOE: data are partitioned into working set and test set.
 NOE: test set number=     1
 CNSsolve>else 
 CNSsolve>  evaluate ($npart = 0) 
 CNSsolve>end if 
 CNSsolve> 
 CNSsolve>if ( $log_level = verbose ) then 
 NEXTCD: condition evaluated as false
 CNSsolve>   set message=normal echo=on end 
 CNSsolve>else 
 CNSsolve>   set message=off echo=off end 
 MISCOM: file exists
 NBONDS: generating intra-molecular exclusion list with mode= 5
 MAKINB: mode   5 found   8258 exclusions and   2699 interactions(1-4)
 NBONDS: found   695930 intra-atom interactions
 --------------- cycle=     1 --------------------------------------------------
 | Etotal =6743.990   grad(E)=1123.512   E(BOND)=1070.982   E(ANGL)=4627.050   |
 | E(DIHE)=168.757    E(IMPR)=14455.620  E(VDW )=2028.962   E(ELEC)=-15607.381 |
 | E(CDIH)=0.000      E(NOE )=0.000                                            |
 -------------------------------------------------------------------------------
 %PARRDR-info: duplication of bond C    OC  
 %PARRDR-info: duplication of bond CH1E OAS 
 %PARRDR-info: duplication of bond HN   N3T 
 %PARRDR-info: duplication of angle CH2E C    NH1 
 %PARRDR-info: duplication of angle CR1E CR1E CY2 
 %PARRDR-info: duplication of angle OC   C    OC  
 %PARRDR-info: duplication of nonbonded entry H   
 %PARRDR-info: duplication of nonbonded entry HA  
 %PARRDR-info: duplication of nonbonded entry HC  
 %PARRDR-info: duplication of nonbonded entry OP1 
 %PARRDR-info: duplication of nonbonded entry OH  
 %PARRDR-info: duplication of nonbonded entry P   
 %PARRDR-info: duplication of nonbonded entry HO  
 %PARRDR-info: duplication of nonbonded entry HN  
 %PARRDR-info: duplication of nonbonded entry HO  
 %PARRDR-info: duplication of nonbonded entry HO  
 %PARRDR-info: duplication of nonbonded entry HA  
 %PARRDR-info: duplication of nonbonded entry HA  
 %PARRDR-info: duplication of nonbonded entry OC  
 %PARRDR-info: duplication of nonbonded entry C   
 POWELL: number of degrees of freedom= 17676
 --------------- cycle=     1 ------ stepsize=    0.0000 -----------------------
 | Etotal =6744.597   grad(E)=1123.512   E(BOND)=1071.287   E(ANGL)=4627.353   |
 | E(DIHE)=168.757    E(IMPR)=14455.620  E(VDW )=2028.962   E(ELEC)=-15607.381 |
 | E(CDIH)=0.000      E(NOE )=0.000                                            |
 -------------------------------------------------------------------------------
 --------------- cycle=     2 ------ stepsize=    0.0000 -----------------------
 | Etotal =5645.206   grad(E)=1078.006   E(BOND)=1071.088   E(ANGL)=4626.254   |
 | E(DIHE)=168.752    E(IMPR)=13358.051  E(VDW )=2028.632   E(ELEC)=-15607.571 |
 | E(CDIH)=0.000      E(NOE )=0.000                                            |
 -------------------------------------------------------------------------------
 --------------- cycle=     3 ------ stepsize=    0.0000 -----------------------
 | Etotal =-406.621   grad(E)=542.929    E(BOND)=1071.103   E(ANGL)=4607.579   |
 | E(DIHE)=168.710    E(IMPR)=7330.132   E(VDW )=2025.146   E(ELEC)=-15609.291 |
 | E(CDIH)=0.000      E(NOE )=0.000                                            |
 -------------------------------------------------------------------------------
 --------------- cycle=     4 ------ stepsize=    0.0000 -----------------------
 | Etotal =-1536.601  grad(E)=392.122    E(BOND)=1072.393   E(ANGL)=4596.162   |
 | E(DIHE)=168.687    E(IMPR)=6213.466   E(VDW )=2022.898   E(ELEC)=-15610.208 |
 | E(CDIH)=0.001      E(NOE )=0.000                                            |
 -------------------------------------------------------------------------------
 --------------- cycle=     5 ------ stepsize=    0.0000 -----------------------
 | Etotal =-3347.004  grad(E)=332.944    E(BOND)=1076.105   E(ANGL)=4594.501   |
 | E(DIHE)=168.622    E(IMPR)=4435.326   E(VDW )=1989.905   E(ELEC)=-15611.468 |
 | E(CDIH)=0.003      E(NOE )=0.000                                            |
 -------------------------------------------------------------------------------
 --------------- cycle=     6 ------ stepsize=    0.0000 -----------------------
 | Etotal =-6312.874  grad(E)=87.616     E(BOND)=1119.325   E(ANGL)=4596.218   |
 | E(DIHE)=168.381    E(IMPR)=1511.073   E(VDW )=1908.355   E(ELEC)=-15616.253 |
 | E(CDIH)=0.028      E(NOE )=0.000                                            |
 -------------------------------------------------------------------------------
 --------------- cycle=     7 ------ stepsize=    0.0000 -----------------------
 | Etotal =-6623.782  grad(E)=47.223     E(BOND)=1108.254   E(ANGL)=4590.311   |
 | E(DIHE)=168.149    E(IMPR)=1233.965   E(VDW )=1899.345   E(ELEC)=-15623.882 |
 | E(CDIH)=0.075      E(NOE )=0.000                                            |
 -------------------------------------------------------------------------------
 --------------- cycle=     8 ------ stepsize=    0.0000 -----------------------
 | Etotal =-6724.973  grad(E)=28.823     E(BOND)=1096.856   E(ANGL)=4582.665   |
 | E(DIHE)=167.911    E(IMPR)=1168.330   E(VDW )=1891.211   E(ELEC)=-15632.097 |
 | E(CDIH)=0.151      E(NOE )=0.000                                            |
 -------------------------------------------------------------------------------
 --------------- cycle=     9 ------ stepsize=    0.0000 -----------------------
 | Etotal =-6811.594  grad(E)=27.171     E(BOND)=1071.944   E(ANGL)=4566.696   |
 | E(DIHE)=167.485    E(IMPR)=1158.227   E(VDW )=1877.463   E(ELEC)=-15653.780 |
 | E(CDIH)=0.370      E(NOE )=0.000                                            |
 -------------------------------------------------------------------------------
 --------------- cycle=    10 ------ stepsize=    0.0001 -----------------------
 | Etotal =-7086.929  grad(E)=37.518     E(BOND)=1021.015   E(ANGL)=4559.568   |
 | E(DIHE)=166.105    E(IMPR)=1175.503   E(VDW )=1792.720   E(ELEC)=-15806.560 |
 | E(CDIH)=4.719      E(NOE )=0.000                                            |
 -------------------------------------------------------------------------------
 --------------- cycle=    11 ------ stepsize=    0.0000 -----------------------
 | Etotal =-5909.742  grad(E)=173.795    E(BOND)=1093.242   E(ANGL)=4590.006   |
 | E(DIHE)=167.011    E(IMPR)=2475.662   E(VDW )=1727.228   E(ELEC)=-15967.016 |
 | E(CDIH)=4.125      E(NOE )=0.000                                            |
 -------------------------------------------------------------------------------
 --------------- cycle=    12 ------ stepsize=    0.0000 -----------------------
 | Etotal =-7153.234  grad(E)=20.771     E(BOND)=1024.548   E(ANGL)=4561.784   |
 | E(DIHE)=166.237    E(IMPR)=1142.785   E(VDW )=1780.625   E(ELEC)=-15833.562 |
 | E(CDIH)=4.350      E(NOE )=0.000                                            |
 -------------------------------------------------------------------------------
 --------------- cycle=    13 ------ stepsize=    0.0000 -----------------------
 | Etotal =-7191.804  grad(E)=18.052     E(BOND)=1023.131   E(ANGL)=4553.997   |
 | E(DIHE)=166.300    E(IMPR)=1134.114   E(VDW )=1775.165   E(ELEC)=-15847.881 |
 | E(CDIH)=3.369      E(NOE )=0.000                                            |
 -------------------------------------------------------------------------------
 --------------- cycle=    14 ------ stepsize=    0.0000 -----------------------
 | Etotal =-7310.308  grad(E)=21.085     E(BOND)=1071.569   E(ANGL)=4530.670   |
 | E(DIHE)=167.578    E(IMPR)=1118.965   E(VDW )=1739.981   E(ELEC)=-15942.733 |
 | E(CDIH)=3.662      E(NOE )=0.000                                            |
 -------------------------------------------------------------------------------
 --------------- cycle=    15 ------ stepsize=    0.0000 -----------------------
 | Etotal =-7386.891  grad(E)=32.871     E(BOND)=1191.917   E(ANGL)=4558.425   |
 | E(DIHE)=164.212    E(IMPR)=1125.384   E(VDW )=1673.820   E(ELEC)=-16103.709 |
 | E(CDIH)=3.060      E(NOE )=0.000                                            |
 -------------------------------------------------------------------------------
 --------------- cycle=    16 ------ stepsize=   -0.0000 -----------------------
 | Etotal =-7413.604  grad(E)=20.528     E(BOND)=1114.503   E(ANGL)=4539.647   |
 | E(DIHE)=165.153    E(IMPR)=1117.922   E(VDW )=1695.433   E(ELEC)=-16049.359 |
 | E(CDIH)=3.097      E(NOE )=0.000                                            |
 -------------------------------------------------------------------------------
 --------------- cycle=    17 ------ stepsize=    0.0000 -----------------------
 | Etotal =-7528.738  grad(E)=17.282     E(BOND)=1168.451   E(ANGL)=4553.996   |
 | E(DIHE)=162.831    E(IMPR)=1107.672   E(VDW )=1644.253   E(ELEC)=-16167.378 |
 | E(CDIH)=1.436      E(NOE )=0.000                                            |
 -------------------------------------------------------------------------------
 --------------- cycle=    18 ------ stepsize=    0.0000 -----------------------
 | Etotal =-7532.609  grad(E)=20.605     E(BOND)=1192.886   E(ANGL)=4560.067   |
 | E(DIHE)=162.346    E(IMPR)=1109.798   E(VDW )=1633.576   E(ELEC)=-16193.356 |
 | E(CDIH)=2.075      E(NOE )=0.000                                            |
 -------------------------------------------------------------------------------
 --------------- cycle=    19 ------ stepsize=    0.0000 -----------------------
 | Etotal =-7678.194  grad(E)=17.262     E(BOND)=1259.450   E(ANGL)=4564.010   |
 | E(DIHE)=165.061    E(IMPR)=1075.143   E(VDW )=1577.994   E(ELEC)=-16325.985 |
 | E(CDIH)=6.133      E(NOE )=0.000                                            |
 -------------------------------------------------------------------------------
 --------------- cycle=    20 ------ stepsize=    0.0000 -----------------------
 | Etotal =-7691.092  grad(E)=22.069     E(BOND)=1314.836   E(ANGL)=4574.130   |
 | E(DIHE)=166.676    E(IMPR)=1066.303   E(VDW )=1557.052   E(ELEC)=-16378.901 |
 | E(CDIH)=8.812      E(NOE )=0.001                                            |
 -------------------------------------------------------------------------------
 --------------- cycle=    21 ------ stepsize=    0.0000 -----------------------
 | Etotal =-7823.059  grad(E)=25.759     E(BOND)=1432.770   E(ANGL)=4546.182   |
 | E(DIHE)=163.137    E(IMPR)=1049.176   E(VDW )=1496.473   E(ELEC)=-16518.600 |
 | E(CDIH)=7.775      E(NOE )=0.029                                            |
 -------------------------------------------------------------------------------
 --------------- cycle=    22 ------ stepsize=   -0.0000 -----------------------
 | Etotal =-7826.906  grad(E)=22.069     E(BOND)=1403.690   E(ANGL)=4547.390   |
 | E(DIHE)=163.623    E(IMPR)=1045.515   E(VDW )=1504.815   E(ELEC)=-16498.500 |
 | E(CDIH)=6.540      E(NOE )=0.022                                            |
 -------------------------------------------------------------------------------
 --------------- cycle=    23 ------ stepsize=    0.0000 -----------------------
 | Etotal =-7986.958  grad(E)=21.958     E(BOND)=1423.822   E(ANGL)=4496.028   |
 | E(DIHE)=162.371    E(IMPR)=1020.506   E(VDW )=1462.098   E(ELEC)=-16564.605 |
 | E(CDIH)=12.738     E(NOE )=0.083                                            |
 -------------------------------------------------------------------------------
 --------------- cycle=    24 ------ stepsize=    0.0000 -----------------------
 | Etotal =-7992.447  grad(E)=25.942     E(BOND)=1446.297   E(ANGL)=4492.506   |
 | E(DIHE)=162.269    E(IMPR)=1016.543   E(VDW )=1453.077   E(ELEC)=-16579.274 |
 | E(CDIH)=16.031     E(NOE )=0.104                                            |
 -------------------------------------------------------------------------------
 --------------- cycle=    25 ------ stepsize=    0.0000 -----------------------
 | Etotal =-8152.610  grad(E)=26.001     E(BOND)=1410.372   E(ANGL)=4498.982   |
 | E(DIHE)=167.994    E(IMPR)=965.508    E(VDW )=1411.209   E(ELEC)=-16615.354 |
 | E(CDIH)=8.422      E(NOE )=0.257                                            |
 -------------------------------------------------------------------------------
 --------------- cycle=    26 ------ stepsize=   -0.0000 -----------------------
 | Etotal =-8152.760  grad(E)=25.382     E(BOND)=1408.972   E(ANGL)=4497.520   |
 | E(DIHE)=167.791    E(IMPR)=966.127    E(VDW )=1412.383   E(ELEC)=-16614.290 |
 | E(CDIH)=8.484      E(NOE )=0.252                                            |
 -------------------------------------------------------------------------------
 --------------- cycle=    27 ------ stepsize=    0.0000 -----------------------
 | Etotal =-8300.587  grad(E)=24.065     E(BOND)=1349.538   E(ANGL)=4526.509   |
 | E(DIHE)=166.442    E(IMPR)=917.221    E(VDW )=1380.579   E(ELEC)=-16646.494 |
 | E(CDIH)=5.192      E(NOE )=0.426                                            |
 -------------------------------------------------------------------------------
 --------------- cycle=    28 ------ stepsize=   -0.0000 -----------------------
 | Etotal =-8301.223  grad(E)=22.525     E(BOND)=1348.084   E(ANGL)=4523.287   |
 | E(DIHE)=166.508    E(IMPR)=917.766    E(VDW )=1382.439   E(ELEC)=-16644.521 |
 | E(CDIH)=4.800      E(NOE )=0.414                                            |
 -------------------------------------------------------------------------------
 NBONDS: found   695926 intra-atom interactions
 --------------- cycle=    29 ------ stepsize=    0.0000 -----------------------
 | Etotal =-8458.570  grad(E)=18.617     E(BOND)=1275.827   E(ANGL)=4563.860   |
 | E(DIHE)=161.825    E(IMPR)=863.136    E(VDW )=1354.259   E(ELEC)=-16685.236 |
 | E(CDIH)=7.138      E(NOE )=0.621                                            |
 -------------------------------------------------------------------------------
 --------------- cycle=    30 ------ stepsize=    0.0000 -----------------------
 | Etotal =-8476.797  grad(E)=25.701     E(BOND)=1274.547   E(ANGL)=4595.186   |
 | E(DIHE)=160.318    E(IMPR)=844.135    E(VDW )=1341.848   E(ELEC)=-16704.411 |
 | E(CDIH)=10.842     E(NOE )=0.736                                            |
 -------------------------------------------------------------------------------
 --------------- cycle=    31 ------ stepsize=    0.0000 -----------------------
 | Etotal =-8702.889  grad(E)=26.909     E(BOND)=1199.189   E(ANGL)=4708.299   |
 | E(DIHE)=158.444    E(IMPR)=717.610    E(VDW )=1298.066   E(ELEC)=-16797.722 |
 | E(CDIH)=11.966     E(NOE )=1.260                                            |
 -------------------------------------------------------------------------------
 --------------- cycle=    32 ------ stepsize=    0.0000 -----------------------
 | Etotal =-8726.228  grad(E)=37.753     E(BOND)=1221.594   E(ANGL)=4768.777   |
 | E(DIHE)=157.729    E(IMPR)=665.095    E(VDW )=1281.563   E(ELEC)=-16838.256 |
 | E(CDIH)=15.732     E(NOE )=1.538                                            |
 -------------------------------------------------------------------------------
 --------------- cycle=    33 ------ stepsize=    0.0000 -----------------------
 | Etotal =-9234.550  grad(E)=43.525     E(BOND)=1125.692   E(ANGL)=4929.564   |
 | E(DIHE)=154.925    E(IMPR)=292.498    E(VDW )=1234.447   E(ELEC)=-16998.793 |
 | E(CDIH)=24.469     E(NOE )=2.649                                            |
 -------------------------------------------------------------------------------
 NBONDS: found   695932 intra-atom interactions
 --------------- cycle=    34 ------ stepsize=    0.0000 -----------------------
 | Etotal =-7992.125  grad(E)=80.708     E(BOND)=1282.424   E(ANGL)=5309.741   |
 | E(DIHE)=150.692    E(IMPR)=1301.058   E(VDW )=1186.273   E(ELEC)=-17310.940 |
 | E(CDIH)=82.807     E(NOE )=5.820                                            |
 -------------------------------------------------------------------------------
 --------------- cycle=    35 ------ stepsize=    0.0000 -----------------------
 | Etotal =-9356.917  grad(E)=43.258     E(BOND)=1111.183   E(ANGL)=4986.222   |
 | E(DIHE)=154.002    E(IMPR)=194.059    E(VDW )=1221.047   E(ELEC)=-17057.749 |
 | E(CDIH)=31.175     E(NOE )=3.143                                            |
 -------------------------------------------------------------------------------
 --------------- cycle=    36 ------ stepsize=    0.0000 -----------------------
 | Etotal =-9371.011  grad(E)=43.262     E(BOND)=1110.295   E(ANGL)=5019.894   |
 | E(DIHE)=153.505    E(IMPR)=182.826    E(VDW )=1214.353   E(ELEC)=-17091.168 |
 | E(CDIH)=35.840     E(NOE )=3.444                                            |
 -------------------------------------------------------------------------------
 --------------- cycle=    37 ------ stepsize=    0.0000 -----------------------
 | Etotal =-9820.892  grad(E)=38.773     E(BOND)=883.475    E(ANGL)=4991.356   |
 | E(DIHE)=150.945    E(IMPR)=168.927    E(VDW )=1194.077   E(ELEC)=-17226.124 |
 | E(CDIH)=12.164     E(NOE )=4.287                                            |
 -------------------------------------------------------------------------------
 --------------- cycle=    38 ------ stepsize=    0.0000 -----------------------
 | Etotal =-9827.081  grad(E)=43.024     E(BOND)=891.281    E(ANGL)=4993.697   |
 | E(DIHE)=150.664    E(IMPR)=172.345    E(VDW )=1191.814   E(ELEC)=-17243.798 |
 | E(CDIH)=12.510     E(NOE )=4.405                                            |
 -------------------------------------------------------------------------------
 --------------- cycle=    39 ------ stepsize=    0.0000 -----------------------
 | Etotal =-7426.338  grad(E)=102.433    E(BOND)=702.903    E(ANGL)=5052.443   |
 | E(DIHE)=152.636    E(IMPR)=2970.731   E(VDW )=1169.183   E(ELEC)=-17509.316 |
 | E(CDIH)=28.797     E(NOE )=6.284                                            |
 -------------------------------------------------------------------------------
 --------------- cycle=    40 ------ stepsize=    0.0000 -----------------------
 | Etotal =-9897.136  grad(E)=39.624     E(BOND)=844.273    E(ANGL)=4993.290   |
 | E(DIHE)=150.709    E(IMPR)=174.152    E(VDW )=1189.099   E(ELEC)=-17266.052 |
 | E(CDIH)=12.845     E(NOE )=4.548                                            |
 -------------------------------------------------------------------------------
 POWELL: STEP number limit. Normal termination
 POWELL: Current coordinates set to last minimum
 CNSsolve> 
 CNSsolve>@RUN:protocols/restrain-ions.cns 
 ASSFIL: file restrain-ions.cns opened.
 CNSsolve>! restrain-ions.cns 
 CNSsolve>!    distance restraints between an ion and any coordinating atom within 5A 
 CNSsolve>!    to maintain the coordination topologu 
 CNSsolve>! 
 CNSsolve>! *********************************************************************** 
 CNSsolve>! * Copyright 2003-2020 Alexandre Bonvin, Utrecht University.           * 
 CNSsolve>! * All rights reserved.                                                * 
 CNSsolve>! * This code is part of the HADDOCK software and governed by its       * 
 CNSsolve>! * license. Please see the LICENSE file that should have been included * 
 CNSsolve>! * as part of this package.                                            * 
 CNSsolve>! *********************************************************************** 
 CNSsolve>! 
 CNSsolve>  noe class dist end 
 %NOESET error encountered: duplicate class name specified. 
   (CNS is in mode: SET ABORT=NORMal END)
 CNSsolve> 
 CNSsolve>  ! first deal with monoatomic ions 
 CNSsolve>  evaluate ($pcount = 0) 
 EVALUATE: symbol $PCOUNT set to    0.00000     (real)
 CNSsolve>  for $id1 in id ( name "LI+1" or name "F-1"  or name "NA+1" or name "MG+2" or name "AL+3" 
 SELRPN>                or name "CL-1" or name "K+1"  or name "CA+2" or name "V+2"  or name "V+3" 
 SELRPN>                or name "CR+2" or name "CR+3" or name "MN+2" or name "MN+3" or name "FE+2" 
 SELRPN>                or name "FE+3" or name "NI+2" or name "CO+2" or name "CO+3" or name "CU+1" 
 SELRPN>                or name "CU+2" or name "ZN+2" or name "BR-1" or name "SR+2" or name "MO+3" 
 SELRPN>                or name "AG+1" or name "CD+2" or name "I-1"  or name "CS+2" or name "HO+3" 
 SELRPN>                or name "YB+2" or name "YB+3" or name "OS+4" or name "IR+3" or name "PT+2" 
 SELRPN>                or name "AU+1" or name "AU+2" or name "HG+1" or name "HG+2" or name "PB+2" 
 SELRPN>                or name "U+3"  or name "U+4"  or name "ZN+1" or name "ZN"  ) loop sions 
 SELRPN:      0 atoms have been selected out of   5892
 CNSsolve> 
 CNSsolve>     show (segid) (id $id1) 
 CNSsolve>     evaluate ($segid1=$result) 
 CNSsolve>     show (resid) (id $id1) 
 CNSsolve>     evaluate ($resid1=$result) 
 CNSsolve>     show (resname) (id $id1) 
 CNSsolve>     evaluate ($resname1=$result) 
 CNSsolve>     show (name) (id $id1) 
 CNSsolve>     evaluate ($name1=$result) 
 CNSsolve> 
 CNSsolve>     evaluate ($mindis = 4.0) 
 CNSsolve>     for $id2 in id ( (name O* or name S* or name N*) and (id $id1) around $mindis and 
 FOR-clause=                      (resn ACE or resn ALA or resn ALY or resn ARG or resn ASN or resn ASH or resn ASP or 
 FOR-clause=                       resn CSP or resn CTN or resn CYC or resn CYF or resn CYM or resn CYS or resn DDZ or 
 FOR-clause=                       resn GLN or resn GLH or resn GLU or resn GLY or resn HIS or resn HY3 or resn HYP or 
 FOR-clause=                       resn ILE or resn LEU or resn LYS or resn M3L or resn MLY or resn MLZ or resn MET or 
 FOR-clause=                       resn MSE or resn NEP or resn NME or resn PHE or resn PNS or resn PRO or resn PTR or 
 FOR-clause=                       resn QSR or resn SEP or resn SER or resn THR or resn TOP or resn TRP or resn TYP or 
 FOR-clause=                       resn TYR or resn TYS or resn VAL or resn A   or resn C   or resn G   or resn T   or 
 FOR-clause=                       resn DA  or resn DC  or resn DG  or resn DT  or resn DJ )) loop search 
 CNSsolve> 
 CNSsolve>         pick bond (id $id1) (id $id2) geometry 
 CNSsolve>         evaluate ($upper = $result) 
 CNSsolve>         show (segid) (id $id2) 
 CNSsolve>         evaluate ($segid2=$result) 
 CNSsolve>         show (resid) (id $id2) 
 CNSsolve>         evaluate ($resid2=$result) 
 CNSsolve>         show (name) (id $id2) 
 CNSsolve>         evaluate ($name2=$result) 
 CNSsolve> 
 CNSsolve>         if ($segid1 eq $segid2) then 
 CNSsolve>             noe 
 CNSsolve>                 assign (resid $resid1 and segid $segid1 and name $name1) 
 CNSsolve>                        (resid $resid2 and segid $segid2 and name $name2) $upper 0.1 0.1 
 CNSsolve>             end 
 CNSsolve>         end if 
 CNSsolve> 
 CNSsolve>     end loop search 
 CNSsolve> 
 CNSsolve>   end loop sions 
 CNSsolve> 
 CNSsolve>  ! then deal with multiatomic mions 
 CNSsolve>  evaluate ($pcount = 0) 
 EVALUATE: symbol $PCOUNT set to    0.00000     (real)
 CNSsolve>  for $id1 in id ( (resn SO4 or resn PO4 or resn WO4) and name O* ) loop mions 
 SELRPN:      0 atoms have been selected out of   5892
 CNSsolve> 
 CNSsolve>     show (segid) (id $id1) 
 CNSsolve>     evaluate ($segid1=$result) 
 CNSsolve>     show (resid) (id $id1) 
 CNSsolve>     evaluate ($resid1=$result) 
 CNSsolve>     show (resname) (id $id1) 
 CNSsolve>     evaluate ($resname1=$result) 
 CNSsolve>     show (name) (id $id1) 
 CNSsolve>     evaluate ($name1=$result) 
 CNSsolve> 
 CNSsolve>     evaluate ($mindis = 4.0) 
 CNSsolve>     for $id2 in id ( (name O* or name S* or name N*) and (id $id1) around $mindis and 
 FOR-clause=                      (resn ACE or resn ALA or resn ALY or resn ARG or resn ASN or resn ASH or resn ASP or 
 FOR-clause=                       resn CSP or resn CTN or resn CYC or resn CYF or resn CYM or resn CYS or resn DDZ or 
 FOR-clause=                       resn GLN or resn GLH or resn GLU or resn GLY or resn HIS or resn HY3 or resn HYP or 
 FOR-clause=                       resn ILE or resn LEU or resn LYS or resn M3L or resn MLY or resn MLZ or resn MET or 
 FOR-clause=                       resn MSE or resn NEP or resn NME or resn PHE or resn PNS or resn PRO or resn PTR or 
 FOR-clause=                       resn QSR or resn SEP or resn SER or resn THR or resn TOP or resn TRP or resn TYP or 
 FOR-clause=                       resn TYR or resn TYS or resn VAL or resn A   or resn C   or resn G   or resn T   or 
 FOR-clause=                       resn DA  or resn DC  or resn DG  or resn DT  or resn DJ )) loop search 
 CNSsolve> 
 CNSsolve>         pick bond (id $id1) (id $id2) geometry 
 CNSsolve>         evaluate ($upper = $result) 
 CNSsolve>         show (segid) (id $id2) 
 CNSsolve>         evaluate ($segid2=$result) 
 CNSsolve>         show (resid) (id $id2) 
 CNSsolve>         evaluate ($resid2=$result) 
 CNSsolve>         show (name) (id $id2) 
 CNSsolve>         evaluate ($name2=$result) 
 CNSsolve> 
 CNSsolve>         if ($segid1 eq $segid2) then 
 CNSsolve>             noe 
 CNSsolve>                 assign (resid $resid1 and segid $segid1 and name $name1) 
 CNSsolve>                        (resid $resid2 and segid $segid2 and name $name2) $upper 0.1 0.1 
 CNSsolve>             end 
 CNSsolve>         end if 
 CNSsolve> 
 CNSsolve>     end loop search 
 CNSsolve> 
 CNSsolve>   end loop mions 
 CNSsolve> 
 CNSsolve>if ( $log_level = verbose ) then 
 NEXTCD: condition evaluated as false
 CNSsolve>  set message=normal echo=on end 
 CNSsolve>else 
 CNSsolve>  set message=off echo=off end 
 POWELL: number of degrees of freedom= 17676
 NBONDS: generating intra-molecular exclusion list with mode= 5
 MAKINB: mode   5 found   8258 exclusions and   2699 interactions(1-4)
 NBONDS: found   695960 intra-atom interactions
 --------------- cycle=     1 ------ stepsize=    0.0000 -----------------------
 | Etotal =-9897.136  grad(E)=39.624     E(BOND)=844.273    E(ANGL)=4993.290   |
 | E(DIHE)=150.709    E(IMPR)=174.152    E(VDW )=1189.099   E(ELEC)=-17266.052 |
 | E(HARM)=0.000      E(CDIH)=12.845     E(NOE )=4.548                         |
 -------------------------------------------------------------------------------
 --------------- cycle=     2 ------ stepsize=    0.0000 -----------------------
 | Etotal =-9935.029  grad(E)=36.259     E(BOND)=816.572    E(ANGL)=4988.144   |
 | E(DIHE)=150.876    E(IMPR)=171.860    E(VDW )=1188.838   E(ELEC)=-17268.343 |
 | E(HARM)=0.000      E(CDIH)=12.478     E(NOE )=4.545                         |
 -------------------------------------------------------------------------------
 --------------- cycle=     3 ------ stepsize=    0.0000 -----------------------
 | Etotal =-10119.870 grad(E)=27.089     E(BOND)=709.969    E(ANGL)=4950.351   |
 | E(DIHE)=152.508    E(IMPR)=155.070    E(VDW )=1186.531   E(ELEC)=-17288.965 |
 | E(HARM)=0.022      E(CDIH)=10.132     E(NOE )=4.513                         |
 -------------------------------------------------------------------------------
 --------------- cycle=     4 ------ stepsize=    0.0000 -----------------------
 | Etotal =-10296.707 grad(E)=21.012     E(BOND)=625.237    E(ANGL)=4904.665   |
 | E(DIHE)=152.816    E(IMPR)=141.064    E(VDW )=1183.225   E(ELEC)=-17317.592 |
 | E(HARM)=0.047      E(CDIH)=9.362      E(NOE )=4.470                         |
 -------------------------------------------------------------------------------
 --------------- cycle=     5 ------ stepsize=    0.0000 -----------------------
 | Etotal =-10500.010 grad(E)=33.215     E(BOND)=571.734    E(ANGL)=4845.238   |
 | E(DIHE)=153.994    E(IMPR)=131.368    E(VDW )=1174.881   E(ELEC)=-17395.477 |
 | E(HARM)=0.222      E(CDIH)=13.676     E(NOE )=4.354                         |
 -------------------------------------------------------------------------------
 --------------- cycle=     6 ------ stepsize=    0.0000 -----------------------
 | Etotal =-6028.373  grad(E)=164.274    E(BOND)=662.032    E(ANGL)=4838.665   |
 | E(DIHE)=152.449    E(IMPR)=4670.366   E(VDW )=1161.719   E(ELEC)=-17533.895 |
 | E(HARM)=0.661      E(CDIH)=15.456     E(NOE )=4.175                         |
 -------------------------------------------------------------------------------
 --------------- cycle=     7 ------ stepsize=    0.0000 -----------------------
 | Etotal =-10531.117 grad(E)=30.822     E(BOND)=554.172    E(ANGL)=4840.618   |
 | E(DIHE)=153.887    E(IMPR)=129.277    E(VDW )=1174.227   E(ELEC)=-17401.362 |
 | E(HARM)=0.233      E(CDIH)=13.485     E(NOE )=4.346                         |
 -------------------------------------------------------------------------------
 --------------- cycle=     8 ------ stepsize=    0.0000 -----------------------
 | Etotal =-7108.255  grad(E)=169.171    E(BOND)=487.872    E(ANGL)=4815.205   |
 | E(DIHE)=152.927    E(IMPR)=3718.302   E(VDW )=1167.392   E(ELEC)=-17467.589 |
 | E(HARM)=0.403      E(CDIH)=12.973     E(NOE )=4.260                         |
 -------------------------------------------------------------------------------
 --------------- cycle=     9 ------ stepsize=    0.0000 -----------------------
 | Etotal =-10539.297 grad(E)=30.176     E(BOND)=549.646    E(ANGL)=4839.407   |
 | E(DIHE)=153.857    E(IMPR)=128.720    E(VDW )=1174.047   E(ELEC)=-17402.991 |
 | E(HARM)=0.236      E(CDIH)=13.437     E(NOE )=4.344                         |
 -------------------------------------------------------------------------------
 --------------- cycle=    10 ------ stepsize=    0.0000 -----------------------
 | Etotal =-10662.579 grad(E)=19.963     E(BOND)=490.115    E(ANGL)=4821.503   |
 | E(DIHE)=153.337    E(IMPR)=119.688    E(VDW )=1170.600   E(ELEC)=-17435.281 |
 | E(HARM)=0.309      E(CDIH)=12.848     E(NOE )=4.302                         |
 -------------------------------------------------------------------------------
 --------------- cycle=    11 ------ stepsize=    0.0000 -----------------------
 | Etotal =-7360.908  grad(E)=168.957    E(BOND)=481.838    E(ANGL)=4816.902   |
 | E(DIHE)=153.118    E(IMPR)=3452.247   E(VDW )=1168.964   E(ELEC)=-17451.432 |
 | E(HARM)=0.353      E(CDIH)=12.822     E(NOE )=4.281                         |
 -------------------------------------------------------------------------------
 --------------- cycle=    12 ------ stepsize=    0.0000 -----------------------
 | Etotal =-10662.721 grad(E)=19.953     E(BOND)=490.064    E(ANGL)=4821.483   |
 | E(DIHE)=153.336    E(IMPR)=119.676    E(VDW )=1170.594   E(ELEC)=-17435.334 |
 | E(HARM)=0.309      E(CDIH)=12.848     E(NOE )=4.302                         |
 -------------------------------------------------------------------------------
 --------------- cycle=    13 ------ stepsize=    0.0000 -----------------------
 | Etotal =-7484.241  grad(E)=168.444    E(BOND)=484.173    E(ANGL)=4818.832   |
 | E(DIHE)=153.223    E(IMPR)=3315.706   E(VDW )=1169.772   E(ELEC)=-17443.383 |
 | E(HARM)=0.330      E(CDIH)=12.813     E(NOE )=4.291                         |
 -------------------------------------------------------------------------------
 --------------- cycle=    14 ------ stepsize=    0.0000 -----------------------
 | Etotal =-10662.758 grad(E)=19.950     E(BOND)=490.051    E(ANGL)=4821.478   |
 | E(DIHE)=153.336    E(IMPR)=119.673    E(VDW )=1170.593   E(ELEC)=-17435.348 |
 | E(HARM)=0.309      E(CDIH)=12.848     E(NOE )=4.302                         |
 -------------------------------------------------------------------------------
 --------------- cycle=    15 ------ stepsize=    0.0000 -----------------------
 | Etotal =-7545.003  grad(E)=168.072    E(BOND)=486.669    E(ANGL)=4820.065   |
 | E(DIHE)=153.279    E(IMPR)=3246.728   E(VDW )=1170.180   E(ELEC)=-17439.365 |
 | E(HARM)=0.320      E(CDIH)=12.825     E(NOE )=4.296                         |
 -------------------------------------------------------------------------------
 --------------- cycle=    16 ------ stepsize=    0.0000 -----------------------
 | Etotal =-10662.767 grad(E)=19.949     E(BOND)=490.048    E(ANGL)=4821.476   |
 | E(DIHE)=153.336    E(IMPR)=119.673    E(VDW )=1170.593   E(ELEC)=-17435.351 |
 | E(HARM)=0.309      E(CDIH)=12.848     E(NOE )=4.302                         |
 -------------------------------------------------------------------------------
 --------------- cycle=    17 ------ stepsize=    0.0000 -----------------------
 | Etotal =-10667.982 grad(E)=19.574     E(BOND)=488.248    E(ANGL)=4820.748   |
 | E(DIHE)=153.307    E(IMPR)=119.239    E(VDW )=1170.386   E(ELEC)=-17437.358 |
 | E(HARM)=0.314      E(CDIH)=12.835     E(NOE )=4.299                         |
 -------------------------------------------------------------------------------
 --------------- cycle=    18 ------ stepsize=    0.0000 -----------------------
 | Etotal =-7560.088  grad(E)=167.966    E(BOND)=487.431    E(ANGL)=4820.401   |
 | E(DIHE)=153.293    E(IMPR)=3229.421   E(VDW )=1170.283   E(ELEC)=-17438.361 |
 | E(HARM)=0.317      E(CDIH)=12.829     E(NOE )=4.298                         |
 -------------------------------------------------------------------------------
 --------------- cycle=    19 ------ stepsize=    0.0000 -----------------------
 | Etotal =-10667.982 grad(E)=19.574     E(BOND)=488.248    E(ANGL)=4820.748   |
 | E(DIHE)=153.307    E(IMPR)=119.239    E(VDW )=1170.386   E(ELEC)=-17437.358 |
 | E(HARM)=0.314      E(CDIH)=12.835     E(NOE )=4.299                         |
 -------------------------------------------------------------------------------
 --------------- cycle=    20 ------ stepsize=    0.0000 -----------------------
 | Etotal =-7567.614  grad(E)=167.912    E(BOND)=487.833    E(ANGL)=4820.573   |
 | E(DIHE)=153.300    E(IMPR)=3220.759   E(VDW )=1170.335   E(ELEC)=-17437.860 |
 | E(HARM)=0.316      E(CDIH)=12.832     E(NOE )=4.298                         |
 -------------------------------------------------------------------------------
 --------------- cycle=    21 ------ stepsize=    0.0000 -----------------------
 | Etotal =-10667.982 grad(E)=19.574     E(BOND)=488.248    E(ANGL)=4820.748   |
 | E(DIHE)=153.307    E(IMPR)=119.239    E(VDW )=1170.386   E(ELEC)=-17437.358 |
 | E(HARM)=0.314      E(CDIH)=12.835     E(NOE )=4.299                         |
 -------------------------------------------------------------------------------
 --------------- cycle=    22 ------ stepsize=    0.0000 -----------------------
 | Etotal =-7571.373  grad(E)=167.884    E(BOND)=488.038    E(ANGL)=4820.660   |
 | E(DIHE)=153.303    E(IMPR)=3216.426   E(VDW )=1170.360   E(ELEC)=-17437.609 |
 | E(HARM)=0.315      E(CDIH)=12.833     E(NOE )=4.299                         |
 -------------------------------------------------------------------------------
 --------------- cycle=    23 ------ stepsize=    0.0000 -----------------------
 | Etotal =-10667.982 grad(E)=19.574     E(BOND)=488.248    E(ANGL)=4820.748   |
 | E(DIHE)=153.307    E(IMPR)=119.239    E(VDW )=1170.386   E(ELEC)=-17437.358 |
 | E(HARM)=0.314      E(CDIH)=12.835     E(NOE )=4.299                         |
 -------------------------------------------------------------------------------
 --------------- cycle=    24 ------ stepsize=    0.0000 -----------------------
 | Etotal =-7573.252  grad(E)=167.870    E(BOND)=488.143    E(ANGL)=4820.704   |
 | E(DIHE)=153.305    E(IMPR)=3214.259   E(VDW )=1170.373   E(ELEC)=-17437.484 |
 | E(HARM)=0.315      E(CDIH)=12.834     E(NOE )=4.299                         |
 -------------------------------------------------------------------------------
 --------------- cycle=    25 ------ stepsize=    0.0000 -----------------------
 | Etotal =-10667.982 grad(E)=19.574     E(BOND)=488.248    E(ANGL)=4820.748   |
 | E(DIHE)=153.307    E(IMPR)=119.239    E(VDW )=1170.386   E(ELEC)=-17437.358 |
 | E(HARM)=0.314      E(CDIH)=12.835     E(NOE )=4.299                         |
 -------------------------------------------------------------------------------
 --------------- cycle=    26 ------ stepsize=    0.0000 -----------------------
 | Etotal =-7574.191  grad(E)=167.863    E(BOND)=488.195    E(ANGL)=4820.726   |
 | E(DIHE)=153.306    E(IMPR)=3213.175   E(VDW )=1170.380   E(ELEC)=-17437.421 |
 | E(HARM)=0.314      E(CDIH)=12.835     E(NOE )=4.299                         |
 -------------------------------------------------------------------------------
 --------------- cycle=    27 ------ stepsize=    0.0000 -----------------------
 | Etotal =-10667.982 grad(E)=19.574     E(BOND)=488.248    E(ANGL)=4820.748   |
 | E(DIHE)=153.307    E(IMPR)=119.239    E(VDW )=1170.386   E(ELEC)=-17437.358 |
 | E(HARM)=0.314      E(CDIH)=12.835     E(NOE )=4.299                         |
 -------------------------------------------------------------------------------
 --------------- cycle=    28 ------ stepsize=    0.0000 -----------------------
 | Etotal =-7574.748  grad(E)=167.858    E(BOND)=488.226    E(ANGL)=4820.739   |
 | E(DIHE)=153.307    E(IMPR)=3212.532   E(VDW )=1170.383   E(ELEC)=-17437.384 |
 | E(HARM)=0.314      E(CDIH)=12.835     E(NOE )=4.299                         |
 -------------------------------------------------------------------------------
 --------------- cycle=    29 ------ stepsize=    0.0000 -----------------------
 | Etotal =-10667.982 grad(E)=19.574     E(BOND)=488.248    E(ANGL)=4820.748   |
 | E(DIHE)=153.307    E(IMPR)=119.239    E(VDW )=1170.386   E(ELEC)=-17437.358 |
 | E(HARM)=0.314      E(CDIH)=12.835     E(NOE )=4.299                         |
 -------------------------------------------------------------------------------
 --------------- cycle=    30 ------ stepsize=    0.0000 -----------------------
 | Etotal =-7574.939  grad(E)=167.857    E(BOND)=488.237    E(ANGL)=4820.744   |
 | E(DIHE)=153.307    E(IMPR)=3212.312   E(VDW )=1170.385   E(ELEC)=-17437.371 |
 | E(HARM)=0.314      E(CDIH)=12.835     E(NOE )=4.299                         |
 -------------------------------------------------------------------------------
 --------------- cycle=    31 ------ stepsize=    0.0000 -----------------------
 | Etotal =-10667.982 grad(E)=19.574     E(BOND)=488.248    E(ANGL)=4820.748   |
 | E(DIHE)=153.307    E(IMPR)=119.239    E(VDW )=1170.386   E(ELEC)=-17437.358 |
 | E(HARM)=0.314      E(CDIH)=12.835     E(NOE )=4.299                         |
 -------------------------------------------------------------------------------
 --------------- cycle=    32 ------ stepsize=    0.0000 -----------------------
 | Etotal =-7575.034  grad(E)=167.856    E(BOND)=488.242    E(ANGL)=4820.746   |
 | E(DIHE)=153.307    E(IMPR)=3212.201   E(VDW )=1170.385   E(ELEC)=-17437.365 |
 | E(HARM)=0.314      E(CDIH)=12.835     E(NOE )=4.299                         |
 -------------------------------------------------------------------------------
 --------------- cycle=    33 ------ stepsize=    0.0000 -----------------------
 | Etotal =-10667.982 grad(E)=19.574     E(BOND)=488.248    E(ANGL)=4820.748   |
 | E(DIHE)=153.307    E(IMPR)=119.239    E(VDW )=1170.386   E(ELEC)=-17437.358 |
 | E(HARM)=0.314      E(CDIH)=12.835     E(NOE )=4.299                         |
 -------------------------------------------------------------------------------
 --------------- cycle=    34 ------ stepsize=    0.0000 -----------------------
 | Etotal =-10667.982 grad(E)=19.574     E(BOND)=488.248    E(ANGL)=4820.748   |
 | E(DIHE)=153.307    E(IMPR)=119.239    E(VDW )=1170.386   E(ELEC)=-17437.358 |
 | E(HARM)=0.314      E(CDIH)=12.835     E(NOE )=4.299                         |
 -------------------------------------------------------------------------------
 --------------- cycle=    35 ------ stepsize=    0.0000 -----------------------
 | Etotal =-7575.082  grad(E)=167.856    E(BOND)=488.245    E(ANGL)=4820.747   |
 | E(DIHE)=153.307    E(IMPR)=3212.146   E(VDW )=1170.386   E(ELEC)=-17437.361 |
 | E(HARM)=0.314      E(CDIH)=12.835     E(NOE )=4.299                         |
 -------------------------------------------------------------------------------
 --------------- cycle=    36 ------ stepsize=    0.0000 -----------------------
 | Etotal =-10667.982 grad(E)=19.574     E(BOND)=488.248    E(ANGL)=4820.748   |
 | E(DIHE)=153.307    E(IMPR)=119.239    E(VDW )=1170.386   E(ELEC)=-17437.358 |
 | E(HARM)=0.314      E(CDIH)=12.835     E(NOE )=4.299                         |
 -------------------------------------------------------------------------------
 --------------- cycle=    37 ------ stepsize=    0.0000 -----------------------
 | Etotal =-7575.106  grad(E)=167.856    E(BOND)=488.246    E(ANGL)=4820.748   |
 | E(DIHE)=153.307    E(IMPR)=3212.119   E(VDW )=1170.386   E(ELEC)=-17437.360 |
 | E(HARM)=0.314      E(CDIH)=12.835     E(NOE )=4.299                         |
 -------------------------------------------------------------------------------
 --------------- cycle=    38 ------ stepsize=    0.0000 -----------------------
 | Etotal =-10667.982 grad(E)=19.574     E(BOND)=488.248    E(ANGL)=4820.748   |
 | E(DIHE)=153.307    E(IMPR)=119.239    E(VDW )=1170.386   E(ELEC)=-17437.358 |
 | E(HARM)=0.314      E(CDIH)=12.835     E(NOE )=4.299                         |
 -------------------------------------------------------------------------------
 --------------- cycle=    39 ------ stepsize=    0.0000 -----------------------
 | Etotal =-10667.984 grad(E)=19.573     E(BOND)=488.247    E(ANGL)=4820.748   |
 | E(DIHE)=153.307    E(IMPR)=119.239    E(VDW )=1170.386   E(ELEC)=-17437.359 |
 | E(HARM)=0.314      E(CDIH)=12.835     E(NOE )=4.299                         |
 -------------------------------------------------------------------------------
 --------------- cycle=    40 ------ stepsize=    0.0000 -----------------------
 | Etotal =-7575.112  grad(E)=167.856    E(BOND)=488.247    E(ANGL)=4820.748   |
 | E(DIHE)=153.307    E(IMPR)=3212.112   E(VDW )=1170.386   E(ELEC)=-17437.359 |
 | E(HARM)=0.314      E(CDIH)=12.835     E(NOE )=4.299                         |
 -------------------------------------------------------------------------------
 POWELL: STEP number limit. Normal termination
 POWELL: Current coordinates set to last minimum
 POWELL: number of degrees of freedom= 17676
 --------------- cycle=     1 ------ stepsize=    0.0000 -----------------------
 | Etotal =-10667.984 grad(E)=19.573     E(BOND)=488.247    E(ANGL)=4820.748   |
 | E(DIHE)=153.307    E(IMPR)=119.239    E(VDW )=1170.386   E(ELEC)=-17437.359 |
 | E(HARM)=0.314      E(CDIH)=12.835     E(NOE )=4.299                         |
 -------------------------------------------------------------------------------
 --------------- cycle=     2 ------ stepsize=    0.0000 -----------------------
 | Etotal =-7542.904  grad(E)=168.274    E(BOND)=479.713    E(ANGL)=4815.791   |
 | E(DIHE)=153.391    E(IMPR)=3260.281   E(VDW )=1170.142   E(ELEC)=-17439.098 |
 | E(HARM)=0.311      E(CDIH)=12.268     E(NOE )=4.297                         |
 -------------------------------------------------------------------------------
 --------------- cycle=     3 ------ stepsize=    0.0000 -----------------------
 | Etotal =-7575.070  grad(E)=167.856    E(BOND)=488.232    E(ANGL)=4820.740   |
 | E(DIHE)=153.307    E(IMPR)=3212.180   E(VDW )=1170.386   E(ELEC)=-17437.362 |
 | E(HARM)=0.314      E(CDIH)=12.834     E(NOE )=4.299                         |
 -------------------------------------------------------------------------------
 --------------- cycle=     4 ------ stepsize=    0.0000 -----------------------
 | Etotal =-10667.984 grad(E)=19.573     E(BOND)=488.247    E(ANGL)=4820.748   |
 | E(DIHE)=153.307    E(IMPR)=119.239    E(VDW )=1170.386   E(ELEC)=-17437.359 |
 | E(HARM)=0.314      E(CDIH)=12.835     E(NOE )=4.299                         |
 -------------------------------------------------------------------------------
 --------------- cycle=     5 ------ stepsize=    0.0000 -----------------------
 | Etotal =-7575.094  grad(E)=167.856    E(BOND)=488.240    E(ANGL)=4820.744   |
 | E(DIHE)=153.307    E(IMPR)=3212.142   E(VDW )=1170.386   E(ELEC)=-17437.360 |
 | E(HARM)=0.314      E(CDIH)=12.834     E(NOE )=4.299                         |
 -------------------------------------------------------------------------------
 --------------- cycle=     6 ------ stepsize=    0.0000 -----------------------
 | Etotal =-10667.984 grad(E)=19.573     E(BOND)=488.247    E(ANGL)=4820.748   |
 | E(DIHE)=153.307    E(IMPR)=119.239    E(VDW )=1170.386   E(ELEC)=-17437.359 |
 | E(HARM)=0.314      E(CDIH)=12.835     E(NOE )=4.299                         |
 -------------------------------------------------------------------------------
 --------------- cycle=     7 ------ stepsize=    0.0000 -----------------------
 | Etotal =-10667.984 grad(E)=19.573     E(BOND)=488.247    E(ANGL)=4820.748   |
 | E(DIHE)=153.307    E(IMPR)=119.239    E(VDW )=1170.386   E(ELEC)=-17437.359 |
 | E(HARM)=0.314      E(CDIH)=12.835     E(NOE )=4.299                         |
 -------------------------------------------------------------------------------
 --------------- cycle=     8 ------ stepsize=    0.0000 -----------------------
 | Etotal =-7575.108  grad(E)=167.856    E(BOND)=488.244    E(ANGL)=4820.746   |
 | E(DIHE)=153.307    E(IMPR)=3212.120   E(VDW )=1170.386   E(ELEC)=-17437.360 |
 | E(HARM)=0.314      E(CDIH)=12.835     E(NOE )=4.299                         |
 -------------------------------------------------------------------------------
 --------------- cycle=     9 ------ stepsize=    0.0000 -----------------------
 | Etotal =-10667.984 grad(E)=19.573     E(BOND)=488.247    E(ANGL)=4820.748   |
 | E(DIHE)=153.307    E(IMPR)=119.239    E(VDW )=1170.386   E(ELEC)=-17437.359 |
 | E(HARM)=0.314      E(CDIH)=12.835     E(NOE )=4.299                         |
 -------------------------------------------------------------------------------
 --------------- cycle=    10 ------ stepsize=    0.0000 -----------------------
 | Etotal =-7575.113  grad(E)=167.856    E(BOND)=488.246    E(ANGL)=4820.747   |
 | E(DIHE)=153.307    E(IMPR)=3212.112   E(VDW )=1170.386   E(ELEC)=-17437.359 |
 | E(HARM)=0.314      E(CDIH)=12.835     E(NOE )=4.299                         |
 -------------------------------------------------------------------------------
 --------------- cycle=    11 ------ stepsize=    0.0000 -----------------------
 | Etotal =-10667.984 grad(E)=19.573     E(BOND)=488.247    E(ANGL)=4820.748   |
 | E(DIHE)=153.307    E(IMPR)=119.239    E(VDW )=1170.386   E(ELEC)=-17437.359 |
 | E(HARM)=0.314      E(CDIH)=12.835     E(NOE )=4.299                         |
 -------------------------------------------------------------------------------
 --------------- cycle=    12 ------ stepsize=    0.0000 -----------------------
 | Etotal =-10667.984 grad(E)=19.573     E(BOND)=488.247    E(ANGL)=4820.748   |
 | E(DIHE)=153.307    E(IMPR)=119.239    E(VDW )=1170.386   E(ELEC)=-17437.359 |
 | E(HARM)=0.314      E(CDIH)=12.835     E(NOE )=4.299                         |
 -------------------------------------------------------------------------------
 --------------- cycle=    13 ------ stepsize=    0.0000 -----------------------
 | Etotal =-10667.984 grad(E)=19.573     E(BOND)=488.247    E(ANGL)=4820.748   |
 | E(DIHE)=153.307    E(IMPR)=119.239    E(VDW )=1170.386   E(ELEC)=-17437.359 |
 | E(HARM)=0.314      E(CDIH)=12.835     E(NOE )=4.299                         |
 -------------------------------------------------------------------------------
 --------------- cycle=    14 ------ stepsize=    0.0000 -----------------------
 | Etotal =-10667.986 grad(E)=19.573     E(BOND)=488.246    E(ANGL)=4820.747   |
 | E(DIHE)=153.307    E(IMPR)=119.238    E(VDW )=1170.386   E(ELEC)=-17437.359 |
 | E(HARM)=0.314      E(CDIH)=12.835     E(NOE )=4.299                         |
 -------------------------------------------------------------------------------
 --------------- cycle=    15 ------ stepsize=    0.0000 -----------------------
 | Etotal =-10667.987 grad(E)=19.573     E(BOND)=488.246    E(ANGL)=4820.747   |
 | E(DIHE)=153.307    E(IMPR)=119.238    E(VDW )=1170.386   E(ELEC)=-17437.359 |
 | E(HARM)=0.314      E(CDIH)=12.835     E(NOE )=4.299                         |
 -------------------------------------------------------------------------------
 --------------- cycle=    16 ------ stepsize=    0.0000 -----------------------
 | Etotal =-10667.987 grad(E)=19.573     E(BOND)=488.246    E(ANGL)=4820.747   |
 | E(DIHE)=153.307    E(IMPR)=119.238    E(VDW )=1170.386   E(ELEC)=-17437.359 |
 | E(HARM)=0.314      E(CDIH)=12.835     E(NOE )=4.299                         |
 -------------------------------------------------------------------------------
 --------------- cycle=    17 ------ stepsize=    0.0000 -----------------------
 | Etotal =-7575.113  grad(E)=167.856    E(BOND)=488.246    E(ANGL)=4820.747   |
 | E(DIHE)=153.307    E(IMPR)=3212.112   E(VDW )=1170.386   E(ELEC)=-17437.359 |
 | E(HARM)=0.314      E(CDIH)=12.835     E(NOE )=4.299                         |
 -------------------------------------------------------------------------------
 --------------- cycle=    18 ------ stepsize=    0.0000 -----------------------
 | Etotal =-10667.987 grad(E)=19.573     E(BOND)=488.246    E(ANGL)=4820.747   |
 | E(DIHE)=153.307    E(IMPR)=119.238    E(VDW )=1170.386   E(ELEC)=-17437.359 |
 | E(HARM)=0.314      E(CDIH)=12.835     E(NOE )=4.299                         |
 -------------------------------------------------------------------------------
 --------------- cycle=    19 ------ stepsize=    0.0000 -----------------------
 | Etotal =-7575.114  grad(E)=167.856    E(BOND)=488.246    E(ANGL)=4820.747   |
 | E(DIHE)=153.307    E(IMPR)=3212.112   E(VDW )=1170.386   E(ELEC)=-17437.359 |
 | E(HARM)=0.314      E(CDIH)=12.835     E(NOE )=4.299                         |
 -------------------------------------------------------------------------------
 --------------- cycle=    20 ------ stepsize=    0.0000 -----------------------
 | Etotal =-10667.987 grad(E)=19.573     E(BOND)=488.246    E(ANGL)=4820.747   |
 | E(DIHE)=153.307    E(IMPR)=119.238    E(VDW )=1170.386   E(ELEC)=-17437.359 |
 | E(HARM)=0.314      E(CDIH)=12.835     E(NOE )=4.299                         |
 -------------------------------------------------------------------------------
 --------------- cycle=    21 ------ stepsize=    0.0000 -----------------------
 | Etotal =-10667.987 grad(E)=19.573     E(BOND)=488.246    E(ANGL)=4820.747   |
 | E(DIHE)=153.307    E(IMPR)=119.238    E(VDW )=1170.386   E(ELEC)=-17437.359 |
 | E(HARM)=0.314      E(CDIH)=12.835     E(NOE )=4.299                         |
 -------------------------------------------------------------------------------
 --------------- cycle=    22 ------ stepsize=    0.0000 -----------------------
 | Etotal =-7575.114  grad(E)=167.856    E(BOND)=488.246    E(ANGL)=4820.747   |
 | E(DIHE)=153.307    E(IMPR)=3212.112   E(VDW )=1170.386   E(ELEC)=-17437.359 |
 | E(HARM)=0.314      E(CDIH)=12.835     E(NOE )=4.299                         |
 -------------------------------------------------------------------------------
 --------------- cycle=    23 ------ stepsize=    0.0000 -----------------------
 | Etotal =-10667.987 grad(E)=19.573     E(BOND)=488.246    E(ANGL)=4820.747   |
 | E(DIHE)=153.307    E(IMPR)=119.238    E(VDW )=1170.386   E(ELEC)=-17437.359 |
 | E(HARM)=0.314      E(CDIH)=12.835     E(NOE )=4.299                         |
 -------------------------------------------------------------------------------
 --------------- cycle=    24 ------ stepsize=    0.0000 -----------------------
 | Etotal =-10667.987 grad(E)=19.573     E(BOND)=488.246    E(ANGL)=4820.747   |
 | E(DIHE)=153.307    E(IMPR)=119.238    E(VDW )=1170.386   E(ELEC)=-17437.359 |
 | E(HARM)=0.314      E(CDIH)=12.835     E(NOE )=4.299                         |
 -------------------------------------------------------------------------------
 --------------- cycle=    25 ------ stepsize=    0.0000 -----------------------
 | Etotal =-7575.114  grad(E)=167.856    E(BOND)=488.246    E(ANGL)=4820.747   |
 | E(DIHE)=153.307    E(IMPR)=3212.112   E(VDW )=1170.386   E(ELEC)=-17437.359 |
 | E(HARM)=0.314      E(CDIH)=12.835     E(NOE )=4.299                         |
 -------------------------------------------------------------------------------
 --------------- cycle=    26 ------ stepsize=    0.0000 -----------------------
 | Etotal =-10667.987 grad(E)=19.573     E(BOND)=488.246    E(ANGL)=4820.747   |
 | E(DIHE)=153.307    E(IMPR)=119.238    E(VDW )=1170.386   E(ELEC)=-17437.359 |
 | E(HARM)=0.314      E(CDIH)=12.835     E(NOE )=4.299                         |
 -------------------------------------------------------------------------------
 --------------- cycle=    27 ------ stepsize=    0.0000 -----------------------
 | Etotal =-10667.987 grad(E)=19.573     E(BOND)=488.246    E(ANGL)=4820.747   |
 | E(DIHE)=153.307    E(IMPR)=119.238    E(VDW )=1170.386   E(ELEC)=-17437.359 |
 | E(HARM)=0.314      E(CDIH)=12.835     E(NOE )=4.299                         |
 -------------------------------------------------------------------------------
 --------------- cycle=    28 ------ stepsize=    0.0000 -----------------------
 | Etotal =-10667.987 grad(E)=19.573     E(BOND)=488.246    E(ANGL)=4820.747   |
 | E(DIHE)=153.307    E(IMPR)=119.238    E(VDW )=1170.386   E(ELEC)=-17437.359 |
 | E(HARM)=0.314      E(CDIH)=12.835     E(NOE )=4.299                         |
 -------------------------------------------------------------------------------
 --------------- cycle=    29 ------ stepsize=    0.0000 -----------------------
 | Etotal =-10667.987 grad(E)=19.573     E(BOND)=488.246    E(ANGL)=4820.747   |
 | E(DIHE)=153.307    E(IMPR)=119.238    E(VDW )=1170.386   E(ELEC)=-17437.359 |
 | E(HARM)=0.314      E(CDIH)=12.835     E(NOE )=4.299                         |
 -------------------------------------------------------------------------------
 --------------- cycle=    30 ------ stepsize=    0.0000 -----------------------
 | Etotal =-7575.114  grad(E)=167.856    E(BOND)=488.246    E(ANGL)=4820.747   |
 | E(DIHE)=153.307    E(IMPR)=3212.112   E(VDW )=1170.386   E(ELEC)=-17437.359 |
 | E(HARM)=0.314      E(CDIH)=12.835     E(NOE )=4.299                         |
 -------------------------------------------------------------------------------
 --------------- cycle=    31 ------ stepsize=    0.0000 -----------------------
 | Etotal =-10667.987 grad(E)=19.573     E(BOND)=488.246    E(ANGL)=4820.747   |
 | E(DIHE)=153.307    E(IMPR)=119.238    E(VDW )=1170.386   E(ELEC)=-17437.359 |
 | E(HARM)=0.314      E(CDIH)=12.835     E(NOE )=4.299                         |
 -------------------------------------------------------------------------------
 --------------- cycle=    32 ------ stepsize=    0.0000 -----------------------
 | Etotal =-10667.987 grad(E)=19.573     E(BOND)=488.246    E(ANGL)=4820.747   |
 | E(DIHE)=153.307    E(IMPR)=119.238    E(VDW )=1170.386   E(ELEC)=-17437.359 |
 | E(HARM)=0.314      E(CDIH)=12.835     E(NOE )=4.299                         |
 -------------------------------------------------------------------------------
 --------------- cycle=    33 ------ stepsize=    0.0000 -----------------------
 | Etotal =-7575.114  grad(E)=167.856    E(BOND)=488.246    E(ANGL)=4820.747   |
 | E(DIHE)=153.307    E(IMPR)=3212.112   E(VDW )=1170.386   E(ELEC)=-17437.359 |
 | E(HARM)=0.314      E(CDIH)=12.835     E(NOE )=4.299                         |
 -------------------------------------------------------------------------------
 --------------- cycle=    34 ------ stepsize=    0.0000 -----------------------
 | Etotal =-10667.987 grad(E)=19.573     E(BOND)=488.246    E(ANGL)=4820.747   |
 | E(DIHE)=153.307    E(IMPR)=119.238    E(VDW )=1170.386   E(ELEC)=-17437.359 |
 | E(HARM)=0.314      E(CDIH)=12.835     E(NOE )=4.299                         |
 -------------------------------------------------------------------------------
 --------------- cycle=    35 ------ stepsize=    0.0000 -----------------------
 | Etotal =-7575.114  grad(E)=167.856    E(BOND)=488.246    E(ANGL)=4820.747   |
 | E(DIHE)=153.307    E(IMPR)=3212.112   E(VDW )=1170.386   E(ELEC)=-17437.359 |
 | E(HARM)=0.314      E(CDIH)=12.835     E(NOE )=4.299                         |
 -------------------------------------------------------------------------------
 --------------- cycle=    36 ------ stepsize=    0.0000 -----------------------
 | Etotal =-10667.987 grad(E)=19.573     E(BOND)=488.246    E(ANGL)=4820.747   |
 | E(DIHE)=153.307    E(IMPR)=119.238    E(VDW )=1170.386   E(ELEC)=-17437.359 |
 | E(HARM)=0.314      E(CDIH)=12.835     E(NOE )=4.299                         |
 -------------------------------------------------------------------------------
 --------------- cycle=    37 ------ stepsize=    0.0000 -----------------------
 | Etotal =-7575.114  grad(E)=167.856    E(BOND)=488.246    E(ANGL)=4820.747   |
 | E(DIHE)=153.307    E(IMPR)=3212.112   E(VDW )=1170.386   E(ELEC)=-17437.359 |
 | E(HARM)=0.314      E(CDIH)=12.835     E(NOE )=4.299                         |
 -------------------------------------------------------------------------------
 --------------- cycle=    38 ------ stepsize=    0.0000 -----------------------
 | Etotal =-10667.987 grad(E)=19.573     E(BOND)=488.246    E(ANGL)=4820.747   |
 | E(DIHE)=153.307    E(IMPR)=119.238    E(VDW )=1170.386   E(ELEC)=-17437.359 |
 | E(HARM)=0.314      E(CDIH)=12.835     E(NOE )=4.299                         |
 -------------------------------------------------------------------------------
 --------------- cycle=    39 ------ stepsize=    0.0000 -----------------------
 | Etotal =-7575.114  grad(E)=167.856    E(BOND)=488.246    E(ANGL)=4820.747   |
 | E(DIHE)=153.307    E(IMPR)=3212.112   E(VDW )=1170.386   E(ELEC)=-17437.359 |
 | E(HARM)=0.314      E(CDIH)=12.835     E(NOE )=4.299                         |
 -------------------------------------------------------------------------------
 --------------- cycle=    40 ------ stepsize=    0.0000 -----------------------
 | Etotal =-10667.987 grad(E)=19.573     E(BOND)=488.246    E(ANGL)=4820.747   |
 | E(DIHE)=153.307    E(IMPR)=119.238    E(VDW )=1170.386   E(ELEC)=-17437.359 |
 | E(HARM)=0.314      E(CDIH)=12.835     E(NOE )=4.299                         |
 -------------------------------------------------------------------------------
 POWELL: STEP number limit. Normal termination
 POWELL: Current coordinates set to last minimum
AUTOMATIC DEFINITION OF FLEXIBLE SEGMENTS BASED ON INTERMOLECULAR PROXIMITY FOR MOLECULE 1
THE FOLLOWING RESIDUES HAVE BEEN DEFINED AS FLEXIBLE for molecule 1
AUTOMATICALLY SELECTED SEGMENT: SAX,1,A
AUTOMATIC DEFINITION OF FLEXIBLE SEGMENTS BASED ON INTERMOLECULAR PROXIMITY FOR MOLECULE 2
THE FOLLOWING RESIDUES HAVE BEEN DEFINED AS FLEXIBLE for molecule 2
AUTOMATICALLY SELECTED SEGMENT: DT,1,B
AUTOMATICALLY SELECTED SEGMENT: DT,2,B
AUTOMATICALLY SELECTED SEGMENT: DG,3,B
AUTOMATICALLY SELECTED SEGMENT: DA,4,B
AUTOMATICALLY SELECTED SEGMENT: DG,5,B
AUTOMATICALLY SELECTED SEGMENT: DG,6,B
AUTOMATICALLY SELECTED SEGMENT: DG,7,B
AUTOMATICALLY SELECTED SEGMENT: DT,8,B
AUTOMATICALLY SELECTED SEGMENT: DC,9,B
AUTOMATICALLY SELECTED SEGMENT: DG,10,B
AUTOMATICALLY SELECTED SEGMENT: DC,11,B
AUTOMATICALLY SELECTED SEGMENT: DA,12,B
AUTOMATICALLY SELECTED SEGMENT: DT,13,B
AUTOMATICALLY SELECTED SEGMENT: DC,14,B
AUTOMATICALLY SELECTED SEGMENT: DC,15,B
AUTOMATICALLY SELECTED SEGMENT: DC,16,B
AUTOMATICALLY SELECTED SEGMENT: DG,17,B
AUTOMATICALLY SELECTED SEGMENT: DT,18,B
AUTOMATICALLY SELECTED SEGMENT: DG,19,B
AUTOMATICALLY SELECTED SEGMENT: DG,20,B
AUTOMATICALLY SELECTED SEGMENT: DA,21,B
AUTOMATICALLY SELECTED SEGMENT: DA,22,B
AUTOMATICALLY SELECTED SEGMENT: DA,23,B
AUTOMATICALLY SELECTED SEGMENT: DC,24,B
AUTOMATICALLY SELECTED SEGMENT: DA,25,B
AUTOMATICALLY SELECTED SEGMENT: DG,26,B
AUTOMATICALLY SELECTED SEGMENT: DG,27,B
AUTOMATICALLY SELECTED SEGMENT: DT,28,B
AUTOMATICALLY SELECTED SEGMENT: DT,29,B
AUTOMATICALLY SELECTED SEGMENT: DC,30,B
AUTOMATICALLY SELECTED SEGMENT: DA,31,B
AUTOMATICALLY SELECTED SEGMENT: DT,32,B
AUTOMATICALLY SELECTED SEGMENT: DT,33,B
AUTOMATICALLY SELECTED SEGMENT: DG,34,B
NO FULLY FLEXIBLE SEGMENTS for molecule 1
NO FULLY FLEXIBLE SEGMENTS for molecule 2
FLEXIBILITY STATISTIC FOR MOLECULE 1 : Nres=1 Nrigid=0 Nflex=1
FLEXIBILITY STATISTIC FOR MOLECULE 2 : Nres=34 Nrigid=0 Nflex=34
 DCART: temperature coupling (TCOUpling) enabled
 CENMAS: Information about center of free masses
         position [A]          :     -2.56932     -0.44522      0.25569
         velocity [A/ps]       :      0.01041      0.00272     -0.02315
         ang. mom. [amu A/ps]  :  47116.22773 -86411.37989 190762.21935
         kin. ener. [Kcal/mol] :      0.45870
 ROTSTP: CM translation and rotation removed.
 CENMAS: Information about center of free masses
         position [A]          :     -2.56932     -0.44522      0.25569
         velocity [A/ps]       :     -0.00000      0.00000      0.00000
         ang. mom. [amu A/ps]  :     -0.00000     -0.00000     -0.00000
         kin. ener. [Kcal/mol] :      0.00000
 NBONDS: generating intra-molecular exclusion list with mode= 5
 MAKINB: mode   5 found   8258 exclusions and   2699 interactions(1-4)
 NBONDS: found   695971 intra-atom interactions
 -------------------------- Cartesian dynamics start ---------------------------
 | E(kin)+E(total)=-8873.033       E(kin)=1795.142      temperature=102.213    |
 | Etotal =-10668.174 grad(E)=19.571     E(BOND)=488.246    E(ANGL)=4820.747   |
 | E(DIHE)=153.307    E(IMPR)=119.238    E(VDW )=1170.386   E(ELEC)=-17437.359 |
 | E(HARM)=0.127      E(CDIH)=12.835     E(NOE )=4.299                         |
 -------------------------------------------------------------------------------
 NBONDS: found   695939 intra-atom interactions
 NBONDS: found   695954 intra-atom interactions
 NBONDS: found   695977 intra-atom interactions
 NBONDS: found   695974 intra-atom interactions
 NBONDS: found   695909 intra-atom interactions
 NBONDS: found   695941 intra-atom interactions
 NBONDS: found   695997 intra-atom interactions
 NBONDS: found   695907 intra-atom interactions
 -------------------- step=       50 at      0.10000 ps ------------------------
 | E(kin)+E(total)=-11692.708      E(kin)=2030.857      temperature=115.634    |
 | Etotal =-13723.565 grad(E)=32.006     E(BOND)=600.247    E(ANGL)=3370.891   |
 | E(DIHE)=133.161    E(IMPR)=123.183    E(VDW )=1079.454   E(ELEC)=-19055.186 |
 | E(HARM)=3.079      E(CDIH)=17.043     E(NOE )=4.563                         |
 -------------------------------------------------------------------------------
 NBONDS: found   695909 intra-atom interactions
 NBONDS: found   695929 intra-atom interactions
 ----------------- final step=      100 at      0.20000 ps ---------------------
 | E(kin)+E(total)=-13479.408      E(kin)=1947.217      temperature=110.872    |
 | Etotal =-15426.624 grad(E)=25.920     E(BOND)=532.246    E(ANGL)=3078.448   |
 | E(DIHE)=122.882    E(IMPR)=115.345    E(VDW )=993.963    E(ELEC)=-20317.990 |
 | E(HARM)=13.968     E(CDIH)=27.744     E(NOE )=6.770                         |
 -------------------------------------------------------------------------------
 CENMAS: Information about center of free masses
         position [A]          :     -2.56929     -0.44521      0.25567
         velocity [A/ps]       :      0.00053      0.00034     -0.00017
         ang. mom. [amu A/ps]  :  -5430.79604   7157.21813   9555.75758
         kin. ener. [Kcal/mol] :      0.00030
 DCART: temperature coupling (TCOUpling) enabled
 CENMAS: Information about center of free masses
         position [A]          :     -2.56929     -0.44521      0.25567
         velocity [A/ps]       :     -0.02881     -0.03947      0.01991
         ang. mom. [amu A/ps]  : 130568.67124 264232.58629-534411.63046
         kin. ener. [Kcal/mol] :      1.96030
 ROTSTP: CM translation and rotation removed.
 CENMAS: Information about center of free masses
         position [A]          :     -2.56929     -0.44521      0.25567
         velocity [A/ps]       :      0.00000      0.00000     -0.00000
         ang. mom. [amu A/ps]  :     -0.00000      0.00000     -0.00000
         kin. ener. [Kcal/mol] :      0.00000
 NBONDS: generating intra-molecular exclusion list with mode= 5
 MAKINB: mode   5 found   8258 exclusions and   2699 interactions(1-4)
 NBONDS: found   695948 intra-atom interactions
 -------------------------- Cartesian dynamics start ---------------------------
 | E(kin)+E(total)=-11911.130      E(kin)=3515.495      temperature=200.167    |
 | Etotal =-15426.624 grad(E)=25.920     E(BOND)=532.246    E(ANGL)=3078.448   |
 | E(DIHE)=122.882    E(IMPR)=115.345    E(VDW )=993.963    E(ELEC)=-20317.990 |
 | E(HARM)=13.968     E(CDIH)=27.744     E(NOE )=6.770                         |
 -------------------------------------------------------------------------------
 NBONDS: found   696656 intra-atom interactions
 -------------------- step=       50 at      0.10000 ps ------------------------
 | E(kin)+E(total)=-10661.680      E(kin)=3501.945      temperature=199.396    |
 | Etotal =-14163.626 grad(E)=35.653     E(BOND)=892.615    E(ANGL)=3371.682   |
 | E(DIHE)=126.433    E(IMPR)=154.198    E(VDW )=1225.986   E(ELEC)=-19982.108 |
 | E(HARM)=18.055     E(CDIH)=24.113     E(NOE )=5.400                         |
 -------------------------------------------------------------------------------
 NBONDS: found   697643 intra-atom interactions
 ----------------- final step=      100 at      0.20000 ps ---------------------
 | E(kin)+E(total)=-10988.529      E(kin)=3607.275      temperature=205.393    |
 | Etotal =-14595.804 grad(E)=35.206     E(BOND)=801.193    E(ANGL)=3373.568   |
 | E(DIHE)=125.421    E(IMPR)=131.248    E(VDW )=1218.650   E(ELEC)=-20341.852 |
 | E(HARM)=34.576     E(CDIH)=55.092     E(NOE )=6.301                         |
 -------------------------------------------------------------------------------
 CENMAS: Information about center of free masses
         position [A]          :     -2.56917     -0.44494      0.25553
         velocity [A/ps]       :      0.00115      0.00325     -0.00224
         ang. mom. [amu A/ps]  : -15759.36501  -8397.02174  35580.52436
         kin. ener. [Kcal/mol] :      0.01191
 DCART: temperature coupling (TCOUpling) enabled
 CENMAS: Information about center of free masses
         position [A]          :     -2.56917     -0.44494      0.25553
         velocity [A/ps]       :      0.00423     -0.04385      0.00041
         ang. mom. [amu A/ps]  : -14533.92864 -65753.63959 212206.36645
         kin. ener. [Kcal/mol] :      1.36673
 ROTSTP: CM translation and rotation removed.
 CENMAS: Information about center of free masses
         position [A]          :     -2.56917     -0.44494      0.25553
         velocity [A/ps]       :      0.00000     -0.00000      0.00000
         ang. mom. [amu A/ps]  :     -0.00000      0.00000      0.00000
         kin. ener. [Kcal/mol] :      0.00000
 NBONDS: generating intra-molecular exclusion list with mode= 5
 MAKINB: mode   5 found   8258 exclusions and   2699 interactions(1-4)
 NBONDS: found   697874 intra-atom interactions
 -------------------------- Cartesian dynamics start ---------------------------
 | E(kin)+E(total)=-9332.825       E(kin)=5262.979      temperature=299.666    |
 | Etotal =-14595.804 grad(E)=35.206     E(BOND)=801.193    E(ANGL)=3373.568   |
 | E(DIHE)=125.421    E(IMPR)=131.248    E(VDW )=1218.650   E(ELEC)=-20341.852 |
 | E(HARM)=34.576     E(CDIH)=55.092     E(NOE )=6.301                         |
 -------------------------------------------------------------------------------
 NBONDS: found   697854 intra-atom interactions
 -------------------- step=       50 at      0.10000 ps ------------------------
 | E(kin)+E(total)=-8027.123       E(kin)=5364.238      temperature=305.432    |
 | Etotal =-13391.362 grad(E)=43.563     E(BOND)=1229.977   E(ANGL)=3636.639   |
 | E(DIHE)=111.065    E(IMPR)=208.718    E(VDW )=1368.180   E(ELEC)=-20024.594 |
 | E(HARM)=44.258     E(CDIH)=26.758     E(NOE )=7.637                         |
 -------------------------------------------------------------------------------
 NBONDS: found   697995 intra-atom interactions
 ----------------- final step=      100 at      0.20000 ps ---------------------
 | E(kin)+E(total)=-8255.355       E(kin)=5379.801      temperature=306.318    |
 | Etotal =-13635.155 grad(E)=43.425     E(BOND)=1195.593   E(ANGL)=3689.412   |
 | E(DIHE)=114.391    E(IMPR)=177.289    E(VDW )=1116.664   E(ELEC)=-20052.957 |
 | E(HARM)=62.861     E(CDIH)=54.140     E(NOE )=7.453                         |
 -------------------------------------------------------------------------------
 CENMAS: Information about center of free masses
         position [A]          :     -2.56900     -0.44416      0.25483
         velocity [A/ps]       :      0.00150      0.00892     -0.00772
         ang. mom. [amu A/ps]  : -22638.38220 -15674.73596  29323.02201
         kin. ener. [Kcal/mol] :      0.09960
AUTOMATIC DEFINITION OF FLEXIBLE SEGMENTS BASED ON INTERMOLECULAR PROXIMITY FOR MOLECULE 1
THE FOLLOWING RESIDUES HAVE BEEN DEFINED AS FLEXIBLE for molecule 1
AUTOMATICALLY SELECTED SEGMENT: SAX,1,A
AUTOMATIC DEFINITION OF FLEXIBLE SEGMENTS BASED ON INTERMOLECULAR PROXIMITY FOR MOLECULE 2
THE FOLLOWING RESIDUES HAVE BEEN DEFINED AS FLEXIBLE for molecule 2
AUTOMATICALLY SELECTED SEGMENT: DT,1,B
AUTOMATICALLY SELECTED SEGMENT: DT,2,B
AUTOMATICALLY SELECTED SEGMENT: DG,3,B
AUTOMATICALLY SELECTED SEGMENT: DA,4,B
AUTOMATICALLY SELECTED SEGMENT: DG,5,B
AUTOMATICALLY SELECTED SEGMENT: DG,6,B
AUTOMATICALLY SELECTED SEGMENT: DG,7,B
AUTOMATICALLY SELECTED SEGMENT: DT,8,B
AUTOMATICALLY SELECTED SEGMENT: DC,9,B
AUTOMATICALLY SELECTED SEGMENT: DG,10,B
AUTOMATICALLY SELECTED SEGMENT: DC,11,B
AUTOMATICALLY SELECTED SEGMENT: DA,12,B
AUTOMATICALLY SELECTED SEGMENT: DT,13,B
AUTOMATICALLY SELECTED SEGMENT: DC,14,B
AUTOMATICALLY SELECTED SEGMENT: DC,15,B
AUTOMATICALLY SELECTED SEGMENT: DC,16,B
AUTOMATICALLY SELECTED SEGMENT: DG,17,B
AUTOMATICALLY SELECTED SEGMENT: DT,18,B
AUTOMATICALLY SELECTED SEGMENT: DG,19,B
AUTOMATICALLY SELECTED SEGMENT: DG,20,B
AUTOMATICALLY SELECTED SEGMENT: DA,21,B
AUTOMATICALLY SELECTED SEGMENT: DA,22,B
AUTOMATICALLY SELECTED SEGMENT: DA,23,B
AUTOMATICALLY SELECTED SEGMENT: DC,24,B
AUTOMATICALLY SELECTED SEGMENT: DA,25,B
AUTOMATICALLY SELECTED SEGMENT: DG,26,B
AUTOMATICALLY SELECTED SEGMENT: DG,27,B
AUTOMATICALLY SELECTED SEGMENT: DT,28,B
AUTOMATICALLY SELECTED SEGMENT: DT,29,B
AUTOMATICALLY SELECTED SEGMENT: DC,30,B
AUTOMATICALLY SELECTED SEGMENT: DA,31,B
AUTOMATICALLY SELECTED SEGMENT: DT,32,B
AUTOMATICALLY SELECTED SEGMENT: DT,33,B
AUTOMATICALLY SELECTED SEGMENT: DG,34,B
NO FULLY FLEXIBLE SEGMENTS for molecule 1
NO FULLY FLEXIBLE SEGMENTS for molecule 2
FLEXIBILITY STATISTIC FOR MOLECULE 1 : Nres=1 Nrigid=0 Nflex=1
FLEXIBILITY STATISTIC FOR MOLECULE 2 : Nres=34 Nrigid=0 Nflex=34
 DCART: temperature coupling (TCOUpling) enabled
 CENMAS: Information about center of free masses
         position [A]          :     -2.56900     -0.44416      0.25483
         velocity [A/ps]       :      0.00150      0.00892     -0.00772
         ang. mom. [amu A/ps]  : -22638.38220 -15674.73596  29323.02201
         kin. ener. [Kcal/mol] :      0.09960
 ROTSTP: CM translation and rotation removed.
 CENMAS: Information about center of free masses
         position [A]          :     -2.56900     -0.44416      0.25483
         velocity [A/ps]       :     -0.00000     -0.00000      0.00000
         ang. mom. [amu A/ps]  :     -0.00000     -0.00000     -0.00000
         kin. ener. [Kcal/mol] :      0.00000
 NBONDS: generating intra-molecular exclusion list with mode= 5
 MAKINB: mode   5 found   8258 exclusions and   2699 interactions(1-4)
 NBONDS: found   698151 intra-atom interactions
 -------------------------- Cartesian dynamics start ---------------------------
 | E(kin)+E(total)=-8340.496       E(kin)=5357.520      temperature=305.049    |
 | Etotal =-13698.016 grad(E)=43.423     E(BOND)=1195.593   E(ANGL)=3689.412   |
 | E(DIHE)=114.391    E(IMPR)=177.289    E(VDW )=1116.664   E(ELEC)=-20052.957 |
 | E(HARM)=0.000      E(CDIH)=54.140     E(NOE )=7.453                         |
 -------------------------------------------------------------------------------
 NBONDS: found   698948 intra-atom interactions
 -------------------- step=       50 at      0.10000 ps ------------------------
 | E(kin)+E(total)=-8618.740       E(kin)=5403.186      temperature=307.650    |
 | Etotal =-14021.926 grad(E)=42.625     E(BOND)=1044.365   E(ANGL)=3686.905   |
 | E(DIHE)=105.266    E(IMPR)=200.912    E(VDW )=967.428    E(ELEC)=-20075.989 |
 | E(HARM)=0.000      E(CDIH)=44.030     E(NOE )=5.155                         |
 -------------------------------------------------------------------------------
 NBONDS: found   699526 intra-atom interactions
 -------------------- step=      100 at      0.20000 ps ------------------------
 | E(kin)+E(total)=-8833.004       E(kin)=5271.652      temperature=300.160    |
 | Etotal =-14104.656 grad(E)=42.036     E(BOND)=1225.935   E(ANGL)=3651.402   |
 | E(DIHE)=115.047    E(IMPR)=194.702    E(VDW )=898.352    E(ELEC)=-20270.425 |
 | E(HARM)=0.000      E(CDIH)=71.583     E(NOE )=8.750                         |
 -------------------------------------------------------------------------------
 NBONDS: found   700346 intra-atom interactions
 NBONDS: found   701082 intra-atom interactions
 -------------------- step=      150 at      0.30000 ps ------------------------
 | E(kin)+E(total)=-9154.678       E(kin)=5416.996      temperature=308.436    |
 | Etotal =-14571.674 grad(E)=40.548     E(BOND)=984.369    E(ANGL)=3616.099   |
 | E(DIHE)=116.006    E(IMPR)=182.022    E(VDW )=869.045    E(ELEC)=-20389.696 |
 | E(HARM)=0.000      E(CDIH)=41.557     E(NOE )=8.924                         |
 -------------------------------------------------------------------------------
 NBONDS: found   702102 intra-atom interactions
 -------------------- step=      200 at      0.40000 ps ------------------------
 | E(kin)+E(total)=-9278.719       E(kin)=5279.312      temperature=300.596    |
 | Etotal =-14558.031 grad(E)=41.235     E(BOND)=1159.353   E(ANGL)=3657.822   |
 | E(DIHE)=112.204    E(IMPR)=195.394    E(VDW )=961.334    E(ELEC)=-20695.046 |
 | E(HARM)=0.000      E(CDIH)=45.191     E(NOE )=5.717                         |
 -------------------------------------------------------------------------------
 NBONDS: found   703341 intra-atom interactions
 NBONDS: found   704890 intra-atom interactions
 -------------------- step=      250 at      0.50000 ps ------------------------
 | E(kin)+E(total)=-9433.378       E(kin)=5220.425      temperature=297.243    |
 | Etotal =-14653.803 grad(E)=41.378     E(BOND)=1142.349   E(ANGL)=3641.214   |
 | E(DIHE)=124.358    E(IMPR)=185.060    E(VDW )=1099.007   E(ELEC)=-20890.159 |
 | E(HARM)=0.000      E(CDIH)=40.255     E(NOE )=4.113                         |
 -------------------------------------------------------------------------------
 NBONDS: found   706122 intra-atom interactions
 -------------------- step=      300 at      0.60000 ps ------------------------
 | E(kin)+E(total)=-9586.734       E(kin)=5204.631      temperature=296.344    |
 | Etotal =-14791.365 grad(E)=41.118     E(BOND)=1136.102   E(ANGL)=3658.877   |
 | E(DIHE)=129.653    E(IMPR)=196.672    E(VDW )=1111.597   E(ELEC)=-21075.733 |
 | E(HARM)=0.000      E(CDIH)=44.907     E(NOE )=6.560                         |
 -------------------------------------------------------------------------------
 NBONDS: found   707432 intra-atom interactions
 NBONDS: found   708652 intra-atom interactions
 -------------------- step=      350 at      0.70000 ps ------------------------
 | E(kin)+E(total)=-9694.738       E(kin)=5199.699      temperature=296.063    |
 | Etotal =-14894.437 grad(E)=40.809     E(BOND)=1211.013   E(ANGL)=3605.125   |
 | E(DIHE)=126.853    E(IMPR)=181.255    E(VDW )=1159.638   E(ELEC)=-21227.911 |
 | E(HARM)=0.000      E(CDIH)=42.089     E(NOE )=7.501                         |
 -------------------------------------------------------------------------------
 NBONDS: found   710054 intra-atom interactions
 NBONDS: found   711268 intra-atom interactions
 -------------------- step=      400 at      0.80000 ps ------------------------
 | E(kin)+E(total)=-9857.230       E(kin)=5215.813      temperature=296.981    |
 | Etotal =-15073.043 grad(E)=39.148     E(BOND)=1095.281   E(ANGL)=3629.684   |
 | E(DIHE)=109.519    E(IMPR)=192.673    E(VDW )=1302.508   E(ELEC)=-21449.176 |
 | E(HARM)=0.000      E(CDIH)=40.591     E(NOE )=5.878                         |
 -------------------------------------------------------------------------------
 NBONDS: found   712758 intra-atom interactions
 -------------------- step=      450 at      0.90000 ps ------------------------
 | E(kin)+E(total)=-9878.954       E(kin)=5215.486      temperature=296.962    |
 | Etotal =-15094.440 grad(E)=39.405     E(BOND)=1118.128   E(ANGL)=3640.899   |
 | E(DIHE)=118.842    E(IMPR)=170.305    E(VDW )=1266.651   E(ELEC)=-21473.855 |
 | E(HARM)=0.000      E(CDIH)=56.292     E(NOE )=8.298                         |
 -------------------------------------------------------------------------------
 NBONDS: found   714298 intra-atom interactions
 NBONDS: found   715475 intra-atom interactions
 -------------------- step=      500 at      1.00000 ps ------------------------
 | E(kin)+E(total)=-9970.950       E(kin)=5202.583      temperature=296.228    |
 | Etotal =-15173.532 grad(E)=39.903     E(BOND)=1079.460   E(ANGL)=3605.834   |
 | E(DIHE)=98.441     E(IMPR)=180.470    E(VDW )=1331.177   E(ELEC)=-21534.136 |
 | E(HARM)=0.000      E(CDIH)=54.552     E(NOE )=10.670                        |
 -------------------------------------------------------------------------------
 NBONDS: found   716916 intra-atom interactions
 NBONDS: found   718439 intra-atom interactions
 -------------------- step=      550 at      1.10000 ps ------------------------
 | E(kin)+E(total)=-10031.320      E(kin)=5247.342      temperature=298.776    |
 | Etotal =-15278.662 grad(E)=39.769     E(BOND)=1108.214   E(ANGL)=3593.736   |
 | E(DIHE)=128.902    E(IMPR)=168.391    E(VDW )=1271.774   E(ELEC)=-21598.426 |
 | E(HARM)=0.000      E(CDIH)=42.795     E(NOE )=5.951                         |
 -------------------------------------------------------------------------------
 NBONDS: found   719795 intra-atom interactions
 -------------------- step=      600 at      1.20000 ps ------------------------
 | E(kin)+E(total)=-10165.434      E(kin)=5259.010      temperature=299.440    |
 | Etotal =-15424.443 grad(E)=38.734     E(BOND)=1043.786   E(ANGL)=3567.351   |
 | E(DIHE)=130.978    E(IMPR)=165.050    E(VDW )=1242.655   E(ELEC)=-21618.291 |
 | E(HARM)=0.000      E(CDIH)=31.713     E(NOE )=12.313                        |
 -------------------------------------------------------------------------------
 NBONDS: found   720973 intra-atom interactions
 NBONDS: found   722368 intra-atom interactions
 -------------------- step=      650 at      1.30000 ps ------------------------
 | E(kin)+E(total)=-10162.016      E(kin)=5219.823      temperature=297.209    |
 | Etotal =-15381.839 grad(E)=39.677     E(BOND)=1095.183   E(ANGL)=3584.507   |
 | E(DIHE)=113.610    E(IMPR)=163.031    E(VDW )=1265.024   E(ELEC)=-21651.286 |
 | E(HARM)=0.000      E(CDIH)=42.428     E(NOE )=5.664                         |
 -------------------------------------------------------------------------------
 NBONDS: found   723911 intra-atom interactions
 -------------------- step=      700 at      1.40000 ps ------------------------
 | E(kin)+E(total)=-10209.586      E(kin)=5263.738      temperature=299.710    |
 | Etotal =-15473.324 grad(E)=37.657     E(BOND)=985.134    E(ANGL)=3596.411   |
 | E(DIHE)=126.355    E(IMPR)=163.524    E(VDW )=1293.019   E(ELEC)=-21677.112 |
 | E(HARM)=0.000      E(CDIH)=29.615     E(NOE )=9.730                         |
 -------------------------------------------------------------------------------
 NBONDS: found   725422 intra-atom interactions
 NBONDS: found   726803 intra-atom interactions
 -------------------- step=      750 at      1.50000 ps ------------------------
 | E(kin)+E(total)=-10179.433      E(kin)=5283.334      temperature=300.825    |
 | Etotal =-15462.767 grad(E)=38.862     E(BOND)=1035.670   E(ANGL)=3555.373   |
 | E(DIHE)=126.298    E(IMPR)=159.361    E(VDW )=1266.770   E(ELEC)=-21664.401 |
 | E(HARM)=0.000      E(CDIH)=46.982     E(NOE )=11.180                        |
 -------------------------------------------------------------------------------
 NBONDS: found   727996 intra-atom interactions
 -------------------- step=      800 at      1.60000 ps ------------------------
 | E(kin)+E(total)=-10322.492      E(kin)=5334.968      temperature=303.765    |
 | Etotal =-15657.460 grad(E)=37.478     E(BOND)=955.271    E(ANGL)=3551.773   |
 | E(DIHE)=120.521    E(IMPR)=171.692    E(VDW )=1271.161   E(ELEC)=-21769.889 |
 | E(HARM)=0.000      E(CDIH)=36.957     E(NOE )=5.053                         |
 -------------------------------------------------------------------------------
 NBONDS: found   729082 intra-atom interactions
 NBONDS: found   730015 intra-atom interactions
 -------------------- step=      850 at      1.70000 ps ------------------------
 | E(kin)+E(total)=-10340.546      E(kin)=5284.860      temperature=300.912    |
 | Etotal =-15625.406 grad(E)=38.608     E(BOND)=1043.187   E(ANGL)=3512.881   |
 | E(DIHE)=117.084    E(IMPR)=173.718    E(VDW )=1328.351   E(ELEC)=-21846.805 |
 | E(HARM)=0.000      E(CDIH)=40.931     E(NOE )=5.246                         |
 -------------------------------------------------------------------------------
 NBONDS: found   730974 intra-atom interactions
 -------------------- step=      900 at      1.80000 ps ------------------------
 | E(kin)+E(total)=-10363.758      E(kin)=5285.514      temperature=300.950    |
 | Etotal =-15649.272 grad(E)=38.847     E(BOND)=958.170    E(ANGL)=3558.104   |
 | E(DIHE)=130.702    E(IMPR)=168.925    E(VDW )=1284.262   E(ELEC)=-21802.805 |
 | E(HARM)=0.000      E(CDIH)=41.724     E(NOE )=11.645                        |
 -------------------------------------------------------------------------------
 NBONDS: found   732033 intra-atom interactions
 -------------------- step=      950 at      1.90000 ps ------------------------
 | E(kin)+E(total)=-10328.520      E(kin)=5276.576      temperature=300.441    |
 | Etotal =-15605.096 grad(E)=38.784     E(BOND)=1059.440   E(ANGL)=3573.816   |
 | E(DIHE)=108.775    E(IMPR)=170.887    E(VDW )=1277.955   E(ELEC)=-21840.184 |
 | E(HARM)=0.000      E(CDIH)=40.581     E(NOE )=3.633                         |
 -------------------------------------------------------------------------------
 NBONDS: found   732699 intra-atom interactions
 NBONDS: found   733500 intra-atom interactions
 -------------------- step=     1000 at      2.00000 ps ------------------------
 | E(kin)+E(total)=-10391.877      E(kin)=5292.065      temperature=301.323    |
 | Etotal =-15683.942 grad(E)=38.027     E(BOND)=959.343    E(ANGL)=3558.920   |
 | E(DIHE)=122.320    E(IMPR)=171.951    E(VDW )=1240.077   E(ELEC)=-21786.064 |
 | E(HARM)=0.000      E(CDIH)=41.019     E(NOE )=8.490                         |
 -------------------------------------------------------------------------------
 NBONDS: found   734317 intra-atom interactions
 -------------------- step=     1050 at      2.10000 ps ------------------------
 | E(kin)+E(total)=-10362.503      E(kin)=5277.549      temperature=300.496    |
 | Etotal =-15640.052 grad(E)=38.048     E(BOND)=1085.776   E(ANGL)=3513.809   |
 | E(DIHE)=126.086    E(IMPR)=161.148    E(VDW )=1219.492   E(ELEC)=-21796.096 |
 | E(HARM)=0.000      E(CDIH)=39.750     E(NOE )=9.984                         |
 -------------------------------------------------------------------------------
 NBONDS: found   734972 intra-atom interactions
 NBONDS: found   735844 intra-atom interactions
 -------------------- step=     1100 at      2.20000 ps ------------------------
 | E(kin)+E(total)=-10311.252      E(kin)=5288.610      temperature=301.126    |
 | Etotal =-15599.862 grad(E)=38.437     E(BOND)=959.839    E(ANGL)=3523.668   |
 | E(DIHE)=132.932    E(IMPR)=173.740    E(VDW )=1200.203   E(ELEC)=-21634.336 |
 | E(HARM)=0.000      E(CDIH)=38.034     E(NOE )=6.058                         |
 -------------------------------------------------------------------------------
 NBONDS: found   736710 intra-atom interactions
 NBONDS: found   737449 intra-atom interactions
 -------------------- step=     1150 at      2.30000 ps ------------------------
 | E(kin)+E(total)=-10276.009      E(kin)=5266.827      temperature=299.885    |
 | Etotal =-15542.836 grad(E)=38.750     E(BOND)=1042.348   E(ANGL)=3554.793   |
 | E(DIHE)=118.156    E(IMPR)=172.606    E(VDW )=1243.149   E(ELEC)=-21725.250 |
 | E(HARM)=0.000      E(CDIH)=44.046     E(NOE )=7.317                         |
 -------------------------------------------------------------------------------
 NBONDS: found   737977 intra-atom interactions
 -------------------- step=     1200 at      2.40000 ps ------------------------
 | E(kin)+E(total)=-10275.219      E(kin)=5277.395      temperature=300.487    |
 | Etotal =-15552.613 grad(E)=39.156     E(BOND)=1003.055   E(ANGL)=3584.987   |
 | E(DIHE)=128.242    E(IMPR)=152.830    E(VDW )=1209.598   E(ELEC)=-21688.653 |
 | E(HARM)=0.000      E(CDIH)=48.957     E(NOE )=8.371                         |
 -------------------------------------------------------------------------------
 NBONDS: found   738772 intra-atom interactions
 ----------------- final step=     1250 at      2.50000 ps ---------------------
 | E(kin)+E(total)=-10369.624      E(kin)=5281.630      temperature=300.728    |
 | Etotal =-15651.254 grad(E)=38.318     E(BOND)=1010.584   E(ANGL)=3577.710   |
 | E(DIHE)=124.555    E(IMPR)=164.652    E(VDW )=1168.678   E(ELEC)=-21756.316 |
 | E(HARM)=0.000      E(CDIH)=46.503     E(NOE )=12.381                        |
 -------------------------------------------------------------------------------
 CENMAS: Information about center of free masses
         position [A]          :     -2.56900     -0.44416      0.25483
         velocity [A/ps]       :      0.00000     -0.00000      0.00000
         ang. mom. [amu A/ps]  :     -0.00000     -0.00000     -0.00000
         kin. ener. [Kcal/mol] :      0.00000
 DCART: temperature coupling (TCOUpling) enabled
 CENMAS: Information about center of free masses
         position [A]          :     -2.56900     -0.44416      0.25483
         velocity [A/ps]       :      0.00000     -0.00000      0.00000
         ang. mom. [amu A/ps]  :     -0.00000     -0.00000     -0.00000
         kin. ener. [Kcal/mol] :      0.00000
 ROTSTP: CM translation and rotation removed.
 CENMAS: Information about center of free masses
         position [A]          :     -2.56900     -0.44416      0.25483
         velocity [A/ps]       :      0.00000     -0.00000      0.00000
         ang. mom. [amu A/ps]  :     -0.00000     -0.00000     -0.00000
         kin. ener. [Kcal/mol] :      0.00000
 NBONDS: generating intra-molecular exclusion list with mode= 5
 MAKINB: mode   5 found   8258 exclusions and   2699 interactions(1-4)
 NBONDS: found   739290 intra-atom interactions
 -------------------------- Cartesian dynamics start ---------------------------
 | E(kin)+E(total)=-10372.182      E(kin)=5279.072      temperature=300.583    |
 | Etotal =-15651.254 grad(E)=38.318     E(BOND)=1010.584   E(ANGL)=3577.710   |
 | E(DIHE)=124.555    E(IMPR)=164.652    E(VDW )=1168.678   E(ELEC)=-21756.316 |
 | E(HARM)=0.000      E(CDIH)=46.503     E(NOE )=12.381                        |
 -------------------------------------------------------------------------------
 NBONDS: found   739836 intra-atom interactions
 -------------------- step=       50 at      0.10000 ps ------------------------
 | E(kin)+E(total)=-10379.785      E(kin)=5306.503      temperature=302.145    |
 | Etotal =-15686.288 grad(E)=37.372     E(BOND)=995.678    E(ANGL)=3600.694   |
 | E(DIHE)=115.873    E(IMPR)=146.995    E(VDW )=1186.669   E(ELEC)=-21780.706 |
 | E(HARM)=0.000      E(CDIH)=41.283     E(NOE )=7.226                         |
 -------------------------------------------------------------------------------
 NBONDS: found   740475 intra-atom interactions
 NBONDS: found   740708 intra-atom interactions
 -------------------- step=      100 at      0.20000 ps ------------------------
 | E(kin)+E(total)=-10445.927      E(kin)=5303.776      temperature=301.989    |
 | Etotal =-15749.703 grad(E)=38.505     E(BOND)=1009.526   E(ANGL)=3535.000   |
 | E(DIHE)=117.016    E(IMPR)=165.356    E(VDW )=1198.069   E(ELEC)=-21825.400 |
 | E(HARM)=0.000      E(CDIH)=47.592     E(NOE )=3.138                         |
 -------------------------------------------------------------------------------
 NBONDS: found   741057 intra-atom interactions
 NBONDS: found   741671 intra-atom interactions
 -------------------- step=      150 at      0.30000 ps ------------------------
 | E(kin)+E(total)=-10465.353      E(kin)=5257.186      temperature=299.337    |
 | Etotal =-15722.539 grad(E)=38.253     E(BOND)=1007.418   E(ANGL)=3562.729   |
 | E(DIHE)=118.483    E(IMPR)=174.882    E(VDW )=1214.527   E(ELEC)=-21840.935 |
 | E(HARM)=0.000      E(CDIH)=32.906     E(NOE )=7.452                         |
 -------------------------------------------------------------------------------
 NBONDS: found   742289 intra-atom interactions
 -------------------- step=      200 at      0.40000 ps ------------------------
 | E(kin)+E(total)=-10520.120      E(kin)=5266.661      temperature=299.876    |
 | Etotal =-15786.782 grad(E)=38.980     E(BOND)=1014.047   E(ANGL)=3540.176   |
 | E(DIHE)=114.277    E(IMPR)=168.451    E(VDW )=1217.027   E(ELEC)=-21890.091 |
 | E(HARM)=0.000      E(CDIH)=36.805     E(NOE )=12.527                        |
 -------------------------------------------------------------------------------
 NBONDS: found   742793 intra-atom interactions
 NBONDS: found   743100 intra-atom interactions
 -------------------- step=      250 at      0.50000 ps ------------------------
 | E(kin)+E(total)=-10440.923      E(kin)=5233.013      temperature=297.960    |
 | Etotal =-15673.936 grad(E)=37.565     E(BOND)=1012.438   E(ANGL)=3605.845   |
 | E(DIHE)=124.755    E(IMPR)=189.421    E(VDW )=1183.839   E(ELEC)=-21826.644 |
 | E(HARM)=0.000      E(CDIH)=26.916     E(NOE )=9.495                         |
 -------------------------------------------------------------------------------
 NBONDS: found   743663 intra-atom interactions
 -------------------- step=      300 at      0.60000 ps ------------------------
 | E(kin)+E(total)=-10589.872      E(kin)=5249.930      temperature=298.923    |
 | Etotal =-15839.801 grad(E)=38.025     E(BOND)=1033.035   E(ANGL)=3550.011   |
 | E(DIHE)=107.196    E(IMPR)=167.848    E(VDW )=1129.655   E(ELEC)=-21874.289 |
 | E(HARM)=0.000      E(CDIH)=37.666     E(NOE )=9.078                         |
 -------------------------------------------------------------------------------
 NBONDS: found   744065 intra-atom interactions
 -------------------- step=      350 at      0.70000 ps ------------------------
 | E(kin)+E(total)=-10513.199      E(kin)=5233.753      temperature=298.002    |
 | Etotal =-15746.952 grad(E)=37.994     E(BOND)=1002.064   E(ANGL)=3578.944   |
 | E(DIHE)=115.786    E(IMPR)=179.576    E(VDW )=1137.674   E(ELEC)=-21802.132 |
 | E(HARM)=0.000      E(CDIH)=34.079     E(NOE )=7.057                         |
 -------------------------------------------------------------------------------
 NBONDS: found   744376 intra-atom interactions
 NBONDS: found   744680 intra-atom interactions
 -------------------- step=      400 at      0.80000 ps ------------------------
 | E(kin)+E(total)=-10542.113      E(kin)=5284.732      temperature=300.905    |
 | Etotal =-15826.846 grad(E)=37.191     E(BOND)=1000.436   E(ANGL)=3545.224   |
 | E(DIHE)=113.839    E(IMPR)=161.341    E(VDW )=1142.718   E(ELEC)=-21833.001 |
 | E(HARM)=0.000      E(CDIH)=35.259     E(NOE )=7.339                         |
 -------------------------------------------------------------------------------
 NBONDS: found   745033 intra-atom interactions
 -------------------- step=      450 at      0.90000 ps ------------------------
 | E(kin)+E(total)=-10586.435      E(kin)=5266.774      temperature=299.882    |
 | Etotal =-15853.208 grad(E)=37.665     E(BOND)=1015.216   E(ANGL)=3521.233   |
 | E(DIHE)=118.737    E(IMPR)=160.430    E(VDW )=1168.761   E(ELEC)=-21889.190 |
 | E(HARM)=0.000      E(CDIH)=43.585     E(NOE )=8.020                         |
 -------------------------------------------------------------------------------
 NBONDS: found   745186 intra-atom interactions
 ----------------- final step=      500 at      1.00000 ps ---------------------
 | E(kin)+E(total)=-10623.051      E(kin)=5268.316      temperature=299.970    |
 | Etotal =-15891.368 grad(E)=37.801     E(BOND)=1014.761   E(ANGL)=3558.813   |
 | E(DIHE)=114.248    E(IMPR)=162.147    E(VDW )=1142.897   E(ELEC)=-21931.295 |
 | E(HARM)=0.000      E(CDIH)=42.079     E(NOE )=4.982                         |
 -------------------------------------------------------------------------------
 CENMAS: Information about center of free masses
         position [A]          :     -2.56900     -0.44416      0.25483
         velocity [A/ps]       :      0.00000     -0.00000      0.00000
         ang. mom. [amu A/ps]  :     -0.00000      0.00000     -0.00000
         kin. ener. [Kcal/mol] :      0.00000
 DCART: temperature coupling (TCOUpling) enabled
 CENMAS: Information about center of free masses
         position [A]          :     -2.56900     -0.44416      0.25483
         velocity [A/ps]       :      0.00000     -0.00000      0.00000
         ang. mom. [amu A/ps]  :     -0.00000      0.00000     -0.00000
         kin. ener. [Kcal/mol] :      0.00000
 ROTSTP: CM translation and rotation removed.
 CENMAS: Information about center of free masses
         position [A]          :     -2.56900     -0.44416      0.25483
         velocity [A/ps]       :      0.00000     -0.00000      0.00000
         ang. mom. [amu A/ps]  :     -0.00000      0.00000     -0.00000
         kin. ener. [Kcal/mol] :      0.00000
 NBONDS: generating intra-molecular exclusion list with mode= 5
 MAKINB: mode   5 found   8258 exclusions and   2699 interactions(1-4)
 NBONDS: found   745350 intra-atom interactions
 -------------------------- Cartesian dynamics start ---------------------------
 | E(kin)+E(total)=-10974.203      E(kin)=4917.165      temperature=279.976    |
 | Etotal =-15891.368 grad(E)=37.801     E(BOND)=1014.761   E(ANGL)=3558.813   |
 | E(DIHE)=114.248    E(IMPR)=162.147    E(VDW )=1142.897   E(ELEC)=-21931.295 |
 | E(HARM)=0.000      E(CDIH)=42.079     E(NOE )=4.982                         |
 -------------------------------------------------------------------------------
 NBONDS: found   745606 intra-atom interactions
 -------------------- step=       50 at      0.10000 ps ------------------------
 | E(kin)+E(total)=-13344.356      E(kin)=3542.400      temperature=201.699    |
 | Etotal =-16886.756 grad(E)=32.086     E(BOND)=804.062    E(ANGL)=3378.723   |
 | E(DIHE)=116.751    E(IMPR)=131.739    E(VDW )=972.397    E(ELEC)=-22330.875 |
 | E(HARM)=0.000      E(CDIH)=35.762     E(NOE )=4.686                         |
 -------------------------------------------------------------------------------
 NBONDS: found   746021 intra-atom interactions
 -------------------- step=      100 at      0.20000 ps ------------------------
 | E(kin)+E(total)=-13864.294      E(kin)=3544.286      temperature=201.806    |
 | Etotal =-17408.580 grad(E)=30.579     E(BOND)=739.014    E(ANGL)=3322.042   |
 | E(DIHE)=120.351    E(IMPR)=127.765    E(VDW )=1003.673   E(ELEC)=-22752.244 |
 | E(HARM)=0.000      E(CDIH)=23.531     E(NOE )=7.287                         |
 -------------------------------------------------------------------------------
 NBONDS: found   746845 intra-atom interactions
 -------------------- step=      150 at      0.30000 ps ------------------------
 | E(kin)+E(total)=-14158.767      E(kin)=3536.378      temperature=201.356    |
 | Etotal =-17695.145 grad(E)=29.944     E(BOND)=767.286    E(ANGL)=3283.134   |
 | E(DIHE)=118.187    E(IMPR)=125.977    E(VDW )=1078.519   E(ELEC)=-23100.587 |
 | E(HARM)=0.000      E(CDIH)=28.569     E(NOE )=3.770                         |
 -------------------------------------------------------------------------------
 NBONDS: found   747938 intra-atom interactions
 -------------------- step=      200 at      0.40000 ps ------------------------
 | E(kin)+E(total)=-14322.275      E(kin)=3541.284      temperature=201.636    |
 | Etotal =-17863.560 grad(E)=29.368     E(BOND)=685.007    E(ANGL)=3269.201   |
 | E(DIHE)=119.300    E(IMPR)=121.503    E(VDW )=1231.984   E(ELEC)=-23323.495 |
 | E(HARM)=0.000      E(CDIH)=25.171     E(NOE )=7.769                         |
 -------------------------------------------------------------------------------
 NBONDS: found   749253 intra-atom interactions
 -------------------- step=      250 at      0.50000 ps ------------------------
 | E(kin)+E(total)=-14382.202      E(kin)=3516.049      temperature=200.199    |
 | Etotal =-17898.251 grad(E)=29.989     E(BOND)=782.805    E(ANGL)=3281.400   |
 | E(DIHE)=115.629    E(IMPR)=122.019    E(VDW )=1391.525   E(ELEC)=-23620.488 |
 | E(HARM)=0.000      E(CDIH)=22.402     E(NOE )=6.458                         |
 -------------------------------------------------------------------------------
 NBONDS: found   751028 intra-atom interactions
 -------------------- step=      300 at      0.60000 ps ------------------------
 | E(kin)+E(total)=-14398.231      E(kin)=3508.413      temperature=199.764    |
 | Etotal =-17906.644 grad(E)=29.602     E(BOND)=708.399    E(ANGL)=3312.536   |
 | E(DIHE)=112.227    E(IMPR)=122.264    E(VDW )=1416.208   E(ELEC)=-23613.303 |
 | E(HARM)=0.000      E(CDIH)=29.594     E(NOE )=5.431                         |
 -------------------------------------------------------------------------------
 NBONDS: found   752574 intra-atom interactions
 -------------------- step=      350 at      0.70000 ps ------------------------
 | E(kin)+E(total)=-14504.701      E(kin)=3499.945      temperature=199.282    |
 | Etotal =-18004.645 grad(E)=30.032     E(BOND)=793.956    E(ANGL)=3267.468   |
 | E(DIHE)=102.193    E(IMPR)=122.426    E(VDW )=1494.265   E(ELEC)=-23827.911 |
 | E(HARM)=0.000      E(CDIH)=34.766     E(NOE )=8.190                         |
 -------------------------------------------------------------------------------
 NBONDS: found   754188 intra-atom interactions
 -------------------- step=      400 at      0.80000 ps ------------------------
 | E(kin)+E(total)=-14593.532      E(kin)=3528.137      temperature=200.887    |
 | Etotal =-18121.669 grad(E)=28.977     E(BOND)=686.032    E(ANGL)=3278.371   |
 | E(DIHE)=103.920    E(IMPR)=129.300    E(VDW )=1415.919   E(ELEC)=-23766.294 |
 | E(HARM)=0.000      E(CDIH)=27.888     E(NOE )=3.194                         |
 -------------------------------------------------------------------------------
 NBONDS: found   756165 intra-atom interactions
 NBONDS: found   757697 intra-atom interactions
 -------------------- step=      450 at      0.90000 ps ------------------------
 | E(kin)+E(total)=-14641.852      E(kin)=3526.536      temperature=200.796    |
 | Etotal =-18168.389 grad(E)=29.418     E(BOND)=761.796    E(ANGL)=3251.205   |
 | E(DIHE)=113.554    E(IMPR)=107.198    E(VDW )=1433.973   E(ELEC)=-23867.650 |
 | E(HARM)=0.000      E(CDIH)=28.673     E(NOE )=2.862                         |
 -------------------------------------------------------------------------------
 NBONDS: found   759461 intra-atom interactions
 ----------------- final step=      500 at      1.00000 ps ---------------------
 | E(kin)+E(total)=-14636.067      E(kin)=3507.275      temperature=199.699    |
 | Etotal =-18143.342 grad(E)=29.208     E(BOND)=688.605    E(ANGL)=3300.838   |
 | E(DIHE)=111.821    E(IMPR)=117.216    E(VDW )=1509.684   E(ELEC)=-23907.107 |
 | E(HARM)=0.000      E(CDIH)=26.846     E(NOE )=8.755                         |
 -------------------------------------------------------------------------------
 CENMAS: Information about center of free masses
         position [A]          :     -2.56900     -0.44416      0.25483
         velocity [A/ps]       :     -0.00000     -0.00000     -0.00000
         ang. mom. [amu A/ps]  :      0.00000      0.00000     -0.00000
         kin. ener. [Kcal/mol] :      0.00000
 DCART: temperature coupling (TCOUpling) enabled
 CENMAS: Information about center of free masses
         position [A]          :     -2.56900     -0.44416      0.25483
         velocity [A/ps]       :     -0.00000     -0.00000     -0.00000
         ang. mom. [amu A/ps]  :      0.00000      0.00000     -0.00000
         kin. ener. [Kcal/mol] :      0.00000
 ROTSTP: CM translation and rotation removed.
 CENMAS: Information about center of free masses
         position [A]          :     -2.56900     -0.44416      0.25483
         velocity [A/ps]       :     -0.00000     -0.00000     -0.00000
         ang. mom. [amu A/ps]  :      0.00000      0.00000     -0.00000
         kin. ener. [Kcal/mol] :      0.00000
 NBONDS: generating intra-molecular exclusion list with mode= 5
 MAKINB: mode   5 found   8258 exclusions and   2699 interactions(1-4)
 NBONDS: found   759707 intra-atom interactions
 -------------------------- Cartesian dynamics start ---------------------------
 | E(kin)+E(total)=-14986.266      E(kin)=3157.076      temperature=179.759    |
 | Etotal =-18143.342 grad(E)=29.208     E(BOND)=688.605    E(ANGL)=3300.838   |
 | E(DIHE)=111.821    E(IMPR)=117.216    E(VDW )=1509.684   E(ELEC)=-23907.107 |
 | E(HARM)=0.000      E(CDIH)=26.846     E(NOE )=8.755                         |
 -------------------------------------------------------------------------------
 -------------------- step=       50 at      0.10000 ps ------------------------
 | E(kin)+E(total)=-17414.329      E(kin)=1815.806      temperature=103.389    |
 | Etotal =-19230.135 grad(E)=21.814     E(BOND)=542.801    E(ANGL)=3105.532   |
 | E(DIHE)=124.550    E(IMPR)=80.972     E(VDW )=1349.360   E(ELEC)=-24451.501 |
 | E(HARM)=0.000      E(CDIH)=15.350     E(NOE )=2.799                         |
 -------------------------------------------------------------------------------
 NBONDS: found   761843 intra-atom interactions
 -------------------- step=      100 at      0.20000 ps ------------------------
 | E(kin)+E(total)=-18004.814      E(kin)=1796.346      temperature=102.281    |
 | Etotal =-19801.160 grad(E)=20.028     E(BOND)=473.429    E(ANGL)=3086.267   |
 | E(DIHE)=113.983    E(IMPR)=75.825     E(VDW )=1311.727   E(ELEC)=-24881.369 |
 | E(HARM)=0.000      E(CDIH)=15.386     E(NOE )=3.592                         |
 -------------------------------------------------------------------------------
 NBONDS: found   763584 intra-atom interactions
 -------------------- step=      150 at      0.30000 ps ------------------------
 | E(kin)+E(total)=-18275.814      E(kin)=1769.532      temperature=100.755    |
 | Etotal =-20045.346 grad(E)=19.283     E(BOND)=502.487    E(ANGL)=3045.768   |
 | E(DIHE)=119.692    E(IMPR)=76.666     E(VDW )=1480.965   E(ELEC)=-25287.287 |
 | E(HARM)=0.000      E(CDIH)=11.238     E(NOE )=5.125                         |
 -------------------------------------------------------------------------------
 NBONDS: found   765448 intra-atom interactions
 -------------------- step=      200 at      0.40000 ps ------------------------
 | E(kin)+E(total)=-18416.135      E(kin)=1769.753      temperature=100.767    |
 | Etotal =-20185.888 grad(E)=18.576     E(BOND)=468.196    E(ANGL)=3055.626   |
 | E(DIHE)=110.760    E(IMPR)=79.326     E(VDW )=1710.979   E(ELEC)=-25629.411 |
 | E(HARM)=0.000      E(CDIH)=14.480     E(NOE )=4.156                         |
 -------------------------------------------------------------------------------
 NBONDS: found   767582 intra-atom interactions
 -------------------- step=      250 at      0.50000 ps ------------------------
 | E(kin)+E(total)=-18529.813      E(kin)=1763.687      temperature=100.422    |
 | Etotal =-20293.500 grad(E)=18.453     E(BOND)=494.883    E(ANGL)=3050.929   |
 | E(DIHE)=118.006    E(IMPR)=78.341     E(VDW )=1860.515   E(ELEC)=-25911.761 |
 | E(HARM)=0.000      E(CDIH)=12.423     E(NOE )=3.166                         |
 -------------------------------------------------------------------------------
 -------------------- step=      300 at      0.60000 ps ------------------------
 | E(kin)+E(total)=-18623.836      E(kin)=1755.363      temperature=99.948     |
 | Etotal =-20379.198 grad(E)=18.803     E(BOND)=470.649    E(ANGL)=3047.326   |
 | E(DIHE)=114.243    E(IMPR)=81.318     E(VDW )=1953.013   E(ELEC)=-26064.766 |
 | E(HARM)=0.000      E(CDIH)=14.207     E(NOE )=4.812                         |
 -------------------------------------------------------------------------------
 NBONDS: found   769919 intra-atom interactions
 -------------------- step=      350 at      0.70000 ps ------------------------
 | E(kin)+E(total)=-18678.603      E(kin)=1754.725      temperature=99.911     |
 | Etotal =-20433.328 grad(E)=18.494     E(BOND)=490.325    E(ANGL)=3049.674   |
 | E(DIHE)=109.762    E(IMPR)=75.848     E(VDW )=1984.572   E(ELEC)=-26161.130 |
 | E(HARM)=0.000      E(CDIH)=12.485     E(NOE )=5.136                         |
 -------------------------------------------------------------------------------
 NBONDS: found   772497 intra-atom interactions
 -------------------- step=      400 at      0.80000 ps ------------------------
 | E(kin)+E(total)=-18720.880      E(kin)=1756.989      temperature=100.040    |
 | Etotal =-20477.869 grad(E)=18.439     E(BOND)=475.049    E(ANGL)=3037.678   |
 | E(DIHE)=113.074    E(IMPR)=80.379     E(VDW )=1973.547   E(ELEC)=-26176.193 |
 | E(HARM)=0.000      E(CDIH)=13.068     E(NOE )=5.529                         |
 -------------------------------------------------------------------------------
 NBONDS: found   774102 intra-atom interactions
 -------------------- step=      450 at      0.90000 ps ------------------------
 | E(kin)+E(total)=-18763.724      E(kin)=1763.964      temperature=100.438    |
 | Etotal =-20527.688 grad(E)=17.841     E(BOND)=485.951    E(ANGL)=3047.259   |
 | E(DIHE)=108.209    E(IMPR)=79.457     E(VDW )=1979.334   E(ELEC)=-26244.502 |
 | E(HARM)=0.000      E(CDIH)=11.924     E(NOE )=4.681                         |
 -------------------------------------------------------------------------------
 NBONDS: found   776144 intra-atom interactions
 ----------------- final step=      500 at      1.00000 ps ---------------------
 | E(kin)+E(total)=-18770.957      E(kin)=1763.225      temperature=100.395    |
 | Etotal =-20534.183 grad(E)=18.073     E(BOND)=471.706    E(ANGL)=3037.993   |
 | E(DIHE)=112.115    E(IMPR)=72.015     E(VDW )=1938.328   E(ELEC)=-26186.261 |
 | E(HARM)=0.000      E(CDIH)=15.812     E(NOE )=4.111                         |
 -------------------------------------------------------------------------------
 CENMAS: Information about center of free masses
         position [A]          :     -2.56900     -0.44416      0.25483
         velocity [A/ps]       :     -0.00000     -0.00000      0.00000
         ang. mom. [amu A/ps]  :     -0.00000      0.00000     -0.00000
         kin. ener. [Kcal/mol] :      0.00000
 POWELL: number of degrees of freedom= 17676
 NBONDS: generating intra-molecular exclusion list with mode= 5
 MAKINB: mode   5 found   8258 exclusions and   2699 interactions(1-4)
 NBONDS: found   777461 intra-atom interactions
 --------------- cycle=     1 ------ stepsize=    0.0000 -----------------------
 | Etotal =-20534.183 grad(E)=18.073     E(BOND)=471.706    E(ANGL)=3037.993   |
 | E(DIHE)=112.115    E(IMPR)=72.015     E(VDW )=1938.328   E(ELEC)=-26186.261 |
 | E(CDIH)=15.812     E(NOE )=4.111                                            |
 -------------------------------------------------------------------------------
 --------------- cycle=     2 ------ stepsize=    0.0000 -----------------------
 | Etotal =-20551.613 grad(E)=16.840     E(BOND)=464.062    E(ANGL)=3031.648   |
 | E(DIHE)=112.081    E(IMPR)=70.130     E(VDW )=1938.182   E(ELEC)=-26186.416 |
 | E(CDIH)=14.583     E(NOE )=4.117                                            |
 -------------------------------------------------------------------------------
 --------------- cycle=     3 ------ stepsize=    0.0000 -----------------------
 | Etotal =-20650.647 grad(E)=14.237     E(BOND)=419.947    E(ANGL)=2990.354   |
 | E(DIHE)=111.836    E(IMPR)=62.799     E(VDW )=1936.923   E(ELEC)=-26187.808 |
 | E(CDIH)=11.130     E(NOE )=4.171                                            |
 -------------------------------------------------------------------------------
 --------------- cycle=     4 ------ stepsize=    0.0000 -----------------------
 | Etotal =-20661.232 grad(E)=18.625     E(BOND)=414.587    E(ANGL)=2981.040   |
 | E(DIHE)=111.762    E(IMPR)=65.182     E(VDW )=1936.383   E(ELEC)=-26188.434 |
 | E(CDIH)=14.053     E(NOE )=4.196                                            |
 -------------------------------------------------------------------------------
 --------------- cycle=     5 ------ stepsize=    0.0000 -----------------------
 | Etotal =-20680.183 grad(E)=33.003     E(BOND)=423.837    E(ANGL)=2961.052   |
 | E(DIHE)=110.070    E(IMPR)=63.315     E(VDW )=1933.722   E(ELEC)=-26192.236 |
 | E(CDIH)=15.737     E(NOE )=4.319                                            |
 -------------------------------------------------------------------------------
 --------------- cycle=     6 ------ stepsize=   -0.0000 -----------------------
 | Etotal =-20729.871 grad(E)=15.636     E(BOND)=374.767    E(ANGL)=2959.214   |
 | E(DIHE)=110.820    E(IMPR)=62.204     E(VDW )=1934.883   E(ELEC)=-26190.492 |
 | E(CDIH)=14.471     E(NOE )=4.262                                            |
 -------------------------------------------------------------------------------
 --------------- cycle=     7 ------ stepsize=    0.0000 -----------------------
 | Etotal =-20788.326 grad(E)=9.800      E(BOND)=345.383    E(ANGL)=2943.167   |
 | E(DIHE)=110.529    E(IMPR)=58.440     E(VDW )=1933.227   E(ELEC)=-26193.481 |
 | E(CDIH)=10.110     E(NOE )=4.299                                            |
 -------------------------------------------------------------------------------
 --------------- cycle=     8 ------ stepsize=    0.0000 -----------------------
 | Etotal =-20790.981 grad(E)=11.675     E(BOND)=344.118    E(ANGL)=2941.722   |
 | E(DIHE)=110.459    E(IMPR)=59.568     E(VDW )=1932.814   E(ELEC)=-26194.267 |
 | E(CDIH)=10.297     E(NOE )=4.309                                            |
 -------------------------------------------------------------------------------
 --------------- cycle=     9 ------ stepsize=    0.0000 -----------------------
 | Etotal =-20825.515 grad(E)=10.006     E(BOND)=328.780    E(ANGL)=2931.733   |
 | E(DIHE)=111.537    E(IMPR)=55.389     E(VDW )=1930.736   E(ELEC)=-26197.419 |
 | E(CDIH)=9.465      E(NOE )=4.265                                            |
 -------------------------------------------------------------------------------
 --------------- cycle=    10 ------ stepsize=    0.0000 -----------------------
 | Etotal =-20825.521 grad(E)=10.140     E(BOND)=328.906    E(ANGL)=2931.687   |
 | E(DIHE)=111.552    E(IMPR)=55.356     E(VDW )=1930.709   E(ELEC)=-26197.462 |
 | E(CDIH)=9.466      E(NOE )=4.265                                            |
 -------------------------------------------------------------------------------
 --------------- cycle=    11 ------ stepsize=    0.0000 -----------------------
 | Etotal =-20850.339 grad(E)=7.241      E(BOND)=317.686    E(ANGL)=2926.327   |
 | E(DIHE)=111.285    E(IMPR)=55.147     E(VDW )=1928.532   E(ELEC)=-26201.404 |
 | E(CDIH)=7.897      E(NOE )=4.192                                            |
 -------------------------------------------------------------------------------
 --------------- cycle=    12 ------ stepsize=   -0.0000 -----------------------
 | Etotal =-20850.394 grad(E)=6.900      E(BOND)=317.519    E(ANGL)=2926.310   |
 | E(DIHE)=111.296    E(IMPR)=54.984     E(VDW )=1928.628   E(ELEC)=-26201.226 |
 | E(CDIH)=7.900      E(NOE )=4.195                                            |
 -------------------------------------------------------------------------------
 --------------- cycle=    13 ------ stepsize=    0.0000 -----------------------
 | Etotal =-20864.751 grad(E)=5.587      E(BOND)=313.982    E(ANGL)=2921.470   |
 | E(DIHE)=110.664    E(IMPR)=54.078     E(VDW )=1926.925   E(ELEC)=-26204.096 |
 | E(CDIH)=8.067      E(NOE )=4.160                                            |
 -------------------------------------------------------------------------------
 --------------- cycle=    14 ------ stepsize=    0.0000 -----------------------
 | Etotal =-20865.678 grad(E)=7.061      E(BOND)=315.253    E(ANGL)=2920.724   |
 | E(DIHE)=110.469    E(IMPR)=54.062     E(VDW )=1926.373   E(ELEC)=-26205.033 |
 | E(CDIH)=8.325      E(NOE )=4.148                                            |
 -------------------------------------------------------------------------------
 --------------- cycle=    15 ------ stepsize=    0.0000 -----------------------
 | Etotal =-20877.936 grad(E)=8.202      E(BOND)=313.458    E(ANGL)=2918.392   |
 | E(DIHE)=110.313    E(IMPR)=54.078     E(VDW )=1923.154   E(ELEC)=-26210.648 |
 | E(CDIH)=9.167      E(NOE )=4.150                                            |
 -------------------------------------------------------------------------------
 --------------- cycle=    16 ------ stepsize=   -0.0000 -----------------------
 | Etotal =-20878.436 grad(E)=6.747      E(BOND)=312.063    E(ANGL)=2918.288   |
 | E(DIHE)=110.337    E(IMPR)=53.827     E(VDW )=1923.681   E(ELEC)=-26209.721 |
 | E(CDIH)=8.939      E(NOE )=4.150                                            |
 -------------------------------------------------------------------------------
 --------------- cycle=    17 ------ stepsize=    0.0000 -----------------------
 | Etotal =-20893.062 grad(E)=6.342      E(BOND)=308.537    E(ANGL)=2916.277   |
 | E(DIHE)=110.627    E(IMPR)=53.478     E(VDW )=1920.442   E(ELEC)=-26215.293 |
 | E(CDIH)=8.698      E(NOE )=4.171                                            |
 -------------------------------------------------------------------------------
 --------------- cycle=    18 ------ stepsize=    0.0000 -----------------------
 | Etotal =-20894.083 grad(E)=8.197      E(BOND)=310.092    E(ANGL)=2916.341   |
 | E(DIHE)=110.731    E(IMPR)=53.607     E(VDW )=1919.343   E(ELEC)=-26217.203 |
 | E(CDIH)=8.827      E(NOE )=4.178                                            |
 -------------------------------------------------------------------------------
 --------------- cycle=    19 ------ stepsize=    0.0000 -----------------------
 | Etotal =-20913.529 grad(E)=6.428      E(BOND)=306.821    E(ANGL)=2913.992   |
 | E(DIHE)=110.593    E(IMPR)=53.991     E(VDW )=1914.489   E(ELEC)=-26226.107 |
 | E(CDIH)=8.490      E(NOE )=4.202                                            |
 -------------------------------------------------------------------------------
 --------------- cycle=    20 ------ stepsize=    0.0000 -----------------------
 | Etotal =-20914.747 grad(E)=8.074      E(BOND)=308.919    E(ANGL)=2914.425   |
 | E(DIHE)=110.554    E(IMPR)=54.513     E(VDW )=1912.958   E(ELEC)=-26228.959 |
 | E(CDIH)=8.633      E(NOE )=4.210                                            |
 -------------------------------------------------------------------------------
 --------------- cycle=    21 ------ stepsize=    0.0000 -----------------------
 | Etotal =-20933.478 grad(E)=8.467      E(BOND)=311.614    E(ANGL)=2915.093   |
 | E(DIHE)=110.334    E(IMPR)=53.470     E(VDW )=1905.876   E(ELEC)=-26241.877 |
 | E(CDIH)=7.777      E(NOE )=4.234                                            |
 -------------------------------------------------------------------------------
 --------------- cycle=    22 ------ stepsize=   -0.0000 -----------------------
 | Etotal =-20933.559 grad(E)=7.930      E(BOND)=310.631    E(ANGL)=2914.791   |
 | E(DIHE)=110.347    E(IMPR)=53.443     E(VDW )=1906.305   E(ELEC)=-26241.082 |
 | E(CDIH)=7.774      E(NOE )=4.233                                            |
 -------------------------------------------------------------------------------
 --------------- cycle=    23 ------ stepsize=    0.0000 -----------------------
 | Etotal =-20951.849 grad(E)=7.364      E(BOND)=310.735    E(ANGL)=2915.476   |
 | E(DIHE)=110.573    E(IMPR)=54.319     E(VDW )=1899.400   E(ELEC)=-26254.374 |
 | E(CDIH)=7.774      E(NOE )=4.248                                            |
 -------------------------------------------------------------------------------
 --------------- cycle=    24 ------ stepsize=    0.0000 -----------------------
 | Etotal =-20951.850 grad(E)=7.421      E(BOND)=310.824    E(ANGL)=2915.513   |
 | E(DIHE)=110.575    E(IMPR)=54.337     E(VDW )=1899.347   E(ELEC)=-26254.478 |
 | E(CDIH)=7.784      E(NOE )=4.248                                            |
 -------------------------------------------------------------------------------
 --------------- cycle=    25 ------ stepsize=    0.0000 -----------------------
 | Etotal =-20971.037 grad(E)=6.557      E(BOND)=311.035    E(ANGL)=2916.458   |
 | E(DIHE)=110.461    E(IMPR)=53.476     E(VDW )=1892.729   E(ELEC)=-26267.583 |
 | E(CDIH)=8.130      E(NOE )=4.256                                            |
 -------------------------------------------------------------------------------
 --------------- cycle=    26 ------ stepsize=    0.0000 -----------------------
 | Etotal =-20971.818 grad(E)=7.966      E(BOND)=313.538    E(ANGL)=2917.521   |
 | E(DIHE)=110.440    E(IMPR)=53.668     E(VDW )=1891.132   E(ELEC)=-26270.809 |
 | E(CDIH)=8.434      E(NOE )=4.258                                            |
 -------------------------------------------------------------------------------
 --------------- cycle=    27 ------ stepsize=    0.0000 -----------------------
 | Etotal =-20993.386 grad(E)=7.986      E(BOND)=315.732    E(ANGL)=2919.970   |
 | E(DIHE)=111.467    E(IMPR)=53.837     E(VDW )=1882.627   E(ELEC)=-26289.042 |
 | E(CDIH)=7.745      E(NOE )=4.278                                            |
 -------------------------------------------------------------------------------
 --------------- cycle=    28 ------ stepsize=    0.0000 -----------------------
 | Etotal =-20993.523 grad(E)=8.650      E(BOND)=317.041    E(ANGL)=2920.546   |
 | E(DIHE)=111.558    E(IMPR)=53.987     E(VDW )=1881.910   E(ELEC)=-26290.616 |
 | E(CDIH)=7.770      E(NOE )=4.280                                            |
 -------------------------------------------------------------------------------
 --------------- cycle=    29 ------ stepsize=    0.0000 -----------------------
 | Etotal =-21016.481 grad(E)=8.649      E(BOND)=321.222    E(ANGL)=2924.830   |
 | E(DIHE)=111.371    E(IMPR)=52.753     E(VDW )=1872.707   E(ELEC)=-26311.528 |
 | E(CDIH)=7.834      E(NOE )=4.330                                            |
 -------------------------------------------------------------------------------
 --------------- cycle=    30 ------ stepsize=    0.0000 -----------------------
 | Etotal =-21016.559 grad(E)=9.167      E(BOND)=322.361    E(ANGL)=2925.341   |
 | E(DIHE)=111.363    E(IMPR)=52.781     E(VDW )=1872.155   E(ELEC)=-26312.818 |
 | E(CDIH)=7.924      E(NOE )=4.333                                            |
 -------------------------------------------------------------------------------
 --------------- cycle=    31 ------ stepsize=    0.0000 -----------------------
 | Etotal =-21047.267 grad(E)=7.616      E(BOND)=322.947    E(ANGL)=2925.793   |
 | E(DIHE)=112.114    E(IMPR)=53.221     E(VDW )=1862.308   E(ELEC)=-26335.651 |
 | E(CDIH)=7.535      E(NOE )=4.467                                            |
 -------------------------------------------------------------------------------
 --------------- cycle=    32 ------ stepsize=    0.0000 -----------------------
 | Etotal =-21051.091 grad(E)=10.460     E(BOND)=330.449    E(ANGL)=2928.493   |
 | E(DIHE)=112.496    E(IMPR)=54.618     E(VDW )=1857.633   E(ELEC)=-26346.999 |
 | E(CDIH)=7.683      E(NOE )=4.536                                            |
 -------------------------------------------------------------------------------
 --------------- cycle=    33 ------ stepsize=    0.0000 -----------------------
 | Etotal =-21086.780 grad(E)=9.818      E(BOND)=339.165    E(ANGL)=2931.453   |
 | E(DIHE)=113.039    E(IMPR)=54.164     E(VDW )=1843.834   E(ELEC)=-26380.861 |
 | E(CDIH)=7.736      E(NOE )=4.690                                            |
 -------------------------------------------------------------------------------
 --------------- cycle=    34 ------ stepsize=    0.0000 -----------------------
 | Etotal =-21086.820 grad(E)=10.151     E(BOND)=340.172    E(ANGL)=2931.809   |
 | E(DIHE)=113.060    E(IMPR)=54.268     E(VDW )=1843.383   E(ELEC)=-26382.027 |
 | E(CDIH)=7.820      E(NOE )=4.696                                            |
 -------------------------------------------------------------------------------
 --------------- cycle=    35 ------ stepsize=    0.0000 -----------------------
 | Etotal =-21121.646 grad(E)=11.219     E(BOND)=347.873    E(ANGL)=2931.740   |
 | E(DIHE)=112.721    E(IMPR)=55.881     E(VDW )=1830.856   E(ELEC)=-26414.027 |
 | E(CDIH)=8.435      E(NOE )=4.875                                            |
 -------------------------------------------------------------------------------
 --------------- cycle=    36 ------ stepsize=    0.0000 -----------------------
 | Etotal =-21121.688 grad(E)=11.617     E(BOND)=348.960    E(ANGL)=2931.984   |
 | E(DIHE)=112.710    E(IMPR)=56.027     E(VDW )=1830.432   E(ELEC)=-26415.174 |
 | E(CDIH)=8.492      E(NOE )=4.882                                            |
 -------------------------------------------------------------------------------
 --------------- cycle=    37 ------ stepsize=    0.0000 -----------------------
 | Etotal =-21156.747 grad(E)=10.929     E(BOND)=353.323    E(ANGL)=2936.356   |
 | E(DIHE)=112.553    E(IMPR)=56.103     E(VDW )=1819.088   E(ELEC)=-26447.029 |
 | E(CDIH)=7.791      E(NOE )=5.068                                            |
 -------------------------------------------------------------------------------
 --------------- cycle=    38 ------ stepsize=    0.0000 -----------------------
 | Etotal =-21156.748 grad(E)=10.989     E(BOND)=353.470    E(ANGL)=2936.422   |
 | E(DIHE)=112.553    E(IMPR)=56.118     E(VDW )=1819.030   E(ELEC)=-26447.204 |
 | E(CDIH)=7.795      E(NOE )=5.069                                            |
 -------------------------------------------------------------------------------
 --------------- cycle=    39 ------ stepsize=    0.0000 -----------------------
 | Etotal =-21187.111 grad(E)=10.389     E(BOND)=352.084    E(ANGL)=2940.166   |
 | E(DIHE)=113.336    E(IMPR)=57.743     E(VDW )=1809.451   E(ELEC)=-26473.440 |
 | E(CDIH)=8.306      E(NOE )=5.244                                            |
 -------------------------------------------------------------------------------
 --------------- cycle=    40 ------ stepsize=   -0.0000 -----------------------
 | Etotal =-21187.142 grad(E)=10.061     E(BOND)=351.461    E(ANGL)=2939.889   |
 | E(DIHE)=113.310    E(IMPR)=57.609     E(VDW )=1809.730   E(ELEC)=-26472.629 |
 | E(CDIH)=8.250      E(NOE )=5.238                                            |
 -------------------------------------------------------------------------------
 --------------- cycle=    41 ------ stepsize=    0.0000 -----------------------
 | Etotal =-21223.954 grad(E)=7.533      E(BOND)=342.986    E(ANGL)=2938.180   |
 | E(DIHE)=113.400    E(IMPR)=57.176     E(VDW )=1802.816   E(ELEC)=-26491.717 |
 | E(CDIH)=7.792      E(NOE )=5.411                                            |
 -------------------------------------------------------------------------------
 --------------- cycle=    42 ------ stepsize=    0.0000 -----------------------
 | Etotal =-21233.058 grad(E)=10.916     E(BOND)=348.328    E(ANGL)=2941.944   |
 | E(DIHE)=113.496    E(IMPR)=58.477     E(VDW )=1797.866   E(ELEC)=-26506.919 |
 | E(CDIH)=8.196      E(NOE )=5.555                                            |
 -------------------------------------------------------------------------------
 --------------- cycle=    43 ------ stepsize=    0.0000 -----------------------
 | Etotal =-21244.457 grad(E)=17.660     E(BOND)=368.928    E(ANGL)=2945.815   |
 | E(DIHE)=111.514    E(IMPR)=63.173     E(VDW )=1788.135   E(ELEC)=-26536.836 |
 | E(CDIH)=9.005      E(NOE )=5.808                                            |
 -------------------------------------------------------------------------------
 --------------- cycle=    44 ------ stepsize=   -0.0000 -----------------------
 | Etotal =-21259.271 grad(E)=8.928      E(BOND)=345.526    E(ANGL)=2941.083   |
 | E(DIHE)=112.332    E(IMPR)=60.104     E(VDW )=1791.979   E(ELEC)=-26524.066 |
 | E(CDIH)=8.074      E(NOE )=5.697                                            |
 -------------------------------------------------------------------------------
 --------------- cycle=    45 ------ stepsize=    0.0000 -----------------------
 | Etotal =-21282.278 grad(E)=6.080      E(BOND)=340.432    E(ANGL)=2936.356   |
 | E(DIHE)=111.911    E(IMPR)=60.322     E(VDW )=1788.275   E(ELEC)=-26532.983 |
 | E(CDIH)=7.580      E(NOE )=5.830                                            |
 -------------------------------------------------------------------------------
 --------------- cycle=    46 ------ stepsize=    0.0000 -----------------------
 | Etotal =-21284.759 grad(E)=7.858      E(BOND)=343.016    E(ANGL)=2936.143   |
 | E(DIHE)=111.725    E(IMPR)=61.033     E(VDW )=1786.728   E(ELEC)=-26537.000 |
 | E(CDIH)=7.706      E(NOE )=5.891                                            |
 -------------------------------------------------------------------------------
 --------------- cycle=    47 ------ stepsize=    0.0000 -----------------------
 | Etotal =-21302.839 grad(E)=6.987      E(BOND)=339.432    E(ANGL)=2933.661   |
 | E(DIHE)=112.547    E(IMPR)=60.105     E(VDW )=1782.866   E(ELEC)=-26544.150 |
 | E(CDIH)=6.688      E(NOE )=6.013                                            |
 -------------------------------------------------------------------------------
 --------------- cycle=    48 ------ stepsize=   -0.0000 -----------------------
 | Etotal =-21302.968 grad(E)=6.415      E(BOND)=338.706    E(ANGL)=2933.511   |
 | E(DIHE)=112.480    E(IMPR)=60.079     E(VDW )=1783.148   E(ELEC)=-26543.598 |
 | E(CDIH)=6.702      E(NOE )=6.003                                            |
 -------------------------------------------------------------------------------
 --------------- cycle=    49 ------ stepsize=    0.0000 -----------------------
 | Etotal =-21316.544 grad(E)=5.491      E(BOND)=334.258    E(ANGL)=2930.469   |
 | E(DIHE)=111.325    E(IMPR)=59.935     E(VDW )=1780.995   E(ELEC)=-26546.025 |
 | E(CDIH)=6.453      E(NOE )=6.046                                            |
 -------------------------------------------------------------------------------
 --------------- cycle=    50 ------ stepsize=    0.0000 -----------------------
 | Etotal =-21316.738 grad(E)=6.172      E(BOND)=334.658    E(ANGL)=2930.413   |
 | E(DIHE)=111.176    E(IMPR)=60.091     E(VDW )=1780.720   E(ELEC)=-26546.350 |
 | E(CDIH)=6.501      E(NOE )=6.052                                            |
 -------------------------------------------------------------------------------
 --------------- cycle=    51 ------ stepsize=    0.0000 -----------------------
 | Etotal =-21330.355 grad(E)=6.357      E(BOND)=329.945    E(ANGL)=2925.631   |
 | E(DIHE)=111.330    E(IMPR)=59.619     E(VDW )=1778.606   E(ELEC)=-26547.930 |
 | E(CDIH)=6.435      E(NOE )=6.009                                            |
 -------------------------------------------------------------------------------
 --------------- cycle=    52 ------ stepsize=    0.0000 -----------------------
 | Etotal =-21330.418 grad(E)=6.808      E(BOND)=330.203    E(ANGL)=2925.481   |
 | E(DIHE)=111.343    E(IMPR)=59.665     E(VDW )=1778.459   E(ELEC)=-26548.044 |
 | E(CDIH)=6.468      E(NOE )=6.006                                            |
 -------------------------------------------------------------------------------
 --------------- cycle=    53 ------ stepsize=    0.0000 -----------------------
 | Etotal =-21344.640 grad(E)=7.264      E(BOND)=323.950    E(ANGL)=2922.419   |
 | E(DIHE)=111.054    E(IMPR)=59.486     E(VDW )=1776.072   E(ELEC)=-26550.054 |
 | E(CDIH)=6.491      E(NOE )=5.942                                            |
 -------------------------------------------------------------------------------
 --------------- cycle=    54 ------ stepsize=    0.0000 -----------------------
 | Etotal =-21344.663 grad(E)=7.560      E(BOND)=324.078    E(ANGL)=2922.396   |
 | E(DIHE)=111.043    E(IMPR)=59.525     E(VDW )=1775.979   E(ELEC)=-26550.136 |
 | E(CDIH)=6.513      E(NOE )=5.939                                            |
 -------------------------------------------------------------------------------
 --------------- cycle=    55 ------ stepsize=    0.0000 -----------------------
 | Etotal =-21362.263 grad(E)=6.463      E(BOND)=317.642    E(ANGL)=2918.236   |
 | E(DIHE)=110.015    E(IMPR)=59.773     E(VDW )=1773.618   E(ELEC)=-26553.584 |
 | E(CDIH)=6.161      E(NOE )=5.876                                            |
 -------------------------------------------------------------------------------
 --------------- cycle=    56 ------ stepsize=    0.0000 -----------------------
 | Etotal =-21363.296 grad(E)=8.128      E(BOND)=318.550    E(ANGL)=2917.969   |
 | E(DIHE)=109.712    E(IMPR)=60.088     E(VDW )=1772.948   E(ELEC)=-26554.639 |
 | E(CDIH)=6.218      E(NOE )=5.858                                            |
 -------------------------------------------------------------------------------
 --------------- cycle=    57 ------ stepsize=    0.0000 -----------------------
 | Etotal =-21382.876 grad(E)=8.074      E(BOND)=312.736    E(ANGL)=2914.534   |
 | E(DIHE)=108.963    E(IMPR)=60.124     E(VDW )=1770.470   E(ELEC)=-26561.669 |
 | E(CDIH)=6.181      E(NOE )=5.784                                            |
 -------------------------------------------------------------------------------
 --------------- cycle=    58 ------ stepsize=    0.0000 -----------------------
 | Etotal =-21382.927 grad(E)=8.496      E(BOND)=313.094    E(ANGL)=2914.549   |
 | E(DIHE)=108.924    E(IMPR)=60.202     E(VDW )=1770.351   E(ELEC)=-26562.044 |
 | E(CDIH)=6.217      E(NOE )=5.781                                            |
 -------------------------------------------------------------------------------
 --------------- cycle=    59 ------ stepsize=    0.0000 -----------------------
 | Etotal =-21402.570 grad(E)=7.396      E(BOND)=308.919    E(ANGL)=2913.175   |
 | E(DIHE)=108.691    E(IMPR)=59.002     E(VDW )=1768.200   E(ELEC)=-26572.650 |
 | E(CDIH)=6.366      E(NOE )=5.727                                            |
 -------------------------------------------------------------------------------
 --------------- cycle=    60 ------ stepsize=   -0.0000 -----------------------
 | Etotal =-21402.570 grad(E)=7.396      E(BOND)=308.919    E(ANGL)=2913.175   |
 | E(DIHE)=108.691    E(IMPR)=59.002     E(VDW )=1768.200   E(ELEC)=-26572.650 |
 | E(CDIH)=6.366      E(NOE )=5.727                                            |
 -------------------------------------------------------------------------------
 --------------- cycle=    61 ------ stepsize=    0.0000 -----------------------
 | Etotal =-21415.977 grad(E)=6.801      E(BOND)=308.228    E(ANGL)=2914.222   |
 | E(DIHE)=108.519    E(IMPR)=57.216     E(VDW )=1766.772   E(ELEC)=-26583.380 |
 | E(CDIH)=6.764      E(NOE )=5.681                                            |
 -------------------------------------------------------------------------------
 --------------- cycle=    62 ------ stepsize=   -0.0000 -----------------------
 | Etotal =-21416.110 grad(E)=6.153      E(BOND)=307.436    E(ANGL)=2913.856   |
 | E(DIHE)=108.531    E(IMPR)=57.244     E(VDW )=1766.888   E(ELEC)=-26582.415 |
 | E(CDIH)=6.666      E(NOE )=5.685                                            |
 -------------------------------------------------------------------------------
 --------------- cycle=    63 ------ stepsize=    0.0000 -----------------------
 | Etotal =-21427.397 grad(E)=4.869      E(BOND)=306.502    E(ANGL)=2913.956   |
 | E(DIHE)=108.823    E(IMPR)=56.805     E(VDW )=1765.878   E(ELEC)=-26591.625 |
 | E(CDIH)=6.600      E(NOE )=5.664                                            |
 -------------------------------------------------------------------------------
 --------------- cycle=    64 ------ stepsize=    0.0000 -----------------------
 | Etotal =-21427.888 grad(E)=5.910      E(BOND)=307.850    E(ANGL)=2914.496   |
 | E(DIHE)=108.901    E(IMPR)=56.906     E(VDW )=1765.640   E(ELEC)=-26593.987 |
 | E(CDIH)=6.647      E(NOE )=5.659                                            |
 -------------------------------------------------------------------------------
 --------------- cycle=    65 ------ stepsize=    0.0000 -----------------------
 | Etotal =-21439.032 grad(E)=5.831      E(BOND)=310.929    E(ANGL)=2914.817   |
 | E(DIHE)=108.695    E(IMPR)=56.350     E(VDW )=1764.600   E(ELEC)=-26606.470 |
 | E(CDIH)=6.448      E(NOE )=5.599                                            |
 -------------------------------------------------------------------------------
 --------------- cycle=    66 ------ stepsize=    0.0000 -----------------------
 | Etotal =-21439.039 grad(E)=5.984      E(BOND)=311.190    E(ANGL)=2914.895   |
 | E(DIHE)=108.691    E(IMPR)=56.357     E(VDW )=1764.574   E(ELEC)=-26606.802 |
 | E(CDIH)=6.459      E(NOE )=5.597                                            |
 -------------------------------------------------------------------------------
 --------------- cycle=    67 ------ stepsize=    0.0000 -----------------------
 | Etotal =-21448.198 grad(E)=7.096      E(BOND)=314.651    E(ANGL)=2917.380   |
 | E(DIHE)=108.402    E(IMPR)=55.978     E(VDW )=1763.657   E(ELEC)=-26620.189 |
 | E(CDIH)=6.443      E(NOE )=5.481                                            |
 -------------------------------------------------------------------------------
 --------------- cycle=    68 ------ stepsize=   -0.0000 -----------------------
 | Etotal =-21448.500 grad(E)=5.952      E(BOND)=312.921    E(ANGL)=2916.694   |
 | E(DIHE)=108.443    E(IMPR)=55.933     E(VDW )=1763.784   E(ELEC)=-26618.161 |
 | E(CDIH)=6.389      E(NOE )=5.498                                            |
 -------------------------------------------------------------------------------
 --------------- cycle=    69 ------ stepsize=    0.0000 -----------------------
 | Etotal =-21461.342 grad(E)=4.638      E(BOND)=312.986    E(ANGL)=2916.076   |
 | E(DIHE)=109.103    E(IMPR)=54.628     E(VDW )=1763.017   E(ELEC)=-26628.841 |
 | E(CDIH)=6.286      E(NOE )=5.404                                            |
 -------------------------------------------------------------------------------
 --------------- cycle=    70 ------ stepsize=    0.0000 -----------------------
 | Etotal =-21463.421 grad(E)=6.489      E(BOND)=316.208    E(ANGL)=2917.131   |
 | E(DIHE)=109.509    E(IMPR)=54.425     E(VDW )=1762.626   E(ELEC)=-26635.199 |
 | E(CDIH)=6.530      E(NOE )=5.349                                            |
 -------------------------------------------------------------------------------
 --------------- cycle=    71 ------ stepsize=    0.0000 -----------------------
 | Etotal =-21471.945 grad(E)=8.812      E(BOND)=323.258    E(ANGL)=2917.041   |
 | E(DIHE)=110.772    E(IMPR)=53.847     E(VDW )=1761.752   E(ELEC)=-26650.325 |
 | E(CDIH)=6.497      E(NOE )=5.214                                            |
 -------------------------------------------------------------------------------
 --------------- cycle=    72 ------ stepsize=   -0.0000 -----------------------
 | Etotal =-21473.866 grad(E)=5.850      E(BOND)=317.809    E(ANGL)=2916.289   |
 | E(DIHE)=110.387    E(IMPR)=53.767     E(VDW )=1761.976   E(ELEC)=-26645.789 |
 | E(CDIH)=6.442      E(NOE )=5.253                                            |
 -------------------------------------------------------------------------------
 --------------- cycle=    73 ------ stepsize=    0.0000 -----------------------
 | Etotal =-21485.029 grad(E)=3.978      E(BOND)=317.054    E(ANGL)=2913.964   |
 | E(DIHE)=111.011    E(IMPR)=52.888     E(VDW )=1761.423   E(ELEC)=-26652.648 |
 | E(CDIH)=6.113      E(NOE )=5.166                                            |
 -------------------------------------------------------------------------------
 --------------- cycle=    74 ------ stepsize=    0.0000 -----------------------
 | Etotal =-21486.269 grad(E)=5.148      E(BOND)=318.840    E(ANGL)=2913.979   |
 | E(DIHE)=111.303    E(IMPR)=52.860     E(VDW )=1761.209   E(ELEC)=-26655.816 |
 | E(CDIH)=6.229      E(NOE )=5.127                                            |
 -------------------------------------------------------------------------------
 --------------- cycle=    75 ------ stepsize=    0.0000 -----------------------
 | Etotal =-21497.453 grad(E)=5.053      E(BOND)=317.392    E(ANGL)=2911.112   |
 | E(DIHE)=110.382    E(IMPR)=52.605     E(VDW )=1760.664   E(ELEC)=-26660.964 |
 | E(CDIH)=6.354      E(NOE )=5.000                                            |
 -------------------------------------------------------------------------------
 --------------- cycle=    76 ------ stepsize=    0.0000 -----------------------
 | Etotal =-21497.762 grad(E)=5.960      E(BOND)=318.212    E(ANGL)=2910.981   |
 | E(DIHE)=110.212    E(IMPR)=52.803     E(VDW )=1760.577   E(ELEC)=-26661.971 |
 | E(CDIH)=6.448      E(NOE )=4.976                                            |
 -------------------------------------------------------------------------------
 --------------- cycle=    77 ------ stepsize=    0.0000 -----------------------
 | Etotal =-21505.043 grad(E)=7.929      E(BOND)=319.056    E(ANGL)=2906.208   |
 | E(DIHE)=110.833    E(IMPR)=54.044     E(VDW )=1760.104   E(ELEC)=-26666.958 |
 | E(CDIH)=6.821      E(NOE )=4.848                                            |
 -------------------------------------------------------------------------------
 --------------- cycle=    78 ------ stepsize=   -0.0000 -----------------------
 | Etotal =-21506.174 grad(E)=5.575      E(BOND)=316.625    E(ANGL)=2906.854   |
 | E(DIHE)=110.664    E(IMPR)=53.584     E(VDW )=1760.208   E(ELEC)=-26665.624 |
 | E(CDIH)=6.634      E(NOE )=4.882                                            |
 -------------------------------------------------------------------------------
 --------------- cycle=    79 ------ stepsize=    0.0000 -----------------------
 | Etotal =-21516.233 grad(E)=4.402      E(BOND)=313.868    E(ANGL)=2903.482   |
 | E(DIHE)=110.941    E(IMPR)=52.790     E(VDW )=1760.009   E(ELEC)=-26668.693 |
 | E(CDIH)=6.593      E(NOE )=4.778                                            |
 -------------------------------------------------------------------------------
 --------------- cycle=    80 ------ stepsize=    0.0000 -----------------------
 | Etotal =-21517.804 grad(E)=6.161      E(BOND)=314.714    E(ANGL)=2902.492   |
 | E(DIHE)=111.124    E(IMPR)=52.896     E(VDW )=1759.939   E(ELEC)=-26670.469 |
 | E(CDIH)=6.780      E(NOE )=4.719                                            |
 -------------------------------------------------------------------------------
 --------------- cycle=    81 ------ stepsize=    0.0000 -----------------------
 | Etotal =-21529.992 grad(E)=6.266      E(BOND)=312.614    E(ANGL)=2899.702   |
 | E(DIHE)=111.338    E(IMPR)=52.120     E(VDW )=1759.633   E(ELEC)=-26676.629 |
 | E(CDIH)=6.689      E(NOE )=4.541                                            |
 -------------------------------------------------------------------------------
 --------------- cycle=    82 ------ stepsize=    0.0000 -----------------------
 | Etotal =-21530.020 grad(E)=6.574      E(BOND)=312.912    E(ANGL)=2899.686   |
 | E(DIHE)=111.352    E(IMPR)=52.110     E(VDW )=1759.624   E(ELEC)=-26676.938 |
 | E(CDIH)=6.702      E(NOE )=4.532                                            |
 -------------------------------------------------------------------------------
 --------------- cycle=    83 ------ stepsize=    0.0000 -----------------------
 | Etotal =-21542.134 grad(E)=6.443      E(BOND)=312.381    E(ANGL)=2897.326   |
 | E(DIHE)=110.847    E(IMPR)=52.471     E(VDW )=1759.747   E(ELEC)=-26685.963 |
 | E(CDIH)=6.704      E(NOE )=4.353                                            |
 -------------------------------------------------------------------------------
 --------------- cycle=    84 ------ stepsize=   -0.0000 -----------------------
 | Etotal =-21542.135 grad(E)=6.389      E(BOND)=312.323    E(ANGL)=2897.324   |
 | E(DIHE)=110.852    E(IMPR)=52.456     E(VDW )=1759.745   E(ELEC)=-26685.887 |
 | E(CDIH)=6.699      E(NOE )=4.354                                            |
 -------------------------------------------------------------------------------
 --------------- cycle=    85 ------ stepsize=    0.0000 -----------------------
 | Etotal =-21553.343 grad(E)=6.850      E(BOND)=314.645    E(ANGL)=2895.733   |
 | E(DIHE)=110.176    E(IMPR)=53.169     E(VDW )=1759.760   E(ELEC)=-26697.618 |
 | E(CDIH)=6.594      E(NOE )=4.197                                            |
 -------------------------------------------------------------------------------
 --------------- cycle=    86 ------ stepsize=   -0.0000 -----------------------
 | Etotal =-21553.348 grad(E)=6.713      E(BOND)=314.436    E(ANGL)=2895.722   |
 | E(DIHE)=110.188    E(IMPR)=53.144     E(VDW )=1759.757   E(ELEC)=-26697.384 |
 | E(CDIH)=6.590      E(NOE )=4.200                                            |
 -------------------------------------------------------------------------------
 --------------- cycle=    87 ------ stepsize=    0.0000 -----------------------
 | Etotal =-21566.803 grad(E)=4.835      E(BOND)=315.178    E(ANGL)=2896.943   |
 | E(DIHE)=109.739    E(IMPR)=53.271     E(VDW )=1760.034   E(ELEC)=-26712.137 |
 | E(CDIH)=6.104      E(NOE )=4.063                                            |
 -------------------------------------------------------------------------------
 --------------- cycle=    88 ------ stepsize=    0.0000 -----------------------
 | Etotal =-21567.362 grad(E)=5.804      E(BOND)=317.046    E(ANGL)=2897.891   |
 | E(DIHE)=109.632    E(IMPR)=53.624     E(VDW )=1760.143   E(ELEC)=-26715.814 |
 | E(CDIH)=6.084      E(NOE )=4.031                                            |
 -------------------------------------------------------------------------------
 --------------- cycle=    89 ------ stepsize=    0.0000 -----------------------
 | Etotal =-21578.592 grad(E)=5.270      E(BOND)=321.472    E(ANGL)=2899.934   |
 | E(DIHE)=109.045    E(IMPR)=53.212     E(VDW )=1760.472   E(ELEC)=-26732.852 |
 | E(CDIH)=6.209      E(NOE )=3.915                                            |
 -------------------------------------------------------------------------------
 --------------- cycle=    90 ------ stepsize=    0.0000 -----------------------
 | Etotal =-21578.650 grad(E)=5.658      E(BOND)=322.323    E(ANGL)=2900.279   |
 | E(DIHE)=109.014    E(IMPR)=53.226     E(VDW )=1760.507   E(ELEC)=-26734.161 |
 | E(CDIH)=6.255      E(NOE )=3.907                                            |
 -------------------------------------------------------------------------------
 --------------- cycle=    91 ------ stepsize=    0.0000 -----------------------
 | Etotal =-21586.811 grad(E)=6.453      E(BOND)=329.202    E(ANGL)=2902.727   |
 | E(DIHE)=110.624    E(IMPR)=52.659     E(VDW )=1760.873   E(ELEC)=-26753.480 |
 | E(CDIH)=6.762      E(NOE )=3.820                                            |
 -------------------------------------------------------------------------------
 --------------- cycle=    92 ------ stepsize=   -0.0000 -----------------------
 | Etotal =-21587.305 grad(E)=5.095      E(BOND)=326.438    E(ANGL)=2901.875   |
 | E(DIHE)=110.305    E(IMPR)=52.604     E(VDW )=1760.783   E(ELEC)=-26749.759 |
 | E(CDIH)=6.614      E(NOE )=3.836                                            |
 -------------------------------------------------------------------------------
 --------------- cycle=    93 ------ stepsize=    0.0000 -----------------------
 | Etotal =-21596.859 grad(E)=4.008      E(BOND)=328.391    E(ANGL)=2903.085   |
 | E(DIHE)=110.732    E(IMPR)=52.350     E(VDW )=1761.015   E(ELEC)=-26762.793 |
 | E(CDIH)=6.603      E(NOE )=3.757                                            |
 -------------------------------------------------------------------------------
 --------------- cycle=    94 ------ stepsize=    0.0000 -----------------------
 | Etotal =-21598.295 grad(E)=5.573      E(BOND)=331.889    E(ANGL)=2904.763   |
 | E(DIHE)=110.992    E(IMPR)=52.493     E(VDW )=1761.195   E(ELEC)=-26770.160 |
 | E(CDIH)=6.819      E(NOE )=3.714                                            |
 -------------------------------------------------------------------------------
 --------------- cycle=    95 ------ stepsize=    0.0000 -----------------------
 | Etotal =-21607.361 grad(E)=6.616      E(BOND)=338.689    E(ANGL)=2909.465   |
 | E(DIHE)=108.016    E(IMPR)=53.242     E(VDW )=1761.666   E(ELEC)=-26788.546 |
 | E(CDIH)=6.488      E(NOE )=3.618                                            |
 -------------------------------------------------------------------------------
 --------------- cycle=    96 ------ stepsize=   -0.0000 -----------------------
 | Etotal =-21607.648 grad(E)=5.570      E(BOND)=336.592    E(ANGL)=2908.440   |
 | E(DIHE)=108.442    E(IMPR)=52.973     E(VDW )=1761.579   E(ELEC)=-26785.812 |
 | E(CDIH)=6.506      E(NOE )=3.632                                            |
 -------------------------------------------------------------------------------
 --------------- cycle=    97 ------ stepsize=    0.0000 -----------------------
 | Etotal =-21618.189 grad(E)=5.172      E(BOND)=336.253    E(ANGL)=2909.716   |
 | E(DIHE)=109.511    E(IMPR)=53.100     E(VDW )=1761.947   E(ELEC)=-26798.654 |
 | E(CDIH)=6.366      E(NOE )=3.572                                            |
 -------------------------------------------------------------------------------
 --------------- cycle=    98 ------ stepsize=    0.0000 -----------------------
 | Etotal =-21618.366 grad(E)=5.877      E(BOND)=337.062    E(ANGL)=2910.223   |
 | E(DIHE)=109.670    E(IMPR)=53.213     E(VDW )=1762.019   E(ELEC)=-26800.542 |
 | E(CDIH)=6.426      E(NOE )=3.564                                            |
 -------------------------------------------------------------------------------
 --------------- cycle=    99 ------ stepsize=    0.0000 -----------------------
 | Etotal =-21629.233 grad(E)=6.865      E(BOND)=335.858    E(ANGL)=2910.682   |
 | E(DIHE)=110.998    E(IMPR)=52.041     E(VDW )=1762.472   E(ELEC)=-26811.489 |
 | E(CDIH)=6.711      E(NOE )=3.493                                            |
 -------------------------------------------------------------------------------
 --------------- cycle=   100 ------ stepsize=    0.0000 -----------------------
 | Etotal =-21629.236 grad(E)=6.961      E(BOND)=335.946    E(ANGL)=2910.717   |
 | E(DIHE)=111.017    E(IMPR)=52.036     E(VDW )=1762.481   E(ELEC)=-26811.643 |
 | E(CDIH)=6.719      E(NOE )=3.492                                            |
 -------------------------------------------------------------------------------
 --------------- cycle=   101 ------ stepsize=    0.0000 -----------------------
 | Etotal =-21641.228 grad(E)=5.664      E(BOND)=332.810    E(ANGL)=2910.189   |
 | E(DIHE)=110.714    E(IMPR)=51.923     E(VDW )=1763.266   E(ELEC)=-26820.462 |
 | E(CDIH)=6.913      E(NOE )=3.419                                            |
 -------------------------------------------------------------------------------
 --------------- cycle=   102 ------ stepsize=    0.0000 -----------------------
 | Etotal =-21641.358 grad(E)=6.267      E(BOND)=333.303    E(ANGL)=2910.359   |
 | E(DIHE)=110.687    E(IMPR)=51.998     E(VDW )=1763.375   E(ELEC)=-26821.472 |
 | E(CDIH)=6.983      E(NOE )=3.411                                            |
 -------------------------------------------------------------------------------
 --------------- cycle=   103 ------ stepsize=    0.0000 -----------------------
 | Etotal =-21653.962 grad(E)=4.357      E(BOND)=327.453    E(ANGL)=2908.476   |
 | E(DIHE)=110.959    E(IMPR)=51.562     E(VDW )=1764.200   E(ELEC)=-26826.865 |
 | E(CDIH)=6.899      E(NOE )=3.353                                            |
 -------------------------------------------------------------------------------
 --------------- cycle=   104 ------ stepsize=    0.0000 -----------------------
 | Etotal =-21655.065 grad(E)=5.555      E(BOND)=327.473    E(ANGL)=2908.633   |
 | E(DIHE)=111.077    E(IMPR)=51.791     E(VDW )=1764.593   E(ELEC)=-26828.980 |
 | E(CDIH)=7.017      E(NOE )=3.331                                            |
 -------------------------------------------------------------------------------
 --------------- cycle=   105 ------ stepsize=    0.0000 -----------------------
 | Etotal =-21666.155 grad(E)=5.598      E(BOND)=321.766    E(ANGL)=2905.159   |
 | E(DIHE)=111.700    E(IMPR)=51.914     E(VDW )=1766.046   E(ELEC)=-26832.484 |
 | E(CDIH)=6.474      E(NOE )=3.269                                            |
 -------------------------------------------------------------------------------
 --------------- cycle=   106 ------ stepsize=    0.0000 -----------------------
 | Etotal =-21666.165 grad(E)=5.765      E(BOND)=321.801    E(ANGL)=2905.129   |
 | E(DIHE)=111.721    E(IMPR)=51.937     E(VDW )=1766.095   E(ELEC)=-26832.588 |
 | E(CDIH)=6.474      E(NOE )=3.268                                            |
 -------------------------------------------------------------------------------
 --------------- cycle=   107 ------ stepsize=    0.0000 -----------------------
 | Etotal =-21676.476 grad(E)=6.183      E(BOND)=316.102    E(ANGL)=2902.472   |
 | E(DIHE)=111.611    E(IMPR)=51.713     E(VDW )=1767.832   E(ELEC)=-26835.746 |
 | E(CDIH)=6.370      E(NOE )=3.169                                            |
 -------------------------------------------------------------------------------
 --------------- cycle=   108 ------ stepsize=   -0.0000 -----------------------
 | Etotal =-21676.529 grad(E)=5.760      E(BOND)=316.013    E(ANGL)=2902.485   |
 | E(DIHE)=111.617    E(IMPR)=51.659     E(VDW )=1767.707   E(ELEC)=-26835.540 |
 | E(CDIH)=6.355      E(NOE )=3.176                                            |
 -------------------------------------------------------------------------------
 --------------- cycle=   109 ------ stepsize=    0.0000 -----------------------
 | Etotal =-21684.421 grad(E)=6.403      E(BOND)=311.273    E(ANGL)=2900.590   |
 | E(DIHE)=112.447    E(IMPR)=52.142     E(VDW )=1769.418   E(ELEC)=-26839.665 |
 | E(CDIH)=6.213      E(NOE )=3.161                                            |
 -------------------------------------------------------------------------------
 --------------- cycle=   110 ------ stepsize=   -0.0000 -----------------------
 | Etotal =-21684.890 grad(E)=5.059      E(BOND)=310.784    E(ANGL)=2900.561   |
 | E(DIHE)=112.284    E(IMPR)=51.959     E(VDW )=1769.068   E(ELEC)=-26838.882 |
 | E(CDIH)=6.172      E(NOE )=3.164                                            |
 -------------------------------------------------------------------------------
 --------------- cycle=   111 ------ stepsize=    0.0000 -----------------------
 | Etotal =-21693.982 grad(E)=3.584      E(BOND)=307.064    E(ANGL)=2898.702   |
 | E(DIHE)=112.437    E(IMPR)=51.666     E(VDW )=1770.150   E(ELEC)=-26843.236 |
 | E(CDIH)=6.057      E(NOE )=3.179                                            |
 -------------------------------------------------------------------------------
 --------------- cycle=   112 ------ stepsize=    0.0000 -----------------------
 | Etotal =-21695.813 grad(E)=4.952      E(BOND)=306.854    E(ANGL)=2898.613   |
 | E(DIHE)=112.583    E(IMPR)=51.965     E(VDW )=1770.966   E(ELEC)=-26846.235 |
 | E(CDIH)=6.250      E(NOE )=3.190                                            |
 -------------------------------------------------------------------------------
 --------------- cycle=   113 ------ stepsize=    0.0000 -----------------------
 | Etotal =-21703.527 grad(E)=7.151      E(BOND)=309.956    E(ANGL)=2896.876   |
 | E(DIHE)=112.529    E(IMPR)=52.629     E(VDW )=1772.983   E(ELEC)=-26857.676 |
 | E(CDIH)=5.893      E(NOE )=3.283                                            |
 -------------------------------------------------------------------------------
 --------------- cycle=   114 ------ stepsize=   -0.0000 -----------------------
 | Etotal =-21704.102 grad(E)=5.564      E(BOND)=307.860    E(ANGL)=2896.786   |
 | E(DIHE)=112.537    E(IMPR)=52.370     E(VDW )=1772.537   E(ELEC)=-26855.298 |
 | E(CDIH)=5.842      E(NOE )=3.263                                            |
 -------------------------------------------------------------------------------
 --------------- cycle=   115 ------ stepsize=    0.0000 -----------------------
 | Etotal =-21712.137 grad(E)=4.716      E(BOND)=309.263    E(ANGL)=2896.679   |
 | E(DIHE)=112.261    E(IMPR)=52.905     E(VDW )=1774.087   E(ELEC)=-26866.757 |
 | E(CDIH)=6.068      E(NOE )=3.358                                            |
 -------------------------------------------------------------------------------
 --------------- cycle=   116 ------ stepsize=   -0.0000 -----------------------
 | Etotal =-21712.145 grad(E)=4.575      E(BOND)=309.066    E(ANGL)=2896.628   |
 | E(DIHE)=112.267    E(IMPR)=52.872     E(VDW )=1774.038   E(ELEC)=-26866.421 |
 | E(CDIH)=6.051      E(NOE )=3.355                                            |
 -------------------------------------------------------------------------------
 --------------- cycle=   117 ------ stepsize=    0.0000 -----------------------
 | Etotal =-21719.572 grad(E)=3.753      E(BOND)=310.965    E(ANGL)=2895.754   |
 | E(DIHE)=112.423    E(IMPR)=52.692     E(VDW )=1775.193   E(ELEC)=-26875.870 |
 | E(CDIH)=5.837      E(NOE )=3.434                                            |
 -------------------------------------------------------------------------------
 --------------- cycle=   118 ------ stepsize=    0.0000 -----------------------
 | Etotal =-21720.718 grad(E)=5.294      E(BOND)=313.794    E(ANGL)=2896.080   |
 | E(DIHE)=112.515    E(IMPR)=52.815     E(VDW )=1775.898   E(ELEC)=-26881.305 |
 | E(CDIH)=6.006      E(NOE )=3.480                                            |
 -------------------------------------------------------------------------------
 --------------- cycle=   119 ------ stepsize=    0.0000 -----------------------
 | Etotal =-21725.683 grad(E)=6.988      E(BOND)=320.257    E(ANGL)=2898.212   |
 | E(DIHE)=112.573    E(IMPR)=52.854     E(VDW )=1777.739   E(ELEC)=-26897.220 |
 | E(CDIH)=6.302      E(NOE )=3.601                                            |
 -------------------------------------------------------------------------------
 --------------- cycle=   120 ------ stepsize=   -0.0000 -----------------------
 | Etotal =-21726.752 grad(E)=4.661      E(BOND)=316.479    E(ANGL)=2897.120   |
 | E(DIHE)=112.546    E(IMPR)=52.718     E(VDW )=1777.170   E(ELEC)=-26892.511 |
 | E(CDIH)=6.160      E(NOE )=3.565                                            |
 -------------------------------------------------------------------------------
 --------------- cycle=   121 ------ stepsize=    0.0000 -----------------------
 | Etotal =-21733.526 grad(E)=3.365      E(BOND)=317.550    E(ANGL)=2897.515   |
 | E(DIHE)=112.732    E(IMPR)=52.514     E(VDW )=1778.232   E(ELEC)=-26901.380 |
 | E(CDIH)=5.702      E(NOE )=3.609                                            |
 -------------------------------------------------------------------------------
 --------------- cycle=   122 ------ stepsize=    0.0000 -----------------------
 | Etotal =-21735.229 grad(E)=4.778      E(BOND)=320.438    E(ANGL)=2898.909   |
 | E(DIHE)=112.900    E(IMPR)=52.585     E(VDW )=1779.144   E(ELEC)=-26908.576 |
 | E(CDIH)=5.726      E(NOE )=3.646                                            |
 -------------------------------------------------------------------------------
 --------------- cycle=   123 ------ stepsize=    0.0000 -----------------------
 | Etotal =-21739.782 grad(E)=7.839      E(BOND)=327.549    E(ANGL)=2899.388   |
 | E(DIHE)=113.416    E(IMPR)=52.617     E(VDW )=1780.865   E(ELEC)=-26923.310 |
 | E(CDIH)=5.954      E(NOE )=3.740                                            |
 -------------------------------------------------------------------------------
 --------------- cycle=   124 ------ stepsize=   -0.0000 -----------------------
 | Etotal =-21741.025 grad(E)=5.139      E(BOND)=323.288    E(ANGL)=2898.745   |
 | E(DIHE)=113.248    E(IMPR)=52.513     E(VDW )=1780.295   E(ELEC)=-26918.652 |
 | E(CDIH)=5.828      E(NOE )=3.710                                            |
 -------------------------------------------------------------------------------
 --------------- cycle=   125 ------ stepsize=    0.0000 -----------------------
 | Etotal =-21748.314 grad(E)=3.239      E(BOND)=324.431    E(ANGL)=2898.319   |
 | E(DIHE)=113.020    E(IMPR)=52.099     E(VDW )=1781.594   E(ELEC)=-26927.388 |
 | E(CDIH)=5.814      E(NOE )=3.798                                            |
 -------------------------------------------------------------------------------
 --------------- cycle=   126 ------ stepsize=    0.0000 -----------------------
 | Etotal =-21748.833 grad(E)=3.982      E(BOND)=326.025    E(ANGL)=2898.697   |
 | E(DIHE)=112.954    E(IMPR)=52.089     E(VDW )=1782.070   E(ELEC)=-26930.419 |
 | E(CDIH)=5.922      E(NOE )=3.829                                            |
 -------------------------------------------------------------------------------
 --------------- cycle=   127 ------ stepsize=    0.0000 -----------------------
 | Etotal =-21754.951 grad(E)=3.504      E(BOND)=325.941    E(ANGL)=2896.628   |
 | E(DIHE)=113.358    E(IMPR)=51.574     E(VDW )=1783.090   E(ELEC)=-26935.309 |
 | E(CDIH)=5.841      E(NOE )=3.925                                            |
 -------------------------------------------------------------------------------
 --------------- cycle=   128 ------ stepsize=    0.0000 -----------------------
 | Etotal =-21755.581 grad(E)=4.731      E(BOND)=327.199    E(ANGL)=2896.151   |
 | E(DIHE)=113.538    E(IMPR)=51.547     E(VDW )=1783.562   E(ELEC)=-26937.457 |
 | E(CDIH)=5.912      E(NOE )=3.969                                            |
 -------------------------------------------------------------------------------
 --------------- cycle=   129 ------ stepsize=    0.0000 -----------------------
 | Etotal =-21761.852 grad(E)=5.116      E(BOND)=326.288    E(ANGL)=2894.788   |
 | E(DIHE)=113.741    E(IMPR)=50.983     E(VDW )=1785.146   E(ELEC)=-26942.620 |
 | E(CDIH)=5.695      E(NOE )=4.126                                            |
 -------------------------------------------------------------------------------
 --------------- cycle=   130 ------ stepsize=   -0.0000 -----------------------
 | Etotal =-21761.884 grad(E)=4.768      E(BOND)=326.049    E(ANGL)=2894.773   |
 | E(DIHE)=113.727    E(IMPR)=50.998     E(VDW )=1785.037   E(ELEC)=-26942.279 |
 | E(CDIH)=5.696      E(NOE )=4.116                                            |
 -------------------------------------------------------------------------------
 --------------- cycle=   131 ------ stepsize=    0.0000 -----------------------
 | Etotal =-21767.967 grad(E)=4.336      E(BOND)=324.660    E(ANGL)=2892.268   |
 | E(DIHE)=113.738    E(IMPR)=50.799     E(VDW )=1786.604   E(ELEC)=-26945.710 |
 | E(CDIH)=5.402      E(NOE )=4.272                                            |
 -------------------------------------------------------------------------------
 --------------- cycle=   132 ------ stepsize=   -0.0000 -----------------------
 | Etotal =-21767.975 grad(E)=4.186      E(BOND)=324.566    E(ANGL)=2892.311   |
 | E(DIHE)=113.738    E(IMPR)=50.788     E(VDW )=1786.549   E(ELEC)=-26945.595 |
 | E(CDIH)=5.401      E(NOE )=4.267                                            |
 -------------------------------------------------------------------------------
 --------------- cycle=   133 ------ stepsize=    0.0000 -----------------------
 | Etotal =-21774.387 grad(E)=3.342      E(BOND)=321.282    E(ANGL)=2890.089   |
 | E(DIHE)=113.846    E(IMPR)=50.626     E(VDW )=1787.726   E(ELEC)=-26947.708 |
 | E(CDIH)=5.375      E(NOE )=4.376                                            |
 -------------------------------------------------------------------------------
 --------------- cycle=   134 ------ stepsize=    0.0000 -----------------------
 | Etotal =-21775.397 grad(E)=4.695      E(BOND)=321.012    E(ANGL)=2889.480   |
 | E(DIHE)=113.912    E(IMPR)=50.703     E(VDW )=1788.452   E(ELEC)=-26948.940 |
 | E(CDIH)=5.541      E(NOE )=4.442                                            |
 -------------------------------------------------------------------------------
 --------------- cycle=   135 ------ stepsize=    0.0000 -----------------------
 | Etotal =-21779.987 grad(E)=6.146      E(BOND)=320.668    E(ANGL)=2887.650   |
 | E(DIHE)=113.933    E(IMPR)=50.200     E(VDW )=1790.477   E(ELEC)=-26953.181 |
 | E(CDIH)=5.652      E(NOE )=4.615                                            |
 -------------------------------------------------------------------------------
 --------------- cycle=   136 ------ stepsize=   -0.0000 -----------------------
 | Etotal =-21780.769 grad(E)=4.253      E(BOND)=319.303    E(ANGL)=2887.782   |
 | E(DIHE)=113.919    E(IMPR)=50.210     E(VDW )=1789.897   E(ELEC)=-26952.011 |
 | E(CDIH)=5.565      E(NOE )=4.566                                            |
 -------------------------------------------------------------------------------
 --------------- cycle=   137 ------ stepsize=    0.0000 -----------------------
 | Etotal =-21786.067 grad(E)=3.213      E(BOND)=317.268    E(ANGL)=2887.199   |
 | E(DIHE)=113.721    E(IMPR)=50.115     E(VDW )=1791.174   E(ELEC)=-26955.736 |
 | E(CDIH)=5.531      E(NOE )=4.661                                            |
 -------------------------------------------------------------------------------
 --------------- cycle=   138 ------ stepsize=    0.0000 -----------------------
 | Etotal =-21786.298 grad(E)=3.887      E(BOND)=317.445    E(ANGL)=2887.297   |
 | E(DIHE)=113.673    E(IMPR)=50.168     E(VDW )=1791.514   E(ELEC)=-26956.694 |
 | E(CDIH)=5.613      E(NOE )=4.686                                            |
 -------------------------------------------------------------------------------
 --------------- cycle=   139 ------ stepsize=    0.0000 -----------------------
 | Etotal =-21791.605 grad(E)=3.722      E(BOND)=316.787    E(ANGL)=2887.467   |
 | E(DIHE)=113.989    E(IMPR)=49.596     E(VDW )=1792.880   E(ELEC)=-26962.607 |
 | E(CDIH)=5.465      E(NOE )=4.818                                            |
 -------------------------------------------------------------------------------
 --------------- cycle=   140 ------ stepsize=    0.0000 -----------------------
 | Etotal =-21791.723 grad(E)=4.314      E(BOND)=317.176    E(ANGL)=2887.666   |
 | E(DIHE)=114.046    E(IMPR)=49.586     E(VDW )=1793.125   E(ELEC)=-26963.629 |
 | E(CDIH)=5.468      E(NOE )=4.841                                            |
 -------------------------------------------------------------------------------
 --------------- cycle=   141 ------ stepsize=    0.0000 -----------------------
 | Etotal =-21796.198 grad(E)=4.744      E(BOND)=318.003    E(ANGL)=2888.868   |
 | E(DIHE)=114.489    E(IMPR)=49.506     E(VDW )=1794.855   E(ELEC)=-26972.255 |
 | E(CDIH)=5.340      E(NOE )=4.997                                            |
 -------------------------------------------------------------------------------
 --------------- cycle=   142 ------ stepsize=   -0.0000 -----------------------
 | Etotal =-21796.339 grad(E)=3.987      E(BOND)=317.319    E(ANGL)=2888.533   |
 | E(DIHE)=114.422    E(IMPR)=49.474     E(VDW )=1794.589   E(ELEC)=-26970.971 |
 | E(CDIH)=5.321      E(NOE )=4.973                                            |
 -------------------------------------------------------------------------------
 --------------- cycle=   143 ------ stepsize=    0.0000 -----------------------
 | Etotal =-21800.968 grad(E)=3.593      E(BOND)=318.185    E(ANGL)=2889.562   |
 | E(DIHE)=114.199    E(IMPR)=49.380     E(VDW )=1795.906   E(ELEC)=-26978.567 |
 | E(CDIH)=5.307      E(NOE )=5.062                                            |
 -------------------------------------------------------------------------------
 --------------- cycle=   144 ------ stepsize=    0.0000 -----------------------
 | Etotal =-21801.112 grad(E)=4.268      E(BOND)=318.927    E(ANGL)=2889.940   |
 | E(DIHE)=114.152    E(IMPR)=49.418     E(VDW )=1796.192   E(ELEC)=-26980.169 |
 | E(CDIH)=5.347      E(NOE )=5.081                                            |
 -------------------------------------------------------------------------------
 --------------- cycle=   145 ------ stepsize=    0.0000 -----------------------
 | Etotal =-21806.283 grad(E)=3.818      E(BOND)=319.966    E(ANGL)=2891.813   |
 | E(DIHE)=113.797    E(IMPR)=49.661     E(VDW )=1797.786   E(ELEC)=-26989.869 |
 | E(CDIH)=5.381      E(NOE )=5.182                                            |
 -------------------------------------------------------------------------------
 --------------- cycle=   146 ------ stepsize=    0.0000 -----------------------
 | Etotal =-21806.319 grad(E)=4.147      E(BOND)=320.348    E(ANGL)=2892.073   |
 | E(DIHE)=113.766    E(IMPR)=49.715     E(VDW )=1797.935   E(ELEC)=-26990.749 |
 | E(CDIH)=5.401      E(NOE )=5.191                                            |
 -------------------------------------------------------------------------------
 --------------- cycle=   147 ------ stepsize=    0.0000 -----------------------
 | Etotal =-21812.128 grad(E)=3.097      E(BOND)=320.383    E(ANGL)=2894.407   |
 | E(DIHE)=113.654    E(IMPR)=49.801     E(VDW )=1799.659   E(ELEC)=-27000.643 |
 | E(CDIH)=5.319      E(NOE )=5.292                                            |
 -------------------------------------------------------------------------------
 --------------- cycle=   148 ------ stepsize=    0.0000 -----------------------
 | Etotal =-21812.332 grad(E)=3.679      E(BOND)=321.005    E(ANGL)=2895.217   |
 | E(DIHE)=113.631    E(IMPR)=49.934     E(VDW )=1800.063   E(ELEC)=-27002.880 |
 | E(CDIH)=5.382      E(NOE )=5.316                                            |
 -------------------------------------------------------------------------------
 --------------- cycle=   149 ------ stepsize=    0.0000 -----------------------
 | Etotal =-21816.944 grad(E)=4.206      E(BOND)=321.423    E(ANGL)=2897.925   |
 | E(DIHE)=112.905    E(IMPR)=49.428     E(VDW )=1801.701   E(ELEC)=-27011.090 |
 | E(CDIH)=5.377      E(NOE )=5.387                                            |
 -------------------------------------------------------------------------------
 --------------- cycle=   150 ------ stepsize=   -0.0000 -----------------------
 | Etotal =-21816.947 grad(E)=4.094      E(BOND)=321.328    E(ANGL)=2897.828   |
 | E(DIHE)=112.924    E(IMPR)=49.434     E(VDW )=1801.656   E(ELEC)=-27010.873 |
 | E(CDIH)=5.371      E(NOE )=5.385                                            |
 -------------------------------------------------------------------------------
 --------------- cycle=   151 ------ stepsize=    0.0000 -----------------------
 | Etotal =-21822.207 grad(E)=3.157      E(BOND)=320.410    E(ANGL)=2898.264   |
 | E(DIHE)=113.415    E(IMPR)=49.058     E(VDW )=1803.268   E(ELEC)=-27017.365 |
 | E(CDIH)=5.287      E(NOE )=5.456                                            |
 -------------------------------------------------------------------------------
 --------------- cycle=   152 ------ stepsize=    0.0000 -----------------------
 | Etotal =-21822.311 grad(E)=3.608      E(BOND)=320.724    E(ANGL)=2898.512   |
 | E(DIHE)=113.496    E(IMPR)=49.064     E(VDW )=1803.538   E(ELEC)=-27018.418 |
 | E(CDIH)=5.304      E(NOE )=5.468                                            |
 -------------------------------------------------------------------------------
 --------------- cycle=   153 ------ stepsize=    0.0000 -----------------------
 | Etotal =-21826.459 grad(E)=3.799      E(BOND)=319.575    E(ANGL)=2897.430   |
 | E(DIHE)=113.808    E(IMPR)=49.363     E(VDW )=1804.987   E(ELEC)=-27022.316 |
 | E(CDIH)=5.188      E(NOE )=5.505                                            |
 -------------------------------------------------------------------------------
 --------------- cycle=   154 ------ stepsize=   -0.0000 -----------------------
 | Etotal =-21826.459 grad(E)=3.785      E(BOND)=319.569    E(ANGL)=2897.431   |
 | E(DIHE)=113.807    E(IMPR)=49.361     E(VDW )=1804.982   E(ELEC)=-27022.301 |
 | E(CDIH)=5.188      E(NOE )=5.504                                            |
 -------------------------------------------------------------------------------
 --------------- cycle=   155 ------ stepsize=    0.0000 -----------------------
 | Etotal =-21831.113 grad(E)=3.323      E(BOND)=317.140    E(ANGL)=2896.730   |
 | E(DIHE)=112.890    E(IMPR)=49.690     E(VDW )=1806.488   E(ELEC)=-27024.929 |
 | E(CDIH)=5.368      E(NOE )=5.511                                            |
 -------------------------------------------------------------------------------
 --------------- cycle=   156 ------ stepsize=    0.0000 -----------------------
 | Etotal =-21831.183 grad(E)=3.747      E(BOND)=317.174    E(ANGL)=2896.769   |
 | E(DIHE)=112.764    E(IMPR)=49.774     E(VDW )=1806.703   E(ELEC)=-27025.293 |
 | E(CDIH)=5.413      E(NOE )=5.512                                            |
 -------------------------------------------------------------------------------
 --------------- cycle=   157 ------ stepsize=    0.0000 -----------------------
 | Etotal =-21836.095 grad(E)=3.787      E(BOND)=315.051    E(ANGL)=2894.815   |
 | E(DIHE)=112.411    E(IMPR)=49.848     E(VDW )=1808.364   E(ELEC)=-27027.502 |
 | E(CDIH)=5.423      E(NOE )=5.494                                            |
 -------------------------------------------------------------------------------
 --------------- cycle=   158 ------ stepsize=    0.0000 -----------------------
 | Etotal =-21836.114 grad(E)=4.031      E(BOND)=315.095    E(ANGL)=2894.754   |
 | E(DIHE)=112.388    E(IMPR)=49.875     E(VDW )=1808.478   E(ELEC)=-27027.648 |
 | E(CDIH)=5.451      E(NOE )=5.492                                            |
 -------------------------------------------------------------------------------
 --------------- cycle=   159 ------ stepsize=    0.0000 -----------------------
 | Etotal =-21839.778 grad(E)=5.143      E(BOND)=313.219    E(ANGL)=2892.787   |
 | E(DIHE)=112.876    E(IMPR)=50.193     E(VDW )=1810.518   E(ELEC)=-27030.482 |
 | E(CDIH)=5.627      E(NOE )=5.485                                            |
 -------------------------------------------------------------------------------
 --------------- cycle=   160 ------ stepsize=   -0.0000 -----------------------
 | Etotal =-21840.037 grad(E)=4.007      E(BOND)=312.876    E(ANGL)=2892.998   |
 | E(DIHE)=112.773    E(IMPR)=50.085     E(VDW )=1810.091   E(ELEC)=-27029.903 |
 | E(CDIH)=5.556      E(NOE )=5.486                                            |
 -------------------------------------------------------------------------------
 --------------- cycle=   161 ------ stepsize=    0.0000 -----------------------
 | Etotal =-21844.737 grad(E)=3.033      E(BOND)=310.789    E(ANGL)=2892.042   |
 | E(DIHE)=113.011    E(IMPR)=49.930     E(VDW )=1811.635   E(ELEC)=-27032.909 |
 | E(CDIH)=5.296      E(NOE )=5.470                                            |
 -------------------------------------------------------------------------------
 --------------- cycle=   162 ------ stepsize=    0.0000 -----------------------
 | Etotal =-21844.958 grad(E)=3.696      E(BOND)=310.865    E(ANGL)=2892.037   |
 | E(DIHE)=113.077    E(IMPR)=49.960     E(VDW )=1812.064   E(ELEC)=-27033.718 |
 | E(CDIH)=5.291      E(NOE )=5.466                                            |
 -------------------------------------------------------------------------------
 --------------- cycle=   163 ------ stepsize=    0.0000 -----------------------
 | Etotal =-21849.443 grad(E)=3.870      E(BOND)=311.097    E(ANGL)=2891.220   |
 | E(DIHE)=112.889    E(IMPR)=49.697     E(VDW )=1813.862   E(ELEC)=-27038.991 |
 | E(CDIH)=5.351      E(NOE )=5.431                                            |
 -------------------------------------------------------------------------------
 --------------- cycle=   164 ------ stepsize=    0.0000 -----------------------
 | Etotal =-21849.467 grad(E)=4.162      E(BOND)=311.334    E(ANGL)=2891.219   |
 | E(DIHE)=112.876    E(IMPR)=49.699     E(VDW )=1814.007   E(ELEC)=-27039.403 |
 | E(CDIH)=5.374      E(NOE )=5.429                                            |
 -------------------------------------------------------------------------------
 --------------- cycle=   165 ------ stepsize=    0.0000 -----------------------
 | Etotal =-21855.149 grad(E)=3.244      E(BOND)=312.067    E(ANGL)=2889.790   |
 | E(DIHE)=112.815    E(IMPR)=50.283     E(VDW )=1815.988   E(ELEC)=-27047.006 |
 | E(CDIH)=5.501      E(NOE )=5.413                                            |
 -------------------------------------------------------------------------------
 --------------- cycle=   166 ------ stepsize=    0.0000 -----------------------
 | Etotal =-21855.560 grad(E)=4.134      E(BOND)=313.320    E(ANGL)=2889.676   |
 | E(DIHE)=112.798    E(IMPR)=50.593     E(VDW )=1816.711   E(ELEC)=-27049.676 |
 | E(CDIH)=5.611      E(NOE )=5.408                                            |
 -------------------------------------------------------------------------------
 --------------- cycle=   167 ------ stepsize=    0.0000 -----------------------
 | Etotal =-21860.210 grad(E)=5.046      E(BOND)=317.235    E(ANGL)=2890.945   |
 | E(DIHE)=112.028    E(IMPR)=51.109     E(VDW )=1819.674   E(ELEC)=-27062.216 |
 | E(CDIH)=5.679      E(NOE )=5.334                                            |
 -------------------------------------------------------------------------------
 --------------- cycle=   168 ------ stepsize=   -0.0000 -----------------------
 | Etotal =-21860.460 grad(E)=4.046      E(BOND)=315.768    E(ANGL)=2890.493   |
 | E(DIHE)=112.168    E(IMPR)=50.945     E(VDW )=1819.113   E(ELEC)=-27059.907 |
 | E(CDIH)=5.613      E(NOE )=5.347                                            |
 -------------------------------------------------------------------------------
 --------------- cycle=   169 ------ stepsize=    0.0000 -----------------------
 | Etotal =-21865.267 grad(E)=3.880      E(BOND)=318.677    E(ANGL)=2891.684   |
 | E(DIHE)=112.498    E(IMPR)=50.736     E(VDW )=1821.521   E(ELEC)=-27071.189 |
 | E(CDIH)=5.537      E(NOE )=5.268                                            |
 -------------------------------------------------------------------------------
 --------------- cycle=   170 ------ stepsize=    0.0000 -----------------------
 | Etotal =-21865.269 grad(E)=3.974      E(BOND)=318.827    E(ANGL)=2891.737   |
 | E(DIHE)=112.506    E(IMPR)=50.737     E(VDW )=1821.582   E(ELEC)=-27071.466 |
 | E(CDIH)=5.541      E(NOE )=5.266                                            |
 -------------------------------------------------------------------------------
 --------------- cycle=   171 ------ stepsize=    0.0000 -----------------------
 | Etotal =-21870.513 grad(E)=3.422      E(BOND)=321.965    E(ANGL)=2893.141   |
 | E(DIHE)=112.582    E(IMPR)=50.483     E(VDW )=1824.191   E(ELEC)=-27083.442 |
 | E(CDIH)=5.408      E(NOE )=5.159                                            |
 -------------------------------------------------------------------------------
 --------------- cycle=   172 ------ stepsize=    0.0000 -----------------------
 | Etotal =-21870.602 grad(E)=3.884      E(BOND)=322.857    E(ANGL)=2893.506   |
 | E(DIHE)=112.594    E(IMPR)=50.500     E(VDW )=1824.589   E(ELEC)=-27085.216 |
 | E(CDIH)=5.425      E(NOE )=5.144                                            |
 -------------------------------------------------------------------------------
 --------------- cycle=   173 ------ stepsize=    0.0000 -----------------------
 | Etotal =-21875.610 grad(E)=4.023      E(BOND)=326.973    E(ANGL)=2894.264   |
 | E(DIHE)=112.084    E(IMPR)=50.879     E(VDW )=1827.586   E(ELEC)=-27097.841 |
 | E(CDIH)=5.424      E(NOE )=5.021                                            |
 -------------------------------------------------------------------------------
 --------------- cycle=   174 ------ stepsize=   -0.0000 -----------------------
 | Etotal =-21875.611 grad(E)=3.958      E(BOND)=326.854    E(ANGL)=2894.234   |
 | E(DIHE)=112.092    E(IMPR)=50.868     E(VDW )=1827.536   E(ELEC)=-27097.637 |
 | E(CDIH)=5.419      E(NOE )=5.023                                            |
 -------------------------------------------------------------------------------
 --------------- cycle=   175 ------ stepsize=    0.0000 -----------------------
 | Etotal =-21880.368 grad(E)=4.075      E(BOND)=329.028    E(ANGL)=2895.421   |
 | E(DIHE)=112.378    E(IMPR)=50.665     E(VDW )=1830.444   E(ELEC)=-27108.702 |
 | E(CDIH)=5.482      E(NOE )=4.915                                            |
 -------------------------------------------------------------------------------
 --------------- cycle=   176 ------ stepsize=   -0.0000 -----------------------
 | Etotal =-21880.380 grad(E)=3.876      E(BOND)=328.774    E(ANGL)=2895.311   |
 | E(DIHE)=112.364    E(IMPR)=50.653     E(VDW )=1830.301   E(ELEC)=-27108.171 |
 | E(CDIH)=5.466      E(NOE )=4.920                                            |
 -------------------------------------------------------------------------------
 --------------- cycle=   177 ------ stepsize=    0.0000 -----------------------
 | Etotal =-21884.695 grad(E)=4.245      E(BOND)=330.348    E(ANGL)=2895.111   |
 | E(DIHE)=112.530    E(IMPR)=50.468     E(VDW )=1833.115   E(ELEC)=-27116.287 |
 | E(CDIH)=5.187      E(NOE )=4.833                                            |
 -------------------------------------------------------------------------------
 --------------- cycle=   178 ------ stepsize=   -0.0000 -----------------------
 | Etotal =-21884.710 grad(E)=4.004      E(BOND)=330.093    E(ANGL)=2895.066   |
 | E(DIHE)=112.520    E(IMPR)=50.463     E(VDW )=1832.956   E(ELEC)=-27115.838 |
 | E(CDIH)=5.192      E(NOE )=4.838                                            |
 -------------------------------------------------------------------------------
 --------------- cycle=   179 ------ stepsize=    0.0000 -----------------------
 | Etotal =-21888.942 grad(E)=3.533      E(BOND)=329.832    E(ANGL)=2894.744   |
 | E(DIHE)=112.025    E(IMPR)=50.490     E(VDW )=1835.756   E(ELEC)=-27121.687 |
 | E(CDIH)=5.119      E(NOE )=4.780                                            |
 -------------------------------------------------------------------------------
 --------------- cycle=   180 ------ stepsize=   -0.0000 -----------------------
 | Etotal =-21888.944 grad(E)=3.454      E(BOND)=329.775    E(ANGL)=2894.730   |
 | E(DIHE)=112.036    E(IMPR)=50.484     E(VDW )=1835.693   E(ELEC)=-27121.558 |
 | E(CDIH)=5.115      E(NOE )=4.781                                            |
 -------------------------------------------------------------------------------
 --------------- cycle=   181 ------ stepsize=    0.0000 -----------------------
 | Etotal =-21892.957 grad(E)=3.015      E(BOND)=327.770    E(ANGL)=2893.695   |
 | E(DIHE)=111.954    E(IMPR)=50.058     E(VDW )=1837.619   E(ELEC)=-27123.821 |
 | E(CDIH)=5.011      E(NOE )=4.755                                            |
 -------------------------------------------------------------------------------
 --------------- cycle=   182 ------ stepsize=    0.0000 -----------------------
 | Etotal =-21893.281 grad(E)=3.939      E(BOND)=327.782    E(ANGL)=2893.576   |
 | E(DIHE)=111.924    E(IMPR)=49.988     E(VDW )=1838.359   E(ELEC)=-27124.670 |
 | E(CDIH)=5.014      E(NOE )=4.745                                            |
 -------------------------------------------------------------------------------
 --------------- cycle=   183 ------ stepsize=    0.0000 -----------------------
 | Etotal =-21896.972 grad(E)=3.680      E(BOND)=324.689    E(ANGL)=2892.120   |
 | E(DIHE)=112.195    E(IMPR)=49.861     E(VDW )=1840.984   E(ELEC)=-27126.568 |
 | E(CDIH)=5.041      E(NOE )=4.705                                            |
 -------------------------------------------------------------------------------
 --------------- cycle=   184 ------ stepsize=   -0.0000 -----------------------
 | Etotal =-21897.055 grad(E)=3.162      E(BOND)=324.722    E(ANGL)=2892.181   |
 | E(DIHE)=112.160    E(IMPR)=49.844     E(VDW )=1840.637   E(ELEC)=-27126.323 |
 | E(CDIH)=5.013      E(NOE )=4.710                                            |
 -------------------------------------------------------------------------------
 --------------- cycle=   185 ------ stepsize=    0.0000 -----------------------
 | Etotal =-21899.640 grad(E)=3.196      E(BOND)=322.417    E(ANGL)=2891.388   |
 | E(DIHE)=111.909    E(IMPR)=49.799     E(VDW )=1842.096   E(ELEC)=-27126.871 |
 | E(CDIH)=4.944      E(NOE )=4.677                                            |
 -------------------------------------------------------------------------------
 --------------- cycle=   186 ------ stepsize=    0.0000 -----------------------
 | Etotal =-21899.651 grad(E)=3.408      E(BOND)=322.379    E(ANGL)=2891.362   |
 | E(DIHE)=111.892    E(IMPR)=49.808     E(VDW )=1842.197   E(ELEC)=-27126.909 |
 | E(CDIH)=4.945      E(NOE )=4.675                                            |
 -------------------------------------------------------------------------------
 --------------- cycle=   187 ------ stepsize=    0.0000 -----------------------
 | Etotal =-21903.184 grad(E)=2.374      E(BOND)=319.633    E(ANGL)=2889.996   |
 | E(DIHE)=111.771    E(IMPR)=49.640     E(VDW )=1843.764   E(ELEC)=-27127.524 |
 | E(CDIH)=4.903      E(NOE )=4.633                                            |
 -------------------------------------------------------------------------------
 --------------- cycle=   188 ------ stepsize=    0.0000 -----------------------
 | Etotal =-21903.713 grad(E)=3.178      E(BOND)=318.987    E(ANGL)=2889.610   |
 | E(DIHE)=111.706    E(IMPR)=49.625     E(VDW )=1844.669   E(ELEC)=-27127.869 |
 | E(CDIH)=4.948      E(NOE )=4.610                                            |
 -------------------------------------------------------------------------------
 --------------- cycle=   189 ------ stepsize=    0.0000 -----------------------
 | Etotal =-21907.682 grad(E)=2.865      E(BOND)=315.999    E(ANGL)=2888.272   |
 | E(DIHE)=112.457    E(IMPR)=49.150     E(VDW )=1846.950   E(ELEC)=-27129.923 |
 | E(CDIH)=4.856      E(NOE )=4.558                                            |
 -------------------------------------------------------------------------------
 --------------- cycle=   190 ------ stepsize=    0.0000 -----------------------
 | Etotal =-21907.744 grad(E)=3.240      E(BOND)=315.838    E(ANGL)=2888.199   |
 | E(DIHE)=112.565    E(IMPR)=49.157     E(VDW )=1847.280   E(ELEC)=-27130.214 |
 | E(CDIH)=4.881      E(NOE )=4.551                                            |
 -------------------------------------------------------------------------------
 --------------- cycle=   191 ------ stepsize=    0.0000 -----------------------
 | Etotal =-21911.019 grad(E)=4.296      E(BOND)=315.474    E(ANGL)=2888.027   |
 | E(DIHE)=111.749    E(IMPR)=49.103     E(VDW )=1850.079   E(ELEC)=-27134.845 |
 | E(CDIH)=4.911      E(NOE )=4.482                                            |
 -------------------------------------------------------------------------------
 --------------- cycle=   192 ------ stepsize=   -0.0000 -----------------------
 | Etotal =-21911.139 grad(E)=3.580      E(BOND)=315.094    E(ANGL)=2887.921   |
 | E(DIHE)=111.877    E(IMPR)=49.081     E(VDW )=1849.630   E(ELEC)=-27134.114 |
 | E(CDIH)=4.879      E(NOE )=4.492                                            |
 -------------------------------------------------------------------------------
 --------------- cycle=   193 ------ stepsize=    0.0000 -----------------------
 | Etotal =-21914.919 grad(E)=2.993      E(BOND)=314.312    E(ANGL)=2888.320   |
 | E(DIHE)=111.572    E(IMPR)=49.431     E(VDW )=1852.132   E(ELEC)=-27139.862 |
 | E(CDIH)=4.758      E(NOE )=4.417                                            |
 -------------------------------------------------------------------------------
 --------------- cycle=   194 ------ stepsize=    0.0000 -----------------------
 | Etotal =-21914.968 grad(E)=3.344      E(BOND)=314.468    E(ANGL)=2888.472   |
 | E(DIHE)=111.533    E(IMPR)=49.521     E(VDW )=1852.459   E(ELEC)=-27140.600 |
 | E(CDIH)=4.771      E(NOE )=4.407                                            |
 -------------------------------------------------------------------------------
 --------------- cycle=   195 ------ stepsize=    0.0000 -----------------------
 | Etotal =-21918.549 grad(E)=2.986      E(BOND)=314.929    E(ANGL)=2889.492   |
 | E(DIHE)=111.929    E(IMPR)=49.180     E(VDW )=1854.922   E(ELEC)=-27148.025 |
 | E(CDIH)=4.658      E(NOE )=4.365                                            |
 -------------------------------------------------------------------------------
 --------------- cycle=   196 ------ stepsize=    0.0000 -----------------------
 | Etotal =-21918.566 grad(E)=3.198      E(BOND)=315.128    E(ANGL)=2889.627   |
 | E(DIHE)=111.959    E(IMPR)=49.170     E(VDW )=1855.108   E(ELEC)=-27148.577 |
 | E(CDIH)=4.657      E(NOE )=4.362                                            |
 -------------------------------------------------------------------------------
 --------------- cycle=   197 ------ stepsize=    0.0000 -----------------------
 | Etotal =-21922.181 grad(E)=2.745      E(BOND)=316.418    E(ANGL)=2891.179   |
 | E(DIHE)=111.805    E(IMPR)=49.032     E(VDW )=1857.614   E(ELEC)=-27157.198 |
 | E(CDIH)=4.636      E(NOE )=4.333                                            |
 -------------------------------------------------------------------------------
 --------------- cycle=   198 ------ stepsize=    0.0000 -----------------------
 | Etotal =-21922.217 grad(E)=3.027      E(BOND)=316.767    E(ANGL)=2891.431   |
 | E(DIHE)=111.789    E(IMPR)=49.059     E(VDW )=1857.895   E(ELEC)=-27158.147 |
 | E(CDIH)=4.660      E(NOE )=4.330                                            |
 -------------------------------------------------------------------------------
 --------------- cycle=   199 ------ stepsize=    0.0000 -----------------------
 | Etotal =-21925.534 grad(E)=3.687      E(BOND)=318.661    E(ANGL)=2892.723   |
 | E(DIHE)=112.119    E(IMPR)=48.582     E(VDW )=1860.443   E(ELEC)=-27167.107 |
 | E(CDIH)=4.733      E(NOE )=4.313                                            |
 -------------------------------------------------------------------------------
 --------------- cycle=   200 ------ stepsize=    0.0000 -----------------------
 | Etotal =-21925.535 grad(E)=3.744      E(BOND)=318.722    E(ANGL)=2892.756   |
 | E(DIHE)=112.124    E(IMPR)=48.578     E(VDW )=1860.483   E(ELEC)=-27167.245 |
 | E(CDIH)=4.736      E(NOE )=4.312                                            |
 -------------------------------------------------------------------------------
 POWELL: STEP number limit. Normal termination
 POWELL: Current coordinates set to last minimum
 %PARRDR-info: duplication of bond C    OC  
 %PARRDR-info: duplication of bond CH1E OAS 
 %PARRDR-info: duplication of bond HN   N3T 
 %PARRDR-info: duplication of angle CH2E C    NH1 
 %PARRDR-info: duplication of angle CR1E CR1E CY2 
 %PARRDR-info: duplication of angle OC   C    OC  
 %PARRDR-info: duplication of nonbonded entry H   
 %PARRDR-info: duplication of nonbonded entry HA  
 %PARRDR-info: duplication of nonbonded entry HC  
 %PARRDR-info: duplication of nonbonded entry OP1 
 %PARRDR-info: duplication of nonbonded entry OH  
 %PARRDR-info: duplication of nonbonded entry P   
 %PARRDR-info: duplication of nonbonded entry HO  
 %PARRDR-info: duplication of nonbonded entry HN  
 %PARRDR-info: duplication of nonbonded entry HO  
 %PARRDR-info: duplication of nonbonded entry HO  
 %PARRDR-info: duplication of nonbonded entry HA  
 %PARRDR-info: duplication of nonbonded entry HA  
 %PARRDR-info: duplication of nonbonded entry OC  
 %PARRDR-info: duplication of nonbonded entry C   
AUTOMATIC DEFINITION OF FLEXIBLE SEGMENTS BASED ON INTERMOLECULAR PROXIMITY FOR MOLECULE 1
THE FOLLOWING RESIDUES HAVE BEEN DEFINED AS FLEXIBLE for molecule 1
AUTOMATICALLY SELECTED SEGMENT: SAX,1,A
AUTOMATIC DEFINITION OF FLEXIBLE SEGMENTS BASED ON INTERMOLECULAR PROXIMITY FOR MOLECULE 2
THE FOLLOWING RESIDUES HAVE BEEN DEFINED AS FLEXIBLE for molecule 2
AUTOMATICALLY SELECTED SEGMENT: DT,1,B
AUTOMATICALLY SELECTED SEGMENT: DT,2,B
AUTOMATICALLY SELECTED SEGMENT: DG,3,B
AUTOMATICALLY SELECTED SEGMENT: DA,4,B
AUTOMATICALLY SELECTED SEGMENT: DG,5,B
AUTOMATICALLY SELECTED SEGMENT: DG,6,B
AUTOMATICALLY SELECTED SEGMENT: DG,7,B
AUTOMATICALLY SELECTED SEGMENT: DT,8,B
AUTOMATICALLY SELECTED SEGMENT: DC,9,B
AUTOMATICALLY SELECTED SEGMENT: DG,10,B
AUTOMATICALLY SELECTED SEGMENT: DC,11,B
AUTOMATICALLY SELECTED SEGMENT: DA,12,B
AUTOMATICALLY SELECTED SEGMENT: DT,13,B
AUTOMATICALLY SELECTED SEGMENT: DC,14,B
AUTOMATICALLY SELECTED SEGMENT: DC,15,B
AUTOMATICALLY SELECTED SEGMENT: DC,16,B
AUTOMATICALLY SELECTED SEGMENT: DG,17,B
AUTOMATICALLY SELECTED SEGMENT: DT,18,B
AUTOMATICALLY SELECTED SEGMENT: DG,19,B
AUTOMATICALLY SELECTED SEGMENT: DG,20,B
AUTOMATICALLY SELECTED SEGMENT: DA,21,B
AUTOMATICALLY SELECTED SEGMENT: DA,22,B
AUTOMATICALLY SELECTED SEGMENT: DA,23,B
AUTOMATICALLY SELECTED SEGMENT: DC,24,B
AUTOMATICALLY SELECTED SEGMENT: DA,25,B
AUTOMATICALLY SELECTED SEGMENT: DG,26,B
AUTOMATICALLY SELECTED SEGMENT: DG,27,B
AUTOMATICALLY SELECTED SEGMENT: DT,28,B
AUTOMATICALLY SELECTED SEGMENT: DT,29,B
AUTOMATICALLY SELECTED SEGMENT: DC,30,B
AUTOMATICALLY SELECTED SEGMENT: DA,31,B
AUTOMATICALLY SELECTED SEGMENT: DT,32,B
AUTOMATICALLY SELECTED SEGMENT: DT,33,B
AUTOMATICALLY SELECTED SEGMENT: DG,34,B
NO FULLY FLEXIBLE SEGMENTS for molecule 1
NO FULLY FLEXIBLE SEGMENTS for molecule 2
FLEXIBILITY STATISTIC FOR MOLECULE 1 : Nres=1 Nrigid=0 Nflex=1
FLEXIBILITY STATISTIC FOR MOLECULE 2 : Nres=34 Nrigid=0 Nflex=34
 POWELL: number of degrees of freedom= 17676
 NBONDS: generating intra-molecular exclusion list with mode= 5
 MAKINB: mode   5 found     88 exclusions and     71 interactions(1-4)
 NBONDS: found      335 intra-atom interactions
 NBONDS: generating intra-molecular exclusion list with mode= 5
 MAKINB: mode   5 found   3394 exclusions and   2628 interactions(1-4)
 NBONDS: found    63129 intra-atom interactions
 --------------- cycle=    25 ------ stepsize=   -0.0000 -----------------------
 | Etotal =1305.349   grad(E)=1.751      E(BOND)=14.671     E(ANGL)=2825.427   |
 | E(DIHE)=113.534    E(IMPR)=45.797     E(VDW )=-426.716   E(ELEC)=-1267.364  |
 -------------------------------------------------------------------------------
 --------------- cycle=    50 ------ stepsize=    0.0000 -----------------------
 | Etotal =1295.244   grad(E)=1.334      E(BOND)=15.931     E(ANGL)=2826.719   |
 | E(DIHE)=112.246    E(IMPR)=46.613     E(VDW )=-429.706   E(ELEC)=-1276.560  |
 -------------------------------------------------------------------------------
 --------------- cycle=    75 ------ stepsize=    0.0000 -----------------------
 | Etotal =1287.324   grad(E)=1.420      E(BOND)=15.694     E(ANGL)=2825.993   |
 | E(DIHE)=113.056    E(IMPR)=47.664     E(VDW )=-432.655   E(ELEC)=-1282.429  |
 -------------------------------------------------------------------------------
 --------------- cycle=   100 ------ stepsize=    0.0000 -----------------------
 | Etotal =1278.881   grad(E)=2.005      E(BOND)=15.774     E(ANGL)=2825.844   |
 | E(DIHE)=113.266    E(IMPR)=48.021     E(VDW )=-435.877   E(ELEC)=-1288.146  |
 -------------------------------------------------------------------------------
 POWELL: STEP number limit. Normal termination
 POWELL: Current coordinates set to last minimum
 --------------- cycle=     2 --------------------------------------------------
 | Etotal =1278.881   grad(E)=2.005      E(BOND)=15.774     E(ANGL)=2825.844   |
 | E(DIHE)=113.266    E(IMPR)=48.021     E(VDW )=-435.877   E(ELEC)=-1288.146  |
 -------------------------------------------------------------------------------
FREE MOLECULES INTERNAL ENERGY = 1278.88
 NBONDS: generating intra-molecular exclusion list with mode= 5
 MAKINB: mode   5 found     88 exclusions and     71 interactions(1-4)
 NBONDS: found      335 intra-atom interactions
 NBONDS: generating intra-molecular exclusion list with mode= 5
 MAKINB: mode   5 found   3394 exclusions and   2628 interactions(1-4)
 NBONDS: found    63129 intra-atom interactions
 --------------- cycle=     3 --------------------------------------------------
 | Etotal =1332.380   grad(E)=4.775      E(BOND)=20.444     E(ANGL)=2833.084   |
 | E(DIHE)=112.124    E(IMPR)=48.578     E(VDW )=-425.024   E(ELEC)=-1256.826  |
 -------------------------------------------------------------------------------
 NBONDS: generating intra-molecular exclusion list with mode= 5
 MAKINB: mode   5 found      0 exclusions and      0 interactions(1-4)
 NBONDS: found     3926 intra-atom interactions
 --------------- cycle=     4 --------------------------------------------------
 | Etotal =-337.706   grad(E)=2.437      E(BOND)=0.000      E(ANGL)=0.000      |
 | E(DIHE)=0.000      E(IMPR)=0.000      E(VDW )=-7.860     E(ELEC)=-338.893   |
 | E(CDIH)=4.736      E(NOE )=4.312                                            |
 -------------------------------------------------------------------------------
 $$$$$$$$$$$$$$$$$$ working set $$$$$$$$$$$$$$$$$$$$$$$$$$$$$$

 NOEPRI: RMS diff. =   0.051,  #(violat.> 0.3)=     0 of     24 NOEs
 NOEPRI: RMS diff. class AMBI =   0.000,  #(viol.> 0.3)=     0 of      5 NOEs
 NOEPRI: RMS diff. class HRES =   0.057,  #(viol.> 0.3)=     0 of     19 NOEs
 $$$$$$$$$$$$$$$$$$$$ test set (TEST=    1)  $$$$$$$$$$$$$$$$$$$$$$

 ++++++++++++++++++++++++++++++++++++++++++++++++++++++++++++++++++++++++++++++
 +++++++++++++++++++++++++++++++ CLASS AMBI +++++++++++++++++++++++++++++++++++
 for this class: SCALe=  50.000 AVERage=sum    POTEntial=soft-square
                 SQCOnstant=   1.000 SQEXponent=    2 SQOFfsets(+/-)=   0.000   0.000
                 SOEXponent=    1 RSWItch=   0.500 ASYMptote=   0.100
 
 ========== restraint     2 ==========
 set-i-atoms
          B    8    DT   P   
          B    8    DT   OP1 
          B    8    DT   OP2 
          B    8    DT   O5' 
          B    8    DT   C5' 
          B    8    DT   H5' 
          B    8    DT   H5''
          B    8    DT   C4' 
          B    8    DT   H4' 
          B    8    DT   O4' 
          B    8    DT   C1' 
          B    8    DT   H1' 
          B    8    DT   N1  
          B    8    DT   C6  
          B    8    DT   H6  
          B    8    DT   C2  
          B    8    DT   O2  
          B    8    DT   N3  
          B    8    DT   H3  
          B    8    DT   C4  
          B    8    DT   O4  
          B    8    DT   C5  
          B    8    DT   C7  
          B    8    DT   H71 
          B    8    DT   H72 
          B    8    DT   H73 
          B    8    DT   C2' 
          B    8    DT   H2' 
          B    8    DT   H2''
          B    8    DT   C3' 
          B    8    DT   H3' 
          B    8    DT   O3' 
 set-j-atoms
          A    1    SAX  N1  
          A    1    SAX  HAI 
          A    1    SAX  C4  
          A    1    SAX  N2  
          A    1    SAX  HAD 
          A    1    SAX  H5  
          A    1    SAX  N3  
          A    1    SAX  C10 
          A    1    SAX  C9  
          A    1    SAX  C8  
          A    1    SAX  O3  
          A    1    SAX  HAA 
          A    1    SAX  O4  
          A    1    SAX  HAB 
          A    1    SAX  C5  
          A    1    SAX  N4  
          A    1    SAX  HAJ 
          A    1    SAX  C6  
          A    1    SAX  N6  
          A    1    SAX  HAF 
          A    1    SAX  H8  
          A    1    SAX  N5  
          A    1    SAX  HAK 
          A    1    SAX  C7  
          A    1    SAX  C3  
          A    1    SAX  C2  
          A    1    SAX  O2  
          A    1    SAX  C1  
          A    1    SAX  O1  
          A    1    SAX  N7  
          A    1    SAX  H16 
          A    1    SAX  H17 
 R<average>=   3.129 NOE= 2.00 (- 2.00/+ 0.00) Delta=  -1.129  E(NOE)=  28.174
 ========== restraint     9 ==========
 set-i-atoms
          B    15   DC   P   
          B    15   DC   OP1 
          B    15   DC   OP2 
          B    15   DC   O5' 
          B    15   DC   C5' 
          B    15   DC   H5' 
          B    15   DC   H5''
          B    15   DC   C4' 
          B    15   DC   H4' 
          B    15   DC   O4' 
          B    15   DC   C1' 
          B    15   DC   H1' 
          B    15   DC   N1  
          B    15   DC   C6  
          B    15   DC   H6  
          B    15   DC   C2  
          B    15   DC   O2  
          B    15   DC   N3  
          B    15   DC   C4  
          B    15   DC   N4  
          B    15   DC   H41 
          B    15   DC   H42 
          B    15   DC   C5  
          B    15   DC   H5  
          B    15   DC   C2' 
          B    15   DC   H2' 
          B    15   DC   H2''
          B    15   DC   C3' 
          B    15   DC   H3' 
          B    15   DC   O3' 
 set-j-atoms
          A    1    SAX  N1  
          A    1    SAX  HAI 
          A    1    SAX  C4  
          A    1    SAX  N2  
          A    1    SAX  HAD 
          A    1    SAX  H5  
          A    1    SAX  N3  
          A    1    SAX  C10 
          A    1    SAX  C9  
          A    1    SAX  C8  
          A    1    SAX  O3  
          A    1    SAX  HAA 
          A    1    SAX  O4  
          A    1    SAX  HAB 
          A    1    SAX  C5  
          A    1    SAX  N4  
          A    1    SAX  HAJ 
          A    1    SAX  C6  
          A    1    SAX  N6  
          A    1    SAX  HAF 
          A    1    SAX  H8  
          A    1    SAX  N5  
          A    1    SAX  HAK 
          A    1    SAX  C7  
          A    1    SAX  C3  
          A    1    SAX  C2  
          A    1    SAX  O2  
          A    1    SAX  C1  
          A    1    SAX  O1  
          A    1    SAX  N7  
          A    1    SAX  H16 
          A    1    SAX  H17 
 R<average>=   3.677 NOE= 2.00 (- 2.00/+ 0.00) Delta=  -1.677  E(NOE)=  34.178
 ========== restraint    10 ==========
 set-i-atoms
          B    16   DC   P   
          B    16   DC   OP1 
          B    16   DC   OP2 
          B    16   DC   O5' 
          B    16   DC   C5' 
          B    16   DC   H5' 
          B    16   DC   H5''
          B    16   DC   C4' 
          B    16   DC   H4' 
          B    16   DC   O4' 
          B    16   DC   C1' 
          B    16   DC   H1' 
          B    16   DC   N1  
          B    16   DC   C6  
          B    16   DC   H6  
          B    16   DC   C2  
          B    16   DC   O2  
          B    16   DC   N3  
          B    16   DC   C4  
          B    16   DC   N4  
          B    16   DC   H41 
          B    16   DC   H42 
          B    16   DC   C5  
          B    16   DC   H5  
          B    16   DC   C2' 
          B    16   DC   H2' 
          B    16   DC   H2''
          B    16   DC   C3' 
          B    16   DC   H3' 
          B    16   DC   O3' 
 set-j-atoms
          A    1    SAX  N1  
          A    1    SAX  HAI 
          A    1    SAX  C4  
          A    1    SAX  N2  
          A    1    SAX  HAD 
          A    1    SAX  H5  
          A    1    SAX  N3  
          A    1    SAX  C10 
          A    1    SAX  C9  
          A    1    SAX  C8  
          A    1    SAX  O3  
          A    1    SAX  HAA 
          A    1    SAX  O4  
          A    1    SAX  HAB 
          A    1    SAX  C5  
          A    1    SAX  N4  
          A    1    SAX  HAJ 
          A    1    SAX  C6  
          A    1    SAX  N6  
          A    1    SAX  HAF 
          A    1    SAX  H8  
          A    1    SAX  N5  
          A    1    SAX  HAK 
          A    1    SAX  C7  
          A    1    SAX  C3  
          A    1    SAX  C2  
          A    1    SAX  O2  
          A    1    SAX  C1  
          A    1    SAX  O1  
          A    1    SAX  N7  
          A    1    SAX  H16 
          A    1    SAX  H17 
 R<average>=   5.181 NOE= 2.00 (- 2.00/+ 0.00) Delta=  -3.181  E(NOE)=  44.870
 ========== restraint    11 ==========
 set-i-atoms
          B    17   DG   P   
          B    17   DG   OP1 
          B    17   DG   OP2 
          B    17   DG   O5' 
          B    17   DG   C5' 
          B    17   DG   H5' 
          B    17   DG   H5''
          B    17   DG   C4' 
          B    17   DG   H4' 
          B    17   DG   O4' 
          B    17   DG   C1' 
          B    17   DG   H1' 
          B    17   DG   N9  
          B    17   DG   C4  
          B    17   DG   N3  
          B    17   DG   C2  
          B    17   DG   N2  
          B    17   DG   H21 
          B    17   DG   H22 
          B    17   DG   N1  
          B    17   DG   H1  
          B    17   DG   C6  
          B    17   DG   O6  
          B    17   DG   C5  
          B    17   DG   N7  
          B    17   DG   C8  
          B    17   DG   H8  
          B    17   DG   C2' 
          B    17   DG   H2' 
          B    17   DG   H2''
          B    17   DG   C3' 
          B    17   DG   H3' 
          B    17   DG   O3' 
 set-j-atoms
          A    1    SAX  N1  
          A    1    SAX  HAI 
          A    1    SAX  C4  
          A    1    SAX  N2  
          A    1    SAX  HAD 
          A    1    SAX  H5  
          A    1    SAX  N3  
          A    1    SAX  C10 
          A    1    SAX  C9  
          A    1    SAX  C8  
          A    1    SAX  O3  
          A    1    SAX  HAA 
          A    1    SAX  O4  
          A    1    SAX  HAB 
          A    1    SAX  C5  
          A    1    SAX  N4  
          A    1    SAX  HAJ 
          A    1    SAX  C6  
          A    1    SAX  N6  
          A    1    SAX  HAF 
          A    1    SAX  H8  
          A    1    SAX  N5  
          A    1    SAX  HAK 
          A    1    SAX  C7  
          A    1    SAX  C3  
          A    1    SAX  C2  
          A    1    SAX  O2  
          A    1    SAX  C1  
          A    1    SAX  O1  
          A    1    SAX  N7  
          A    1    SAX  H16 
          A    1    SAX  H17 
 R<average>=   6.240 NOE= 2.00 (- 2.00/+ 0.00) Delta=  -4.240  E(NOE)=  51.048
 ========== restraint    12 ==========
 set-i-atoms
          B    18   DT   P   
          B    18   DT   OP1 
          B    18   DT   OP2 
          B    18   DT   O5' 
          B    18   DT   C5' 
          B    18   DT   H5' 
          B    18   DT   H5''
          B    18   DT   C4' 
          B    18   DT   H4' 
          B    18   DT   O4' 
          B    18   DT   C1' 
          B    18   DT   H1' 
          B    18   DT   N1  
          B    18   DT   C6  
          B    18   DT   H6  
          B    18   DT   C2  
          B    18   DT   O2  
          B    18   DT   N3  
          B    18   DT   H3  
          B    18   DT   C4  
          B    18   DT   O4  
          B    18   DT   C5  
          B    18   DT   C7  
          B    18   DT   H71 
          B    18   DT   H72 
          B    18   DT   H73 
          B    18   DT   C2' 
          B    18   DT   H2' 
          B    18   DT   H2''
          B    18   DT   C3' 
          B    18   DT   H3' 
          B    18   DT   O3' 
 set-j-atoms
          A    1    SAX  N1  
          A    1    SAX  HAI 
          A    1    SAX  C4  
          A    1    SAX  N2  
          A    1    SAX  HAD 
          A    1    SAX  H5  
          A    1    SAX  N3  
          A    1    SAX  C10 
          A    1    SAX  C9  
          A    1    SAX  C8  
          A    1    SAX  O3  
          A    1    SAX  HAA 
          A    1    SAX  O4  
          A    1    SAX  HAB 
          A    1    SAX  C5  
          A    1    SAX  N4  
          A    1    SAX  HAJ 
          A    1    SAX  C6  
          A    1    SAX  N6  
          A    1    SAX  HAF 
          A    1    SAX  H8  
          A    1    SAX  N5  
          A    1    SAX  HAK 
          A    1    SAX  C7  
          A    1    SAX  C3  
          A    1    SAX  C2  
          A    1    SAX  O2  
          A    1    SAX  C1  
          A    1    SAX  O1  
          A    1    SAX  N7  
          A    1    SAX  H16 
          A    1    SAX  H17 
 R<average>=   7.945 NOE= 2.00 (- 2.00/+ 0.00) Delta=  -5.945  E(NOE)=  60.334
 ========== restraint    13 ==========
 set-i-atoms
          B    19   DG   P   
          B    19   DG   OP1 
          B    19   DG   OP2 
          B    19   DG   O5' 
          B    19   DG   C5' 
          B    19   DG   H5' 
          B    19   DG   H5''
          B    19   DG   C4' 
          B    19   DG   H4' 
          B    19   DG   O4' 
          B    19   DG   C1' 
          B    19   DG   H1' 
          B    19   DG   N9  
          B    19   DG   C4  
          B    19   DG   N3  
          B    19   DG   C2  
          B    19   DG   N2  
          B    19   DG   H21 
          B    19   DG   H22 
          B    19   DG   N1  
          B    19   DG   H1  
          B    19   DG   C6  
          B    19   DG   O6  
          B    19   DG   C5  
          B    19   DG   N7  
          B    19   DG   C8  
          B    19   DG   H8  
          B    19   DG   C2' 
          B    19   DG   H2' 
          B    19   DG   H2''
          B    19   DG   C3' 
          B    19   DG   H3' 
          B    19   DG   O3' 
 set-j-atoms
          A    1    SAX  N1  
          A    1    SAX  HAI 
          A    1    SAX  C4  
          A    1    SAX  N2  
          A    1    SAX  HAD 
          A    1    SAX  H5  
          A    1    SAX  N3  
          A    1    SAX  C10 
          A    1    SAX  C9  
          A    1    SAX  C8  
          A    1    SAX  O3  
          A    1    SAX  HAA 
          A    1    SAX  O4  
          A    1    SAX  HAB 
          A    1    SAX  C5  
          A    1    SAX  N4  
          A    1    SAX  HAJ 
          A    1    SAX  C6  
          A    1    SAX  N6  
          A    1    SAX  HAF 
          A    1    SAX  H8  
          A    1    SAX  N5  
          A    1    SAX  HAK 
          A    1    SAX  C7  
          A    1    SAX  C3  
          A    1    SAX  C2  
          A    1    SAX  O2  
          A    1    SAX  C1  
          A    1    SAX  O1  
          A    1    SAX  N7  
          A    1    SAX  H16 
          A    1    SAX  H17 
 R<average>=   8.661 NOE= 2.00 (- 2.00/+ 0.00) Delta=  -6.661  E(NOE)=  64.115
 ========== restraint    14 ==========
 set-i-atoms
          B    20   DG   P   
          B    20   DG   OP1 
          B    20   DG   OP2 
          B    20   DG   O5' 
          B    20   DG   C5' 
          B    20   DG   H5' 
          B    20   DG   H5''
          B    20   DG   C4' 
          B    20   DG   H4' 
          B    20   DG   O4' 
          B    20   DG   C1' 
          B    20   DG   H1' 
          B    20   DG   N9  
          B    20   DG   C4  
          B    20   DG   N3  
          B    20   DG   C2  
          B    20   DG   N2  
          B    20   DG   H21 
          B    20   DG   H22 
          B    20   DG   N1  
          B    20   DG   H1  
          B    20   DG   C6  
          B    20   DG   O6  
          B    20   DG   C5  
          B    20   DG   N7  
          B    20   DG   C8  
          B    20   DG   H8  
          B    20   DG   C2' 
          B    20   DG   H2' 
          B    20   DG   H2''
          B    20   DG   C3' 
          B    20   DG   H3' 
          B    20   DG   O3' 
 set-j-atoms
          A    1    SAX  N1  
          A    1    SAX  HAI 
          A    1    SAX  C4  
          A    1    SAX  N2  
          A    1    SAX  HAD 
          A    1    SAX  H5  
          A    1    SAX  N3  
          A    1    SAX  C10 
          A    1    SAX  C9  
          A    1    SAX  C8  
          A    1    SAX  O3  
          A    1    SAX  HAA 
          A    1    SAX  O4  
          A    1    SAX  HAB 
          A    1    SAX  C5  
          A    1    SAX  N4  
          A    1    SAX  HAJ 
          A    1    SAX  C6  
          A    1    SAX  N6  
          A    1    SAX  HAF 
          A    1    SAX  H8  
          A    1    SAX  N5  
          A    1    SAX  HAK 
          A    1    SAX  C7  
          A    1    SAX  C3  
          A    1    SAX  C2  
          A    1    SAX  O2  
          A    1    SAX  C1  
          A    1    SAX  O1  
          A    1    SAX  N7  
          A    1    SAX  H16 
          A    1    SAX  H17 
 R<average>=   9.462 NOE= 2.00 (- 2.00/+ 0.00) Delta=  -7.462  E(NOE)=  68.304
 ========== restraint    15 ==========
 set-i-atoms
          B    21   DA   P   
          B    21   DA   OP1 
          B    21   DA   OP2 
          B    21   DA   O5' 
          B    21   DA   C5' 
          B    21   DA   H5' 
          B    21   DA   H5''
          B    21   DA   C4' 
          B    21   DA   H4' 
          B    21   DA   O4' 
          B    21   DA   C1' 
          B    21   DA   H1' 
          B    21   DA   N9  
          B    21   DA   C4  
          B    21   DA   N3  
          B    21   DA   C2  
          B    21   DA   H2  
          B    21   DA   N1  
          B    21   DA   C6  
          B    21   DA   N6  
          B    21   DA   H61 
          B    21   DA   H62 
          B    21   DA   C5  
          B    21   DA   N7  
          B    21   DA   C8  
          B    21   DA   H8  
          B    21   DA   C2' 
          B    21   DA   H2' 
          B    21   DA   H2''
          B    21   DA   C3' 
          B    21   DA   H3' 
          B    21   DA   O3' 
 set-j-atoms
          A    1    SAX  N1  
          A    1    SAX  HAI 
          A    1    SAX  C4  
          A    1    SAX  N2  
          A    1    SAX  HAD 
          A    1    SAX  H5  
          A    1    SAX  N3  
          A    1    SAX  C10 
          A    1    SAX  C9  
          A    1    SAX  C8  
          A    1    SAX  O3  
          A    1    SAX  HAA 
          A    1    SAX  O4  
          A    1    SAX  HAB 
          A    1    SAX  C5  
          A    1    SAX  N4  
          A    1    SAX  HAJ 
          A    1    SAX  C6  
          A    1    SAX  N6  
          A    1    SAX  HAF 
          A    1    SAX  H8  
          A    1    SAX  N5  
          A    1    SAX  HAK 
          A    1    SAX  C7  
          A    1    SAX  C3  
          A    1    SAX  C2  
          A    1    SAX  O2  
          A    1    SAX  C1  
          A    1    SAX  O1  
          A    1    SAX  N7  
          A    1    SAX  H16 
          A    1    SAX  H17 
 R<average>=   9.436 NOE= 2.00 (- 2.00/+ 0.00) Delta=  -7.436  E(NOE)=  68.167
 ========== restraint    16 ==========
 set-i-atoms
          B    22   DA   P   
          B    22   DA   OP1 
          B    22   DA   OP2 
          B    22   DA   O5' 
          B    22   DA   C5' 
          B    22   DA   H5' 
          B    22   DA   H5''
          B    22   DA   C4' 
          B    22   DA   H4' 
          B    22   DA   O4' 
          B    22   DA   C1' 
          B    22   DA   H1' 
          B    22   DA   N9  
          B    22   DA   C4  
          B    22   DA   N3  
          B    22   DA   C2  
          B    22   DA   H2  
          B    22   DA   N1  
          B    22   DA   C6  
          B    22   DA   N6  
          B    22   DA   H61 
          B    22   DA   H62 
          B    22   DA   C5  
          B    22   DA   N7  
          B    22   DA   C8  
          B    22   DA   H8  
          B    22   DA   C2' 
          B    22   DA   H2' 
          B    22   DA   H2''
          B    22   DA   C3' 
          B    22   DA   H3' 
          B    22   DA   O3' 
 set-j-atoms
          A    1    SAX  N1  
          A    1    SAX  HAI 
          A    1    SAX  C4  
          A    1    SAX  N2  
          A    1    SAX  HAD 
          A    1    SAX  H5  
          A    1    SAX  N3  
          A    1    SAX  C10 
          A    1    SAX  C9  
          A    1    SAX  C8  
          A    1    SAX  O3  
          A    1    SAX  HAA 
          A    1    SAX  O4  
          A    1    SAX  HAB 
          A    1    SAX  C5  
          A    1    SAX  N4  
          A    1    SAX  HAJ 
          A    1    SAX  C6  
          A    1    SAX  N6  
          A    1    SAX  HAF 
          A    1    SAX  H8  
          A    1    SAX  N5  
          A    1    SAX  HAK 
          A    1    SAX  C7  
          A    1    SAX  C3  
          A    1    SAX  C2  
          A    1    SAX  O2  
          A    1    SAX  C1  
          A    1    SAX  O1  
          A    1    SAX  N7  
          A    1    SAX  H16 
          A    1    SAX  H17 
 R<average>=   9.827 NOE= 2.00 (- 2.00/+ 0.00) Delta=  -7.827  E(NOE)=  70.200

 NOEPRI: RMS diff. =   5.082,  #(violat.> 0.3)=     9 of     11 NOEs
 NOEPRI: RMS diff. class AMBI =   5.082,  #(viol.> 0.3)=     9 of     11 NOEs
 %NOESET error encountered: duplicate class name specified. 
   (CNS is in mode: SET ABORT=NORMal END)
 --------------- cycle=     5 --------------------------------------------------
 | Etotal =-337.706   grad(E)=2.437      E(BOND)=0.000      E(ANGL)=0.000      |
 | E(DIHE)=0.000      E(IMPR)=0.000      E(VDW )=-7.860     E(ELEC)=-338.893   |
 | E(CDIH)=4.736      E(NOE )=4.312                                            |
 -------------------------------------------------------------------------------
 Total number of dihedral angle restraints=   472
  overall scale =  200.0000
 Number of dihedral angle restraints=  472
 Number of violations greater than    5.000:     0
 RMS deviation=   0.299
 (atom-i        |atom-j        )    dist.   equil.   delta    energy   const. 

 (atom-i        |atom-j        )    dist.   equil.   delta    energy   const. 

 (atom-i        |atom-j        )    dist.   equil.   delta    energy   const. 

 (atom-i        |atom-j        )    dist.   equil.   delta    energy   const. 

 (atom-i        |atom-j        )    dist.   equil.   delta    energy   const. 

 (atom-i        |atom-j        )    dist.   equil.   delta    energy   const. 

 (atom-i        |atom-j        )    dist.   equil.   delta    energy   const. 

 Number of violations greater    0.050:     0
 (atom-i        |atom-j        |atom-k        )  angle    equil.     delta    energy  const. 

 (atom-i        |atom-j        |atom-k        )  angle    equil.     delta    energy  const. 

 (atom-i        |atom-j        |atom-k        )  angle    equil.     delta    energy  const. 

 (atom-i        |atom-j        |atom-k        )  angle    equil.     delta    energy  const. 

 (atom-i        |atom-j        |atom-k        )  angle    equil.     delta    energy  const. 

 (atom-i        |atom-j        |atom-k        )  angle    equil.     delta    energy  const. 

 (atom-i        |atom-j        |atom-k        )  angle    equil.     delta    energy  const. 

 Number of violations greater    5.000:     0
 (atom-i        |atom-j        |atom-k        |atom-L        )    angle    equil.   delta    energy   const.   period

 (atom-i        |atom-j        |atom-k        |atom-L        )    angle    equil.   delta    energy   const.   period

 (atom-i        |atom-j        |atom-k        |atom-L        )    angle    equil.   delta    energy   const.   period

 (atom-i        |atom-j        |atom-k        |atom-L        )    angle    equil.   delta    energy   const.   period

 (atom-i        |atom-j        |atom-k        |atom-L        )    angle    equil.   delta    energy   const.   period

 (atom-i        |atom-j        |atom-k        |atom-L        )    angle    equil.   delta    energy   const.   period

 (atom-i        |atom-j        |atom-k        |atom-L        )    angle    equil.   delta    energy   const.   period

 Number of violations greater    5.000:     0
 (atom-i        |atom-j        |atom-k        |atom-L        )    angle    equil.   delta    energy   const.   period

 (atom-i        |atom-j        |atom-k        |atom-L        )    angle    equil.   delta    energy   const.   period

 (atom-i        |atom-j        |atom-k        |atom-L        )    angle    equil.   delta    energy   const.   period

 (atom-i        |atom-j        |atom-k        |atom-L        )    angle    equil.   delta    energy   const.   period

 (atom-i        |atom-j        |atom-k        |atom-L        )    angle    equil.   delta    energy   const.   period

 (atom-i        |atom-j        |atom-k        |atom-L        )    angle    equil.   delta    energy   const.   period

 (atom-i        |atom-j        |atom-k        |atom-L        )    angle    equil.   delta    energy   const.   period

 Number of violations greater   30.000:     0
 SURFAC: half the sigma value being used for atomic radii.
 SURFAC: ACCEssible surface area
 SURFAC: ACCUracy= 0.07 RH2O=  1.40
         Z-grid=  0.32 number-of-Z-sections=   41
         measures-of-arc=    49 and   138
 SURFAC: half the sigma value being used for atomic radii.
 SURFAC: ACCEssible surface area
 SURFAC: ACCUracy= 0.07 RH2O=  1.40
         Z-grid=  0.25 number-of-Z-sections=  123
         measures-of-arc=  5844 and 13081
 SURFAC: half the sigma value being used for atomic radii.
 SURFAC: ACCEssible surface area
 SURFAC: ACCUracy= 0.07 RH2O=  1.40
         Z-grid=  0.25 number-of-Z-sections=  123
         measures-of-arc=  6181 and 13578
 SCRATC-warning: Pairs of Interacting Groups erased.
 SCRATC-warning: diffusion anistropy database erased.
 SCRATC-warning: susceptibility anistropy database erased.
 NBONDS: generating intra-molecular exclusion list with mode= 5
 MAKINB: mode   5 found      0 exclusions and      0 interactions(1-4)
 NBONDS: found     1167 intra-atom interactions
 --------------- cycle=     6 --------------------------------------------------
 | Etotal =-432.385   grad(E)=4.588      E(VDW )=27.416     E(ELEC)=-459.802   |
 -------------------------------------------------------------------------------
 NBONDS: generating intra-molecular exclusion list with mode= 5
 MAKINB: mode   5 found      0 exclusions and      0 interactions(1-4)
 NBONDS: found     3666 intra-atom interactions
 --------------- cycle=     7 --------------------------------------------------
 | Etotal =-70.051    grad(E)=2.876      E(VDW )=6.523      E(ELEC)=-76.574    |
 -------------------------------------------------------------------------------
 NBONDS: generating intra-molecular exclusion list with mode= 5
 MAKINB: mode   5 found     39 exclusions and      0 interactions(1-4)
 NBONDS: found      539 intra-atom interactions
 --------------- cycle=     8 --------------------------------------------------
 | Etotal =27.703     grad(E)=1.361      E(VDW )=6.422      E(ELEC)=21.282     |
 -------------------------------------------------------------------------------
 CWRITE: using atom subset.
 HEAP: maximum use      =  3014558640 current use      =     1536000 bytes
 HEAP: maximum overhead =        5776 current overhead =        1232 bytes
          ============================================================
           Maximum dynamic memory allocation:  3014558640 bytes
           Maximum dynamic memory overhead:          5776 bytes
           Program started at: 10:14:41 on 27-Apr-2026
           Program stopped at: 10:15:41 on 27-Apr-2026
           CPU time used:      59.5176 seconds
          ============================================================
