          ============================================================
          |                                                          |
          |            Crystallography & NMR System (CNS)            |
          |                         CNSsolve                         |
          |                                                          |
          ============================================================
           Version: 1.3 at patch level U
           Status: Special UU release with Rg, paramagnetic
                   and Z-restraints (A. Bonvin, UU 2013)
          ============================================================
           Written by: A.T.Brunger, P.D.Adams, G.M.Clore, W.L.DeLano,
                       P.Gros, R.W.Grosse-Kunstleve,J.-S.Jiang,J.M.Krahn,
                       J.Kuszewski, M.Nilges, N.S.Pannu, R.J.Read,
                       L.M.Rice, G.F.Schroeder, T.Simonson, G.L.Warren.
           Copyright (c) 1997-2010 Yale University
          ============================================================
           Running on machine: hostname unknown (x86_64/Linux,64-bit)
           Program started by: enmr009
           Program started at: 13:36:35 on 22-Apr-2026
          ============================================================

 FFT3C: Using FFTPACK4.1

 CNSsolve>! re_h2o.inp 
 CNSsolve>!    Perform an explitic solvent (water) refinement 
 CNSsolve>! 
 CNSsolve>! *********************************************************************** 
 CNSsolve>! * Copyright 2003-2018 Alexandre Bonvin, Utrecht University.           * 
 CNSsolve>! * Originally adapted from Aria 1.2 from Nilges and Linge, EMBL.       * 
 CNSsolve>! * All rights reserved.                                                * 
 CNSsolve>! * This code is part of the HADDOCK software and governed by its       * 
 CNSsolve>! * license. Please see the LICENSE file that should have been included * 
 CNSsolve>! * as part of this package.                                            * 
 CNSsolve>! *********************************************************************** 
 CNSsolve>! 
 CNSsolve> 
 CNSsolve>@RUN:protocols/initialize.cns(iteration=$iteration;) 
 ASSFIL: file initialize.cns opened.
 CNSsolve>! initialize.cns 
 CNSsolve>!    Iteration initialization 
 CNSsolve>! 
 CNSsolve>! *********************************************************************** 
 CNSsolve>! * Copyright 2003-2018 Alexandre Bonvin, Utrecht University.           * 
 CNSsolve>! * Originally adapted from Aria 1.2 from Nilges and Linge, EMBL.       * 
 CNSsolve>! * All rights reserved.                                                * 
 CNSsolve>! * This code is part of the HADDOCK software and governed by its       * 
 CNSsolve>! * license. Please see the LICENSE file that should have been included * 
 CNSsolve>! * as part of this package.                                            * 
 CNSsolve>! *********************************************************************** 
 CNSsolve>! 
 CNSsolve> 
 CNSsolve>module (iteration;) 
 &_2_ITERATION set to $_1_ITERATION 
 CNSsolve>evaluate (&iteration = "") 
 EVALUATE: symbol $_1_ITERATION set to "" (string)
 CNSsolve> 
 CNSsolve> 
 CNSsolve>@NEWIT:iteration.cns(iteration=$iteration;) 
 ASSFIL: file iteration.cns opened.
 CNSsolve>module ( iteration ) 
 &_2_ITERATION set to $_1_ITERATION 
 CNSsolve>evaluate (&iteration=2) 
 EVALUATE: symbol $_1_ITERATION set to    2.00000     (real)
 CNSsolve> 
 CNSsolve>@RUN:run.cns( 
 ASSFIL: file run.cns opened.
 CNSsolve>! run.cns 
 CNSsolve>!    The file containing all parameters for HADDOCK 
 CNSsolve>! 
 CNSsolve>! *********************************************************************** 
 CNSsolve>! * Copyright 2003-2018 Alexandre Bonvin, Utrecht University.           * 
 CNSsolve>! * Originally adapted from Aria 1.2 from Nilges and Linge, EMBL.       * 
 CNSsolve>! * All rights reserved.                                                * 
 CNSsolve>! * This code is part of the HADDOCK software and governed by its       * 
 CNSsolve>! * license. Please see the LICENSE file that should have been included * 
 CNSsolve>! * as part of this package.                                            * 
 CNSsolve>! *********************************************************************** 
 CNSsolve>! 
 CNSsolve>module( 
 MODULE-DECLARATION>iteration; 
 MODULE-DECLARATION>filenames; 
 MODULE-DECLARATION>data; 
 MODULE-DECLARATION>iterations; 
 MODULE-DECLARATION>saprotocol; 
 MODULE-DECLARATION>refine; 
 MODULE-DECLARATION>toppar; 
 MODULE-DECLARATION>analysis; 
 MODULE-DECLARATION>) 
 MODULE-INVOCATION>iteration =$iteration; 
 &_2_ITERATION set to $_1_ITERATION 
 MODULE-INVOCATION>filenames =$filenames; 
 &_2_FILENAMES set to $_1_FILENAMES 
 MODULE-INVOCATION>data      =$data; 
 &_2_DATA set to $_1_DATA 
 MODULE-INVOCATION>iterations=$iterations; 
 &_2_ITERATIONS set to $_1_ITERATIONS 
 MODULE-INVOCATION>saprotocol=$saprotocol; 
 &_2_SAPROTOCOL set to $_1_SAPROTOCOL 
 MODULE-INVOCATION>refine    =$refine; 
 &_2_REFINE set to $_1_REFINE 
 MODULE-INVOCATION>toppar    =$toppar; 
 &_2_TOPPAR set to $_1_TOPPAR 
 MODULE-INVOCATION>analysis  =$analysis; 
 &_2_ANALYSIS set to $_1_ANALYSIS 
 MODULE-INVOCATION>) 
 CNSsolve> 
 CNSsolve>{+ File: run.cns +} 
 CNSsolve>{+ Description: this file contains all necessary information to run HADDOCK. +} 
 CNSsolve> 
 CNSsolve>{+ Authors: Ezgi Karaca, Joao Rodrigues, Mikael Trellet, Alexandre Bonvin<br> 
 CNSsolve>Adapted from HADOOCK version 2.4 <br><br> 
 CNSsolve>Initially adapted from ARIA of Nilges and Linge +} 
 CNSsolve> 
 CNSsolve>{+ Please cite the following references when using this protocol: +} 
 CNSsolve>{+ reference: Cyril Dominguez, Rolf Boelens and Alexandre M.J.J. Bonvin (2003).  HADDOCK: a protein-protein docking approach 
 CNSsolve>based on biochemical and/or biophysical information. <i>J. Am. Chem. Soc.</i> <b>125</b>, 1731-1737. 
 CNSsolve><p> 
 CNSsolve><b>When using <i>residual dipolar couplings</i> in HADDOCK cite in addition:</b><p> 
 CNSsolve><LI>A.D.J. van Dijk, D. Fushman and A.M.J.J. Bonvin (2005). Various strategies of using residual dipolar 
 CNSsolve>couplings in NMR-driven protein docking: Application to Lys48-linked di-ubiquitin and validation against 
 CNSsolve>15N-relaxation data. <EM>Proteins: Struc. Funct. & Bioinformatics</EM>, <STRONG>60</STRONG>, 367-381.</li> 
 CNSsolve><p> 
 CNSsolve><b>When using <i>diffusion anisotropy data</i> in HADDOCK cite in addition:</b><p> 
 CNSsolve><li>A.D.J. van Dijk, R. Kaptein, R. Boelens and A.M.J.J. Bonvin (2006). Combining NMR relaxation with 
 CNSsolve>chemical shift perturbation data to drive protein-protein docking. <EM>J. Biomol. NMR</EM>, 
 CNSsolve><STRONG>34</STRONG>, 237-244.</li> 
 CNSsolve><p> 
 CNSsolve><b>When using <i>solvated docking</i> in HADDOCK cite in addition:</b><p> 
 CNSsolve><li>A.D.J. van Dijk and A.M.J.J. Bonvin (2006). Solvated docking: introducing water into the modelling 
 CNSsolve>of biomolecular complexes. <EM>Bioinformatics</EM>,  <STRONG>22</STRONG> 2340-2347. 
 CNSsolve><p> 
 CNSsolve><b>When performing <i>flexible protein-DNA docking</i> using HADDOCK cite in addition:</b><p> 
 CNSsolve><li>M. van Dijk, A.D.J. van Dijk, V. Hsu, R. Boelens and  A.M.J.J. Bonvin (2006). 
 CNSsolve>Information-driven Protein-DNA Docking using HADDOCK: it is a matter of flexibility. 
 CNSsolve><EM>Nucl. Acids Res.</EM>, <STRONG>34</STRONG> 3317-3325.</li> 
 CNSsolve><p> 
 CNSsolve><b>When performing the Nmolecule integrative modelling protocol please cite:</b><p> 
 CNSsolve><li>Ezgi Karaca, Joao P.G.L.M. Rodrigues, Andrea Graziadei, Alexandre M.J.J. Bonvin, Teresa Carlomagno (2017). 
 CNSsolve>An Integrative Framework for Structure Determination of Molecular Machines. 
 CNSsolve><EM>Nature Methods</EM>, Advanced Online Publication.</li> 
 CNSsolve>+} 
 CNSsolve> 
 CNSsolve>{- Guidelines for using this file: 
 CNSsolve>   - all strings must be quoted by double-quotes 
 CNSsolve>   - logical variables (true/false) are not quoted 
 CNSsolve>   - do not remove any evaluate statements from the file 
 CNSsolve>   - pathnames should not exceed 80 characters -} 
 CNSsolve>{- begin block parameter definition -} define( 
 DEFINE> 
 DEFINE> 
 DEFINE>{======== number of molecules for docking ==================} 
 DEFINE>{* number of components *} 
 DEFINE> 
 DEFINE>{===>} ncomponents=2; 
 DEFINE> 
 DEFINE>{======================= filenames =========================} 
 DEFINE>{*  the name of your current project *} 
 DEFINE>{*  this will be used as name for the generated structures *} 
 DEFINE>{===>} fileroot="complex"; 
 DEFINE> 
 DEFINE>{* RUN directory *} 
 DEFINE>{*  the absolute path of your current run, e.g. /home/haddock/run1*} 
 DEFINE>{===>} run_dir="/tmp/csbportal_7ydl18nd/run1"; 
 DEFINE> 
 DEFINE>{* PDB file of molecule 1 *} 
 DEFINE>{===>} prot_coor_mol1="protein1.pdb"; 
 DEFINE>{* PSF file of molecule 1 *} 
 DEFINE>{===>} prot_psf_mol1="protein1.psf"; 
 DEFINE>{* segid of molecule 1 *} 
 DEFINE>{===>} prot_segid_mol1="A"; 
 DEFINE>{* fileroot of molecule 1 *} 
 DEFINE>{===>} prot_root_mol1="protein1"; 
 DEFINE>{* Fix Molecule at Origin during it0 *} 
 DEFINE>{+ choice: true false +} 
 DEFINE>{===>} fix_origin_mol1=false; 
 DEFINE>{* Is molecule 1 DNA? *} 
 DEFINE>{+ choice: true false +} 
 DEFINE>{===>} dna_mol1=true; 
 DEFINE>{* Is molecule 1 a cyclic peptide? *} 
 DEFINE>{+ choice: true false +} 
 DEFINE>{===>} cyclicpept_mol1=false; 
 DEFINE>{* Is molecule 1 a shape? *} 
 DEFINE>{+ choice: true false +} 
 DEFINE>{===>} shape_mol1=false; 
 DEFINE>{* Coarse grained molecule? *} 
 DEFINE>{+ choice: true false +} 
 DEFINE>{===>} cg_mol1=false; 
 DEFINE>{* PDB file of molecule 2 *} 
 DEFINE>{===>} prot_coor_mol2="protein2.pdb"; 
 DEFINE>{* PSF file of molecule 2 *} 
 DEFINE>{===>} prot_psf_mol2="protein2.psf"; 
 DEFINE>{* segid of molecule 2 *} 
 DEFINE>{===>} prot_segid_mol2="B"; 
 DEFINE>{* fileroot of molecule 2 *} 
 DEFINE>{===>} prot_root_mol2="protein2"; 
 DEFINE>{* Fix Molecule at Origin during it0 *} 
 DEFINE>{+ choice: true false +} 
 DEFINE>{===>} fix_origin_mol2=false; 
 DEFINE>{* Is molecule 2 DNA? *} 
 DEFINE>{+ choice: true false +} 
 DEFINE>{===>} dna_mol2=false; 
 DEFINE>{* Is molecule 2 a cyclic peptide? *} 
 DEFINE>{+ choice: true false +} 
 DEFINE>{===>} cyclicpept_mol2=false; 
 DEFINE>{* Is molecule 2 a shape? *} 
 DEFINE>{+ choice: true false +} 
 DEFINE>{===>} shape_mol2=false; 
 DEFINE>{* Coarse grained molecule? *} 
 DEFINE>{+ choice: true false +} 
 DEFINE>{===>} cg_mol2=false; 
 DEFINE> 
 DEFINE>{* Remove non-polar hydrogens? *} 
 DEFINE>{+ choice: true false +} 
 DEFINE>{===>} delenph=true; 
 DEFINE> 
 DEFINE>{* HADDOCK directory *} 
 DEFINE>{*  the absolute path of the HADDOCK program files *} 
 DEFINE>{===>} haddock_dir=/trinity/rascar/enmr/software/haddock2.5; 
 DEFINE> 
 DEFINE>{* Logfile directory *} 
 DEFINE>{* specify a directory for the large CNS log files *} 
 DEFINE>{===>} temptrash_dir=/tmp/csbportal_7ydl18nd/run1; 
 DEFINE> 
 DEFINE>{==================== histidine patches =====================} 
 DEFINE> 
 DEFINE> 
 DEFINE>{==================== histidine patches =====================} 
 DEFINE>{* Automatically define histidine protonation state based on energetics *} 
 DEFINE>{===>} autohis=false; 
 DEFINE> 
 DEFINE>{* Patch to change doubly protonated HIS to singly protonated histidine (HD1) *} 
 DEFINE>{* just give the residue number of the histidines for the HISD patch, set them to zero if you don't want them *} 
 DEFINE>{* Number of HISD for molecule 1 *} 
 DEFINE>numhisd_1=0; 
 DEFINE>{* Number of HISD for molecule 2 *} 
 DEFINE>numhisd_2=0; 
 DEFINE> 
 DEFINE>{* Patch to change doubly protonated HIS to singly protonated histidine (HE2) *} 
 DEFINE>{* just give the residue number of the histidines for the HISE patch, set them to zero if you don't want them *} 
 DEFINE>{* Number of HISE for molecule 1 *} 
 DEFINE>numhise_1=0; 
 DEFINE>{* Number of HISE for molecule 2 *} 
 DEFINE>numhise_2=0; 
 DEFINE> 
 DEFINE>{========= Definition of semi-flexible interface ============} 
 DEFINE>{* Define the interface of each molecule.*} 
 DEFINE>{* Side-chains and backbone of these residues will be allowed to move during semi-flexible refinement*} 
 DEFINE>{* Distance cutoff in A for the automatic definition of flexible segments based on intermolecular residues contacts *} 
 DEFINE>{===>} flcut_nb=5.0; 
 DEFINE>{* number of semi-flexible segments for molecule  1 (-1 for automated mode) *} 
 DEFINE>{* Note that current max is 10 (edit the run.cns to add more segments) *} 
 DEFINE>{===>} nseg_1=-1; 
 DEFINE> 
 DEFINE>{* Residues of molecule  1 at interface *} 
 DEFINE>{+ table: rows=10 "segment 1" "segment 2" "segment 3" "segment 4" "segment 5" "segment 6" "segment 7" "segment 8" "segment 9" "segment 10" cols=2 "Start residue" "End residue" +} 
 DEFINE>{* number of semi-flexible segments for molecule  2 (-1 for automated mode) *} 
 DEFINE>{* Note that current max is 10 (edit the run.cns to add more segments) *} 
 DEFINE>{===>} nseg_2=-1; 
 DEFINE> 
 DEFINE>{* Residues of molecule  2 at interface *} 
 DEFINE>{+ table: rows=10 "segment 1" "segment 2" "segment 3" "segment 4" "segment 5" "segment 6" "segment 7" "segment 8" "segment 9" "segment 10" cols=2 "Start residue" "End residue" +} 
 DEFINE> 
 DEFINE>{=========== Definition of fully flexible segments ==========} 
 DEFINE>{* Define the fully flexible segment of each molecule.*} 
 DEFINE>{* These segments will be allowed to move at all stages of it1 *} 
 DEFINE> 
 DEFINE> 
 DEFINE>{* Number of fully flexible segments for molecule  1            *} 
 DEFINE>{* Note that current max is 5 (edit the run.cns to add more segments     *} 
 DEFINE>{===>} nfle_1=0; 
 DEFINE>{* Number of fully flexible segments for molecule  2            *} 
 DEFINE>{* Note that current max is 5 (edit the run.cns to add more segments     *} 
 DEFINE>{===>} nfle_2=0; 
 DEFINE> 
 DEFINE>{==================== membrane positioning restraints  ==================} 
 DEFINE>{* Do you want to use membrane positioning restraints ? *} 
 DEFINE>{+ choice: true false +} 
 DEFINE>{===>} zres_on=false; 
 DEFINE> 
 DEFINE>{* Number of membrane positioning restrained segments *} 
 DEFINE>{===>} numzres=0; 
 DEFINE> 
 DEFINE>{====================== NCS restraints  =====================} 
 DEFINE>{* Do you want to use NCS restraints? *} 
 DEFINE>{+ choice: true false +} 
 DEFINE>{===>} ncs_on=false; 
 DEFINE> 
 DEFINE>{* Number of NCS pairs *} 
 DEFINE>{===>} numncs=0; 
 DEFINE> 
 DEFINE>{==================== Symmetry restraints  ==================} 
 DEFINE>{* Do you want to use symmetry restraints ? *} 
 DEFINE>{+ choice: true false +} 
 DEFINE>{===>} sym_on=false; 
 DEFINE> 
 DEFINE>{* Force constant for symmetry restraints ? *} 
 DEFINE>{===>} ksym=10.0; 
 DEFINE>{* Number of C2 symmetry pairs *} 
 DEFINE>{===>} numc2sym=0; 
 DEFINE>{* Number of C3 symmetry triples*} 
 DEFINE>{===>} numc3sym=0; 
 DEFINE>{* Number of S3 symmetry triples*} 
 DEFINE>{===>} nums3sym=0; 
 DEFINE>{* Number of C4 symmetry quadruples *} 
 DEFINE>{===>} numc4sym=0; 
 DEFINE>{* Number of C5 symmetry *} 
 DEFINE>{===>} numc5sym=0; 
 DEFINE> 
 DEFINE>{* Number of c6 symmetry *} 
 DEFINE>{===>} numc6sym=0; 
 DEFINE> 
 DEFINE>{=========================== Distance restraints  ========================} 
 DEFINE>{* Turn on/off and energy constants for distance restraints *} 
 DEFINE>{+ table: rows=3 "distances" "AIR (ambig)" "hbonds" cols=6 "firstIteration" "lastIteration" "hot" "cool1" "cool2" "cool3"+} 
 DEFINE> 
 DEFINE>{===>} unamb_firstit=0; 
 DEFINE>{===>} unamb_lastit=2; 
 DEFINE>{===>} unamb_hot=10.0; 
 DEFINE>{===>} unamb_cool1=10.0; 
 DEFINE>{===>} unamb_cool2=50.0; 
 DEFINE>{===>} unamb_cool3=50.0; 
 DEFINE>{===>} amb_firstit=0; 
 DEFINE>{===>} amb_lastit=2; 
 DEFINE>{===>} amb_hot=10.0; 
 DEFINE>{===>} amb_cool1=10.0; 
 DEFINE>{===>} amb_cool2=50.0; 
 DEFINE>{===>} amb_cool3=50.0; 
 DEFINE>{===>} hbond_firstit=0; 
 DEFINE>{===>} hbond_lastit=2; 
 DEFINE>{===>} hbond_hot=10.0; 
 DEFINE>{===>} hbond_cool1=10.0; 
 DEFINE>{===>} hbond_cool2=50.0; 
 DEFINE>{===>} hbond_cool3=50.0; 
 DEFINE> 
 DEFINE>{* Do you want to randomly exclude a fraction of the ambiguous restraints (AIRs)? *} 
 DEFINE>{+ choice: true false +} 
 DEFINE>{===>} noecv=true; 
 DEFINE> 
 DEFINE>{* Number of partitions for random exclusion (%excluded=100/number of partitions)? *} 
 DEFINE>{===>} ncvpart=2.0000; 
 DEFINE> 
 DEFINE>{* Do you want to use hydrogen bond restraints? *} 
 DEFINE>{+ choice: true false +} 
 DEFINE>{===>} hbonds_on=false; 
 DEFINE> 
 DEFINE>{* Do you want to define randomly ambiguous interaction restraints from accessible residues? *} 
 DEFINE>{* Only residues in the defined flexible segments will be considered *} 
 DEFINE>{* Note that this option is exclusive with any other distance restraints and only for it0    *} 
 DEFINE>{+ choice: true false +} 
 DEFINE>{===>} ranair=false; 
 DEFINE> 
 DEFINE>{* Do you want to define center of mass restraints to enforce contact between the molecules? *} 
 DEFINE>{* Note that these are only active during it0 and it1 *} 
 DEFINE>{+ choice: true false +} 
 DEFINE>{===>} cmrest=false; 
 DEFINE> 
 DEFINE>{* Define tight CM restraints? *} 
 DEFINE>{+ choice: true false +} 
 DEFINE>{===>} cmtight=false; 
 DEFINE> 
 DEFINE>{* Force constant for center of mass restraints *} 
 DEFINE>{===>} kcont=1.0; 
 DEFINE> 
 DEFINE>{* Do you want to define surface contact restraints to enforce contact between the molecules? *} 
 DEFINE>{* Note that these are only active during it0 and it1 *} 
 DEFINE>{+ choice: true false +} 
 DEFINE>{===>} surfrest=false; 
 DEFINE> 
 DEFINE>{* Force constant for surface contact restraints *} 
 DEFINE>{===>} ksurf=1.0; 
 DEFINE> 
 DEFINE>{ Use automated distance restraints weighting } 
 DEFINE>{ choice: true false } 
 DEFINE>air_scaling=false; 
 DEFINE>{ Define the number of distance restraints for automated weighting } 
 DEFINE>tot_unamb=25; 
 DEFINE>{ Define the number of AIR restraints for automated weighting } 
 DEFINE>tot_amb=0; 
 DEFINE>{ potential shape } 
 DEFINE>mrswi_hot=0.5; 
 DEFINE>mrswi_cool1=0.5; 
 DEFINE>mrswi_cool2=0.5; 
 DEFINE>mrswi_cool3=0.5; 
 DEFINE>rswi_hot=0.5; 
 DEFINE>rswi_cool1=0.5; 
 DEFINE>rswi_cool2=0.5; 
 DEFINE>rswi_cool3=0.5; 
 DEFINE>masy_hot=-1.0; 
 DEFINE>masy_cool1=-1.0; 
 DEFINE>masy_cool2=-0.1; 
 DEFINE>masy_cool3=-0.1; 
 DEFINE>asy_hot=1.0; 
 DEFINE>asy_cool1=1.0; 
 DEFINE>asy_cool2=0.1; 
 DEFINE>asy_cool3=0.1; 
 DEFINE> 
 DEFINE>{=========================== radius of gyration restraint  ============} 
 DEFINE>{* Turn on/off and energy constants for Rg restraints *} 
 DEFINE>{* Do you want to define a radius of gyration restraint (e.g. from SAXS)? *} 
 DEFINE>{+ choice: true false +} 
 DEFINE>{===>} rgrest=false; 
 DEFINE> 
 DEFINE> 
 DEFINE>{======================DNA-RNA restraints ============================} 
 DEFINE>{* Use DNA/RNA restraints (dna-rna_restraints.def in data/sequence)? *} 
 DEFINE>{+ choice: true false +} 
 DEFINE>{===>} dnarest_on=true; 
 DEFINE> 
 DEFINE>{=========================== dihedrals restraints ====================} 
 DEFINE>{* energy constants *} 
 DEFINE>{+ table: rows=1 "dihedrals" cols=5 "use?" "hot" "cool1" "cool2" "cool3" +} 
 DEFINE> 
 DEFINE>{+ choice: true false +} 
 DEFINE>{===>} dihedrals_on=false; 
 DEFINE>{===>} dihedrals_hot=5.0; 
 DEFINE>{===>} dihedrals_cool1=5.0; 
 DEFINE>{===>} dihedrals_cool2=50.0; 
 DEFINE>{===>} dihedrals_cool3=200.0; 
 DEFINE> 
 DEFINE>{* Automatically define backbone dihedral angle restraints from structure? *} 
 DEFINE>{+ choice: none all alpha alphabeta +} 
 DEFINE>{===>} ssdihed=none; 
 DEFINE>{===>} error_dih=10; 
 DEFINE> 
 DEFINE>{=========================== residual dipolar couplings ======================} 
 DEFINE> 
 DEFINE>{* Parameters *} 
 DEFINE>{+ table: rows=5 "class1" "class2" "class3" "class4" "class5" 
 DEFINE>          cols=25 "type" "firstIt" "lastIt" "Ksani<br>(hot)" "Ksani<br>(cool1)" "Ksani<br>(cool2)" "Ksani<br>(cool3)" "R" "D" 
 DEFINE> "Kvean<br>(ini_bor_hot)" "Kvean<br>(fin_bor_hot)" 
 DEFINE> "Kvean<br>(ini_bor_cool1)" "Kvean<br>(fin_bor_cool1)" 
 DEFINE> "Kvean<br>(ini_bor_cool2)" "Kvean<br>(fin_bor_cool2)" 
 DEFINE> "Kvean<br>(ini_bor_cool3)" "Kvean<br>(fin_bor_cool3)" 
 DEFINE> "Kvean<br>(ini_cen_hot)" "Kvean<br>(fin_cen_hot)" 
 DEFINE> "Kvean<br>(ini_cen_cool1)" "Kvean<br>(fin_cen_cool1)" 
 DEFINE> "Kvean<br>(ini_cen_cool2)" "Kvean<br>(fin_cen_cool2)" 
 DEFINE> "Kvean<br>(ini_cen_cool3)" "Kvean<br>(fin_cen_cool3)"+} 
 DEFINE>{+ choice: "NO" "SANI" "XRDC" "VANGLE" +} 
 DEFINE>{===>} numrdc = 0; 
 DEFINE> 
 DEFINE> 
 DEFINE>{=========================== pseudo contact shifts ===========================} 
 DEFINE> 
 DEFINE>{* Parameters *} 
 DEFINE>{+ table: rows=10 "class1" "class2" "class3" "class4" "class5" "class6" "class7" "class8" "class9" "class10" 
 DEFINE>          cols=9 "type" "firstIt" "lastIt" "Kpcs<br>(hot)" "Kpcs<br>(cool1)" "Kpcs<br>(cool2)" "Kpcs<br>(cool3)" "R" "D" +} 
 DEFINE>{+ choice: "NO" "XPCS" +} 
 DEFINE>{===>} numpcs = 0; 
 DEFINE> 
 DEFINE> 
 DEFINE>{=========================== relaxation data ======================} 
 DEFINE>{* Parameters *} 
 DEFINE>{+ table: rows=5 "class1" "class2" "class3" "class4" "class5" 
 DEFINE>          cols=12 "type" "firstIt" "lastIt" "Kdani(hot)" "Kdani(cool1)" "Kdani(cool2)" "Kdani(cool3)" "Correlation time" "D" "R" "H frequency" "N frequency" +} 
 DEFINE>{+ choice: "NO" "DANI" +} 
 DEFINE>{===>} numdani = 0; 
 DEFINE> 
 DEFINE> 
 DEFINE>{========================== Cryo-EM parameters ============================} 
 DEFINE> 
 DEFINE>{* Centroid definitions *} 
 DEFINE>{+ choice: true false +} 
 DEFINE>{===>} centroid_rest=false; 
 DEFINE>{===>} centroid_kscale=50; 
 DEFINE> 
 DEFINE> 
 DEFINE>{* Density/XREF restraints *} 
 DEFINE>{+ choice: true false +} 
 DEFINE>{===>} em_rest=false; 
 DEFINE>{===>} em_kscale=15000; 
 DEFINE>{+ choice: true false +} 
 DEFINE>{===>} em_it0=false; 
 DEFINE>{+ choice: true false +} 
 DEFINE>{===>} em_it1=false; 
 DEFINE>{+ choice: true false +} 
 DEFINE>{===>} em_itw=false; 
 DEFINE> 
 DEFINE>{* Resolution of data in angstrom *} 
 DEFINE>{===>} em_resolution=None; 
 DEFINE> 
 DEFINE>{* Density parameters *} 
 DEFINE>{* Number of voxels in each dimension *} 
 DEFINE>{===>} nx=32; 
 DEFINE>{===>} ny=32; 
 DEFINE>{===>} nz=32; 
 DEFINE> 
 DEFINE>{* Length of each dimension in angstrom *} 
 DEFINE>{===>} xlength=80.0; 
 DEFINE>{===>} ylength=80.0; 
 DEFINE>{===>} zlength=80.0; 
 DEFINE> 
 DEFINE>{* Cryo-EM scoring weights *} 
 DEFINE>{===>} w_lcc_0=-400.0; 
 DEFINE>{===>} w_lcc_1=-10000.0; 
 DEFINE>{===>} w_lcc_2=-10000.0; 
 DEFINE> 
 DEFINE>{===================== topology and parameter files ======================} 
 DEFINE> 
 DEFINE>{* topology file for molecule  1 *} 
 DEFINE>{===>} prot_top_mol1="dna-rna-allatom-hj-opls-1.3.top"; 
 DEFINE>{* linkage file for molecule  1 *} 
 DEFINE>{===>} prot_link_mol1="dna-rna-1.3.link"; 
 DEFINE>{* energy parameter file for molecule  1 *} 
 DEFINE>{===>} prot_par_mol1="dna-rna-allatom-hj-opls-1.3.param"; 
 DEFINE>{* topology file for molecule  2 *} 
 DEFINE>{===>} prot_top_mol2="protein-allhdg5-4.top"; 
 DEFINE>{* linkage file for molecule  2 *} 
 DEFINE>{===>} prot_link_mol2="protein-allhdg5-4-noter.link"; 
 DEFINE>{* energy parameter file for molecule  2 *} 
 DEFINE>{===>} prot_par_mol2="protein-allhdg5-4.param"; 
 DEFINE> 
 DEFINE>{* type of non-bonded parameters *} 
 DEFINE>{* specify the type of non-bonded interaction *} 
 DEFINE>{+ choice: "PROLSQ" "PARMALLH6" "PARALLHDG" "OPLSX" +} 
 DEFINE>{===>} par_nonbonded="OPLSX"; 
 DEFINE> 
 DEFINE>{============coarse graining topology and parameter files ==================} 
 DEFINE> 
 DEFINE>{* topology file for molecule  1 *} 
 DEFINE>{===>} prot_cg_top_mol1="protein-CG-Martini-2-2.top"; 
 DEFINE>{* linkage file for molecule  1 *} 
 DEFINE>{===>} prot_cg_link_mol1="protein-CG-Martini-2-2.link"; 
 DEFINE>{* energy parameter file for molecule  1 *} 
 DEFINE>{===>} prot_cg_par_mol1="protein-CG-Martini-2-2.param"; 
 DEFINE>{* topology file for molecule  2 *} 
 DEFINE>{===>} prot_cg_top_mol2="protein-CG-Martini-2-2.top"; 
 DEFINE>{* linkage file for molecule  2 *} 
 DEFINE>{===>} prot_cg_link_mol2="protein-CG-Martini-2-2.link"; 
 DEFINE>{* energy parameter file for molecule  2 *} 
 DEFINE>{===>} prot_cg_par_mol2="protein-CG-Martini-2-2.param"; 
 DEFINE> 
 DEFINE>{===================== energy and interaction parameters ==================} 
 DEFINE> 
 DEFINE>{ Do you want to include dihedral angle energy terms? } 
 DEFINE>{ choice: true false } 
 DEFINE>dihedflag=true; 
 DEFINE> 
 DEFINE>{* Do you want to include the electrostatic energy term for docking? *} 
 DEFINE>{* Note that it will be automatically included in the solvent refinement *} 
 DEFINE> 
 DEFINE>{* Include electrostatic during rigid body docking (it0)? *} 
 DEFINE>{+ choice: true false +} 
 DEFINE>{===>} elecflag_0=true; 
 DEFINE>{* Include electrostatic during semi-flexible SA (it1)? *} 
 DEFINE>{+ choice: true false +} 
 DEFINE>{===>} elecflag_1=true; 
 DEFINE> 
 DEFINE>{* Give the epsilon constant for the electrostatic energy term in it0 *} 
 DEFINE>{* Note that for explicit solvent refinement cdie with epsilon=1 is used *} 
 DEFINE>{===>} epsilon_0=78.0; 
 DEFINE> 
 DEFINE>{* Give the epsilon constant for the electrostatic energy term in it1 *} 
 DEFINE>{* Note that for explicit solvent refinement cdie with epsilon=1 is used *} 
 DEFINE>{===>} epsilon_1=78.0; 
 DEFINE> 
 DEFINE>{* Use constant (cdie) or distance-dependent (rdie) dielectric in it0? *} 
 DEFINE>{+ choice: cdie rdie +} 
 DEFINE>{===>} dielec_0=cdie; 
 DEFINE> 
 DEFINE>{* Use constant (cdie) or distance-dependent (rdie) dielectric in it1? *} 
 DEFINE>{+ choice: cdie rdie +} 
 DEFINE>{===>} dielec_1=cdie; 
 DEFINE> 
 DEFINE>{* Scaling of intermolecular interactions for rigid body EM*} 
 DEFINE>{===>} inter_rigid=1.0; 
 DEFINE> 
 DEFINE>{* Scaling of intermolecular interactions for semi-flexible SA*} 
 DEFINE>{+ table: rows=3 "Rigid body dynamic " "SA with flexible side-chains (cool2)" "SA with flexible backbone and side-chains (cool3)" 
 DEFINE>          cols=2 "Init value" "Final value" +} 
 DEFINE>{===>} init_rigid=0.001; 
 DEFINE>{===>} fin_rigid=0.001; 
 DEFINE>{===>} init_cool2=0.001; 
 DEFINE>{===>} fin_cool2=1.0; 
 DEFINE>{===>} init_cool3=0.05; 
 DEFINE>{===>} fin_cool3=1.0; 
 DEFINE> 
 DEFINE>{* Interaction matrix for non-bonded interactions*} 
 DEFINE>{+ table: rows=6 "Mol 1" "Mol 2" "Mol 3" "Mol 4" "Mol 5" "Mol 6" "Mol 7" "Mol 8" "Mol 9" Mol 10" "Mol 11" Mol 12" "Mol 13" "Mol 14" "Mol 15" "Mol 16" "Mol 17" "Mol 18" "Mol 19" "Mol 20" 
 DEFINE>          cols=6 "Mol 1" "Mol 2" "Mol 3" "Mol 4" "Mol 5" "Mol 6" "Mol 7" "Mol 8" "Mol 9" Mol 10" "Mol 11" Mol 12" "Mol 13" "Mol 14" "Mol 15" "Mol 16" "Mol 17" "Mol 18" "Mol 19" "Mol 20" +} 
 DEFINE>{===>} int_1_1=1.0; 
 DEFINE>{===>} int_1_2=1.0; 
 DEFINE>{===>} int_1_3=1.0; 
 DEFINE>{===>} int_1_4=1.0; 
 DEFINE>{===>} int_1_5=1.0; 
 DEFINE>{===>} int_1_6=1.0; 
 DEFINE>{===>} int_1_7=1.0; 
 DEFINE>{===>} int_1_8=1.0; 
 DEFINE>{===>} int_1_9=1.0; 
 DEFINE>{===>} int_1_10=1.0; 
 DEFINE>{===>} int_1_11=1.0; 
 DEFINE>{===>} int_1_12=1.0; 
 DEFINE>{===>} int_1_13=1.0; 
 DEFINE>{===>} int_1_14=1.0; 
 DEFINE>{===>} int_1_15=1.0; 
 DEFINE>{===>} int_1_16=1.0; 
 DEFINE>{===>} int_1_17=1.0; 
 DEFINE>{===>} int_1_18=1.0; 
 DEFINE>{===>} int_1_19=1.0; 
 DEFINE>{===>} int_1_20=1.0; 
 DEFINE>{===>} int_2_1="N.A."; 
 DEFINE>{===>} int_2_2=1.0; 
 DEFINE>{===>} int_2_3=1.0; 
 DEFINE>{===>} int_2_4=1.0; 
 DEFINE>{===>} int_2_5=1.0; 
 DEFINE>{===>} int_2_6=1.0; 
 DEFINE>{===>} int_2_7=1.0; 
 DEFINE>{===>} int_2_8=1.0; 
 DEFINE>{===>} int_2_9=1.0; 
 DEFINE>{===>} int_2_10=1.0; 
 DEFINE>{===>} int_2_11=1.0; 
 DEFINE>{===>} int_2_12=1.0; 
 DEFINE>{===>} int_2_13=1.0; 
 DEFINE>{===>} int_2_14=1.0; 
 DEFINE>{===>} int_2_15=1.0; 
 DEFINE>{===>} int_2_16=1.0; 
 DEFINE>{===>} int_2_17=1.0; 
 DEFINE>{===>} int_2_18=1.0; 
 DEFINE>{===>} int_2_19=1.0; 
 DEFINE>{===>} int_2_20=1.0; 
 DEFINE>{===>} int_3_1="N.A."; 
 DEFINE>{===>} int_3_2="N.A."; 
 DEFINE>{===>} int_3_3=1.0; 
 DEFINE>{===>} int_3_4=1.0; 
 DEFINE>{===>} int_3_5=1.0; 
 DEFINE>{===>} int_3_6=1.0; 
 DEFINE>{===>} int_3_7=1.0; 
 DEFINE>{===>} int_3_8=1.0; 
 DEFINE>{===>} int_3_9=1.0; 
 DEFINE>{===>} int_3_10=1.0; 
 DEFINE>{===>} int_3_11=1.0; 
 DEFINE>{===>} int_3_12=1.0; 
 DEFINE>{===>} int_3_13=1.0; 
 DEFINE>{===>} int_3_14=1.0; 
 DEFINE>{===>} int_3_15=1.0; 
 DEFINE>{===>} int_3_16=1.0; 
 DEFINE>{===>} int_3_17=1.0; 
 DEFINE>{===>} int_3_18=1.0; 
 DEFINE>{===>} int_3_19=1.0; 
 DEFINE>{===>} int_3_20=1.0; 
 DEFINE>{===>} int_4_1="N.A."; 
 DEFINE>{===>} int_4_2="N.A."; 
 DEFINE>{===>} int_4_3="N.A."; 
 DEFINE>{===>} int_4_4=1.0; 
 DEFINE>{===>} int_4_5=1.0; 
 DEFINE>{===>} int_4_6=1.0; 
 DEFINE>{===>} int_4_7=1.0; 
 DEFINE>{===>} int_4_8=1.0; 
 DEFINE>{===>} int_4_9=1.0; 
 DEFINE>{===>} int_4_10=1.0; 
 DEFINE>{===>} int_4_11=1.0; 
 DEFINE>{===>} int_4_12=1.0; 
 DEFINE>{===>} int_4_13=1.0; 
 DEFINE>{===>} int_4_14=1.0; 
 DEFINE>{===>} int_4_15=1.0; 
 DEFINE>{===>} int_4_16=1.0; 
 DEFINE>{===>} int_4_17=1.0; 
 DEFINE>{===>} int_4_18=1.0; 
 DEFINE>{===>} int_4_19=1.0; 
 DEFINE>{===>} int_4_20=1.0; 
 DEFINE>{===>} int_5_1="N.A."; 
 DEFINE>{===>} int_5_2="N.A."; 
 DEFINE>{===>} int_5_3="N.A."; 
 DEFINE>{===>} int_5_4="N.A."; 
 DEFINE>{===>} int_5_5=1.0; 
 DEFINE>{===>} int_5_6=1.0; 
 DEFINE>{===>} int_5_7=1.0; 
 DEFINE>{===>} int_5_8=1.0; 
 DEFINE>{===>} int_5_9=1.0; 
 DEFINE>{===>} int_5_10=1.0; 
 DEFINE>{===>} int_5_11=1.0; 
 DEFINE>{===>} int_5_12=1.0; 
 DEFINE>{===>} int_5_13=1.0; 
 DEFINE>{===>} int_5_14=1.0; 
 DEFINE>{===>} int_5_15=1.0; 
 DEFINE>{===>} int_5_16=1.0; 
 DEFINE>{===>} int_5_17=1.0; 
 DEFINE>{===>} int_5_18=1.0; 
 DEFINE>{===>} int_5_19=1.0; 
 DEFINE>{===>} int_5_20=1.0; 
 DEFINE>{===>} int_6_1="N.A."; 
 DEFINE>{===>} int_6_2="N.A."; 
 DEFINE>{===>} int_6_3="N.A."; 
 DEFINE>{===>} int_6_4="N.A."; 
 DEFINE>{===>} int_6_5="N.A."; 
 DEFINE>{===>} int_6_6=1.0; 
 DEFINE>{===>} int_6_7=1.0; 
 DEFINE>{===>} int_6_8=1.0; 
 DEFINE>{===>} int_6_9=1.0; 
 DEFINE>{===>} int_6_10=1.0; 
 DEFINE>{===>} int_6_11=1.0; 
 DEFINE>{===>} int_6_12=1.0; 
 DEFINE>{===>} int_6_13=1.0; 
 DEFINE>{===>} int_6_14=1.0; 
 DEFINE>{===>} int_6_15=1.0; 
 DEFINE>{===>} int_6_16=1.0; 
 DEFINE>{===>} int_6_17=1.0; 
 DEFINE>{===>} int_6_18=1.0; 
 DEFINE>{===>} int_6_19=1.0; 
 DEFINE>{===>} int_6_20=1.0; 
 DEFINE>{===>} int_7_1="N.A."; 
 DEFINE>{===>} int_7_2="N.A."; 
 DEFINE>{===>} int_7_3="N.A."; 
 DEFINE>{===>} int_7_4="N.A."; 
 DEFINE>{===>} int_7_5="N.A."; 
 DEFINE>{===>} int_7_6="N.A."; 
 DEFINE>{===>} int_7_7=1.0; 
 DEFINE>{===>} int_7_8=1.0; 
 DEFINE>{===>} int_7_9=1.0; 
 DEFINE>{===>} int_7_10=1.0; 
 DEFINE>{===>} int_7_11=1.0; 
 DEFINE>{===>} int_7_12=1.0; 
 DEFINE>{===>} int_7_13=1.0; 
 DEFINE>{===>} int_7_14=1.0; 
 DEFINE>{===>} int_7_15=1.0; 
 DEFINE>{===>} int_7_16=1.0; 
 DEFINE>{===>} int_7_17=1.0; 
 DEFINE>{===>} int_7_18=1.0; 
 DEFINE>{===>} int_7_19=1.0; 
 DEFINE>{===>} int_7_20=1.0; 
 DEFINE>{===>} int_8_1="N.A."; 
 DEFINE>{===>} int_8_2="N.A."; 
 DEFINE>{===>} int_8_3="N.A."; 
 DEFINE>{===>} int_8_4="N.A."; 
 DEFINE>{===>} int_8_5="N.A."; 
 DEFINE>{===>} int_8_6="N.A."; 
 DEFINE>{===>} int_8_7="N.A."; 
 DEFINE>{===>} int_8_8=1.0; 
 DEFINE>{===>} int_8_9=1.0; 
 DEFINE>{===>} int_8_10=1.0; 
 DEFINE>{===>} int_8_11=1.0; 
 DEFINE>{===>} int_8_12=1.0; 
 DEFINE>{===>} int_8_13=1.0; 
 DEFINE>{===>} int_8_14=1.0; 
 DEFINE>{===>} int_8_15=1.0; 
 DEFINE>{===>} int_8_16=1.0; 
 DEFINE>{===>} int_8_17=1.0; 
 DEFINE>{===>} int_8_18=1.0; 
 DEFINE>{===>} int_8_19=1.0; 
 DEFINE>{===>} int_8_20=1.0; 
 DEFINE>{===>} int_9_1="N.A."; 
 DEFINE>{===>} int_9_2="N.A."; 
 DEFINE>{===>} int_9_3="N.A."; 
 DEFINE>{===>} int_9_4="N.A."; 
 DEFINE>{===>} int_9_5="N.A."; 
 DEFINE>{===>} int_9_6="N.A."; 
 DEFINE>{===>} int_9_7="N.A."; 
 DEFINE>{===>} int_9_8="N.A."; 
 DEFINE>{===>} int_9_9=1.0; 
 DEFINE>{===>} int_9_10=1.0; 
 DEFINE>{===>} int_9_11=1.0; 
 DEFINE>{===>} int_9_12=1.0; 
 DEFINE>{===>} int_9_13=1.0; 
 DEFINE>{===>} int_9_14=1.0; 
 DEFINE>{===>} int_9_15=1.0; 
 DEFINE>{===>} int_9_16=1.0; 
 DEFINE>{===>} int_9_17=1.0; 
 DEFINE>{===>} int_9_18=1.0; 
 DEFINE>{===>} int_9_19=1.0; 
 DEFINE>{===>} int_9_20=1.0; 
 DEFINE>{===>} int_10_1="N.A."; 
 DEFINE>{===>} int_10_2="N.A."; 
 DEFINE>{===>} int_10_3="N.A."; 
 DEFINE>{===>} int_10_4="N.A."; 
 DEFINE>{===>} int_10_5="N.A."; 
 DEFINE>{===>} int_10_6="N.A."; 
 DEFINE>{===>} int_10_7="N.A."; 
 DEFINE>{===>} int_10_8="N.A."; 
 DEFINE>{===>} int_10_9="N.A."; 
 DEFINE>{===>} int_10_10=1.0; 
 DEFINE>{===>} int_10_11=1.0; 
 DEFINE>{===>} int_10_12=1.0; 
 DEFINE>{===>} int_10_13=1.0; 
 DEFINE>{===>} int_10_14=1.0; 
 DEFINE>{===>} int_10_15=1.0; 
 DEFINE>{===>} int_10_16=1.0; 
 DEFINE>{===>} int_10_17=1.0; 
 DEFINE>{===>} int_10_18=1.0; 
 DEFINE>{===>} int_10_19=1.0; 
 DEFINE>{===>} int_10_20=1.0; 
 DEFINE>{===>} int_11_1="N.A."; 
 DEFINE>{===>} int_11_2="N.A."; 
 DEFINE>{===>} int_11_3="N.A."; 
 DEFINE>{===>} int_11_4="N.A."; 
 DEFINE>{===>} int_11_5="N.A."; 
 DEFINE>{===>} int_11_6="N.A."; 
 DEFINE>{===>} int_11_7="N.A."; 
 DEFINE>{===>} int_11_8="N.A."; 
 DEFINE>{===>} int_11_9="N.A."; 
 DEFINE>{===>} int_11_10="N.A."; 
 DEFINE>{===>} int_11_11=1.0; 
 DEFINE>{===>} int_11_12=1.0; 
 DEFINE>{===>} int_11_13=1.0; 
 DEFINE>{===>} int_11_14=1.0; 
 DEFINE>{===>} int_11_15=1.0; 
 DEFINE>{===>} int_11_16=1.0; 
 DEFINE>{===>} int_11_17=1.0; 
 DEFINE>{===>} int_11_18=1.0; 
 DEFINE>{===>} int_11_19=1.0; 
 DEFINE>{===>} int_11_20=1.0; 
 DEFINE>{===>} int_12_1="N.A."; 
 DEFINE>{===>} int_12_2="N.A."; 
 DEFINE>{===>} int_12_3="N.A."; 
 DEFINE>{===>} int_12_4="N.A."; 
 DEFINE>{===>} int_12_5="N.A."; 
 DEFINE>{===>} int_12_6="N.A."; 
 DEFINE>{===>} int_12_7="N.A."; 
 DEFINE>{===>} int_12_8="N.A."; 
 DEFINE>{===>} int_12_9="N.A."; 
 DEFINE>{===>} int_12_10="N.A."; 
 DEFINE>{===>} int_12_11="N.A."; 
 DEFINE>{===>} int_12_12=1.0; 
 DEFINE>{===>} int_12_13=1.0; 
 DEFINE>{===>} int_12_14=1.0; 
 DEFINE>{===>} int_12_15=1.0; 
 DEFINE>{===>} int_12_16=1.0; 
 DEFINE>{===>} int_12_17=1.0; 
 DEFINE>{===>} int_12_18=1.0; 
 DEFINE>{===>} int_12_19=1.0; 
 DEFINE>{===>} int_12_20=1.0; 
 DEFINE>{===>} int_13_1="N.A."; 
 DEFINE>{===>} int_13_2="N.A."; 
 DEFINE>{===>} int_13_3="N.A."; 
 DEFINE>{===>} int_13_4="N.A."; 
 DEFINE>{===>} int_13_5="N.A."; 
 DEFINE>{===>} int_13_6="N.A."; 
 DEFINE>{===>} int_13_7="N.A."; 
 DEFINE>{===>} int_13_8="N.A."; 
 DEFINE>{===>} int_13_9="N.A."; 
 DEFINE>{===>} int_13_10="N.A."; 
 DEFINE>{===>} int_13_11="N.A."; 
 DEFINE>{===>} int_13_12="N.A."; 
 DEFINE>{===>} int_13_13=1.0; 
 DEFINE>{===>} int_13_14=1.0; 
 DEFINE>{===>} int_13_15=1.0; 
 DEFINE>{===>} int_13_16=1.0; 
 DEFINE>{===>} int_13_17=1.0; 
 DEFINE>{===>} int_13_18=1.0; 
 DEFINE>{===>} int_13_19=1.0; 
 DEFINE>{===>} int_13_20=1.0; 
 DEFINE>{===>} int_14_1="N.A."; 
 DEFINE>{===>} int_14_2="N.A."; 
 DEFINE>{===>} int_14_3="N.A."; 
 DEFINE>{===>} int_14_4="N.A."; 
 DEFINE>{===>} int_14_5="N.A."; 
 DEFINE>{===>} int_14_6="N.A."; 
 DEFINE>{===>} int_14_7="N.A."; 
 DEFINE>{===>} int_14_8="N.A."; 
 DEFINE>{===>} int_14_9="N.A."; 
 DEFINE>{===>} int_14_10="N.A."; 
 DEFINE>{===>} int_14_11="N.A."; 
 DEFINE>{===>} int_14_12="N.A."; 
 DEFINE>{===>} int_14_13="N.A."; 
 DEFINE>{===>} int_14_14=1.0; 
 DEFINE>{===>} int_14_15=1.0; 
 DEFINE>{===>} int_14_16=1.0; 
 DEFINE>{===>} int_14_17=1.0; 
 DEFINE>{===>} int_14_18=1.0; 
 DEFINE>{===>} int_14_19=1.0; 
 DEFINE>{===>} int_14_20=1.0; 
 DEFINE>{===>} int_15_1="N.A."; 
 DEFINE>{===>} int_15_2="N.A."; 
 DEFINE>{===>} int_15_3="N.A."; 
 DEFINE>{===>} int_15_4="N.A."; 
 DEFINE>{===>} int_15_5="N.A."; 
 DEFINE>{===>} int_15_6="N.A."; 
 DEFINE>{===>} int_15_7="N.A."; 
 DEFINE>{===>} int_15_8="N.A."; 
 DEFINE>{===>} int_15_9="N.A."; 
 DEFINE>{===>} int_15_10="N.A."; 
 DEFINE>{===>} int_15_11="N.A."; 
 DEFINE>{===>} int_15_12="N.A."; 
 DEFINE>{===>} int_15_13="N.A."; 
 DEFINE>{===>} int_15_14="N.A."; 
 DEFINE>{===>} int_15_15=1.0; 
 DEFINE>{===>} int_15_16=1.0; 
 DEFINE>{===>} int_15_17=1.0; 
 DEFINE>{===>} int_15_18=1.0; 
 DEFINE>{===>} int_15_19=1.0; 
 DEFINE>{===>} int_15_20=1.0; 
 DEFINE>{===>} int_16_1="N.A."; 
 DEFINE>{===>} int_16_2="N.A."; 
 DEFINE>{===>} int_16_3="N.A."; 
 DEFINE>{===>} int_16_4="N.A."; 
 DEFINE>{===>} int_16_5="N.A."; 
 DEFINE>{===>} int_16_6="N.A."; 
 DEFINE>{===>} int_16_7="N.A."; 
 DEFINE>{===>} int_16_8="N.A."; 
 DEFINE>{===>} int_16_9="N.A."; 
 DEFINE>{===>} int_16_10="N.A."; 
 DEFINE>{===>} int_16_11="N.A."; 
 DEFINE>{===>} int_16_12="N.A."; 
 DEFINE>{===>} int_16_13="N.A."; 
 DEFINE>{===>} int_16_14="N.A."; 
 DEFINE>{===>} int_16_15="N.A."; 
 DEFINE>{===>} int_16_16=1.0; 
 DEFINE>{===>} int_16_17=1.0; 
 DEFINE>{===>} int_16_18=1.0; 
 DEFINE>{===>} int_16_19=1.0; 
 DEFINE>{===>} int_16_20=1.0; 
 DEFINE>{===>} int_17_1="N.A."; 
 DEFINE>{===>} int_17_2="N.A."; 
 DEFINE>{===>} int_17_3="N.A."; 
 DEFINE>{===>} int_17_4="N.A."; 
 DEFINE>{===>} int_17_5="N.A."; 
 DEFINE>{===>} int_17_6="N.A."; 
 DEFINE>{===>} int_17_7="N.A."; 
 DEFINE>{===>} int_17_8="N.A."; 
 DEFINE>{===>} int_17_9="N.A."; 
 DEFINE>{===>} int_17_10="N.A."; 
 DEFINE>{===>} int_17_11="N.A."; 
 DEFINE>{===>} int_17_12="N.A."; 
 DEFINE>{===>} int_17_13="N.A."; 
 DEFINE>{===>} int_17_14="N.A."; 
 DEFINE>{===>} int_17_15="N.A."; 
 DEFINE>{===>} int_17_16="N.A."; 
 DEFINE>{===>} int_17_17=1.0; 
 DEFINE>{===>} int_17_18=1.0; 
 DEFINE>{===>} int_17_19=1.0; 
 DEFINE>{===>} int_17_20=1.0; 
 DEFINE>{===>} int_18_1="N.A."; 
 DEFINE>{===>} int_18_2="N.A."; 
 DEFINE>{===>} int_18_3="N.A."; 
 DEFINE>{===>} int_18_4="N.A."; 
 DEFINE>{===>} int_18_5="N.A."; 
 DEFINE>{===>} int_18_6="N.A."; 
 DEFINE>{===>} int_18_7="N.A."; 
 DEFINE>{===>} int_18_8="N.A."; 
 DEFINE>{===>} int_18_9="N.A."; 
 DEFINE>{===>} int_18_10="N.A."; 
 DEFINE>{===>} int_18_11="N.A."; 
 DEFINE>{===>} int_18_12="N.A."; 
 DEFINE>{===>} int_18_13="N.A."; 
 DEFINE>{===>} int_18_14="N.A."; 
 DEFINE>{===>} int_18_15="N.A."; 
 DEFINE>{===>} int_18_16="N.A."; 
 DEFINE>{===>} int_18_17="N.A."; 
 DEFINE>{===>} int_18_18=1.0; 
 DEFINE>{===>} int_18_19=1.0; 
 DEFINE>{===>} int_18_20=1.0; 
 DEFINE>{===>} int_19_1="N.A."; 
 DEFINE>{===>} int_19_2="N.A."; 
 DEFINE>{===>} int_19_3="N.A."; 
 DEFINE>{===>} int_19_4="N.A."; 
 DEFINE>{===>} int_19_5="N.A."; 
 DEFINE>{===>} int_19_6="N.A."; 
 DEFINE>{===>} int_19_7="N.A."; 
 DEFINE>{===>} int_19_8="N.A."; 
 DEFINE>{===>} int_19_9="N.A."; 
 DEFINE>{===>} int_19_10="N.A."; 
 DEFINE>{===>} int_19_11="N.A."; 
 DEFINE>{===>} int_19_12="N.A."; 
 DEFINE>{===>} int_19_13="N.A."; 
 DEFINE>{===>} int_19_14="N.A."; 
 DEFINE>{===>} int_19_15="N.A."; 
 DEFINE>{===>} int_19_16="N.A."; 
 DEFINE>{===>} int_19_17="N.A."; 
 DEFINE>{===>} int_19_18="N.A."; 
 DEFINE>{===>} int_19_19=1.0; 
 DEFINE>{===>} int_19_20=1.0; 
 DEFINE>{===>} int_20_1="N.A."; 
 DEFINE>{===>} int_20_2="N.A."; 
 DEFINE>{===>} int_20_3="N.A."; 
 DEFINE>{===>} int_20_4="N.A."; 
 DEFINE>{===>} int_20_5="N.A."; 
 DEFINE>{===>} int_20_6="N.A."; 
 DEFINE>{===>} int_20_7="N.A."; 
 DEFINE>{===>} int_20_8="N.A."; 
 DEFINE>{===>} int_20_9="N.A."; 
 DEFINE>{===>} int_20_10="N.A."; 
 DEFINE>{===>} int_20_11="N.A."; 
 DEFINE>{===>} int_20_12="N.A."; 
 DEFINE>{===>} int_20_13="N.A."; 
 DEFINE>{===>} int_20_14="N.A."; 
 DEFINE>{===>} int_20_15="N.A."; 
 DEFINE>{===>} int_20_16="N.A."; 
 DEFINE>{===>} int_20_17="N.A."; 
 DEFINE>{===>} int_20_18="N.A."; 
 DEFINE>{===>} int_20_19="N.A."; 
 DEFINE>{===>} int_20_20=1.0; 
 DEFINE> 
 DEFINE>{===================== Number of structures to dock =======================} 
 DEFINE>{* Setting for the rigid-body (it0) and semi-flexible refinement (it1) *} 
 DEFINE> 
 DEFINE>{* number of structures for rigid body docking *} 
 DEFINE>{===>} structures_0=1000; 
 DEFINE>       keepstruct_0=&structures_0; 
 DEFINE>{* number of structures for refinement *} 
 DEFINE>{===>} structures_1=200; 
 DEFINE>       keepstruct_1=&structures_1; 
 DEFINE>       keepstruct_2=&structures_1; 
 DEFINE>{* number of structures to be analysed*} 
 DEFINE>{===>} anastruc_1=200; 
 DEFINE>       anastruc_0=&anastruc_1; 
 DEFINE>       anastruc_2=&anastruc_1; 
 DEFINE> 
 DEFINE>{* - *} 
 DEFINE> 
 DEFINE>{* Sampling of symmetry related solutions                       *} 
 DEFINE> 
 DEFINE>{* Sample 180 degrees rotated solutions during rigid body EM?   *} 
 DEFINE>{+ choice: true false +} 
 DEFINE>{===>} rotate180_it0=true; 
 DEFINE> 
 DEFINE>{* Sample 180 degrees rotated solutions during semi-flexible SA?*} 
 DEFINE>{+ choice: true false +} 
 DEFINE>{===>} rotate180_it1=false; 
 DEFINE> 
 DEFINE> 
 DEFINE>{=========================== DOCKING protocol =============================} 
 DEFINE>{* Cross-dock all combinations in the ensembles of starting structures? *} 
 DEFINE>{* Turn off this option if you only want to dock structure 1 of ensemble A *} 
 DEFINE>{*   to structure 1 of ensemble B, structure 2 to structure 2, etc. *} 
 DEFINE>{+ choice: true false +} 
 DEFINE>{===>} crossdock=true; 
 DEFINE> 
 DEFINE>{* Randomize starting orientations? *} 
 DEFINE>{+ choice: true false +} 
 DEFINE>{===>} randorien=true; 
 DEFINE> 
 DEFINE>{* Expand starting orientations? *} 
 DEFINE>{+ choice: true false +} 
 DEFINE>{===>} expand=false; 
 DEFINE> 
 DEFINE>{* Expansion percentage *} 
 DEFINE>{===>} expansion=0.4; 
 DEFINE> 
 DEFINE>{* Random rotation angle *} 
 DEFINE>{===>} randangle=6; 
 DEFINE> 
 DEFINE>{* Rebuild missing atoms in the context of the complex? (refinement mode) *} 
 DEFINE>{+ choice: true false +} 
 DEFINE>{===>} rebuildcplx=false; 
 DEFINE> 
 DEFINE>{* Perform initial rigid body minimisation? *} 
 DEFINE>{+ choice: true false +} 
 DEFINE>{===>} rigidmini=true; 
 DEFINE> 
 DEFINE>{* Allow translation in rigid body minimisation? *} 
 DEFINE>{+ choice: true false +} 
 DEFINE>{===>} rigidtrans=true; 
 DEFINE> 
 DEFINE>{* Number of trials for rigid body minimisation? *} 
 DEFINE>{===>} ntrials=5; 
 DEFINE> 
 DEFINE>{* initial seed for random number generator *} 
 DEFINE>{* change to get different initial velocities *} 
 DEFINE>{===>} iniseed=917; 
 DEFINE> 
 DEFINE>{* temperature for rigid body high temperature TAD *} 
 DEFINE>{===>} tadhigh_t=2000; 
 DEFINE> 
 DEFINE>{* initial temperature for rigid body first TAD cooling step *} 
 DEFINE>{===>} tadinit1_t=2000; 
 DEFINE> 
 DEFINE>{* final temperature after first cooling step *} 
 DEFINE>{===>} tadfinal1_t=500; 
 DEFINE> 
 DEFINE>{* initial temperature for second TAD cooling step with flexible side-chain at the inferface *} 
 DEFINE>{===>} tadinit2_t=500; 
 DEFINE> 
 DEFINE>{* finale temperature after second cooling step *} 
 DEFINE>{===>} tadfinal2_t=50; 
 DEFINE> 
 DEFINE>{* initial temperature for third TAD cooling step with fully flexible interface *} 
 DEFINE>{===>} tadinit3_t=300; 
 DEFINE> 
 DEFINE>{* finale temperature after third cooling step *} 
 DEFINE>{===>} tadfinal3_t=50; 
 DEFINE> 
 DEFINE>{* time step *} 
 DEFINE>{===>} timestep=0.002; 
 DEFINE>{* factor for timestep in TAD *} 
 DEFINE>{===>} tadfactor=8; 
 DEFINE> 
 DEFINE>{* Number of EM steps for translational minimisation? *} 
 DEFINE>{===>} emstepstrans=1000; 
 DEFINE> 
 DEFINE>{* number of MD steps for rigid body high temperature TAD *} 
 DEFINE>{===>} initiosteps=0; 
 DEFINE> 
 DEFINE>{* number of MD steps during first rigid body cooling stage *} 
 DEFINE>{===>} cool1_steps=0; 
 DEFINE> 
 DEFINE>{* number of MD steps during second cooling stage with flexible side-chains at interface *} 
 DEFINE>{===>} cool2_steps=1000; 
 DEFINE> 
 DEFINE>{* number of MD steps during third cooling stage with fully flexible interface *} 
 DEFINE>{===>} cool3_steps=1000; 
 DEFINE> 
 DEFINE> 
 DEFINE>{======================= Solvated rigid body docking=======================} 
 DEFINE>{* perform solvated docking ? *} 
 DEFINE>{+ choice: true false +} 
 DEFINE>{===>} waterdock=false; 
 DEFINE> 
 DEFINE>{* which method to use for solvating? *} 
 DEFINE>{* db: database-based (recommended), restraints: for restrained solvating to amino-acid most often forming 
 DEFINE>water mediated contacts and blank (""): for uniform waterlayer *} 
 DEFINE>{+ choice: "db" "restraints" "" +} 
 DEFINE>{===>} solvate_method="db"; 
 DEFINE> 
 DEFINE>{* which propensity database to use? *} 
 DEFINE>{* statistical: based on an analysis of water-mediated contacts in the PDB, kyte-doolittle: based on the Kyte-Doolittle hydrophobicity scalte *} 
 DEFINE>{+ choice: "statistical" "kytedoolittle" +} 
 DEFINE>{===>} db_method="kytedoolittle"; 
 DEFINE> 
 DEFINE>{* initial cutoff for restraints solvating method *} 
 DEFINE>{* all waters further away from a highly occuring water solvated residue will be removed in the generation 
 DEFINE>of the initial solvation shell *} 
 DEFINE>{===>} water_restraint_initial=5.0; 
 DEFINE> 
 DEFINE>{* cutoff for restraints solvating method *} 
 DEFINE>{* upper distance limit for defining distance restraints between water and amino-acids often found to be 
 DEFINE>involved in water-mediated contacts *} 
 DEFINE>{===>} water_restraint_cutoff=5.0; 
 DEFINE> 
 DEFINE>{* force constant for restrainted solvating method *} 
 DEFINE>{===>} water_restraint_scale=25.0; 
 DEFINE> 
 DEFINE>{* fraction of water to keep *} 
 DEFINE>{* this is the fraction of all interface water after the initial rigid body docking that will be kept 
 DEFINE>(note that more waters might be removed if the interaction energy is unfavorable  *} 
 DEFINE>{===>} water_tokeep=0.50; 
 DEFINE> 
 DEFINE>{* fraction of water around DNA to keep *} 
 DEFINE>{* this is the fraction of interface water involving DNA phoshpates after the initial rigid body docking that will be kept 
 DEFINE>(note that more waters might be removed if the interaction energy is unfavorable  *} 
 DEFINE>{===>} dnap_water_tokeep=0.75; 
 DEFINE> 
 DEFINE>{* random fraction to be added to the fraction of water to keep *} 
 DEFINE>{===>} water_randfrac=0.0; 
 DEFINE> 
 DEFINE>{* water-protein surface-cutoff *} 
 DEFINE>{* waters further away than this cutoff distance from any component of the complex will be removed *} 
 DEFINE>{===>} water_surfcutoff=8.0; 
 DEFINE> 
 DEFINE>{* do some water analysis *} 
 DEFINE>{+ choice: true false +} 
 DEFINE>{===>} water_analysis=false; 
 DEFINE> 
 DEFINE>{* allows translation of water molecules during rigid-body docking, true or false: *} 
 DEFINE>{+ choice: true false +} 
 DEFINE>{===>} transwater=true; 
 DEFINE> 
 DEFINE>{* number of different initial solvation shells to generate *} 
 DEFINE>{===>} waterensemble=1; 
 DEFINE> 
 DEFINE> 
 DEFINE>{==================== final explicit solvent refinement  ==================} 
 DEFINE>{* Do you want to refine your docking models in explicit solvent? *} 
 DEFINE>{+ choice: "yes" "no" +} 
 DEFINE>{===>} firstwater="yes"; 
 DEFINE> 
 DEFINE>{* Build explicit solvent shell? (Can be turned off the large molecules or when morphing CG to AA models) *} 
 DEFINE>{* Only EM will then be performed                                                                         *} 
 DEFINE>{+ choice: true false +} 
 DEFINE>{===>} solvshell=true; 
 DEFINE> 
 DEFINE>{* Which solvent do you want to use? *} 
 DEFINE>{+ choice: "water" "dmso" +} 
 DEFINE>{===>} solvent="water"; 
 DEFINE> 
 DEFINE>{* number of structures for the explicit solvent refinement *} 
 DEFINE>{* the n best structures will be refined                    *} 
 DEFINE>{===>} waterrefine=200; 
 DEFINE>       structures_2=&waterrefine; 
 DEFINE> 
 DEFINE>{* number of steps for heating phase (100, 200, 300K)?      *} 
 DEFINE>{===>} waterheatsteps=100; 
 DEFINE> 
 DEFINE>{* number of steps for 300K sampling phase?                 *} 
 DEFINE>{===>} watersteps=1250; 
 DEFINE> 
 DEFINE>{* number of steps for cooling phase (300, 200, 100K)?      *} 
 DEFINE>{===>} watercoolsteps=500; 
 DEFINE> 
 DEFINE>{* write additional PDB files including solvent ?           *} 
 DEFINE>{+ choice: true false +} 
 DEFINE>{===>} keepwater=true; 
 DEFINE> 
 DEFINE>{================================ Scoring =================================} 
 DEFINE>{* Settings for the scoring of the docking solutions *} 
 DEFINE> 
 DEFINE>{* Define the weights for the various terms for the sorting of structures (scoring) *} 
 DEFINE>{+ table: rows=14 "Evdw" "Eelec" "Eair" "Erg" "Esani" "Exrdc" "Expcs" "Edani" "Evean" "Ecdih" "Esym" "BSA" "dEint" "Edesolv" 
 DEFINE>          cols=3 "Rigid body EM" "semi-flexible SA" "Water refinement" +} 
 DEFINE>{===>} w_vdw_0=1.00; 
 DEFINE>{===>} w_vdw_1=1.0; 
 DEFINE>{===>} w_vdw_2=1.0; 
 DEFINE>{===>} w_elec_0=1.0; 
 DEFINE>{===>} w_elec_1=1.0; 
 DEFINE>{===>} w_elec_2=0.1; 
 DEFINE>{===>} w_dist_0=0.01; 
 DEFINE>{===>} w_dist_1=0.1; 
 DEFINE>{===>} w_dist_2=0.1; 
 DEFINE>{===>} w_rg_0=0.1; 
 DEFINE>{===>} w_rg_1=1.0; 
 DEFINE>{===>} w_rg_2=1.0; 
 DEFINE>{===>} w_sani_0=0.1; 
 DEFINE>{===>} w_sani_1=0.1; 
 DEFINE>{===>} w_sani_2=0.1; 
 DEFINE>{===>} w_xrdc_0=0.1; 
 DEFINE>{===>} w_xrdc_1=0.1; 
 DEFINE>{===>} w_xrdc_2=0.1; 
 DEFINE>{===>} w_xpcs_0=0.1; 
 DEFINE>{===>} w_xpcs_1=0.1; 
 DEFINE>{===>} w_xpcs_2=0.1; 
 DEFINE>{===>} w_dani_0=0.01; 
 DEFINE>{===>} w_dani_1=0.1; 
 DEFINE>{===>} w_dani_2=0.1; 
 DEFINE>{===>} w_vean_0=0.1; 
 DEFINE>{===>} w_vean_1=0.1; 
 DEFINE>{===>} w_vean_2=0.1; 
 DEFINE>{===>} w_cdih_0=0.0; 
 DEFINE>{===>} w_cdih_1=0.0; 
 DEFINE>{===>} w_cdih_2=0.0; 
 DEFINE>{===>} w_sym_0=0.1; 
 DEFINE>{===>} w_sym_1=0.1; 
 DEFINE>{===>} w_sym_2=0.1; 
 DEFINE>{===>} w_zres_0=0.1; 
 DEFINE>{===>} w_zres_1=0.1; 
 DEFINE>{===>} w_zres_2=0.1; 
 DEFINE>{===>} w_bsa_0=-0.01; 
 DEFINE>{===>} w_bsa_1=-0.01; 
 DEFINE>{===>} w_bsa_2=0.0; 
 DEFINE>{===>} w_deint_0=0.0; 
 DEFINE>{===>} w_deint_1=0.0; 
 DEFINE>{===>} w_deint_2=0.0; 
 DEFINE>{===>} w_desolv_0=1.0; 
 DEFINE>{===>} w_desolv_1=1.0; 
 DEFINE>{===>} w_desolv_2=1.0; 
 DEFINE> 
 DEFINE>{* It is possible to skip structures in the selection of structure in it0 *} 
 DEFINE>{* Give for this the number of structures to skip: *} 
 DEFINE>{===>} skip_struc=0; 
 DEFINE> 
 DEFINE>{======================= analysis and clustering ==========================} 
 DEFINE>{* Cutoff distance (proton-acceptor) to define an hydrogen bond? *} 
 DEFINE>{===>} dist_hb=2.5; 
 DEFINE> 
 DEFINE>{* Cutoff distance (carbon-carbon) to define an hydrophobic contact? *} 
 DEFINE>{===>} dist_nb=3.9; 
 DEFINE> 
 DEFINE>{* Clustering method (RMSD or Fraction of Common Contacts (FCC)) *} 
 DEFINE>{+ choice: "RMSD" "FCC" +} 
 DEFINE>{===>} clust_meth="RMSD"; 
 DEFINE> 
 DEFINE>{* RMSD cutoff for clustering? (Recommended values: RMSD 7.5, FCC 0.75) *} 
 DEFINE>{===>} clust_cutoff=1.50; 
 DEFINE> 
 DEFINE>{* Minimum cluster size? *} 
 DEFINE>{===>} clust_size=4; 
 DEFINE> 
 DEFINE>{* Chain-Agnostic Algorithm (used for FCC clustering in symmetrical complexes) *} 
 DEFINE>{+ choice: "true" "false" +} 
 DEFINE>{===>} fcc_ignc=false; 
 DEFINE> 
 DEFINE>{* Full or limited analysis of results? *} 
 DEFINE>{+ choice: "full" "cluster" "none" +} 
 DEFINE>{===>} runana=cluster; 
 DEFINE> 
 DEFINE> 
 DEFINE>{======================= final clean-up ===================================} 
 DEFINE>{* Clean up the run directory after completion (only files for struct #1 are kept) ? *} 
 DEFINE>{+ choice: true false +} 
 DEFINE>{===>} cleanup=true; 
 DEFINE> 
 DEFINE>{============================ parallel jobs ===============================} 
 DEFINE>{* How many nodes do you want to use in parallel? *} 
 DEFINE>{* leave unused fields blank, make sure that the queues are actually running *} 
 DEFINE>{+ table: rows=10 "1" "2" "3" "4" "5" "6" "7" "8" "9" "10" 
 DEFINE> cols=3 "queue command" "cns executable" "number of jobs" +} 
 DEFINE> 
 DEFINE>{===>} queue_1="/trinity/rascar/enmr/software/haddock2.5/batch_tools/diracsubmit-haddock2.5"; 
 DEFINE>{===>} cns_exe_1="/trinity/rascar/enmr/software/cns/cns_solve_1.31-UU/intel-x86_64bit-linux/bin/cns"; 
 DEFINE>{===>} cpunumber_1=100; 
 DEFINE> 
 DEFINE> 
 DEFINE>{===========================================================================} 
 DEFINE>{        things below this line do not normally need to be changed          } 
 DEFINE>{===========================================================================} 
 DEFINE> 
 DEFINE>) {- end block parameter definition -} 
 CNSsolve> 
 CNSsolve>!for global parameters (local variables (suffix ) => global variables): 
 CNSsolve>evaluate (&saprotocol.crossdock=&crossdock) 
 EVALUATE: symbol $_1_SAPROTOCOL.CROSSDOCK set to TRUE (logical)
 CNSsolve>evaluate (&saprotocol.randorien=&randorien) 
 EVALUATE: symbol $_1_SAPROTOCOL.RANDORIEN set to TRUE (logical)
 CNSsolve>evaluate (&saprotocol.rebuildcplx=&rebuildcplx) 
 EVALUATE: symbol $_1_SAPROTOCOL.REBUILDCPLX set to FALSE (logical)
 CNSsolve>evaluate (&saprotocol.rigidmini=&rigidmini) 
 EVALUATE: symbol $_1_SAPROTOCOL.RIGIDMINI set to TRUE (logical)
 CNSsolve>evaluate (&saprotocol.rigidtrans=&rigidtrans) 
 EVALUATE: symbol $_1_SAPROTOCOL.RIGIDTRANS set to TRUE (logical)
 CNSsolve>evaluate (&saprotocol.expand=&expand) 
 EVALUATE: symbol $_1_SAPROTOCOL.EXPAND set to FALSE (logical)
 CNSsolve>evaluate (&saprotocol.expansion=&expansion) 
 EVALUATE: symbol $_1_SAPROTOCOL.EXPANSION set to   0.400000     (real)
 CNSsolve>evaluate (&saprotocol.randangle=&randangle) 
 EVALUATE: symbol $_1_SAPROTOCOL.RANDANGLE set to    6.00000     (real)
 CNSsolve> 
 CNSsolve>if (&saprotocol.expand eq true) then 
 NEXTCD: condition evaluated as false
 CNSsolve>  evaluate (&saprotocol.randorien=false) 
 CNSsolve>  evaluate (&saprotocol.rigidmini=false) 
 CNSsolve>end if 
 CNSsolve>evaluate (&saprotocol.ntrials=&ntrials) 
 EVALUATE: symbol $_1_SAPROTOCOL.NTRIALS set to    5.00000     (real)
 CNSsolve>evaluate (&saprotocol.iniseed=&iniseed) 
 EVALUATE: symbol $_1_SAPROTOCOL.INISEED set to    917.000     (real)
 CNSsolve>evaluate (&saprotocol.tadhigh_t=&tadhigh_t) 
 EVALUATE: symbol $_1_SAPROTOCOL.TADHIGH_T set to    2000.00     (real)
 CNSsolve>evaluate (&saprotocol.t1_init=&tadinit1_t) 
 EVALUATE: symbol $_1_SAPROTOCOL.T1_INIT set to    2000.00     (real)
 CNSsolve>evaluate (&saprotocol.t2_init=&tadinit2_t) 
 EVALUATE: symbol $_1_SAPROTOCOL.T2_INIT set to    500.000     (real)
 CNSsolve>evaluate (&saprotocol.t3_init=&tadinit3_t) 
 EVALUATE: symbol $_1_SAPROTOCOL.T3_INIT set to    300.000     (real)
 CNSsolve>evaluate (&saprotocol.t1_final=&tadfinal1_t) 
 EVALUATE: symbol $_1_SAPROTOCOL.T1_FINAL set to    500.000     (real)
 CNSsolve>evaluate (&saprotocol.t2_final=&tadfinal2_t) 
 EVALUATE: symbol $_1_SAPROTOCOL.T2_FINAL set to    50.0000     (real)
 CNSsolve>evaluate (&saprotocol.t3_final=&tadfinal3_t) 
 EVALUATE: symbol $_1_SAPROTOCOL.T3_FINAL set to    50.0000     (real)
 CNSsolve>evaluate (&saprotocol.inter_rigid=&inter_rigid) 
 EVALUATE: symbol $_1_SAPROTOCOL.INTER_RIGID set to    1.00000     (real)
 CNSsolve>evaluate (&saprotocol.inter_init_rigid=&init_rigid) 
 EVALUATE: symbol $_1_SAPROTOCOL.INTER_INIT_RIGID set to   0.100000E-02 (real)
 CNSsolve>evaluate (&saprotocol.inter_fin_rigid=&fin_rigid) 
 EVALUATE: symbol $_1_SAPROTOCOL.INTER_FIN_RIGID set to   0.100000E-02 (real)
 CNSsolve>evaluate (&saprotocol.inter_init_cool2=&init_cool2) 
 EVALUATE: symbol $_1_SAPROTOCOL.INTER_INIT_COOL2 set to   0.100000E-02 (real)
 CNSsolve>evaluate (&saprotocol.inter_fin_cool2=&fin_cool2) 
 EVALUATE: symbol $_1_SAPROTOCOL.INTER_FIN_COOL2 set to    1.00000     (real)
 CNSsolve>evaluate (&saprotocol.inter_init_cool3=&init_cool3) 
 EVALUATE: symbol $_1_SAPROTOCOL.INTER_INIT_COOL3 set to   0.500000E-01 (real)
 CNSsolve>evaluate (&saprotocol.inter_fin_cool3=&fin_cool3) 
 EVALUATE: symbol $_1_SAPROTOCOL.INTER_FIN_COOL3 set to    1.00000     (real)
 CNSsolve>evaluate (&saprotocol.rotate180_it0=&rotate180_it0) 
 EVALUATE: symbol $_1_SAPROTOCOL.ROTATE180_IT0 set to TRUE (logical)
 CNSsolve>evaluate (&saprotocol.rotate180_it1=&rotate180_it1) 
 EVALUATE: symbol $_1_SAPROTOCOL.ROTATE180_IT1 set to FALSE (logical)
 CNSsolve>evaluate (&saprotocol.tempstep=50) 
 EVALUATE: symbol $_1_SAPROTOCOL.TEMPSTEP set to    50.0000     (real)
 CNSsolve>evaluate (&saprotocol.timestep=&timestep) 
 EVALUATE: symbol $_1_SAPROTOCOL.TIMESTEP set to   0.200000E-02 (real)
 CNSsolve>evaluate (&saprotocol.tadfactor=&tadfactor) 
 EVALUATE: symbol $_1_SAPROTOCOL.TADFACTOR set to    8.00000     (real)
 CNSsolve>evaluate (&saprotocol.emstepstrans=&emstepstrans) 
 EVALUATE: symbol $_1_SAPROTOCOL.EMSTEPSTRANS set to    1000.00     (real)
 CNSsolve>evaluate (&saprotocol.initiosteps=&initiosteps) 
 EVALUATE: symbol $_1_SAPROTOCOL.INITIOSTEPS set to    0.00000     (real)
 CNSsolve>evaluate (&saprotocol.cool1_steps=&cool1_steps) 
 EVALUATE: symbol $_1_SAPROTOCOL.COOL1_STEPS set to    0.00000     (real)
 CNSsolve>evaluate (&saprotocol.cool2_steps=&cool2_steps) 
 EVALUATE: symbol $_1_SAPROTOCOL.COOL2_STEPS set to    1000.00     (real)
 CNSsolve>evaluate (&saprotocol.cool3_steps=&cool3_steps) 
 EVALUATE: symbol $_1_SAPROTOCOL.COOL3_STEPS set to    1000.00     (real)
 CNSsolve>evaluate (&saprotocol.fbeta=100) 
 EVALUATE: symbol $_1_SAPROTOCOL.FBETA set to    100.000     (real)
 CNSsolve>evaluate (&saprotocol.mass=100) 
 EVALUATE: symbol $_1_SAPROTOCOL.MASS set to    100.000     (real)
 CNSsolve> 
 CNSsolve>evaluate (&filenames.fileroot=&fileroot) 
 EVALUATE: symbol $_1_FILENAMES.FILEROOT set to "complex" (string)
 CNSsolve>evaluate (&filenames.template=&fileroot + "_1.pdb") 
 EVALUATE: symbol $_1_FILENAMES.TEMPLATE set to "complex_1.pdb" (string)
 CNSsolve> 
 CNSsolve>evaluate (&iterations.ini_count    =1) 
 EVALUATE: symbol $_1_ITERATIONS.INI_COUNT set to    1.00000     (real)
 CNSsolve>evaluate (&iterations.structures   =&structures_$iteration) 
 EVALUATE: symbol $_1_ITERATIONS.STRUCTURES set to    200.000     (real)
 CNSsolve>evaluate (&iterations.keepstruct   =&keepstruct_$iteration) 
 EVALUATE: symbol $_1_ITERATIONS.KEEPSTRUCT set to    200.000     (real)
 CNSsolve>evaluate (&iterations.w_vdw        =&w_vdw_$iteration) 
 EVALUATE: symbol $_1_ITERATIONS.W_VDW set to    1.00000     (real)
 CNSsolve>evaluate (&iterations.w_elec       =&w_elec_$iteration) 
 EVALUATE: symbol $_1_ITERATIONS.W_ELEC set to   0.100000     (real)
 CNSsolve>evaluate (&iterations.w_dist       =&w_dist_$iteration) 
 EVALUATE: symbol $_1_ITERATIONS.W_DIST set to   0.100000     (real)
 CNSsolve>evaluate (&iterations.w_rg         =&w_rg_$iteration) 
 EVALUATE: symbol $_1_ITERATIONS.W_RG set to    1.00000     (real)
 CNSsolve>evaluate (&iterations.w_sani       =&w_sani_$iteration) 
 EVALUATE: symbol $_1_ITERATIONS.W_SANI set to   0.100000     (real)
 CNSsolve>evaluate (&iterations.w_xrdc       =&w_xrdc_$iteration) 
 EVALUATE: symbol $_1_ITERATIONS.W_XRDC set to   0.100000     (real)
 CNSsolve>evaluate (&iterations.w_xpcs       =&w_xpcs_$iteration) 
 EVALUATE: symbol $_1_ITERATIONS.W_XPCS set to   0.100000     (real)
 CNSsolve>evaluate (&iterations.w_dani       =&w_dani_$iteration) 
 EVALUATE: symbol $_1_ITERATIONS.W_DANI set to   0.100000     (real)
 CNSsolve>evaluate (&iterations.w_vean       =&w_vean_$iteration) 
 EVALUATE: symbol $_1_ITERATIONS.W_VEAN set to   0.100000     (real)
 CNSsolve>evaluate (&iterations.w_cdih       =&w_cdih_$iteration) 
 EVALUATE: symbol $_1_ITERATIONS.W_CDIH set to    0.00000     (real)
 CNSsolve>evaluate (&iterations.w_sym        =&w_sym_$iteration) 
 EVALUATE: symbol $_1_ITERATIONS.W_SYM set to   0.100000     (real)
 CNSsolve>evaluate (&iterations.w_zres       =&w_zres_$iteration) 
 EVALUATE: symbol $_1_ITERATIONS.W_ZRES set to   0.100000     (real)
 CNSsolve>evaluate (&iterations.w_bsa        =&w_bsa_$iteration) 
 EVALUATE: symbol $_1_ITERATIONS.W_BSA set to    0.00000     (real)
 CNSsolve>evaluate (&iterations.w_deint      =&w_deint_$iteration) 
 EVALUATE: symbol $_1_ITERATIONS.W_DEINT set to    0.00000     (real)
 CNSsolve>evaluate (&iterations.w_desolv     =&w_desolv_$iteration) 
 EVALUATE: symbol $_1_ITERATIONS.W_DESOLV set to    1.00000     (real)
 CNSsolve>evaluate (&iterations.anastruc     =&anastruc_$iteration) 
 EVALUATE: symbol $_1_ITERATIONS.ANASTRUC set to    200.000     (real)
 CNSsolve>evaluate (&iterations.w_lcc        = &w_lcc_$iteration) 
 EVALUATE: symbol $_1_ITERATIONS.W_LCC set to   -10000.0     (real)
 CNSsolve> 
 CNSsolve> 
 CNSsolve>evaluate (&data.ncomponents=&ncomponents) 
 EVALUATE: symbol $_1_DATA.NCOMPONENTS set to    2.00000     (real)
 CNSsolve> 
 CNSsolve>evaluate ($nmol=1) 
 EVALUATE: symbol $NMOL set to    1.00000     (real)
 CNSsolve>while ($nmol <= &data.ncomponents) loop mol 
 NEXTCD: condition evaluated as true
 CNSsolve> 
 CNSsolve>  !aa topology, linkage and parameters files 
 CNSsolve>  evaluate (&toppar.prot_top_$nmol=&prot_top_mol$nmol ) 
 EVALUATE: symbol $_1_TOPPAR.PROT_TOP_1 set to "dna-rna-allatom-hj-opls-1.3.top" (string)
 CNSsolve>  evaluate (&toppar.prot_link_$nmol=&prot_link_mol$nmol ) 
 EVALUATE: symbol $_1_TOPPAR.PROT_LINK_1 set to "dna-rna-1.3.link" (string)
 CNSsolve>  evaluate (&toppar.prot_par_$nmol=&prot_par_mol$nmol ) 
 EVALUATE: symbol $_1_TOPPAR.PROT_PAR_1 set to "dna-rna-allatom-hj-opls-1.3.param" (string)
 CNSsolve> 
 CNSsolve>  !coarse grained topology, linkage and parameters files 
 CNSsolve>  evaluate (&toppar.prot_cg_top_$nmol=&prot_cg_top_mol$nmol ) 
 EVALUATE: symbol $_1_TOPPAR.PROT_CG_TOP_1 set to "protein-CG-Martini-2-2.top" (string)
 CNSsolve>  evaluate (&toppar.prot_cg_link_$nmol=&prot_cg_link_mol$nmol ) 
 EVALUATE: symbol $_1_TOPPAR.PROT_CG_LINK_1 set to "protein-CG-Martini-2-2.link" (string)
 CNSsolve>  evaluate (&toppar.prot_cg_par_$nmol=&prot_cg_par_mol$nmol ) 
 EVALUATE: symbol $_1_TOPPAR.PROT_CG_PAR_1 set to "protein-CG-Martini-2-2.param" (string)
 CNSsolve> 
 CNSsolve>  !molecule related (coordinate files, rootname, fix, type, coarse grained, segid) 
 CNSsolve>  evaluate (&toppar.prot_coor_$nmol=&prot_coor_mol$nmol) 
 EVALUATE: symbol $_1_TOPPAR.PROT_COOR_1 set to "protein1.pdb" (string)
 CNSsolve>  evaluate (&toppar.prot_root_$nmol=&prot_root_mol$nmol) 
 EVALUATE: symbol $_1_TOPPAR.PROT_ROOT_1 set to "protein1" (string)
 CNSsolve>  evaluate (&toppar.fix_origin_$nmol=&fix_origin_mol$nmol) 
 EVALUATE: symbol $_1_TOPPAR.FIX_ORIGIN_1 set to FALSE (logical)
 CNSsolve>  evaluate (&toppar.dna_$nmol=&dna_mol$nmol) 
 EVALUATE: symbol $_1_TOPPAR.DNA_1 set to TRUE (logical)
 CNSsolve>  evaluate (&toppar.cyclicpept_$nmol=&cyclicpept_mol$nmol) 
 EVALUATE: symbol $_1_TOPPAR.CYCLICPEPT_1 set to FALSE (logical)
 CNSsolve>  evaluate (&toppar.shape_$nmol=&shape_mol$nmol) 
 EVALUATE: symbol $_1_TOPPAR.SHAPE_1 set to FALSE (logical)
 CNSsolve>  evaluate (&toppar.cg_$nmol=&cg_mol$nmol) 
 EVALUATE: symbol $_1_TOPPAR.CG_1 set to FALSE (logical)
 CNSsolve>  evaluate (&toppar.prot_segid_$nmol=&prot_segid_mol$nmol) 
 EVALUATE: symbol $_1_TOPPAR.PROT_SEGID_1 set to "A" (string)
 CNSsolve> 
 CNSsolve>  !semi flexible segments 
 CNSsolve>  evaluate (&toppar.nseg_$nmol=&nseg_$nmol) 
 EVALUATE: symbol $_1_TOPPAR.NSEG_1 set to   -1.00000     (real)
 CNSsolve>  evaluate ($nseg = 1) 
 EVALUATE: symbol $NSEG set to    1.00000     (real)
 CNSsolve>  while ($nseg <= &toppar.nseg_$nmol) loop seg 
 NEXTCD: condition evaluated as false
 CNSsolve>    evaluate (&toppar.start_seg_$nmol_$nseg=&start_seg_$nmol_$nseg) 
 CNSsolve>    evaluate (&toppar.end_seg_$nmol_$nseg=&end_seg_$nmol_$nseg) 
 CNSsolve>    evaluate ($nseg = $nseg + 1) 
 CNSsolve>  end loop seg 
 CNSsolve> 
 CNSsolve>  !fully flexible segments 
 CNSsolve>  evaluate (&toppar.nfle_$nmol=&nfle_$nmol) 
 EVALUATE: symbol $_1_TOPPAR.NFLE_1 set to    0.00000     (real)
 CNSsolve>  evaluate ($nfle = 1) 
 EVALUATE: symbol $NFLE set to    1.00000     (real)
 CNSsolve>  while ($nfle <= &toppar.nfle_$nmol) loop fle 
 NEXTCD: condition evaluated as false
 CNSsolve>    evaluate (&toppar.start_fle_$nmol_$nfle=&start_fle_$nmol_$nfle) 
 CNSsolve>    evaluate (&toppar.end_fle_$nmol_$nfle=&end_fle_$nmol_$nfle) 
 CNSsolve>    evaluate ($nfle = $nfle + 1) 
 CNSsolve>  end loop fle 
 CNSsolve> 
 CNSsolve>  !histidine patches 
 CNSsolve>  evaluate (&toppar.autohis=&autohis) 
 EVALUATE: symbol $_1_TOPPAR.AUTOHIS set to FALSE (logical)
 CNSsolve>  evaluate (&toppar.nhisd_$nmol=&numhisd_$nmol) 
 EVALUATE: symbol $_1_TOPPAR.NHISD_1 set to    0.00000     (real)
 CNSsolve>  evaluate ($ncc=1) 
 EVALUATE: symbol $NCC set to    1.00000     (real)
 CNSsolve>  while ($ncc <= &toppar.nhisd_$nmol) loop hisd 
 NEXTCD: condition evaluated as false
 CNSsolve>    evaluate (&toppar.hisd_resid_$nmol_$ncc=&hisd_$nmol_$ncc) 
 CNSsolve>    evaluate ($ncc = $ncc + 1) 
 CNSsolve>  end loop hisd 
 CNSsolve> 
 CNSsolve>  evaluate (&toppar.nhise_$nmol=&numhise_$nmol) 
 EVALUATE: symbol $_1_TOPPAR.NHISE_1 set to    0.00000     (real)
 CNSsolve>  evaluate ($ncc=1) 
 EVALUATE: symbol $NCC set to    1.00000     (real)
 CNSsolve>  while ($ncc <= &toppar.nhise_$nmol) loop hisd 
 NEXTCD: condition evaluated as false
 CNSsolve>    evaluate (&toppar.hise_resid_$nmol_$ncc=&hise_$nmol_$ncc) 
 CNSsolve>    evaluate ($ncc = $ncc + 1) 
 CNSsolve>  end loop hisd 
 CNSsolve> 
 CNSsolve>  evaluate ($nmol = $nmol + 1) 
 EVALUATE: symbol $NMOL set to    2.00000     (real)
 CNSsolve> 
 CNSsolve>end loop mol 
 CNSsolve>while ($nmol <= &data.ncomponents) loop mol 
 NEXTCD: condition evaluated as true
 CNSsolve> 
 CNSsolve>  !aa topology, linkage and parameters files 
 CNSsolve>  evaluate (&toppar.prot_top_$nmol=&prot_top_mol$nmol ) 
 EVALUATE: symbol $_1_TOPPAR.PROT_TOP_2 set to "protein-allhdg5-4.top" (string)
 CNSsolve>  evaluate (&toppar.prot_link_$nmol=&prot_link_mol$nmol ) 
 EVALUATE: symbol $_1_TOPPAR.PROT_LINK_2 set to "protein-allhdg5-4-noter.link" (string)
 CNSsolve>  evaluate (&toppar.prot_par_$nmol=&prot_par_mol$nmol ) 
 EVALUATE: symbol $_1_TOPPAR.PROT_PAR_2 set to "protein-allhdg5-4.param" (string)
 CNSsolve> 
 CNSsolve>  !coarse grained topology, linkage and parameters files 
 CNSsolve>  evaluate (&toppar.prot_cg_top_$nmol=&prot_cg_top_mol$nmol ) 
 EVALUATE: symbol $_1_TOPPAR.PROT_CG_TOP_2 set to "protein-CG-Martini-2-2.top" (string)
 CNSsolve>  evaluate (&toppar.prot_cg_link_$nmol=&prot_cg_link_mol$nmol ) 
 EVALUATE: symbol $_1_TOPPAR.PROT_CG_LINK_2 set to "protein-CG-Martini-2-2.link" (string)
 CNSsolve>  evaluate (&toppar.prot_cg_par_$nmol=&prot_cg_par_mol$nmol ) 
 EVALUATE: symbol $_1_TOPPAR.PROT_CG_PAR_2 set to "protein-CG-Martini-2-2.param" (string)
 CNSsolve> 
 CNSsolve>  !molecule related (coordinate files, rootname, fix, type, coarse grained, segid) 
 CNSsolve>  evaluate (&toppar.prot_coor_$nmol=&prot_coor_mol$nmol) 
 EVALUATE: symbol $_1_TOPPAR.PROT_COOR_2 set to "protein2.pdb" (string)
 CNSsolve>  evaluate (&toppar.prot_root_$nmol=&prot_root_mol$nmol) 
 EVALUATE: symbol $_1_TOPPAR.PROT_ROOT_2 set to "protein2" (string)
 CNSsolve>  evaluate (&toppar.fix_origin_$nmol=&fix_origin_mol$nmol) 
 EVALUATE: symbol $_1_TOPPAR.FIX_ORIGIN_2 set to FALSE (logical)
 CNSsolve>  evaluate (&toppar.dna_$nmol=&dna_mol$nmol) 
 EVALUATE: symbol $_1_TOPPAR.DNA_2 set to FALSE (logical)
 CNSsolve>  evaluate (&toppar.cyclicpept_$nmol=&cyclicpept_mol$nmol) 
 EVALUATE: symbol $_1_TOPPAR.CYCLICPEPT_2 set to FALSE (logical)
 CNSsolve>  evaluate (&toppar.shape_$nmol=&shape_mol$nmol) 
 EVALUATE: symbol $_1_TOPPAR.SHAPE_2 set to FALSE (logical)
 CNSsolve>  evaluate (&toppar.cg_$nmol=&cg_mol$nmol) 
 EVALUATE: symbol $_1_TOPPAR.CG_2 set to FALSE (logical)
 CNSsolve>  evaluate (&toppar.prot_segid_$nmol=&prot_segid_mol$nmol) 
 EVALUATE: symbol $_1_TOPPAR.PROT_SEGID_2 set to "B" (string)
 CNSsolve> 
 CNSsolve>  !semi flexible segments 
 CNSsolve>  evaluate (&toppar.nseg_$nmol=&nseg_$nmol) 
 EVALUATE: symbol $_1_TOPPAR.NSEG_2 set to   -1.00000     (real)
 CNSsolve>  evaluate ($nseg = 1) 
 EVALUATE: symbol $NSEG set to    1.00000     (real)
 CNSsolve>  while ($nseg <= &toppar.nseg_$nmol) loop seg 
 NEXTCD: condition evaluated as false
 CNSsolve>    evaluate (&toppar.start_seg_$nmol_$nseg=&start_seg_$nmol_$nseg) 
 CNSsolve>    evaluate (&toppar.end_seg_$nmol_$nseg=&end_seg_$nmol_$nseg) 
 CNSsolve>    evaluate ($nseg = $nseg + 1) 
 CNSsolve>  end loop seg 
 CNSsolve> 
 CNSsolve>  !fully flexible segments 
 CNSsolve>  evaluate (&toppar.nfle_$nmol=&nfle_$nmol) 
 EVALUATE: symbol $_1_TOPPAR.NFLE_2 set to    0.00000     (real)
 CNSsolve>  evaluate ($nfle = 1) 
 EVALUATE: symbol $NFLE set to    1.00000     (real)
 CNSsolve>  while ($nfle <= &toppar.nfle_$nmol) loop fle 
 NEXTCD: condition evaluated as false
 CNSsolve>    evaluate (&toppar.start_fle_$nmol_$nfle=&start_fle_$nmol_$nfle) 
 CNSsolve>    evaluate (&toppar.end_fle_$nmol_$nfle=&end_fle_$nmol_$nfle) 
 CNSsolve>    evaluate ($nfle = $nfle + 1) 
 CNSsolve>  end loop fle 
 CNSsolve> 
 CNSsolve>  !histidine patches 
 CNSsolve>  evaluate (&toppar.autohis=&autohis) 
 EVALUATE: symbol $_1_TOPPAR.AUTOHIS set to FALSE (logical)
 CNSsolve>  evaluate (&toppar.nhisd_$nmol=&numhisd_$nmol) 
 EVALUATE: symbol $_1_TOPPAR.NHISD_2 set to    0.00000     (real)
 CNSsolve>  evaluate ($ncc=1) 
 EVALUATE: symbol $NCC set to    1.00000     (real)
 CNSsolve>  while ($ncc <= &toppar.nhisd_$nmol) loop hisd 
 NEXTCD: condition evaluated as false
 CNSsolve>    evaluate (&toppar.hisd_resid_$nmol_$ncc=&hisd_$nmol_$ncc) 
 CNSsolve>    evaluate ($ncc = $ncc + 1) 
 CNSsolve>  end loop hisd 
 CNSsolve> 
 CNSsolve>  evaluate (&toppar.nhise_$nmol=&numhise_$nmol) 
 EVALUATE: symbol $_1_TOPPAR.NHISE_2 set to    0.00000     (real)
 CNSsolve>  evaluate ($ncc=1) 
 EVALUATE: symbol $NCC set to    1.00000     (real)
 CNSsolve>  while ($ncc <= &toppar.nhise_$nmol) loop hisd 
 NEXTCD: condition evaluated as false
 CNSsolve>    evaluate (&toppar.hise_resid_$nmol_$ncc=&hise_$nmol_$ncc) 
 CNSsolve>    evaluate ($ncc = $ncc + 1) 
 CNSsolve>  end loop hisd 
 CNSsolve> 
 CNSsolve>  evaluate ($nmol = $nmol + 1) 
 EVALUATE: symbol $NMOL set to    3.00000     (real)
 CNSsolve> 
 CNSsolve>end loop mol 
 CNSsolve>while ($nmol <= &data.ncomponents) loop mol 
 NEXTCD: condition evaluated as false
 CNSsolve> 
 CNSsolve>  !aa topology, linkage and parameters files 
 CNSsolve>  evaluate (&toppar.prot_top_$nmol=&prot_top_mol$nmol ) 
 CNSsolve>  evaluate (&toppar.prot_link_$nmol=&prot_link_mol$nmol ) 
 CNSsolve>  evaluate (&toppar.prot_par_$nmol=&prot_par_mol$nmol ) 
 CNSsolve> 
 CNSsolve>  !coarse grained topology, linkage and parameters files 
 CNSsolve>  evaluate (&toppar.prot_cg_top_$nmol=&prot_cg_top_mol$nmol ) 
 CNSsolve>  evaluate (&toppar.prot_cg_link_$nmol=&prot_cg_link_mol$nmol ) 
 CNSsolve>  evaluate (&toppar.prot_cg_par_$nmol=&prot_cg_par_mol$nmol ) 
 CNSsolve> 
 CNSsolve>  !molecule related (coordinate files, rootname, fix, type, coarse grained, segid) 
 CNSsolve>  evaluate (&toppar.prot_coor_$nmol=&prot_coor_mol$nmol) 
 CNSsolve>  evaluate (&toppar.prot_root_$nmol=&prot_root_mol$nmol) 
 CNSsolve>  evaluate (&toppar.fix_origin_$nmol=&fix_origin_mol$nmol) 
 CNSsolve>  evaluate (&toppar.dna_$nmol=&dna_mol$nmol) 
 CNSsolve>  evaluate (&toppar.cyclicpept_$nmol=&cyclicpept_mol$nmol) 
 CNSsolve>  evaluate (&toppar.shape_$nmol=&shape_mol$nmol) 
 CNSsolve>  evaluate (&toppar.cg_$nmol=&cg_mol$nmol) 
 CNSsolve>  evaluate (&toppar.prot_segid_$nmol=&prot_segid_mol$nmol) 
 CNSsolve> 
 CNSsolve>  !semi flexible segments 
 CNSsolve>  evaluate (&toppar.nseg_$nmol=&nseg_$nmol) 
 CNSsolve>  evaluate ($nseg = 1) 
 CNSsolve>  while ($nseg <= &toppar.nseg_$nmol) loop seg 
 CNSsolve>    evaluate (&toppar.start_seg_$nmol_$nseg=&start_seg_$nmol_$nseg) 
 CNSsolve>    evaluate (&toppar.end_seg_$nmol_$nseg=&end_seg_$nmol_$nseg) 
 CNSsolve>    evaluate ($nseg = $nseg + 1) 
 CNSsolve>  end loop seg 
 CNSsolve> 
 CNSsolve>  !fully flexible segments 
 CNSsolve>  evaluate (&toppar.nfle_$nmol=&nfle_$nmol) 
 CNSsolve>  evaluate ($nfle = 1) 
 CNSsolve>  while ($nfle <= &toppar.nfle_$nmol) loop fle 
 CNSsolve>    evaluate (&toppar.start_fle_$nmol_$nfle=&start_fle_$nmol_$nfle) 
 CNSsolve>    evaluate (&toppar.end_fle_$nmol_$nfle=&end_fle_$nmol_$nfle) 
 CNSsolve>    evaluate ($nfle = $nfle + 1) 
 CNSsolve>  end loop fle 
 CNSsolve> 
 CNSsolve>  !histidine patches 
 CNSsolve>  evaluate (&toppar.autohis=&autohis) 
 CNSsolve>  evaluate (&toppar.nhisd_$nmol=&numhisd_$nmol) 
 CNSsolve>  evaluate ($ncc=1) 
 CNSsolve>  while ($ncc <= &toppar.nhisd_$nmol) loop hisd 
 CNSsolve>    evaluate (&toppar.hisd_resid_$nmol_$ncc=&hisd_$nmol_$ncc) 
 CNSsolve>    evaluate ($ncc = $ncc + 1) 
 CNSsolve>  end loop hisd 
 CNSsolve> 
 CNSsolve>  evaluate (&toppar.nhise_$nmol=&numhise_$nmol) 
 CNSsolve>  evaluate ($ncc=1) 
 CNSsolve>  while ($ncc <= &toppar.nhise_$nmol) loop hisd 
 CNSsolve>    evaluate (&toppar.hise_resid_$nmol_$ncc=&hise_$nmol_$ncc) 
 CNSsolve>    evaluate ($ncc = $ncc + 1) 
 CNSsolve>  end loop hisd 
 CNSsolve> 
 CNSsolve>  evaluate ($nmol = $nmol + 1) 
 CNSsolve> 
 CNSsolve>end loop mol 
 CNSsolve> 
 CNSsolve>! non-bonded parameter set to use 
 CNSsolve>evaluate (&toppar.par_nonbonded=&par_nonbonded) 
 EVALUATE: symbol $_1_TOPPAR.PAR_NONBONDED set to "OPLSX" (string)
 CNSsolve> 
 CNSsolve>! z-restraining 
 CNSsolve>evaluate (&Data.flags.zres =  &zres_on) 
 EVALUATE: symbol $_1_DATA.FLAGS.ZRES set to FALSE (logical)
 CNSsolve>evaluate (&data.numzres=&numzres) 
 EVALUATE: symbol $_1_DATA.NUMZRES set to    0.00000     (real)
 CNSsolve>evaluate ($ncc=1) 
 EVALUATE: symbol $NCC set to    1.00000     (real)
 CNSsolve>while ($ncc <= &numzres) loop zres 
 NEXTCD: condition evaluated as false
 CNSsolve>  evaluate (&toppar.zres_sta_$ncc=&zres_sta_$ncc) 
 CNSsolve>  evaluate (&toppar.zres_end_$ncc=&zres_end_$ncc) 
 CNSsolve>  evaluate (&toppar.zres_seg_$ncc=&zres_seg_$ncc) 
 CNSsolve>  evaluate (&toppar.zres_type_$ncc=&zres_type_$ncc) 
 CNSsolve>  evaluate ($ncc = $ncc + 1) 
 CNSsolve>end loop zres 
 CNSsolve> 
 CNSsolve>! NCS restraints 
 CNSsolve>evaluate (&data.kncs=&kncs) 
 Assuming literal string "&KNCS"
 EVALUATE: symbol $_1_DATA.KNCS set to "&KNCS" (string)
 CNSsolve>evaluate (&Data.flags.ncs  =  &ncs_on) 
 EVALUATE: symbol $_1_DATA.FLAGS.NCS set to FALSE (logical)
 CNSsolve>evaluate (&data.numncs=&numncs) 
 EVALUATE: symbol $_1_DATA.NUMNCS set to    0.00000     (real)
 CNSsolve>evaluate ($ncc=1) 
 EVALUATE: symbol $NCC set to    1.00000     (real)
 CNSsolve>while ($ncc <= &numncs) loop ncs 
 NEXTCD: condition evaluated as false
 CNSsolve>  evaluate (&toppar.ncs_sta1_$ncc=&ncs_sta1_$ncc) 
 CNSsolve>  evaluate (&toppar.ncs_end1_$ncc=&ncs_end1_$ncc) 
 CNSsolve>  evaluate (&toppar.ncs_seg1_$ncc=&ncs_seg1_$ncc) 
 CNSsolve>  evaluate (&toppar.ncs_sta2_$ncc=&ncs_sta2_$ncc) 
 CNSsolve>  evaluate (&toppar.ncs_end2_$ncc=&ncs_end2_$ncc) 
 CNSsolve>  evaluate (&toppar.ncs_seg2_$ncc=&ncs_seg2_$ncc) 
 CNSsolve>  evaluate ($ncc = $ncc + 1) 
 CNSsolve>end loop ncs 
 CNSsolve> 
 CNSsolve>! Symmetry restraints 
 CNSsolve>evaluate (&data.ksym=&ksym) 
 EVALUATE: symbol $_1_DATA.KSYM set to    10.0000     (real)
 CNSsolve>evaluate (&Data.flags.sym  =  &sym_on) 
 EVALUATE: symbol $_1_DATA.FLAGS.SYM set to FALSE (logical)
 CNSsolve>evaluate (&data.numc2sym=&numc2sym) 
 EVALUATE: symbol $_1_DATA.NUMC2SYM set to    0.00000     (real)
 CNSsolve>evaluate ($nsym=1) 
 EVALUATE: symbol $NSYM set to    1.00000     (real)
 CNSsolve>while ($nsym <= &numc2sym) loop sym 
 NEXTCD: condition evaluated as false
 CNSsolve>  evaluate (&toppar.c2sym_sta1_$nsym=&c2sym_sta1_$nsym) 
 CNSsolve>  evaluate (&toppar.c2sym_end1_$nsym=&c2sym_end1_$nsym) 
 CNSsolve>  evaluate (&toppar.c2sym_seg1_$nsym=&c2sym_seg1_$nsym) 
 CNSsolve>  evaluate (&toppar.c2sym_sta2_$nsym=&c2sym_sta2_$nsym) 
 CNSsolve>  evaluate (&toppar.c2sym_end2_$nsym=&c2sym_end2_$nsym) 
 CNSsolve>  evaluate (&toppar.c2sym_seg2_$nsym=&c2sym_seg2_$nsym) 
 CNSsolve>  evaluate ($nsym = $nsym + 1) 
 CNSsolve>end loop sym 
 CNSsolve> 
 CNSsolve>evaluate (&data.numc3sym=&numc3sym) 
 EVALUATE: symbol $_1_DATA.NUMC3SYM set to    0.00000     (real)
 CNSsolve>evaluate ($nsym=1) 
 EVALUATE: symbol $NSYM set to    1.00000     (real)
 CNSsolve>while ($nsym <= &numc3sym) loop sym 
 NEXTCD: condition evaluated as false
 CNSsolve>  evaluate (&toppar.c3sym_sta1_$nsym=&c3sym_sta1_$nsym) 
 CNSsolve>  evaluate (&toppar.c3sym_end1_$nsym=&c3sym_end1_$nsym) 
 CNSsolve>  evaluate (&toppar.c3sym_seg1_$nsym=&c3sym_seg1_$nsym) 
 CNSsolve>  evaluate (&toppar.c3sym_sta2_$nsym=&c3sym_sta2_$nsym) 
 CNSsolve>  evaluate (&toppar.c3sym_end2_$nsym=&c3sym_end2_$nsym) 
 CNSsolve>  evaluate (&toppar.c3sym_seg2_$nsym=&c3sym_seg2_$nsym) 
 CNSsolve>  evaluate (&toppar.c3sym_sta3_$nsym=&c3sym_sta3_$nsym) 
 CNSsolve>  evaluate (&toppar.c3sym_end3_$nsym=&c3sym_end3_$nsym) 
 CNSsolve>  evaluate (&toppar.c3sym_seg3_$nsym=&c3sym_seg3_$nsym) 
 CNSsolve>  evaluate ($nsym = $nsym + 1) 
 CNSsolve>end loop sym 
 CNSsolve> 
 CNSsolve>evaluate (&data.nums3sym=&nums3sym) 
 EVALUATE: symbol $_1_DATA.NUMS3SYM set to    0.00000     (real)
 CNSsolve>evaluate ($nsym=1) 
 EVALUATE: symbol $NSYM set to    1.00000     (real)
 CNSsolve>while ($nsym <= &nums3sym) loop sym 
 NEXTCD: condition evaluated as false
 CNSsolve>  evaluate (&toppar.s3sym_sta1_$nsym=&s3sym_sta1_$nsym) 
 CNSsolve>  evaluate (&toppar.s3sym_end1_$nsym=&s3sym_end1_$nsym) 
 CNSsolve>  evaluate (&toppar.s3sym_seg1_$nsym=&s3sym_seg1_$nsym) 
 CNSsolve>  evaluate (&toppar.s3sym_sta2_$nsym=&s3sym_sta2_$nsym) 
 CNSsolve>  evaluate (&toppar.s3sym_end2_$nsym=&s3sym_end2_$nsym) 
 CNSsolve>  evaluate (&toppar.s3sym_seg2_$nsym=&s3sym_seg2_$nsym) 
 CNSsolve>  evaluate (&toppar.s3sym_sta3_$nsym=&s3sym_sta3_$nsym) 
 CNSsolve>  evaluate (&toppar.s3sym_end3_$nsym=&s3sym_end3_$nsym) 
 CNSsolve>  evaluate (&toppar.s3sym_seg3_$nsym=&s3sym_seg3_$nsym) 
 CNSsolve>  evaluate ($nsym = $nsym + 1) 
 CNSsolve>end loop sym 
 CNSsolve> 
 CNSsolve>evaluate (&data.numc4sym=&numc4sym) 
 EVALUATE: symbol $_1_DATA.NUMC4SYM set to    0.00000     (real)
 CNSsolve>evaluate ($nsym=1) 
 EVALUATE: symbol $NSYM set to    1.00000     (real)
 CNSsolve>while ($nsym <= &numc4sym) loop sym 
 NEXTCD: condition evaluated as false
 CNSsolve>  evaluate (&toppar.c4sym_sta1_$nsym=&c4sym_sta1_$nsym) 
 CNSsolve>  evaluate (&toppar.c4sym_end1_$nsym=&c4sym_end1_$nsym) 
 CNSsolve>  evaluate (&toppar.c4sym_seg1_$nsym=&c4sym_seg1_$nsym) 
 CNSsolve>  evaluate (&toppar.c4sym_sta2_$nsym=&c4sym_sta2_$nsym) 
 CNSsolve>  evaluate (&toppar.c4sym_end2_$nsym=&c4sym_end2_$nsym) 
 CNSsolve>  evaluate (&toppar.c4sym_seg2_$nsym=&c4sym_seg2_$nsym) 
 CNSsolve>  evaluate (&toppar.c4sym_sta3_$nsym=&c4sym_sta3_$nsym) 
 CNSsolve>  evaluate (&toppar.c4sym_end3_$nsym=&c4sym_end3_$nsym) 
 CNSsolve>  evaluate (&toppar.c4sym_seg3_$nsym=&c4sym_seg3_$nsym) 
 CNSsolve>  evaluate (&toppar.c4sym_sta4_$nsym=&c4sym_sta4_$nsym) 
 CNSsolve>  evaluate (&toppar.c4sym_end4_$nsym=&c4sym_end4_$nsym) 
 CNSsolve>  evaluate (&toppar.c4sym_seg4_$nsym=&c4sym_seg4_$nsym) 
 CNSsolve>  evaluate ($nsym = $nsym + 1) 
 CNSsolve>end loop sym 
 CNSsolve> 
 CNSsolve>evaluate (&data.numc5sym=&numc5sym) 
 EVALUATE: symbol $_1_DATA.NUMC5SYM set to    0.00000     (real)
 CNSsolve>evaluate ($nsym=1) 
 EVALUATE: symbol $NSYM set to    1.00000     (real)
 CNSsolve>while ($nsym <= &numc5sym) loop sym 
 NEXTCD: condition evaluated as false
 CNSsolve>  evaluate (&toppar.c5sym_sta1_$nsym=&c5sym_sta1_$nsym) 
 CNSsolve>  evaluate (&toppar.c5sym_end1_$nsym=&c5sym_end1_$nsym) 
 CNSsolve>  evaluate (&toppar.c5sym_seg1_$nsym=&c5sym_seg1_$nsym) 
 CNSsolve>  evaluate (&toppar.c5sym_sta2_$nsym=&c5sym_sta2_$nsym) 
 CNSsolve>  evaluate (&toppar.c5sym_end2_$nsym=&c5sym_end2_$nsym) 
 CNSsolve>  evaluate (&toppar.c5sym_seg2_$nsym=&c5sym_seg2_$nsym) 
 CNSsolve>  evaluate (&toppar.c5sym_sta3_$nsym=&c5sym_sta3_$nsym) 
 CNSsolve>  evaluate (&toppar.c5sym_end3_$nsym=&c5sym_end3_$nsym) 
 CNSsolve>  evaluate (&toppar.c5sym_seg3_$nsym=&c5sym_seg3_$nsym) 
 CNSsolve>  evaluate (&toppar.c5sym_sta4_$nsym=&c5sym_sta4_$nsym) 
 CNSsolve>  evaluate (&toppar.c5sym_end4_$nsym=&c5sym_end4_$nsym) 
 CNSsolve>  evaluate (&toppar.c5sym_seg4_$nsym=&c5sym_seg4_$nsym) 
 CNSsolve>  evaluate (&toppar.c5sym_sta5_$nsym=&c5sym_sta5_$nsym) 
 CNSsolve>  evaluate (&toppar.c5sym_end5_$nsym=&c5sym_end5_$nsym) 
 CNSsolve>  evaluate (&toppar.c5sym_seg5_$nsym=&c5sym_seg5_$nsym) 
 CNSsolve>  evaluate ($nsym = $nsym + 1) 
 CNSsolve>end loop sym 
 CNSsolve> 
 CNSsolve>evaluate (&data.numc6sym=&numc6sym) 
 EVALUATE: symbol $_1_DATA.NUMC6SYM set to    0.00000     (real)
 CNSsolve>evaluate ($nsym=1) 
 EVALUATE: symbol $NSYM set to    1.00000     (real)
 CNSsolve>while ($nsym <= &numc6sym) loop sym 
 NEXTCD: condition evaluated as false
 CNSsolve>  evaluate (&toppar.c6sym_sta1_$nsym=&c6sym_sta1_$nsym) 
 CNSsolve>  evaluate (&toppar.c6sym_end1_$nsym=&c6sym_end1_$nsym) 
 CNSsolve>  evaluate (&toppar.c6sym_seg1_$nsym=&c6sym_seg1_$nsym) 
 CNSsolve>  evaluate (&toppar.c6sym_sta2_$nsym=&c6sym_sta2_$nsym) 
 CNSsolve>  evaluate (&toppar.c6sym_end2_$nsym=&c6sym_end2_$nsym) 
 CNSsolve>  evaluate (&toppar.c6sym_seg2_$nsym=&c6sym_seg2_$nsym) 
 CNSsolve>  evaluate (&toppar.c6sym_sta3_$nsym=&c6sym_sta3_$nsym) 
 CNSsolve>  evaluate (&toppar.c6sym_end3_$nsym=&c6sym_end3_$nsym) 
 CNSsolve>  evaluate (&toppar.c6sym_seg3_$nsym=&c6sym_seg3_$nsym) 
 CNSsolve>  evaluate (&toppar.c6sym_sta4_$nsym=&c6sym_sta4_$nsym) 
 CNSsolve>  evaluate (&toppar.c6sym_end4_$nsym=&c6sym_end4_$nsym) 
 CNSsolve>  evaluate (&toppar.c6sym_seg4_$nsym=&c6sym_seg4_$nsym) 
 CNSsolve>  evaluate (&toppar.c6sym_sta5_$nsym=&c6sym_sta5_$nsym) 
 CNSsolve>  evaluate (&toppar.c6sym_end5_$nsym=&c6sym_end5_$nsym) 
 CNSsolve>  evaluate (&toppar.c6sym_seg5_$nsym=&c6sym_seg5_$nsym) 
 CNSsolve>  evaluate (&toppar.c6sym_sta6_$nsym=&c6sym_sta6_$nsym) 
 CNSsolve>  evaluate (&toppar.c6sym_end6_$nsym=&c6sym_end6_$nsym) 
 CNSsolve>  evaluate (&toppar.c6sym_seg6_$nsym=&c6sym_seg6_$nsym) 
 CNSsolve>  evaluate ($nsym = $nsym + 1) 
 CNSsolve>end loop sym 
 CNSsolve> 
 CNSsolve>if ( &data.numc2sym eq 6) then 
 NEXTCD: condition evaluated as false
 CNSsolve>  evaluate (&saprotocol.rotate180_it0 = false) 
 CNSsolve>  evaluate (&saprotocol.rotate180_it1 = false) 
 CNSsolve>end if 
 CNSsolve>if ( &data.numc3sym ne 0) then 
 NEXTCD: condition evaluated as false
 CNSsolve>  evaluate (&saprotocol.rotate180_it0 = false) 
 CNSsolve>  evaluate (&saprotocol.rotate180_it1 = false) 
 CNSsolve>end if 
 CNSsolve>if ( &data.numc4sym ne 0) then 
 NEXTCD: condition evaluated as false
 CNSsolve>  evaluate (&saprotocol.rotate180_it0 = false) 
 CNSsolve>  evaluate (&saprotocol.rotate180_it1 = false) 
 CNSsolve>end if 
 CNSsolve>if ( &data.numc5sym ne 0) then 
 NEXTCD: condition evaluated as false
 CNSsolve>  evaluate (&saprotocol.rotate180_it0 = false) 
 CNSsolve>  evaluate (&saprotocol.rotate180_it1 = false) 
 CNSsolve>end if 
 CNSsolve>if ( &data.numc6sym ne 0) then 
 NEXTCD: condition evaluated as false
 CNSsolve>  evaluate (&saprotocol.rotate180_it0 = false) 
 CNSsolve>  evaluate (&saprotocol.rotate180_it1 = false) 
 CNSsolve>end if 
 CNSsolve> 
 CNSsolve> 
 CNSsolve>!Dihedrals, DNA and distance restraints 
 CNSsolve>evaluate (&Data.dnarest = &dnarest_on) 
 EVALUATE: symbol $_1_DATA.DNAREST set to TRUE (logical)
 CNSsolve>evaluate (&Data.flags.cdih =  &dihedrals_on) 
 EVALUATE: symbol $_1_DATA.FLAGS.CDIH set to FALSE (logical)
 CNSsolve>evaluate (&Data.cdih.on = &dihedrals_on) 
 EVALUATE: symbol $_1_DATA.CDIH.ON set to FALSE (logical)
 CNSsolve>evaluate (&Data.ssdihed = &ssdihed) 
 Assuming literal string "NONE"
 EVALUATE: symbol $_1_DATA.SSDIHED set to "NONE" (string)
 CNSsolve>evaluate (&Data.error_dih = &error_dih) 
 EVALUATE: symbol $_1_DATA.ERROR_DIH set to    10.0000     (real)
 CNSsolve>evaluate (&data.dihedrals.on=&dihedrals_on) 
 EVALUATE: symbol $_1_DATA.DIHEDRALS.ON set to FALSE (logical)
 CNSsolve>evaluate (&data.dihedrals_hot=&dihedrals_hot) 
 EVALUATE: symbol $_1_DATA.DIHEDRALS_HOT set to    5.00000     (real)
 CNSsolve>evaluate (&data.dihedrals_cool1=&dihedrals_cool1) 
 EVALUATE: symbol $_1_DATA.DIHEDRALS_COOL1 set to    5.00000     (real)
 CNSsolve>evaluate (&data.dihedrals_cool2=&dihedrals_cool2) 
 EVALUATE: symbol $_1_DATA.DIHEDRALS_COOL2 set to    50.0000     (real)
 CNSsolve>evaluate (&data.dihedrals_cool3=&dihedrals_cool3) 
 EVALUATE: symbol $_1_DATA.DIHEDRALS_COOL3 set to    200.000     (real)
 CNSsolve>evaluate (&data.hbonds_on=&hbonds_on) 
 EVALUATE: symbol $_1_DATA.HBONDS_ON set to FALSE (logical)
 CNSsolve> 
 CNSsolve>! RDC restraints 
 CNSsolve>evaluate (&Data.flags.vean =  false) 
 EVALUATE: symbol $_1_DATA.FLAGS.VEAN set to FALSE (logical)
 CNSsolve>evaluate (&Data.flags.xrdc =  false) 
 EVALUATE: symbol $_1_DATA.FLAGS.XRDC set to FALSE (logical)
 CNSsolve>evaluate (&Data.flags.sani =  false) 
 EVALUATE: symbol $_1_DATA.FLAGS.SANI set to FALSE (logical)
 CNSsolve>evaluate (&data.numrdc=&numrdc) 
 EVALUATE: symbol $_1_DATA.NUMRDC set to    0.00000     (real)
 CNSsolve>evaluate ($ncc=1) 
 EVALUATE: symbol $NCC set to    1.00000     (real)
 CNSsolve>while ($ncc <= &data.numrdc) loop rdc 
 NEXTCD: condition evaluated as false
 CNSsolve>  if (&rdc_choice_$ncc = "VANGLE") then 
 CNSsolve>    evaluate (&Data.flags.vean =  true) 
 CNSsolve>  end if 
 CNSsolve>  if (&rdc_choice_$ncc = "SANI") then 
 CNSsolve>    evaluate (&Data.flags.sani =  true) 
 CNSsolve>  end if 
 CNSsolve>  if (&rdc_choice_$ncc = "XRDC") then 
 CNSsolve>    evaluate (&Data.flags.xrdc =  true) 
 CNSsolve>  end if 
 CNSsolve>  evaluate (&data.rdc_choice_$ncc=&rdc_choice_$ncc) 
 CNSsolve>  evaluate (&data.rdc_firstIt_$ncc=&rdc_firstIt_$ncc) 
 CNSsolve>  evaluate (&data.rdc_lastIt_$ncc=&rdc_lastIt_$ncc) 
 CNSsolve>  evaluate (&data.rdc_hot_$ncc=&rdc_hot_$ncc) 
 CNSsolve>  evaluate (&data.rdc_cool1_$ncc=&rdc_cool1_$ncc) 
 CNSsolve>  evaluate (&data.rdc_cool2_$ncc=&rdc_cool2_$ncc) 
 CNSsolve>  evaluate (&data.rdc_cool3_$ncc=&rdc_cool3_$ncc) 
 CNSsolve>  evaluate (&data.rdc_r_$ncc=&rdc_r_$ncc) 
 CNSsolve>  evaluate (&data.rdc_d_$ncc=&rdc_d_$ncc) 
 CNSsolve>  evaluate (&data.ini_bor_hot_$ncc=&ini_bor_hot_$ncc) 
 CNSsolve>  evaluate (&data.ini_bor_cool1_$ncc=&ini_bor_cool1_$ncc) 
 CNSsolve>  evaluate (&data.ini_bor_cool2_$ncc=&ini_bor_cool2_$ncc) 
 CNSsolve>  evaluate (&data.ini_bor_cool3_$ncc=&ini_bor_cool3_$ncc) 
 CNSsolve>  evaluate (&data.ini_cen_hot_$ncc=&ini_cen_hot_$ncc) 
 CNSsolve>  evaluate (&data.ini_cen_cool1_$ncc=&ini_cen_cool1_$ncc) 
 CNSsolve>  evaluate (&data.ini_cen_cool2_$ncc=&ini_cen_cool2_$ncc) 
 CNSsolve>  evaluate (&data.ini_cen_cool3_$ncc=&ini_cen_cool3_$ncc) 
 CNSsolve>  evaluate (&data.fin_bor_hot_$ncc=&fin_bor_hot_$ncc) 
 CNSsolve>  evaluate (&data.fin_bor_cool1_$ncc=&fin_bor_cool1_$ncc) 
 CNSsolve>  evaluate (&data.fin_bor_cool2_$ncc=&fin_bor_cool2_$ncc) 
 CNSsolve>  evaluate (&data.fin_bor_cool3_$ncc=&fin_bor_cool3_$ncc) 
 CNSsolve>  evaluate (&data.fin_cen_hot_$ncc=&fin_cen_hot_$ncc) 
 CNSsolve>  evaluate (&data.fin_cen_cool1_$ncc=&fin_cen_cool1_$ncc) 
 CNSsolve>  evaluate (&data.fin_cen_cool2_$ncc=&fin_cen_cool2_$ncc) 
 CNSsolve>  evaluate (&data.fin_cen_cool3_$ncc=&fin_cen_cool3_$ncc) 
 CNSsolve>  evaluate ($ncc=$ncc+1) 
 CNSsolve>end loop rdc 
 CNSsolve> 
 CNSsolve>! PCS restraints 
 CNSsolve>evaluate (&Data.flags.xpcs =  false) 
 EVALUATE: symbol $_1_DATA.FLAGS.XPCS set to FALSE (logical)
 CNSsolve>evaluate (&data.numpcs=&numpcs) 
 EVALUATE: symbol $_1_DATA.NUMPCS set to    0.00000     (real)
 CNSsolve>evaluate ($ncc=1) 
 EVALUATE: symbol $NCC set to    1.00000     (real)
 CNSsolve>while ($ncc <= &numpcs) loop pcs 
 NEXTCD: condition evaluated as false
 CNSsolve>  if (&pcs_choice_$ncc = "XPCS") then 
 CNSsolve>    evaluate (&Data.flags.xpcs =  true) 
 CNSsolve>  end if 
 CNSsolve>  evaluate (&data.pcs_choice_$ncc=&pcs_choice_$ncc) 
 CNSsolve>  evaluate (&data.pcs_firstIt_$ncc=&pcs_firstIt_$ncc) 
 CNSsolve>  evaluate (&data.pcs_lastIt_$ncc=&pcs_lastIt_$ncc) 
 CNSsolve>  evaluate (&data.pcs_hot_$ncc=&pcs_hot_$ncc) 
 CNSsolve>  evaluate (&data.pcs_cool1_$ncc=&pcs_cool1_$ncc) 
 CNSsolve>  evaluate (&data.pcs_cool2_$ncc=&pcs_cool2_$ncc) 
 CNSsolve>  evaluate (&data.pcs_cool3_$ncc=&pcs_cool3_$ncc) 
 CNSsolve>  evaluate (&data.pcs_r_$ncc=&pcs_r_$ncc) 
 CNSsolve>  evaluate (&data.pcs_d_$ncc=&pcs_d_$ncc) 
 CNSsolve>  evaluate ($ncc=$ncc+1) 
 CNSsolve>end loop pcs 
 CNSsolve> 
 CNSsolve>! DANI restraints 
 CNSsolve>evaluate (&Data.flags.dani =  false) 
 EVALUATE: symbol $_1_DATA.FLAGS.DANI set to FALSE (logical)
 CNSsolve>evaluate (&data.numdani=&numdani) 
 EVALUATE: symbol $_1_DATA.NUMDANI set to    0.00000     (real)
 CNSsolve>evaluate ($ncc=1) 
 EVALUATE: symbol $NCC set to    1.00000     (real)
 CNSsolve>while ($ncc <= &numdani) loop dani 
 NEXTCD: condition evaluated as false
 CNSsolve>  if (&dan_choice_$ncc = "DANI") then 
 CNSsolve>    evaluate (&Data.flags.dani =  true) 
 CNSsolve>  end if 
 CNSsolve>  evaluate (&data.dan_choice_$ncc=&dan_choice_$ncc) 
 CNSsolve>  evaluate (&data.dan_firstIt_$ncc=&dan_firstIt_$ncc) 
 CNSsolve>  evaluate (&data.dan_lastIt_$ncc=&dan_lastIt_$ncc) 
 CNSsolve>  evaluate (&data.dan_hot_$ncc=&dan_hot_$ncc) 
 CNSsolve>  evaluate (&data.dan_cool1_$ncc=&dan_cool1_$ncc) 
 CNSsolve>  evaluate (&data.dan_cool2_$ncc=&dan_cool2_$ncc) 
 CNSsolve>  evaluate (&data.dan_cool3_$ncc=&dan_cool3_$ncc) 
 CNSsolve>  evaluate (&data.dan_tc_$ncc=&dan_tc_$ncc) 
 CNSsolve>  evaluate (&data.dan_anis_$ncc=&dan_anis_$ncc) 
 CNSsolve>  evaluate (&data.dan_r_$ncc=&dan_r_$ncc) 
 CNSsolve>  evaluate (&data.dan_wh_$ncc=&dan_wh_$ncc) 
 CNSsolve>  evaluate (&data.dan_wn_$ncc=&dan_wn_$ncc) 
 CNSsolve>  evaluate ($ncc=$ncc+1) 
 CNSsolve>end loop dani 
 CNSsolve> 
 CNSsolve>! planarity restraints 
 CNSsolve>evaluate (&Data.flags.plan =  false) 
 EVALUATE: symbol $_1_DATA.FLAGS.PLAN set to FALSE (logical)
 CNSsolve> 
 CNSsolve>! distance restraints 
 CNSsolve>evaluate (&Data.flags.noe  =  true) 
 EVALUATE: symbol $_1_DATA.FLAGS.NOE set to TRUE (logical)
 CNSsolve>evaluate (&data.scaling=&air_scaling) 
 EVALUATE: symbol $_1_DATA.SCALING set to FALSE (logical)
 CNSsolve>evaluate (&data.totnoe_unamb=&tot_unamb) 
 EVALUATE: symbol $_1_DATA.TOTNOE_UNAMB set to    25.0000     (real)
 CNSsolve>evaluate (&data.unamb_firstit=&unamb_firstit) 
 EVALUATE: symbol $_1_DATA.UNAMB_FIRSTIT set to    0.00000     (real)
 CNSsolve>evaluate (&data.unamb_lastit=&unamb_lastit) 
 EVALUATE: symbol $_1_DATA.UNAMB_LASTIT set to    2.00000     (real)
 CNSsolve>evaluate (&data.unamb_hot=&unamb_hot) 
 EVALUATE: symbol $_1_DATA.UNAMB_HOT set to    10.0000     (real)
 CNSsolve>evaluate (&data.unamb_cool1=&unamb_cool1) 
 EVALUATE: symbol $_1_DATA.UNAMB_COOL1 set to    10.0000     (real)
 CNSsolve>evaluate (&data.unamb_cool2=&unamb_cool2) 
 EVALUATE: symbol $_1_DATA.UNAMB_COOL2 set to    50.0000     (real)
 CNSsolve>evaluate (&data.unamb_cool3=&unamb_cool3) 
 EVALUATE: symbol $_1_DATA.UNAMB_COOL3 set to    50.0000     (real)
 CNSsolve>evaluate (&data.noecv=&noecv) 
 EVALUATE: symbol $_1_DATA.NOECV set to TRUE (logical)
 CNSsolve>evaluate (&data.ncvpart=&ncvpart) 
 EVALUATE: symbol $_1_DATA.NCVPART set to    2.00000     (real)
 CNSsolve> 
 CNSsolve>evaluate (&data.totnoe_amb=&tot_amb) 
 EVALUATE: symbol $_1_DATA.TOTNOE_AMB set to    0.00000     (real)
 CNSsolve>evaluate (&data.amb_firstit=&amb_firstit) 
 EVALUATE: symbol $_1_DATA.AMB_FIRSTIT set to    0.00000     (real)
 CNSsolve>evaluate (&data.amb_lastit=&amb_lastit) 
 EVALUATE: symbol $_1_DATA.AMB_LASTIT set to    2.00000     (real)
 CNSsolve>evaluate (&data.amb_hot=&amb_hot) 
 EVALUATE: symbol $_1_DATA.AMB_HOT set to    10.0000     (real)
 CNSsolve>evaluate (&data.amb_cool1=&amb_cool1) 
 EVALUATE: symbol $_1_DATA.AMB_COOL1 set to    10.0000     (real)
 CNSsolve>evaluate (&data.amb_cool2=&amb_cool2) 
 EVALUATE: symbol $_1_DATA.AMB_COOL2 set to    50.0000     (real)
 CNSsolve>evaluate (&data.amb_cool3=&amb_cool3) 
 EVALUATE: symbol $_1_DATA.AMB_COOL3 set to    50.0000     (real)
 CNSsolve> 
 CNSsolve>evaluate (&data.hbond_firstit=&hbond_firstit) 
 EVALUATE: symbol $_1_DATA.HBOND_FIRSTIT set to    0.00000     (real)
 CNSsolve>evaluate (&data.hbond_lastit=&hbond_lastit) 
 EVALUATE: symbol $_1_DATA.HBOND_LASTIT set to    2.00000     (real)
 CNSsolve>evaluate (&data.hbond_hot=&hbond_hot) 
 EVALUATE: symbol $_1_DATA.HBOND_HOT set to    10.0000     (real)
 CNSsolve>evaluate (&data.hbond_cool1=&hbond_cool1) 
 EVALUATE: symbol $_1_DATA.HBOND_COOL1 set to    10.0000     (real)
 CNSsolve>evaluate (&data.hbond_cool2=&hbond_cool2) 
 EVALUATE: symbol $_1_DATA.HBOND_COOL2 set to    50.0000     (real)
 CNSsolve>evaluate (&data.hbond_cool3=&hbond_cool3) 
 EVALUATE: symbol $_1_DATA.HBOND_COOL3 set to    50.0000     (real)
 CNSsolve> 
 CNSsolve>evaluate (&data.mrswi_hot=&mrswi_hot) 
 EVALUATE: symbol $_1_DATA.MRSWI_HOT set to   0.500000     (real)
 CNSsolve>evaluate (&data.mrswi_cool1=&mrswi_cool1) 
 EVALUATE: symbol $_1_DATA.MRSWI_COOL1 set to   0.500000     (real)
 CNSsolve>evaluate (&data.mrswi_cool2=&mrswi_cool2) 
 EVALUATE: symbol $_1_DATA.MRSWI_COOL2 set to   0.500000     (real)
 CNSsolve>evaluate (&data.mrswi_cool3=&mrswi_cool3) 
 EVALUATE: symbol $_1_DATA.MRSWI_COOL3 set to   0.500000     (real)
 CNSsolve> 
 CNSsolve>evaluate (&data.rswi_hot=&rswi_hot) 
 EVALUATE: symbol $_1_DATA.RSWI_HOT set to   0.500000     (real)
 CNSsolve>evaluate (&data.rswi_cool1=&rswi_cool1) 
 EVALUATE: symbol $_1_DATA.RSWI_COOL1 set to   0.500000     (real)
 CNSsolve>evaluate (&data.rswi_cool2=&rswi_cool2) 
 EVALUATE: symbol $_1_DATA.RSWI_COOL2 set to   0.500000     (real)
 CNSsolve>evaluate (&data.rswi_cool3=&rswi_cool3) 
 EVALUATE: symbol $_1_DATA.RSWI_COOL3 set to   0.500000     (real)
 CNSsolve> 
 CNSsolve>evaluate (&data.masy_hot=&masy_hot) 
 EVALUATE: symbol $_1_DATA.MASY_HOT set to   -1.00000     (real)
 CNSsolve>evaluate (&data.masy_cool1=&masy_cool1) 
 EVALUATE: symbol $_1_DATA.MASY_COOL1 set to   -1.00000     (real)
 CNSsolve>evaluate (&data.masy_cool2=&masy_cool2) 
 EVALUATE: symbol $_1_DATA.MASY_COOL2 set to  -0.100000     (real)
 CNSsolve>evaluate (&data.masy_cool3=&masy_cool3) 
 EVALUATE: symbol $_1_DATA.MASY_COOL3 set to  -0.100000     (real)
 CNSsolve> 
 CNSsolve>evaluate (&data.asy_hot=&asy_hot) 
 EVALUATE: symbol $_1_DATA.ASY_HOT set to    1.00000     (real)
 CNSsolve>evaluate (&data.asy_cool1=&asy_cool1) 
 EVALUATE: symbol $_1_DATA.ASY_COOL1 set to    1.00000     (real)
 CNSsolve>evaluate (&data.asy_cool2=&asy_cool2) 
 EVALUATE: symbol $_1_DATA.ASY_COOL2 set to   0.100000     (real)
 CNSsolve>evaluate (&data.asy_cool3=&asy_cool3) 
 EVALUATE: symbol $_1_DATA.ASY_COOL3 set to   0.100000     (real)
 CNSsolve> 
 CNSsolve>evaluate (&data.ranair=&ranair) 
 EVALUATE: symbol $_1_DATA.RANAIR set to FALSE (logical)
 CNSsolve>if (&data.ranair eq true) then 
 NEXTCD: condition evaluated as false
 CNSsolve>  evaluate (&data.noecv = false) 
 CNSsolve>end if 
 CNSsolve>evaluate (&data.cmrest=&cmrest) 
 EVALUATE: symbol $_1_DATA.CMREST set to FALSE (logical)
 CNSsolve>evaluate (&data.cmtight=&cmtight) 
 EVALUATE: symbol $_1_DATA.CMTIGHT set to FALSE (logical)
 CNSsolve>evaluate (&data.kcont=&kcont) 
 EVALUATE: symbol $_1_DATA.KCONT set to    1.00000     (real)
 CNSsolve>evaluate (&data.surfrest=&surfrest) 
 EVALUATE: symbol $_1_DATA.SURFREST set to FALSE (logical)
 CNSsolve>evaluate (&data.ksurf=&ksurf) 
 EVALUATE: symbol $_1_DATA.KSURF set to    1.00000     (real)
 CNSsolve> 
 CNSsolve> 
 CNSsolve>! radius of gydration restraints 
 CNSsolve>evaluate (&data.flags.rg=&rgrest) 
 EVALUATE: symbol $_1_DATA.FLAGS.RG set to FALSE (logical)
 CNSsolve>evaluate (&data.rgtarg=&rgtarg) 
 Assuming literal string "&RGTARG"
 EVALUATE: symbol $_1_DATA.RGTARG set to "&RGTARG" (string)
 CNSsolve>evaluate (&data.krg_hot=&krg_hot) 
 Assuming literal string "&KRG_HOT"
 EVALUATE: symbol $_1_DATA.KRG_HOT set to "&KRG_HOT" (string)
 CNSsolve>evaluate (&data.krg_cool1=&krg_cool1) 
 Assuming literal string "&KRG_COOL1"
 EVALUATE: symbol $_1_DATA.KRG_COOL1 set to "&KRG_COOL1" (string)
 CNSsolve>evaluate (&data.krg_cool2=&krg_cool2) 
 Assuming literal string "&KRG_COOL2"
 EVALUATE: symbol $_1_DATA.KRG_COOL2 set to "&KRG_COOL2" (string)
 CNSsolve>evaluate (&data.krg_cool3=&krg_cool3) 
 Assuming literal string "&KRG_COOL3"
 EVALUATE: symbol $_1_DATA.KRG_COOL3 set to "&KRG_COOL3" (string)
 CNSsolve>evaluate (&data.rgsele=&rgsele) 
 Assuming literal string "&RGSELE"
 EVALUATE: symbol $_1_DATA.RGSELE set to "&RGSELE" (string)
 CNSsolve> 
 CNSsolve>evaluate (&data.kzres=&kzres) 
 Assuming literal string "&KZRES"
 EVALUATE: symbol $_1_DATA.KZRES set to "&KZRES" (string)
 CNSsolve>evaluate (&data.zresmax=&zresmax) 
 Assuming literal string "&ZRESMAX"
 EVALUATE: symbol $_1_DATA.ZRESMAX set to "&ZRESMAX" (string)
 CNSsolve>evaluate (&data.zresmin=&zresmin) 
 Assuming literal string "&ZRESMIN"
 EVALUATE: symbol $_1_DATA.ZRESMIN set to "&ZRESMIN" (string)
 CNSsolve> 
 CNSsolve>! keep or delete non-polar hydrogens 
 CNSsolve>evaluate (&toppar.delenph=&delenph) 
 EVALUATE: symbol $_1_TOPPAR.DELENPH set to TRUE (logical)
 CNSsolve> 
 CNSsolve> 
 CNSsolve>!Electrostatics: 
 CNSsolve>evaluate (&Data.flags.dihed = &dihedflag) 
 EVALUATE: symbol $_1_DATA.FLAGS.DIHED set to TRUE (logical)
 CNSsolve>evaluate (&Data.flags.elec0 = &elecflag_0) 
 EVALUATE: symbol $_1_DATA.FLAGS.ELEC0 set to TRUE (logical)
 CNSsolve>evaluate (&Data.flags.elec1 = &elecflag_1) 
 EVALUATE: symbol $_1_DATA.FLAGS.ELEC1 set to TRUE (logical)
 CNSsolve>evaluate (&Data.epsilon0 = &epsilon_0) 
 EVALUATE: symbol $_1_DATA.EPSILON0 set to    78.0000     (real)
 CNSsolve>evaluate (&Data.epsilon1 = &epsilon_1) 
 EVALUATE: symbol $_1_DATA.EPSILON1 set to    78.0000     (real)
 CNSsolve>evaluate (&Data.dielec0  = &dielec_0) 
 Assuming literal string "CDIE"
 EVALUATE: symbol $_1_DATA.DIELEC0 set to "CDIE" (string)
 CNSsolve>evaluate (&Data.dielec1  = &dielec_1) 
 Assuming literal string "CDIE"
 EVALUATE: symbol $_1_DATA.DIELEC1 set to "CDIE" (string)
 CNSsolve> 
 CNSsolve>!Check for CG and if present force cdie 
 CNSsolve>evaluate($cg = false) 
 EVALUATE: symbol $CG set to FALSE (logical)
 CNSsolve>evaluate($nchain1 = 0) 
 EVALUATE: symbol $NCHAIN1 set to    0.00000     (real)
 CNSsolve>while ($nchain1 < $data.ncomponents) loop cgmol 
 NEXTCD: condition evaluated as true
 CNSsolve>  evaluate($nchain1 = $nchain1 + 1) 
 EVALUATE: symbol $NCHAIN1 set to    1.00000     (real)
 CNSsolve>  if ($Toppar.cg_$nchain1 eq true) then 
 NEXTCD: condition evaluated as false
 CNSsolve>    evaluate($cg = true) 
 CNSsolve>  end if 
 CNSsolve>end loop cgmol 
 CNSsolve>while ($nchain1 < $data.ncomponents) loop cgmol 
 NEXTCD: condition evaluated as true
 CNSsolve>  evaluate($nchain1 = $nchain1 + 1) 
 EVALUATE: symbol $NCHAIN1 set to    2.00000     (real)
 CNSsolve>  if ($Toppar.cg_$nchain1 eq true) then 
 NEXTCD: condition evaluated as false
 CNSsolve>    evaluate($cg = true) 
 CNSsolve>  end if 
 CNSsolve>end loop cgmol 
 CNSsolve>while ($nchain1 < $data.ncomponents) loop cgmol 
 NEXTCD: condition evaluated as false
 CNSsolve>  evaluate($nchain1 = $nchain1 + 1) 
 CNSsolve>  if ($Toppar.cg_$nchain1 eq true) then 
 CNSsolve>    evaluate($cg = true) 
 CNSsolve>  end if 
 CNSsolve>end loop cgmol 
 CNSsolve> 
 CNSsolve>if ($cg = true) then 
 NEXTCD: condition evaluated as false
 CNSsolve>  evaluate (&Data.dielec0  = cdie) 
 CNSsolve>  evaluate (&Data.dielec1  = cdie) 
 CNSsolve>  evaluate (&Data.epsilon1 = &Data.epsilon0) 
 CNSsolve>  display "FORCING CDIE FOR ELECTROSTATICS BECAUSE OF COARSE GRAINING" 
 CNSsolve>end if 
 CNSsolve> 
 CNSsolve>!Interaction matrix: 
 CNSsolve>evaluate ($nmol1=1) 
 EVALUATE: symbol $NMOL1 set to    1.00000     (real)
 CNSsolve>while ($nmol1 <= &data.ncomponents) loop mol1 
 NEXTCD: condition evaluated as true
 CNSsolve>  evaluate ($nmol2=$nmol1 + 1) 
 EVALUATE: symbol $NMOL2 set to    2.00000     (real)
 CNSsolve>  evaluate (&toppar.int_$nmol1_$nmol1 = &int_$nmol1_$nmol1) 
 EVALUATE: symbol $_1_TOPPAR.INT_1_1 set to    1.00000     (real)
 CNSsolve>  while ($nmol2 <= &data.ncomponents) loop mol2 
 NEXTCD: condition evaluated as true
 CNSsolve>    evaluate (&toppar.int_$nmol1_$nmol2 = &int_$nmol1_$nmol2) 
 EVALUATE: symbol $_1_TOPPAR.INT_1_2 set to    1.00000     (real)
 CNSsolve>    evaluate (&toppar.int_$nmol2_$nmol1 = &int_$nmol1_$nmol2) 
 EVALUATE: symbol $_1_TOPPAR.INT_2_1 set to    1.00000     (real)
 CNSsolve>    evaluate ($nmol2=$nmol2 + 1) 
 EVALUATE: symbol $NMOL2 set to    3.00000     (real)
 CNSsolve>  end loop mol2 
 CNSsolve>  while ($nmol2 <= &data.ncomponents) loop mol2 
 NEXTCD: condition evaluated as false
 CNSsolve>    evaluate (&toppar.int_$nmol1_$nmol2 = &int_$nmol1_$nmol2) 
 CNSsolve>    evaluate (&toppar.int_$nmol2_$nmol1 = &int_$nmol1_$nmol2) 
 CNSsolve>    evaluate ($nmol2=$nmol2 + 1) 
 CNSsolve>  end loop mol2 
 CNSsolve>  evaluate ($nmol1 = $nmol1 + 1) 
 EVALUATE: symbol $NMOL1 set to    2.00000     (real)
 CNSsolve>end loop mol1 
 CNSsolve>while ($nmol1 <= &data.ncomponents) loop mol1 
 NEXTCD: condition evaluated as true
 CNSsolve>  evaluate ($nmol2=$nmol1 + 1) 
 EVALUATE: symbol $NMOL2 set to    3.00000     (real)
 CNSsolve>  evaluate (&toppar.int_$nmol1_$nmol1 = &int_$nmol1_$nmol1) 
 EVALUATE: symbol $_1_TOPPAR.INT_2_2 set to    1.00000     (real)
 CNSsolve>  while ($nmol2 <= &data.ncomponents) loop mol2 
 NEXTCD: condition evaluated as false
 CNSsolve>    evaluate (&toppar.int_$nmol1_$nmol2 = &int_$nmol1_$nmol2) 
 CNSsolve>    evaluate (&toppar.int_$nmol2_$nmol1 = &int_$nmol1_$nmol2) 
 CNSsolve>    evaluate ($nmol2=$nmol2 + 1) 
 CNSsolve>  end loop mol2 
 CNSsolve>  evaluate ($nmol1 = $nmol1 + 1) 
 EVALUATE: symbol $NMOL1 set to    3.00000     (real)
 CNSsolve>end loop mol1 
 CNSsolve>while ($nmol1 <= &data.ncomponents) loop mol1 
 NEXTCD: condition evaluated as false
 CNSsolve>  evaluate ($nmol2=$nmol1 + 1) 
 CNSsolve>  evaluate (&toppar.int_$nmol1_$nmol1 = &int_$nmol1_$nmol1) 
 CNSsolve>  while ($nmol2 <= &data.ncomponents) loop mol2 
 CNSsolve>    evaluate (&toppar.int_$nmol1_$nmol2 = &int_$nmol1_$nmol2) 
 CNSsolve>    evaluate (&toppar.int_$nmol2_$nmol1 = &int_$nmol1_$nmol2) 
 CNSsolve>    evaluate ($nmol2=$nmol2 + 1) 
 CNSsolve>  end loop mol2 
 CNSsolve>  evaluate ($nmol1 = $nmol1 + 1) 
 CNSsolve>end loop mol1 
 CNSsolve> 
 CNSsolve>!intermolecular contacts analysis 
 CNSsolve>evaluate (&data.hb_dist=&dist_hb) 
 EVALUATE: symbol $_1_DATA.HB_DIST set to    2.50000     (real)
 CNSsolve>evaluate (&data.nb_dist=&dist_nb) 
 EVALUATE: symbol $_1_DATA.NB_DIST set to    3.90000     (real)
 CNSsolve> 
 CNSsolve> 
 CNSsolve>!water refinement 
 CNSsolve>evaluate (&refine.firstwater=&firstwater) 
 EVALUATE: symbol $_1_REFINE.FIRSTWATER set to "yes" (string)
 CNSsolve>evaluate (&refine.solvshell=&solvshell) 
 EVALUATE: symbol $_1_REFINE.SOLVSHELL set to TRUE (logical)
 CNSsolve>evaluate (&refine.keepwater=&keepwater) 
 EVALUATE: symbol $_1_REFINE.KEEPWATER set to TRUE (logical)
 CNSsolve>evaluate (&refine.waterrefine=min(&structures_1,&waterrefine)) 
 EVALUATE: symbol $_1_REFINE.WATERREFINE set to    200.000     (real)
 CNSsolve>evaluate (&refine.solvent=&solvent) 
 EVALUATE: symbol $_1_REFINE.SOLVENT set to "water" (string)
 CNSsolve>evaluate (&refine.heatsteps=&waterheatsteps) 
 EVALUATE: symbol $_1_REFINE.HEATSTEPS set to    100.000     (real)
 CNSsolve>evaluate (&refine.steps=&watersteps) 
 EVALUATE: symbol $_1_REFINE.STEPS set to    1250.00     (real)
 CNSsolve>evaluate (&refine.coolsteps=&watercoolsteps) 
 EVALUATE: symbol $_1_REFINE.COOLSTEPS set to    500.000     (real)
 CNSsolve> 
 CNSsolve> 
 CNSsolve>!for the non-bonded parameters (the section was taken out of 
 CNSsolve>!parallhdg5.0.pro and parallhdg5.1.pro, so be careful!): 
 CNSsolve>if (&toppar.par_nonbonded eq "PROLSQ") then 
 NEXTCD: condition evaluated as false
 CNSsolve>    evaluate (&toppar.repel_radius = 1.0) 
 CNSsolve>    evaluate (&toppar.repel_rcons = 20) 
 CNSsolve>    evaluate (&toppar.repel_rexpo  = 4) 
 CNSsolve>    evaluate (&toppar.repel_irexp  = 1) 
 CNSsolve>elseif (&toppar.par_nonbonded eq "PARMALLH6") then 
 NEXTCD: condition evaluated as false
 CNSsolve>    evaluate (&toppar.repel_radius = 0.8) 
 CNSsolve>    evaluate (&toppar.repel_rcons = 5.0) 
 CNSsolve>    evaluate (&toppar.repel_rexpo  = 2) 
 CNSsolve>    evaluate (&toppar.repel_irexp  = 2) 
 CNSsolve>elseif (&toppar.par_nonbonded eq "OPLSX") then 
 NEXTCD: condition evaluated as true
 CNSsolve>    evaluate (&toppar.repel_radius = 0.0) 
 EVALUATE: symbol $_1_TOPPAR.REPEL_RADIUS set to    0.00000     (real)
 CNSsolve>else        {...now the standard PARALLHDG parameters} 
 CNSsolve>    evaluate (&toppar.repel_radius = 0.78) 
 CNSsolve>    evaluate (&toppar.repel_rcons = 5.0) 
 CNSsolve>    evaluate (&toppar.repel_rexpo  = 2) 
 CNSsolve>    evaluate (&toppar.repel_irexp  = 2) 
 CNSsolve>end if 
 CNSsolve> 
 CNSsolve>! Water in rigid body docking 
 CNSsolve>evaluate (&data.waterdock=&waterdock) 
 EVALUATE: symbol $_1_DATA.WATERDOCK set to FALSE (logical)
 CNSsolve>evaluate (&data.db_method=&db_method) 
 EVALUATE: symbol $_1_DATA.DB_METHOD set to "kytedoolittle" (string)
 CNSsolve>evaluate (&data.water_tokeep=&water_tokeep) 
 EVALUATE: symbol $_1_DATA.WATER_TOKEEP set to   0.500000     (real)
 CNSsolve>evaluate (&data.dnap_water_tokeep=&dnap_water_tokeep) 
 EVALUATE: symbol $_1_DATA.DNAP_WATER_TOKEEP set to   0.750000     (real)
 CNSsolve>evaluate (&data.water_randfrac=&water_randfrac) 
 EVALUATE: symbol $_1_DATA.WATER_RANDFRAC set to    0.00000     (real)
 CNSsolve>evaluate (&data.solvate_method=&solvate_method) 
 EVALUATE: symbol $_1_DATA.SOLVATE_METHOD set to "db" (string)
 CNSsolve>evaluate (&data.water_surfcutoff=&water_surfcutoff) 
 EVALUATE: symbol $_1_DATA.WATER_SURFCUTOFF set to    8.00000     (real)
 CNSsolve>evaluate (&data.water_analysis=&water_analysis) 
 EVALUATE: symbol $_1_DATA.WATER_ANALYSIS set to FALSE (logical)
 CNSsolve>evaluate (&data.transwater=&transwater) 
 EVALUATE: symbol $_1_DATA.TRANSWATER set to TRUE (logical)
 CNSsolve>evaluate (&data.water_restraint_initial=&water_restraint_initial) 
 EVALUATE: symbol $_1_DATA.WATER_RESTRAINT_INITIAL set to    5.00000     (real)
 CNSsolve>evaluate (&data.water_restraint_cutoff=&water_restraint_cutoff) 
 EVALUATE: symbol $_1_DATA.WATER_RESTRAINT_CUTOFF set to    5.00000     (real)
 CNSsolve>evaluate (&data.water_restraint_scale=&water_restraint_scale) 
 EVALUATE: symbol $_1_DATA.WATER_RESTRAINT_SCALE set to    25.0000     (real)
 CNSsolve>evaluate (&data.waterensemble=&waterensemble) 
 EVALUATE: symbol $_1_DATA.WATERENSEMBLE set to    1.00000     (real)
 CNSsolve> 
 CNSsolve>! Centroid parameters 
 CNSsolve>eval(&data.flags.centroids = &centroid_rest) 
 EVALUATE: symbol $_1_DATA.FLAGS.CENTROIDS set to FALSE (logical)
 CNSsolve>eval(&data.centroids.kscale = &centroid_kscale) 
 EVALUATE: symbol $_1_DATA.CENTROIDS.KSCALE set to    50.0000     (real)
 CNSsolve>eval($nchain = 0) 
 EVALUATE: symbol $NCHAIN set to    0.00000     (real)
 CNSsolve>while ($nchain < &ncomponents) loop nloop1 
 NEXTCD: condition evaluated as true
 CNSsolve>    eval($nchain = $nchain + 1) 
 EVALUATE: symbol $NCHAIN set to    1.00000     (real)
 CNSsolve>    eval(&data.centroids.xcom_$nchain = &xcom_$nchain) 
 Assuming literal string "&XCOM_$NCHAIN"
 EVALUATE: symbol $_1_DATA.CENTROIDS.XCOM_1 set to "&XCOM_$NCHAIN" (string)
 CNSsolve>    eval(&data.centroids.ycom_$nchain = &ycom_$nchain) 
 Assuming literal string "&YCOM_$NCHAIN"
 EVALUATE: symbol $_1_DATA.CENTROIDS.YCOM_1 set to "&YCOM_$NCHAIN" (string)
 CNSsolve>    eval(&data.centroids.zcom_$nchain = &zcom_$nchain) 
 Assuming literal string "&ZCOM_$NCHAIN"
 EVALUATE: symbol $_1_DATA.CENTROIDS.ZCOM_1 set to "&ZCOM_$NCHAIN" (string)
 CNSsolve>    eval(&data.centroids.ambi_$nchain = &ambi_$nchain) 
 Assuming literal string "&AMBI_$NCHAIN"
 EVALUATE: symbol $_1_DATA.CENTROIDS.AMBI_1 set to "&AMBI_$NCHAIN" (string)
 CNSsolve>end loop nloop1 
 CNSsolve>while ($nchain < &ncomponents) loop nloop1 
 NEXTCD: condition evaluated as true
 CNSsolve>    eval($nchain = $nchain + 1) 
 EVALUATE: symbol $NCHAIN set to    2.00000     (real)
 CNSsolve>    eval(&data.centroids.xcom_$nchain = &xcom_$nchain) 
 Assuming literal string "&XCOM_$NCHAIN"
 EVALUATE: symbol $_1_DATA.CENTROIDS.XCOM_2 set to "&XCOM_$NCHAIN" (string)
 CNSsolve>    eval(&data.centroids.ycom_$nchain = &ycom_$nchain) 
 Assuming literal string "&YCOM_$NCHAIN"
 EVALUATE: symbol $_1_DATA.CENTROIDS.YCOM_2 set to "&YCOM_$NCHAIN" (string)
 CNSsolve>    eval(&data.centroids.zcom_$nchain = &zcom_$nchain) 
 Assuming literal string "&ZCOM_$NCHAIN"
 EVALUATE: symbol $_1_DATA.CENTROIDS.ZCOM_2 set to "&ZCOM_$NCHAIN" (string)
 CNSsolve>    eval(&data.centroids.ambi_$nchain = &ambi_$nchain) 
 Assuming literal string "&AMBI_$NCHAIN"
 EVALUATE: symbol $_1_DATA.CENTROIDS.AMBI_2 set to "&AMBI_$NCHAIN" (string)
 CNSsolve>end loop nloop1 
 CNSsolve>while ($nchain < &ncomponents) loop nloop1 
 NEXTCD: condition evaluated as false
 CNSsolve>    eval($nchain = $nchain + 1) 
 CNSsolve>    eval(&data.centroids.xcom_$nchain = &xcom_$nchain) 
 CNSsolve>    eval(&data.centroids.ycom_$nchain = &ycom_$nchain) 
 CNSsolve>    eval(&data.centroids.zcom_$nchain = &zcom_$nchain) 
 CNSsolve>    eval(&data.centroids.ambi_$nchain = &ambi_$nchain) 
 CNSsolve>end loop nloop1 
 CNSsolve> 
 CNSsolve>if (&saprotocol.expand eq true) then 
 NEXTCD: condition evaluated as false
 CNSsolve>  eval(&data.flags.centroids = true) 
 CNSsolve>end if 
 CNSsolve> 
 CNSsolve>! Cryo-EM parameters 
 CNSsolve>eval(&data.flags.em = &em_rest) 
 EVALUATE: symbol $_1_DATA.FLAGS.EM set to FALSE (logical)
 CNSsolve>eval(&data.em.kscale = &em_kscale) 
 EVALUATE: symbol $_1_DATA.EM.KSCALE set to    15000.0     (real)
 CNSsolve>eval(&data.em.it0 = &em_it0) 
 EVALUATE: symbol $_1_DATA.EM.IT0 set to FALSE (logical)
 CNSsolve>eval(&data.em.it1 = &em_it1) 
 EVALUATE: symbol $_1_DATA.EM.IT1 set to FALSE (logical)
 CNSsolve>eval(&data.em.itw = &em_itw) 
 EVALUATE: symbol $_1_DATA.EM.ITW set to FALSE (logical)
 CNSsolve>eval(&data.em.resolution = &em_resolution) 
 Assuming literal string "NONE"
 EVALUATE: symbol $_1_DATA.EM.RESOLUTION set to "NONE" (string)
 CNSsolve>eval(&data.em.nx = &nx) 
 EVALUATE: symbol $_1_DATA.EM.NX set to    32.0000     (real)
 CNSsolve>eval(&data.em.ny = &ny) 
 EVALUATE: symbol $_1_DATA.EM.NY set to    32.0000     (real)
 CNSsolve>eval(&data.em.nz = &nz) 
 EVALUATE: symbol $_1_DATA.EM.NZ set to    32.0000     (real)
 CNSsolve>eval(&data.em.xlength = &xlength) 
 EVALUATE: symbol $_1_DATA.EM.XLENGTH set to    80.0000     (real)
 CNSsolve>eval(&data.em.ylength = &ylength) 
 EVALUATE: symbol $_1_DATA.EM.YLENGTH set to    80.0000     (real)
 CNSsolve>eval(&data.em.zlength = &zlength) 
 EVALUATE: symbol $_1_DATA.EM.ZLENGTH set to    80.0000     (real)
 CNSsolve> 
 CNSsolve>if (&data.flags.em eq true) then 
 NEXTCD: condition evaluated as false
 CNSsolve>  eval(&data.waterdock = false) 
 CNSsolve>  display "EM restraints and solvated docking are incompatible - turning solvated docking OFF" 
 CNSsolve>end if 
 CNSsolve> 
 CNSsolve>if (&data.waterdock eq true) then 
 NEXTCD: condition evaluated as false
 CNSsolve>  evaluate (&saprotocol.rotate180_it0 = false) 
 CNSsolve>  evaluate (&saprotocol.rotate180_it1 = false) 
 CNSsolve>  evaluate (&SaProtocol.initiosteps = 0) 
 CNSsolve>  evaluate (&SaProtocol.cool1_steps = 0) 
 CNSsolve>  evaluate (&refine.keepwater = true) 
 CNSsolve>  display SOLVATED DOCKING TURNED ON: initiosteps and cool1_steps set to 0, rotate180 set to false 
 CNSsolve>end if 
 CNSsolve> 
 CNSsolve>! Flexible region cutoff 
 CNSsolve>evaluate (&data.flcut_nb = &flcut_nb) 
 EVALUATE: symbol $_1_DATA.FLCUT_NB set to    5.00000     (real)
 CNSsolve> 
 CNSsolve>evaluate ($log_level=quiet) 
 Assuming literal string "QUIET"
 EVALUATE: symbol $LOG_LEVEL set to "QUIET" (string)
 CNSsolve> 
 CNSsolve>if ( $log_level = verbose ) then 
 NEXTCD: condition evaluated as false
 CNSsolve>   set message=normal echo=on end 
 CNSsolve>else 
 CNSsolve>   set message=off echo=off end 
 CNSsolve>evaluate ($structurefile = "RUN:begin/" + $Filenames.fileroot + ".psf") 
 EVALUATE: symbol $STRUCTUREFILE set to "RUN:begin/complex.psf" (string)
 CNSsolve>structure @@$structurefile end 
 ASSFIL: file complex.psf opened.
 STRUcture>data_cns_mtf 
 REMARKS FILENAME="complex.psf"
 REMARKS DATE:22-Apr-2026  12:16:56       created by user: enmr
 REMARKS VERSION:1.3U
 Status of internal molecular topology database:
 -> NATOM=       1622(MAXA=     1000000)  NBOND=       1747(MAXB=     1000000)
 -> NTHETA=      3167(MAXT=     2000000)  NGRP=         519(MAXGRP=   1000000)
 -> NPHI=          22(MAXP=     2000000)  NIMPHI=      1110(MAXIMP=   1000000)
 -> NNB=          150(MAXNB=    1000000) 
 STRUcture> 
 STRUcture> end 
 CNSsolve> 
 CNSsolve>! create and set the dummy atoms if centroids are required in rigid body stage 
 CNSsolve>if ($Data.flags.centroids = true) then 
 NEXTCD: condition evaluated as false
 CNSsolve>    if ($iteration = 0) then 
 CNSsolve>        @RUN:protocols/centroids_create.cns(ncomponents=$Data.ncomponents; Toppar=$Toppar;) 
 ASSFIL: file centroids_create.cns opened.
 CNSsolve>module (ncomponents; Toppar;) 
 CNSsolve>    {Create and initialize Dummy residues for each segid 
 CNSsolve> 
 CNSsolve>    Parameters 
 CNSsolve>    ---------- 
 CNSsolve>    ncomponents : int 
 CNSsolve>        Number of components/segids 
 CNSsolve> 
 CNSsolve>    Toppar : data-structure 
 CNSsolve>        The Toppar data-structure 
 CNSsolve> 
 CNSsolve>    Side-effects 
 CNSsolve>    ------------ 
 CNSsolve>    A DUM residue is appended to each segid and placed at the origin 
 CNSsolve>    } 
 CNSsolve> 
 CNSsolve>    ! define topology of DUM residue 
 CNSsolve>    topology 
 CNSsolve>        mass DD 100.00 
 CNSsolve>        residue DUM group 
 CNSsolve>            atom DUM type=DD charge=0.000 end 
 CNSsolve>            atom MAP type=DD charge=0.000 end 
 CNSsolve>        end 
 CNSsolve>    end 
 CNSsolve>    ! define non-bonded parameters 
 CNSsolve>    parameter 
 CNSsolve>        nonbonded DD 0.001 0.001 0.001 0.001 end 
 CNSsolve>    end 
 CNSsolve> 
 CNSsolve>    ! place dummy atom of dummy residue in the center of each chain 
 CNSsolve>    evaluate($nchain1 = 0) 
 CNSsolve>    while ($nchain1 < &ncomponents) loop nloopdum 
 CNSsolve>        evaluate($nchain1 = $nchain1 + 1) 
 CNSsolve> 
 CNSsolve>        ! create the dummy residue 
 CNSsolve>        segment 
 CNSsolve>            name="TMP1" 
 CNSsolve>            chain 
 CNSsolve>                sequence "DUM" end 
 CNSsolve>            end 
 CNSsolve>        end 
 CNSsolve> 
 CNSsolve>        ! set the residue id of dummy to last residue + 1 
 CNSsolve>        show max(decode(resid)) (segid &Toppar.prot_segid_$nchain1) 
 CNSsolve>        evaluate($maxresid = $result) 
 CNSsolve> 
 CNSsolve>        ! change the segid of the dummy residue 
 CNSsolve>        do (segid = &Toppar.prot_segid_$nchain1) (segid TMP1) 
 CNSsolve> 
 CNSsolve>        ! set residue id and coordinate of the dummy residue 
 CNSsolve>        do (x = 0) (segid &Toppar.prot_segid_$nchain1 and resn DUM) 
 CNSsolve>        do (y = 0) (segid &Toppar.prot_segid_$nchain1 and resn DUM) 
 CNSsolve>        do (z = 0) (segid &Toppar.prot_segid_$nchain1 and resn DUM) 
 CNSsolve>        do (resid = encode($maxresid + 1)) (segid &Toppar.prot_segid_$nchain1 and resn DUM) 
 CNSsolve> 
 CNSsolve>    end loop nloopdum 
 CNSsolve>        @RUN:protocols/centroids_initialize.cns 
 ASSFIL: file centroids_initialize.cns opened.
 CNSsolve>{Places DUM-residue on the center of each segid} 
 CNSsolve> 
 CNSsolve>eval($nchain1 = 0) 
 CNSsolve>while ($nchain1 < $data.ncomponents) loop nloop1 
 CNSsolve>    eval($nchain1 = $nchain1 + 1) 
 CNSsolve> 
 CNSsolve>    show ave(x) (segid $Toppar.prot_segid_$nchain1 and (not name H*) and (not resn DUM)) 
 CNSsolve>    eval($center.x = $RESULT) 
 CNSsolve>    show ave(y) (segid $Toppar.prot_segid_$nchain1 and (not name H*) and (not resn DUM)) 
 CNSsolve>    eval($center.y = $RESULT) 
 CNSsolve>    show ave(z) (segid $Toppar.prot_segid_$nchain1 and (not name H*) and (not resn DUM)) 
 CNSsolve>    eval($center.z = $RESULT) 
 CNSsolve> 
 CNSsolve>    do (x = $center.x) (segid $Toppar.prot_segid_$nchain1 and resn DUM) 
 CNSsolve>    do (y = $center.y) (segid $Toppar.prot_segid_$nchain1 and resn DUM) 
 CNSsolve>    do (z = $center.z) (segid $Toppar.prot_segid_$nchain1 and resn DUM) 
 CNSsolve>end loop nloop1 
 CNSsolve>    end if 
 CNSsolve>    if ($iteration = 1) then 
 CNSsolve>      if ($saprotocol.expand = true) then 
 CNSsolve>        @RUN:protocols/centroids_create.cns(ncomponents=$Data.ncomponents; Toppar=$Toppar;) 
 ASSFIL: file centroids_create.cns opened.
 CNSsolve>module (ncomponents; Toppar;) 
 CNSsolve>    {Create and initialize Dummy residues for each segid 
 CNSsolve> 
 CNSsolve>    Parameters 
 CNSsolve>    ---------- 
 CNSsolve>    ncomponents : int 
 CNSsolve>        Number of components/segids 
 CNSsolve> 
 CNSsolve>    Toppar : data-structure 
 CNSsolve>        The Toppar data-structure 
 CNSsolve> 
 CNSsolve>    Side-effects 
 CNSsolve>    ------------ 
 CNSsolve>    A DUM residue is appended to each segid and placed at the origin 
 CNSsolve>    } 
 CNSsolve> 
 CNSsolve>    ! define topology of DUM residue 
 CNSsolve>    topology 
 CNSsolve>        mass DD 100.00 
 CNSsolve>        residue DUM group 
 CNSsolve>            atom DUM type=DD charge=0.000 end 
 CNSsolve>            atom MAP type=DD charge=0.000 end 
 CNSsolve>        end 
 CNSsolve>    end 
 CNSsolve>    ! define non-bonded parameters 
 CNSsolve>    parameter 
 CNSsolve>        nonbonded DD 0.001 0.001 0.001 0.001 end 
 CNSsolve>    end 
 CNSsolve> 
 CNSsolve>    ! place dummy atom of dummy residue in the center of each chain 
 CNSsolve>    evaluate($nchain1 = 0) 
 CNSsolve>    while ($nchain1 < &ncomponents) loop nloopdum 
 CNSsolve>        evaluate($nchain1 = $nchain1 + 1) 
 CNSsolve> 
 CNSsolve>        ! create the dummy residue 
 CNSsolve>        segment 
 CNSsolve>            name="TMP1" 
 CNSsolve>            chain 
 CNSsolve>                sequence "DUM" end 
 CNSsolve>            end 
 CNSsolve>        end 
 CNSsolve> 
 CNSsolve>        ! set the residue id of dummy to last residue + 1 
 CNSsolve>        show max(decode(resid)) (segid &Toppar.prot_segid_$nchain1) 
 CNSsolve>        evaluate($maxresid = $result) 
 CNSsolve> 
 CNSsolve>        ! change the segid of the dummy residue 
 CNSsolve>        do (segid = &Toppar.prot_segid_$nchain1) (segid TMP1) 
 CNSsolve> 
 CNSsolve>        ! set residue id and coordinate of the dummy residue 
 CNSsolve>        do (x = 0) (segid &Toppar.prot_segid_$nchain1 and resn DUM) 
 CNSsolve>        do (y = 0) (segid &Toppar.prot_segid_$nchain1 and resn DUM) 
 CNSsolve>        do (z = 0) (segid &Toppar.prot_segid_$nchain1 and resn DUM) 
 CNSsolve>        do (resid = encode($maxresid + 1)) (segid &Toppar.prot_segid_$nchain1 and resn DUM) 
 CNSsolve> 
 CNSsolve>    end loop nloopdum 
 CNSsolve>        @RUN:protocols/centroids_initialize.cns 
 ASSFIL: file centroids_initialize.cns opened.
 CNSsolve>{Places DUM-residue on the center of each segid} 
 CNSsolve> 
 CNSsolve>eval($nchain1 = 0) 
 CNSsolve>while ($nchain1 < $data.ncomponents) loop nloop1 
 CNSsolve>    eval($nchain1 = $nchain1 + 1) 
 CNSsolve> 
 CNSsolve>    show ave(x) (segid $Toppar.prot_segid_$nchain1 and (not name H*) and (not resn DUM)) 
 CNSsolve>    eval($center.x = $RESULT) 
 CNSsolve>    show ave(y) (segid $Toppar.prot_segid_$nchain1 and (not name H*) and (not resn DUM)) 
 CNSsolve>    eval($center.y = $RESULT) 
 CNSsolve>    show ave(z) (segid $Toppar.prot_segid_$nchain1 and (not name H*) and (not resn DUM)) 
 CNSsolve>    eval($center.z = $RESULT) 
 CNSsolve> 
 CNSsolve>    do (x = $center.x) (segid $Toppar.prot_segid_$nchain1 and resn DUM) 
 CNSsolve>    do (y = $center.y) (segid $Toppar.prot_segid_$nchain1 and resn DUM) 
 CNSsolve>    do (z = $center.z) (segid $Toppar.prot_segid_$nchain1 and resn DUM) 
 CNSsolve>end loop nloop1 
 CNSsolve>        delete sele=(name MAP) end 
 CNSsolve>      end if 
 CNSsolve>    end if 
 CNSsolve>end if 
 CNSsolve> 
 CNSsolve>!for the rdc restraints: 
 CNSsolve>if ($Data.flags.sani = true) then 
 NEXTCD: condition evaluated as false
 CNSsolve>  topology  @@RUN:toppar/top_axis.pro end 
 CNSsolve>  parameter @@RUN:toppar/par_axis.pro end 
 CNSsolve>  structure @@RUN:toppar/tensor.psf end 
 CNSsolve>end if 
 CNSsolve>eval ($xtensor = false) 
 EVALUATE: symbol $XTENSOR set to FALSE (logical)
 CNSsolve>if ($Data.flags.xrdc = true) then 
 NEXTCD: condition evaluated as false
 CNSsolve>  eval ($xtensor = true) 
 CNSsolve>end if 
 CNSsolve>if ($Data.flags.xpcs = true) then 
 NEXTCD: condition evaluated as false
 CNSsolve>  eval ($xtensor = true) 
 CNSsolve>end if 
 CNSsolve>if ($xtensor = true) then 
 NEXTCD: condition evaluated as false
 CNSsolve>  topology  @@RUN:toppar/top_axis.pro end 
 CNSsolve>  parameter @@RUN:toppar/par_axis.pro end 
 CNSsolve>  structure @@RUN:toppar/tensor_para.psf end 
 CNSsolve>end if 
 CNSsolve>if ($Data.flags.dani = true) then 
 NEXTCD: condition evaluated as false
 CNSsolve>  topology  @@RUN:toppar/top_axis_dani.pro end 
 CNSsolve>  parameter @@RUN:toppar/par_axis.pro end 
 CNSsolve>  structure @@RUN:toppar/tensor_dani.psf end 
 CNSsolve>end if 
 CNSsolve> 
 CNSsolve>!read the parameter files: 
 CNSsolve>if ($toppar.par_nonbonded = "") then 
 NEXTCD: condition evaluated as false
 CNSsolve>  evaluate ($toppar.par_nonbonded = "OPLSX") 
 CNSsolve>end if 
 CNSsolve>evaluate ($par_nonbonded = $toppar.par_nonbonded) 
 EVALUATE: symbol $PAR_NONBONDED set to "OPLSX" (string)
 CNSsolve> 
 CNSsolve>eval($nchain1= 1) 
 EVALUATE: symbol $NCHAIN1 set to    1.00000     (real)
 CNSsolve>eval($coarse = false) 
 EVALUATE: symbol $COARSE set to FALSE (logical)
 CNSsolve>while ($nchain1 <= $data.ncomponents) loop cloop1 
 NEXTCD: condition evaluated as true
 CNSsolve>  evaluate ($par_cg_$nchain1 = false) 
 EVALUATE: symbol $PAR_CG_1 set to FALSE (logical)
 CNSsolve>  evaluate ($parstatus_cg_$nchain1 = false) 
 EVALUATE: symbol $PARSTATUS_CG_1 set to FALSE (logical)
 CNSsolve>  if ($toppar.cg_$nchain1 = true) then 
 NEXTCD: condition evaluated as false
 CNSsolve>    eval($coarse = true) 
 CNSsolve>    evaluate ($par_cg_$nchain1 = true) 
 CNSsolve>    evaluate ($parstatus_cg_$nchain1 = true) 
 CNSsolve>    if ( $iteration < 2) then 
 CNSsolve>      evaluate ($par_nonbonded_$nchain1 = "RUN:toppar/" + $toppar.prot_cg_par_$nchain1) 
 CNSsolve>      evaluate ($par_cg_nonbonded_$nchain1 = "RUN:toppar/" + $toppar.prot_cg_par_$nchain1) 
 CNSsolve>    else 
 CNSsolve>      evaluate ($par_nonbonded_$nchain1 = "RUN:toppar/" + $toppar.prot_par_$nchain1) 
 CNSsolve>      evaluate ($par_cg_nonbonded_$nchain1 = "RUN:toppar/" + $toppar.prot_cg_par_$nchain1) 
 CNSsolve>    end if 
 CNSsolve>  else 
 CNSsolve>    evaluate ($par_nonbonded_$nchain1 = "RUN:toppar/" + $toppar.prot_par_$nchain1) 
 EVALUATE: symbol $PAR_NONBONDED_1 set to "RUN:toppar/dna-rna-allatom-hj-opls-1.3.param" (string)
 CNSsolve>  end if 
 CNSsolve>  eval($nchain1 = $nchain1 + 1) 
 EVALUATE: symbol $NCHAIN1 set to    2.00000     (real)
 CNSsolve>end loop cloop1 
 CNSsolve>while ($nchain1 <= $data.ncomponents) loop cloop1 
 NEXTCD: condition evaluated as true
 CNSsolve>  evaluate ($par_cg_$nchain1 = false) 
 EVALUATE: symbol $PAR_CG_2 set to FALSE (logical)
 CNSsolve>  evaluate ($parstatus_cg_$nchain1 = false) 
 EVALUATE: symbol $PARSTATUS_CG_2 set to FALSE (logical)
 CNSsolve>  if ($toppar.cg_$nchain1 = true) then 
 NEXTCD: condition evaluated as false
 CNSsolve>    eval($coarse = true) 
 CNSsolve>    evaluate ($par_cg_$nchain1 = true) 
 CNSsolve>    evaluate ($parstatus_cg_$nchain1 = true) 
 CNSsolve>    if ( $iteration < 2) then 
 CNSsolve>      evaluate ($par_nonbonded_$nchain1 = "RUN:toppar/" + $toppar.prot_cg_par_$nchain1) 
 CNSsolve>      evaluate ($par_cg_nonbonded_$nchain1 = "RUN:toppar/" + $toppar.prot_cg_par_$nchain1) 
 CNSsolve>    else 
 CNSsolve>      evaluate ($par_nonbonded_$nchain1 = "RUN:toppar/" + $toppar.prot_par_$nchain1) 
 CNSsolve>      evaluate ($par_cg_nonbonded_$nchain1 = "RUN:toppar/" + $toppar.prot_cg_par_$nchain1) 
 CNSsolve>    end if 
 CNSsolve>  else 
 CNSsolve>    evaluate ($par_nonbonded_$nchain1 = "RUN:toppar/" + $toppar.prot_par_$nchain1) 
 EVALUATE: symbol $PAR_NONBONDED_2 set to "RUN:toppar/protein-allhdg5-4.param" (string)
 CNSsolve>  end if 
 CNSsolve>  eval($nchain1 = $nchain1 + 1) 
 EVALUATE: symbol $NCHAIN1 set to    3.00000     (real)
 CNSsolve>end loop cloop1 
 CNSsolve>while ($nchain1 <= $data.ncomponents) loop cloop1 
 NEXTCD: condition evaluated as false
 CNSsolve>  evaluate ($par_cg_$nchain1 = false) 
 CNSsolve>  evaluate ($parstatus_cg_$nchain1 = false) 
 CNSsolve>  if ($toppar.cg_$nchain1 = true) then 
 CNSsolve>    eval($coarse = true) 
 CNSsolve>    evaluate ($par_cg_$nchain1 = true) 
 CNSsolve>    evaluate ($parstatus_cg_$nchain1 = true) 
 CNSsolve>    if ( $iteration < 2) then 
 CNSsolve>      evaluate ($par_nonbonded_$nchain1 = "RUN:toppar/" + $toppar.prot_cg_par_$nchain1) 
 CNSsolve>      evaluate ($par_cg_nonbonded_$nchain1 = "RUN:toppar/" + $toppar.prot_cg_par_$nchain1) 
 CNSsolve>    else 
 CNSsolve>      evaluate ($par_nonbonded_$nchain1 = "RUN:toppar/" + $toppar.prot_par_$nchain1) 
 CNSsolve>      evaluate ($par_cg_nonbonded_$nchain1 = "RUN:toppar/" + $toppar.prot_cg_par_$nchain1) 
 CNSsolve>    end if 
 CNSsolve>  else 
 CNSsolve>    evaluate ($par_nonbonded_$nchain1 = "RUN:toppar/" + $toppar.prot_par_$nchain1) 
 CNSsolve>  end if 
 CNSsolve>  eval($nchain1 = $nchain1 + 1) 
 CNSsolve>end loop cloop1 
 CNSsolve> 
 CNSsolve>eval($nchain1= 0) 
 EVALUATE: symbol $NCHAIN1 set to    0.00000     (real)
 CNSsolve>while ($nchain1 < $data.ncomponents) loop cloop1 
 NEXTCD: condition evaluated as true
 CNSsolve>  eval($nchain1 = $nchain1 + 1) 
 EVALUATE: symbol $NCHAIN1 set to    1.00000     (real)
 CNSsolve>  eval($parstatus_$nchain1 = true) 
 EVALUATE: symbol $PARSTATUS_1 set to TRUE (logical)
 CNSsolve>end loop cloop1 
 CNSsolve>while ($nchain1 < $data.ncomponents) loop cloop1 
 NEXTCD: condition evaluated as true
 CNSsolve>  eval($nchain1 = $nchain1 + 1) 
 EVALUATE: symbol $NCHAIN1 set to    2.00000     (real)
 CNSsolve>  eval($parstatus_$nchain1 = true) 
 EVALUATE: symbol $PARSTATUS_2 set to TRUE (logical)
 CNSsolve>end loop cloop1 
 CNSsolve>while ($nchain1 < $data.ncomponents) loop cloop1 
 NEXTCD: condition evaluated as false
 CNSsolve>  eval($nchain1 = $nchain1 + 1) 
 CNSsolve>  eval($parstatus_$nchain1 = true) 
 CNSsolve>end loop cloop1 
 CNSsolve> 
 CNSsolve>eval($nchain1= 1) 
 EVALUATE: symbol $NCHAIN1 set to    1.00000     (real)
 CNSsolve>while ($nchain1 < $data.ncomponents) loop cloop2 
 NEXTCD: condition evaluated as true
 CNSsolve>  eval($nchain2 = $nchain1 + 1) 
 EVALUATE: symbol $NCHAIN2 set to    2.00000     (real)
 CNSsolve>  while ($nchain2 <= $data.ncomponents) loop cloop3 
 NEXTCD: condition evaluated as true
 CNSsolve>    if ($par_nonbonded_$nchain2 eq $par_nonbonded_$nchain1) then 
 NEXTCD: condition evaluated as false
 CNSsolve>      eval($parstatus_$nchain2 = false) 
 CNSsolve>    end if 
 CNSsolve>    eval($nchain2 = $nchain2 + 1) 
 EVALUATE: symbol $NCHAIN2 set to    3.00000     (real)
 CNSsolve>  end loop cloop3 
 CNSsolve>  while ($nchain2 <= $data.ncomponents) loop cloop3 
 NEXTCD: condition evaluated as false
 CNSsolve>    if ($par_nonbonded_$nchain2 eq $par_nonbonded_$nchain1) then 
 CNSsolve>      eval($parstatus_$nchain2 = false) 
 CNSsolve>    end if 
 CNSsolve>    eval($nchain2 = $nchain2 + 1) 
 CNSsolve>  end loop cloop3 
 CNSsolve>  eval($nchain1 = $nchain1 + 1) 
 EVALUATE: symbol $NCHAIN1 set to    2.00000     (real)
 CNSsolve>end loop cloop2 
 CNSsolve>while ($nchain1 < $data.ncomponents) loop cloop2 
 NEXTCD: condition evaluated as false
 CNSsolve>  eval($nchain2 = $nchain1 + 1) 
 CNSsolve>  while ($nchain2 <= $data.ncomponents) loop cloop3 
 CNSsolve>    if ($par_nonbonded_$nchain2 eq $par_nonbonded_$nchain1) then 
 CNSsolve>      eval($parstatus_$nchain2 = false) 
 CNSsolve>    end if 
 CNSsolve>    eval($nchain2 = $nchain2 + 1) 
 CNSsolve>  end loop cloop3 
 CNSsolve>  eval($nchain1 = $nchain1 + 1) 
 CNSsolve>end loop cloop2 
 CNSsolve> 
 CNSsolve>parameter @@$par_nonbonded_1 end 
 ASSFIL: file dna-rna-allatom-hj-opls-1.3.param opened.
 PARRDR>remarks file toppar/dna-rna-allatom.top 
 PARRDR>remarks  dna-rna-allatom-hj-opls-1.3.param 
 PARRDR>remarks  all-hydrogen dna/rna parameters using the OPLS force field 
 PARRDR> 
 PARRDR>!RNA PARAMETER FILE 'FRAMEWORK' FROM PARALLHDG.DNA AND ATOM NAMES 
 PARRDR>! AND HEAVY ATOM PARAMETERS FROM DNA-RNA.PARAM 
 PARRDR>!INCLUDES ALL NONEXCHANGEABLE HYDROGEN TERMS FOR BOND, ANGLE, AND 
 PARRDR>!IMPROPERS WITH ENERGY CONSTANT VARIABLES: $kchbond, $kchangle, AND $kchimpr. 
 PARRDR>!BOND, ANGLE, AND IMPROPERS WERE ESTIMATED FROM VALUES FROM THE STANDARD 
 PARRDR>!NUCLEOTIDES OF INSIGHTII 95.0 (BIOSYM/MOLECULAR SIMULATIONS). 
 PARRDR>!CREATED 2/24/96 -- JASON P. RIFE AND PETER B. MOORE 
 PARRDR>!ADDED OPLSX SECTION 6/2/07 -- HENRY JONKER 
 PARRDR>!ADAPTED/CLEANED FOR HADDOCK -- ALEXANDRE BONVIN 
 PARRDR> 
 PARRDR>set message ? end eval ($old_message=$result) set echo ? end eval ($old_echo=$result) 
 MESSage=NORM
 EVALUATE: symbol $OLD_MESSAGE set to "NORM" (string)
 ECHO=TRUE {ON}
 EVALUATE: symbol $OLD_ECHO set to TRUE (logical)
 PARRDR>set message=off echo=off end 
 PARRDR> 
 PARRDR> end 
 %PARRDR-info: duplication of bond HN   N3T 
 %PARRDR-info: duplication of nonbonded entry OH  
 %PARRDR-info: duplication of nonbonded entry P   
 %PARRDR-info: duplication of nonbonded entry HO  
 %PARRDR-info: duplication of nonbonded entry HN  
 CNSsolve>eval($nchain1= 2) 
 EVALUATE: symbol $NCHAIN1 set to    2.00000     (real)
 CNSsolve>while ($nchain1 <= $data.ncomponents) loop cloop1 
 NEXTCD: condition evaluated as true
 CNSsolve>  if ($parstatus_$nchain1 = true) then 
 NEXTCD: condition evaluated as true
 CNSsolve>    parameter @@$par_nonbonded_$nchain1 end 
 ASSFIL: file protein-allhdg5-4.param opened.
 PARRDR>remarks file toppar/protein-allhdg5-4.param 
 PARRDR>remark 
 PARRDR>remark   for file protein-allhdg-ucl.top  version UCL  date 14-MAR-00 
 PARRDR>remark   for file protein-allhdg-dih-ucl.top  version UCL  date 07-JUL-01 
 PARRDR>remark   Geometric energy function parameters for distance geometry and 
 PARRDR>remark   simulated annealing. 
 PARRDR>remark   Original author: Michael Nilges, EMBL Heidelberg 
 PARRDR>remark   Modifications: Mark A. Williams, UCL London 
 PARRDR>remark   Several modifications for HADDOCK: Alexandre Bonvin, Utrecht Uni 
 PARRDR>remark   Last modification 06-02-2021 
 PARRDR> 
 PARRDR>set message ? end eval ($old_message=$result) set echo ? end eval ($old_echo=$result) 
 MESSage=NORM
 EVALUATE: symbol $OLD_MESSAGE set to "NORM" (string)
 ECHO=TRUE {ON}
 EVALUATE: symbol $OLD_ECHO set to TRUE (logical)
 PARRDR>set message=off echo=off end 
 PARRDR> 
 PARRDR> 
 PARRDR> end 
 %PARRDR-info: duplication of bond HN   N3T 
 %PARRDR-info: duplication of angle CR1E CR1E CY2 
 %PARRDR-info: duplication of nonbonded entry OH  
 %PARRDR-info: duplication of nonbonded entry P   
 %PARRDR-info: duplication of nonbonded entry HO  
 %PARRDR-info: duplication of nonbonded entry HN  
 %PARRDR-info: duplication of nonbonded entry H   
 %PARRDR-info: duplication of nonbonded entry HA  
 %PARRDR-info: duplication of nonbonded entry HC  
 %PARRDR-info: duplication of nonbonded entry OP1 
 CNSsolve>  end if 
 CNSsolve>  eval($nchain1 = $nchain1 + 1) 
 EVALUATE: symbol $NCHAIN1 set to    3.00000     (real)
 CNSsolve>end loop cloop1 
 CNSsolve>while ($nchain1 <= $data.ncomponents) loop cloop1 
 NEXTCD: condition evaluated as false
 CNSsolve>  if ($parstatus_$nchain1 = true) then 
 CNSsolve>    parameter @@$par_nonbonded_$nchain1 end 
 CNSsolve>  end if 
 CNSsolve>  eval($nchain1 = $nchain1 + 1) 
 CNSsolve>end loop cloop1 
 CNSsolve> 
 CNSsolve>parameter 
 PARRDR>  nbonds 
 NBDSET>    nbxmod=5 atom cdie shift 
 NBDSET>    cutnb=9.5 ctofnb=8.5 ctonnb=6.5 eps=1.0 e14fac=0.4 inhibit 0.25 
 NBDSET>    wmin=0.5 tolerance  0.5 
 NBDSET>  end 
 PARRDR>end 
 %PARRDR-info: duplication of bond HN   N3T 
 %PARRDR-info: duplication of angle CR1E CR1E CY2 
 %PARRDR-info: duplication of nonbonded entry OH  
 %PARRDR-info: duplication of nonbonded entry P   
 %PARRDR-info: duplication of nonbonded entry HO  
 %PARRDR-info: duplication of nonbonded entry HN  
 %PARRDR-info: duplication of nonbonded entry H   
 %PARRDR-info: duplication of nonbonded entry HA  
 %PARRDR-info: duplication of nonbonded entry HC  
 %PARRDR-info: duplication of nonbonded entry OP1 
 CNSsolve> 
 CNSsolve>if ($coarse eq true) then 
 NEXTCD: condition evaluated as false
 CNSsolve>  if ( $iteration == 2) then 
 CNSsolve>    ! We need to read both the AA and CG parameters, but avoid duplication 
 CNSsolve>    eval($nchain1= 1) 
 CNSsolve>    while ($nchain1 <= $data.ncomponents) loop cloop1 
 CNSsolve>      if ($par_cg_$nchain1 eq true) then 
 CNSsolve>        eval($nchain2 = $nchain1 + 1) 
 CNSsolve>        while ($nchain2 <= $data.ncomponents) loop cloop2 
 CNSsolve>          if ($par_cg_$nchain2 eq true) then 
 CNSsolve>            if ($par_cg_nonbonded_$nchain2 eq $par_cg_nonbonded_$nchain1) then 
 CNSsolve>              eval($parstatus_cg_$nchain2 = false) 
 CNSsolve>            end if 
 CNSsolve>          end if 
 CNSsolve>          eval($nchain2 = $nchain2 + 1) 
 CNSsolve>        end loop cloop2 
 CNSsolve>      else 
 CNSsolve>        eval($parstatus_cg_$nchain1 = false) 
 CNSsolve>      end if 
 CNSsolve>      eval($nchain1 = $nchain1 + 1) 
 CNSsolve>    end loop cloop1 
 CNSsolve> 
 CNSsolve>    eval($nchain1= 1) 
 CNSsolve>    while ($nchain1 <= $data.ncomponents) loop cloop1 
 CNSsolve>      if ($parstatus_cg_$nchain1 = true) then 
 CNSsolve>        parameter @@$par_cg_nonbonded_$nchain1 end 
 CNSsolve>      end if 
 CNSsolve>      eval($nchain1 = $nchain1 + 1) 
 CNSsolve>    end loop cloop1 
 CNSsolve> 
 CNSsolve>  else 
 CNSsolve>    ! Only CG paramters have been read - only need to set the nonbonded flags 
 CNSsolve>    parameter 
 CNSsolve>      nbonds 
 CNSsolve>        nbxmod=5 atom cdie shift 
 CNSsolve>        cutnb=15.0 ctofnb=14.0 ctonnb=12.0 eps=1.0 e14fac=0.4 inhibit 0.25 
 CNSsolve>        wmin=0.5 tolerance  0.5 
 CNSsolve>      end 
 CNSsolve>    end 
 CNSsolve>  end if 
 CNSsolve>end if 
 CNSsolve> 
 CNSsolve>! this is required for protein-DNA complexes 
 CNSsolve>! bur not needed if a DNA param file has already been defined 
 CNSsolve>if ( &BLANK%nucl_parameter_infile = false ) then 
 NEXTCD: condition evaluated as true
 CNSsolve>  eval($dnaparam = "RUN:toppar/" + &nucl_parameter_infile) 
 EVALUATE: symbol $DNAPARAM set to "RUN:toppar/dna-rna-allatom-hj-opls-1.3.param" (string)
 CNSsolve>  eval($read_dna_param = true) 
 EVALUATE: symbol $READ_DNA_PARAM set to TRUE (logical)
 CNSsolve>  eval($nchain1 = 1) 
 EVALUATE: symbol $NCHAIN1 set to    1.00000     (real)
 CNSsolve>  while ($nchain1 <= $data.ncomponents) loop cloop1 
 NEXTCD: condition evaluated as true
 CNSsolve>    if ($par_nonbonded_$nchain1 = $dnaparam) then 
 NEXTCD: condition evaluated as true
 CNSsolve>      eval($read_dna_param = false) 
 EVALUATE: symbol $READ_DNA_PARAM set to FALSE (logical)
 CNSsolve>    end if 
 CNSsolve>    eval($nchain1 = $nchain1 + 1) 
 EVALUATE: symbol $NCHAIN1 set to    2.00000     (real)
 CNSsolve>  end loop cloop1 
 CNSsolve>  while ($nchain1 <= $data.ncomponents) loop cloop1 
 NEXTCD: condition evaluated as true
 CNSsolve>    if ($par_nonbonded_$nchain1 = $dnaparam) then 
 NEXTCD: condition evaluated as false
 CNSsolve>      eval($read_dna_param = false) 
 CNSsolve>    end if 
 CNSsolve>    eval($nchain1 = $nchain1 + 1) 
 EVALUATE: symbol $NCHAIN1 set to    3.00000     (real)
 CNSsolve>  end loop cloop1 
 CNSsolve>  while ($nchain1 <= $data.ncomponents) loop cloop1 
 NEXTCD: condition evaluated as false
 CNSsolve>    if ($par_nonbonded_$nchain1 = $dnaparam) then 
 CNSsolve>      eval($read_dna_param = false) 
 CNSsolve>    end if 
 CNSsolve>    eval($nchain1 = $nchain1 + 1) 
 CNSsolve>  end loop cloop1 
 CNSsolve>  if ($read_dna_param = true) then 
 NEXTCD: condition evaluated as false
 CNSsolve>    param @@$dnaparam end 
 CNSsolve>  end if 
 CNSsolve>end if 
 CNSsolve> 
 CNSsolve>! and the same for the CG version 
 CNSsolve>if ($coarse eq true) then 
 NEXTCD: condition evaluated as false
 CNSsolve>  if ( &BLANK%nucl_cgparameter_infile = false ) then 
 CNSsolve>    eval($dnacgparam = "RUN:toppar/" + &nucl_cgparameter_infile) 
 CNSsolve>    eval($read_dna_cgparam = true) 
 CNSsolve>    eval($nchain1 = 1) 
 CNSsolve>    while ($nchain1 <= $data.ncomponents) loop cloop1 
 CNSsolve>      if ($par_cg_nonbonded_$nchain1 = $dnacgparam) then 
 CNSsolve>        eval($read_dna_cgparam = false) 
 CNSsolve>      end if 
 CNSsolve>      eval($nchain1 = $nchain1 + 1) 
 CNSsolve>    end loop cloop1 
 CNSsolve>    if ($read_dna_cgparam = true) then 
 CNSsolve>      param @@$dnacgparam end 
 CNSsolve>    end if 
 CNSsolve>  end if 
 CNSsolve>end if 
 CNSsolve> 
 CNSsolve>parameter @@RUN:toppar/carbohydrate.param end 
 ASSFIL: file carbohydrate.param opened.
 PARRDR>remarks file toppar/carbohydrate.param 
 PARRDR>REMARKS Parameter file for pyranose sugars 
 PARRDR>REMARKS Alexandre Bonvin - adapted to use unique atom types for sugar-specific atoms 
 PARRDR>REMARKS Joao Rodrigues 11-June-2020 
 PARRDR>REMARKS Parameters updated to Feng, PLoS One, 2017 
 PARRDR>REMARKS PMC 5726640 
 PARRDR> 
 PARRDR>REMARKS Bill Weis 10-July-1988 
 PARRDR>REMARKS Additions for atom type combinations not covered in PARAM19X.PRO. 
 PARRDR>REMARKS Needed additions are for ether oxygen and aliphatic carbon in all-atom 
 PARRDR>REMARKS representation used for sugars (type CC).  Ditto for type HA. 
 PARRDR>REMARKS Values from J. Brady glucose parameters unless noted. 
 PARRDR>REMARKS These should be sufficient for refinement. 
 PARRDR> 
 PARRDR>REMARKS Additions 6-March-1992 Bill Weis 
 PARRDR>REMARKS New atom types CCA, CCE,  OASfor the C1 & O1 positions to account 
 PARRDR>REMARKS for different BOND and ANGLe values due to the anomeric effect. 
 PARRDR>REMARKS More accurate equilibrium values for BOND ANGLe around this oxygen 
 PARRDR>REMARKS in glycosidic linkages.  CCE for equatorial O1, CCA for 
 PARRDR>REMAKRS axial O1.   For free sugar, keep OH1 as O1 atomtype; changed to OA 
 PARRDR>REMARKS for linkages. 
 PARRDR>REMARKS References: G.A. Jeffrey (1990) Acta Cryst B46, 89-103; 
 PARRDR>REMARKS K. Hirotsu & A.Shimada, (1974) Bull. Chem. Soc. Japan, 47, 1872-1879. 
 PARRDR> 
 PARRDR>REMARKS  This set has been modified to be roughly consistent with 
 PARRDR>REMARKS  the csd-derived protein parameters of Engh and Huber. 
 PARRDR>REMARKS  New atom type CC6 for exocyclic 6 carbon 
 PARRDR>REMARKS  Bill Weis 5/11/92 
 PARRDR> 
 PARRDR>set message ? end eval ($old_message=$result) set echo ? end eval ($old_echo=$result) 
 MESSage=NORM
 EVALUATE: symbol $OLD_MESSAGE set to "NORM" (string)
 ECHO=TRUE {ON}
 EVALUATE: symbol $OLD_ECHO set to TRUE (logical)
 PARRDR>set message=off echo=off end 
 PARRDR> 
 PARRDR> 
 PARRDR> end 
 %PARRDR-info: duplication of bond CH1E OAS 
 %PARRDR-info: duplication of bond HN   N3T 
 %PARRDR-info: duplication of angle CH2E C    NH1 
 %PARRDR-info: duplication of angle CR1E CR1E CY2 
 %PARRDR-info: duplication of nonbonded entry OH  
 %PARRDR-info: duplication of nonbonded entry P   
 %PARRDR-info: duplication of nonbonded entry HO  
 %PARRDR-info: duplication of nonbonded entry HN  
 %PARRDR-info: duplication of nonbonded entry H   
 %PARRDR-info: duplication of nonbonded entry HA  
 %PARRDR-info: duplication of nonbonded entry HC  
 %PARRDR-info: duplication of nonbonded entry OP1 
 CNSsolve>parameter @@RUN:toppar/ion.param end 
 ASSFIL: file ion.param opened.
 PARRDR>remarks file toppar/ion.param 
 PARRDR>remarks nonbonded parameters for common ions 
 PARRDR>remarks new parameters derived from literature for single atom species 
 PARRDR>remarks PDA 02/09/99 
 PARRDR> 
 PARRDR>set echo=off end 
 PARRDR> end 
 %PARRDR-info: duplication of bond CH1E OAS 
 %PARRDR-info: duplication of bond HN   N3T 
 %PARRDR-info: duplication of angle CH2E C    NH1 
 %PARRDR-info: duplication of angle CR1E CR1E CY2 
 %PARRDR-info: duplication of nonbonded entry OH  
 %PARRDR-info: duplication of nonbonded entry P   
 %PARRDR-info: duplication of nonbonded entry HO  
 %PARRDR-info: duplication of nonbonded entry HN  
 %PARRDR-info: duplication of nonbonded entry H   
 %PARRDR-info: duplication of nonbonded entry HA  
 %PARRDR-info: duplication of nonbonded entry HC  
 %PARRDR-info: duplication of nonbonded entry OP1 
 %PARRDR-info: duplication of nonbonded entry HO  
 %PARRDR-info: duplication of nonbonded entry HO  
 CNSsolve>parameter @@RUN:toppar/ligand.param end 
 ASSFIL: file ligand.param opened.
 PARRDR>! Put in this file your ligand parameters if needed 
 PARRDR>! 
 PARRDR>! 
 PARRDR>!       This file was generated by PRODRG version 070118.0614 
 PARRDR>!       PRODRG written/copyrighted by Daan van Aalten 
 PARRDR>!       and Alexander Schuettelkopf 
 PARRDR>! 
 PARRDR>!       Questions/comments to dava@davapc1.bioch.dundee.ac.uk 
 PARRDR>! 
 PARRDR>!       When using this software in a publication, cite: 
 PARRDR>!       A. W. Schuettelkopf and D. M. F. van Aalten (2004). 
 PARRDR>!       PRODRG - a tool for high-throughput crystallography 
 PARRDR>!       of protein-ligand complexes. 
 PARRDR>!       Acta Crystallogr. D60, 1355--1363. 
 PARRDR>! 
 PARRDR>! 
 PARRDR>!  *** NOTE *** IF YOU USE MORE THAN ONE PRODRG-GENERATED TOPOLOGY IN CNS, 
 PARRDR>!               PLEASE CAREFULLY READ THE FAQ AS THIS MAY CAUSE PROBLEMS 
 PARRDR>! 
 PARRDR>! 
 PARRDR>set echo=off message=on end 
 EVALUATE: symbol $PD_X set to    1.00000     (real)
 EVALUATE: symbol $PD_V set to    17900.0     (real)
 EVALUATE: symbol $PD_V set to    16000.0     (real)
 EVALUATE: symbol $PD_V set to    18000.0     (real)
 EVALUATE: symbol $PD_V set to    18000.0     (real)
 EVALUATE: symbol $PD_V set to    16000.0     (real)
 EVALUATE: symbol $PD_V set to    17900.0     (real)
 EVALUATE: symbol $PD_V set to    17900.0     (real)
 EVALUATE: symbol $PD_V set to    16000.0     (real)
 EVALUATE: symbol $PD_V set to    16000.0     (real)
 EVALUATE: symbol $PD_V set to    16000.0     (real)
 EVALUATE: symbol $PD_V set to    16000.0     (real)
 EVALUATE: symbol $PD_V set to    16000.0     (real)
 EVALUATE: symbol $PD_V set to    16000.0     (real)
 EVALUATE: symbol $PD_V set to    16000.0     (real)
 EVALUATE: symbol $PD_V set to    15000.0     (real)
 EVALUATE: symbol $PD_V set to    15000.0     (real)
 EVALUATE: symbol $PD_V set to    12000.0     (real)
 EVALUATE: symbol $PD_V set to    16000.0     (real)
 EVALUATE: symbol $PD_V set to    17900.0     (real)
 EVALUATE: symbol $PD_V set to    20000.0     (real)
 EVALUATE: symbol $PD_V set to    18000.0     (real)
 EVALUATE: symbol $PD_V set to    20000.0     (real)
 EVALUATE: symbol $PD_V set to    17900.0     (real)
 EVALUATE: symbol $PD_V set to    17900.0     (real)
 EVALUATE: symbol $PD_V set to    17900.0     (real)
 EVALUATE: symbol $PD_V set to    18000.0     (real)
 EVALUATE: symbol $PD_V set to    16000.0     (real)
 EVALUATE: symbol $PD_V set to    16000.0     (real)
 EVALUATE: symbol $PD_V set to    12000.0     (real)
 EVALUATE: symbol $PD_V set to    18000.0     (real)
 EVALUATE: symbol $PD_V set to    24000.0     (real)
 EVALUATE: symbol $PD_V set to    18000.0     (real)
 EVALUATE: symbol $PD_V set to    17900.0     (real)
 EVALUATE: symbol $PD_V set to    17900.0     (real)
 EVALUATE: symbol $PD_V set to    720.000     (real)
 EVALUATE: symbol $PD_V set to    800.000     (real)
 EVALUATE: symbol $PD_V set to    800.000     (real)
 EVALUATE: symbol $PD_V set to    800.000     (real)
 EVALUATE: symbol $PD_V set to    800.000     (real)
 EVALUATE: symbol $PD_V set to    800.000     (real)
 EVALUATE: symbol $PD_V set to    800.000     (real)
 EVALUATE: symbol $PD_V set to    800.000     (real)
 EVALUATE: symbol $PD_V set to    640.000     (real)
 EVALUATE: symbol $PD_V set to    800.000     (real)
 EVALUATE: symbol $PD_V set to    800.000     (real)
 EVALUATE: symbol $PD_V set to    800.000     (real)
 EVALUATE: symbol $PD_V set to    880.000     (real)
 EVALUATE: symbol $PD_V set to    880.000     (real)
 EVALUATE: symbol $PD_V set to    880.000     (real)
 EVALUATE: symbol $PD_V set to    880.000     (real)
 EVALUATE: symbol $PD_V set to    880.000     (real)
 EVALUATE: symbol $PD_V set to    760.000     (real)
 EVALUATE: symbol $PD_V set to    880.000     (real)
 EVALUATE: symbol $PD_V set to    880.000     (real)
 EVALUATE: symbol $PD_V set to    760.000     (real)
 EVALUATE: symbol $PD_V set to    760.000     (real)
 EVALUATE: symbol $PD_V set to    880.000     (real)
 EVALUATE: symbol $PD_V set to    760.000     (real)
 EVALUATE: symbol $PD_V set to    760.000     (real)
 EVALUATE: symbol $PD_V set to    760.000     (real)
 EVALUATE: symbol $PD_V set to    880.000     (real)
 EVALUATE: symbol $PD_V set to    880.000     (real)
 EVALUATE: symbol $PD_V set to    800.000     (real)
 EVALUATE: symbol $PD_V set to    800.000     (real)
 EVALUATE: symbol $PD_V set to    720.000     (real)
 EVALUATE: symbol $PD_V set to    800.000     (real)
 EVALUATE: symbol $PD_V set to    800.000     (real)
 EVALUATE: symbol $PD_V set to    800.000     (real)
 EVALUATE: symbol $PD_V set to    800.000     (real)
 EVALUATE: symbol $PD_V set to    800.000     (real)
 EVALUATE: symbol $PD_V set to    640.000     (real)
 EVALUATE: symbol $PD_V set to    720.000     (real)
 EVALUATE: symbol $PD_V set to    800.000     (real)
 EVALUATE: symbol $PD_V set to    800.000     (real)
 EVALUATE: symbol $PD_V set to    880.000     (real)
 EVALUATE: symbol $PD_V set to    880.000     (real)
 EVALUATE: symbol $PD_V set to    880.000     (real)
 EVALUATE: symbol $PD_V set to    880.000     (real)
 EVALUATE: symbol $PD_V set to    880.000     (real)
 EVALUATE: symbol $PD_V set to    880.000     (real)
 EVALUATE: symbol $PD_V set to    544.000     (real)
 EVALUATE: symbol $PD_V set to    640.000     (real)
 EVALUATE: symbol $PD_V set to    800.000     (real)
 EVALUATE: symbol $PD_V set to    800.000     (real)
 EVALUATE: symbol $PD_V set to    960.000     (real)
 EVALUATE: symbol $PD_V set to    560.000     (real)
 EVALUATE: symbol $PD_V set to    560.000     (real)
 EVALUATE: symbol $PD_V set to    640.000     (real)
 EVALUATE: symbol $PD_V set to    800.000     (real)
 EVALUATE: symbol $PD_V set to    800.000     (real)
 EVALUATE: symbol $PD_V set to    800.000     (real)
 EVALUATE: symbol $PD_V set to    800.000     (real)
 EVALUATE: symbol $PD_V set to    800.000     (real)
 EVALUATE: symbol $PD_V set to    800.000     (real)
 EVALUATE: symbol $PD_V set to    800.000     (real)
 EVALUATE: symbol $PD_V set to    800.000     (real)
 EVALUATE: symbol $PD_V set to    800.000     (real)
 EVALUATE: symbol $PD_V set to    800.000     (real)
 EVALUATE: symbol $PD_V set to    400.000     (real)
 EVALUATE: symbol $PD_V set to    400.000     (real)
 EVALUATE: symbol $PD_V set to    400.000     (real)
 EVALUATE: symbol $PD_V set to    400.000     (real)
 EVALUATE: symbol $PD_V set to    640.000     (real)
 EVALUATE: symbol $PD_V set to    8.10000     (real)
 EVALUATE: symbol $PD_V set to    640.000     (real)
 EVALUATE: symbol $PD_V set to    640.000     (real)
 EVALUATE: symbol $PD_V set to   0.100000     (real)
 EVALUATE: symbol $PD_V set to   0.100000     (real)
 EVALUATE: symbol $PD_V set to    19.6000     (real)
 EVALUATE: symbol $PD_V set to    19.6000     (real)
 EVALUATE: symbol $PD_V set to   0.900000     (real)
 EVALUATE: symbol $PD_V set to   0.900000     (real)
 EVALUATE: symbol $PD_V set to    19.6000     (real)
 EVALUATE: symbol $PD_V set to    0.00000     (real)
 EVALUATE: symbol $PD_V set to    19.6000     (real)
 EVALUATE: symbol $PD_V set to    640.000     (real)
 EVALUATE: symbol $PD_V set to    640.000     (real)
 EVALUATE: symbol $PD_V set to    640.000     (real)
 EVALUATE: symbol $PD_V set to    8.10000     (real)
 EVALUATE: symbol $PD_V set to    19.6000     (real)
 EVALUATE: symbol $PD_V set to    19.6000     (real)
 EVALUATE: symbol $PD_V set to    8.10000     (real)
 EVALUATE: symbol $PD_V set to    160.000     (real)
 EVALUATE: symbol $PD_V set to    640.000     (real)
 PARRDR> end 
 %PARRDR-info: duplication of bond CH1E OAS 
 %PARRDR-info: duplication of bond HN   N3T 
 %PARRDR-info: duplication of angle CH2E C    NH1 
 %PARRDR-info: duplication of angle CR1E CR1E CY2 
 %PARRDR-info: duplication of nonbonded entry OH  
 %PARRDR-info: duplication of nonbonded entry P   
 %PARRDR-info: duplication of nonbonded entry HO  
 %PARRDR-info: duplication of nonbonded entry HN  
 %PARRDR-info: duplication of nonbonded entry H   
 %PARRDR-info: duplication of nonbonded entry HA  
 %PARRDR-info: duplication of nonbonded entry HC  
 %PARRDR-info: duplication of nonbonded entry OP1 
 %PARRDR-info: duplication of nonbonded entry HO  
 %PARRDR-info: duplication of nonbonded entry HO  
 CNSsolve>parameter @@RUN:toppar/fragment_probes.param end 
 ASSFIL: file fragment_probes.param opened.
 PARRDR>Remarks Parameters for Fragment-based Ligand Binding Site Mapping 
 PARRDR>Remarks created by acpype (Rev: 7268) on Mon Apr 13 10:01:53 2015 
 PARRDR> 
 PARRDR>set echo=false end 
 PARRDR> end 
 %PARRDR-info: duplication of bond CH1E OAS 
 %PARRDR-info: duplication of bond HN   N3T 
 %PARRDR-info: duplication of angle CH2E C    NH1 
 %PARRDR-info: duplication of angle CR1E CR1E CY2 
 %PARRDR-info: duplication of nonbonded entry OH  
 %PARRDR-info: duplication of nonbonded entry P   
 %PARRDR-info: duplication of nonbonded entry HO  
 %PARRDR-info: duplication of nonbonded entry HN  
 %PARRDR-info: duplication of nonbonded entry H   
 %PARRDR-info: duplication of nonbonded entry HA  
 %PARRDR-info: duplication of nonbonded entry HC  
 %PARRDR-info: duplication of nonbonded entry OP1 
 %PARRDR-info: duplication of nonbonded entry HO  
 %PARRDR-info: duplication of nonbonded entry HO  
 CNSsolve>parameter @@RUN:toppar/hemes-allhdg.param end 
 ASSFIL: file hemes-allhdg.param opened.
 PARRDR>remark  file parallhdg.hemes 
 PARRDR> 
 PARRDR>set message off echo off end 
 PARRDR> end 
 %PARRDR-info: duplication of bond C    OC  
 %PARRDR-info: duplication of bond CH1E OAS 
 %PARRDR-info: duplication of bond HN   N3T 
 %PARRDR-info: duplication of angle CH2E C    NH1 
 %PARRDR-info: duplication of angle CR1E CR1E CY2 
 %PARRDR-info: duplication of angle OC   C    OC  
 %PARRDR-info: duplication of nonbonded entry OH  
 %PARRDR-info: duplication of nonbonded entry P   
 %PARRDR-info: duplication of nonbonded entry HO  
 %PARRDR-info: duplication of nonbonded entry HN  
 %PARRDR-info: duplication of nonbonded entry H   
 %PARRDR-info: duplication of nonbonded entry HA  
 %PARRDR-info: duplication of nonbonded entry HC  
 %PARRDR-info: duplication of nonbonded entry OP1 
 %PARRDR-info: duplication of nonbonded entry HO  
 %PARRDR-info: duplication of nonbonded entry HO  
 %PARRDR-info: duplication of nonbonded entry HA  
 %PARRDR-info: duplication of nonbonded entry HA  
 %PARRDR-info: duplication of nonbonded entry OC  
 %PARRDR-info: duplication of nonbonded entry C   
 CNSsolve>parameter @@RUN:toppar/water-allhdg5-4.param end 
 ASSFIL: file water-allhdg5-4.param opened.
 PARRDR>remarks file toppar/water-allhdg5-4.param 
 PARRDR>remarks 
 PARRDR>remarks   PARAM19.SOL (solvent parameters) 
 PARRDR>remarks   =========== 
 PARRDR>remarks   available: TIPS3P and DMSO model 
 PARRDR> 
 PARRDR>set message ? end eval ($old_message=$result) set echo ? end eval ($old_echo=$result) 
 MESSage=NORM
 EVALUATE: symbol $OLD_MESSAGE set to "NORM" (string)
 ECHO=TRUE {ON}
 EVALUATE: symbol $OLD_ECHO set to TRUE (logical)
 PARRDR>set message=off echo=off end 
 PARRDR> end 
 %PARRDR-info: duplication of bond C    OC  
 %PARRDR-info: duplication of bond CH1E OAS 
 %PARRDR-info: duplication of bond HN   N3T 
 %PARRDR-info: duplication of angle CH2E C    NH1 
 %PARRDR-info: duplication of angle CR1E CR1E CY2 
 %PARRDR-info: duplication of angle OC   C    OC  
 %PARRDR-info: duplication of nonbonded entry OH  
 %PARRDR-info: duplication of nonbonded entry P   
 %PARRDR-info: duplication of nonbonded entry HO  
 %PARRDR-info: duplication of nonbonded entry HN  
 %PARRDR-info: duplication of nonbonded entry H   
 %PARRDR-info: duplication of nonbonded entry HA  
 %PARRDR-info: duplication of nonbonded entry HC  
 %PARRDR-info: duplication of nonbonded entry OP1 
 %PARRDR-info: duplication of nonbonded entry HO  
 %PARRDR-info: duplication of nonbonded entry HO  
 %PARRDR-info: duplication of nonbonded entry HA  
 %PARRDR-info: duplication of nonbonded entry HA  
 %PARRDR-info: duplication of nonbonded entry OC  
 %PARRDR-info: duplication of nonbonded entry C   
 CNSsolve>parameter @@RUN:toppar/shape.param end 
 ASSFIL: file shape.param opened.
 PARRDR>NONBonded  SHA    0.01  0.01     0.01  0.01 
 PARRDR> 
 PARRDR>BOND SHA  SHA  0.0	2.0 
 PARRDR> 
 PARRDR> end 
 %PARRDR-info: duplication of bond C    OC  
 %PARRDR-info: duplication of bond CH1E OAS 
 %PARRDR-info: duplication of bond HN   N3T 
 %PARRDR-info: duplication of angle CH2E C    NH1 
 %PARRDR-info: duplication of angle CR1E CR1E CY2 
 %PARRDR-info: duplication of angle OC   C    OC  
 %PARRDR-info: duplication of nonbonded entry OH  
 %PARRDR-info: duplication of nonbonded entry P   
 %PARRDR-info: duplication of nonbonded entry HO  
 %PARRDR-info: duplication of nonbonded entry HN  
 %PARRDR-info: duplication of nonbonded entry H   
 %PARRDR-info: duplication of nonbonded entry HA  
 %PARRDR-info: duplication of nonbonded entry HC  
 %PARRDR-info: duplication of nonbonded entry OP1 
 %PARRDR-info: duplication of nonbonded entry HO  
 %PARRDR-info: duplication of nonbonded entry HO  
 %PARRDR-info: duplication of nonbonded entry HA  
 %PARRDR-info: duplication of nonbonded entry HA  
 %PARRDR-info: duplication of nonbonded entry OC  
 %PARRDR-info: duplication of nonbonded entry C   
 CNSsolve> 
 CNSsolve>igroup 
 IGROup>  interaction  (not (resn ANI or resn DAN or resn XAN or resn DUM or resn SHA)) 
 SELRPN:   1622 atoms have been selected out of   1622
 SELRPN>               (not (resn ANI or resn DAN or resn XAN or resn DUM or resn SHA)) weight * 1 end 
 SELRPN:   1622 atoms have been selected out of   1622
 IGROup>  interaction  (resn ANI or resn DAN or resn XAN or resn DUM or resn DUM) 
 SELRPN:      0 atoms have been selected out of   1622
 SELRPN>               (resn ANI or resn DAN or resn XAN or resn DUM or resn DUM) weight * 1 vdw 0.0 elec 0.0 end 
 SELRPN:      0 atoms have been selected out of   1622
 IGROup>  interaction  (resn SHA) (not resn SHA) weight * 0 end 
 SELRPN:      0 atoms have been selected out of   1622
 SELRPN:   1622 atoms have been selected out of   1622
 IGROup> 
 IGROup>end 
 CNSsolve> 
 CNSsolve>inline @RUN:protocols/charge-beads-interactions.cns 
 ASSFIL: file charge-beads-interactions.cns opened.
 CNSsolve>! charge-beads-interactions.cns 
 CNSsolve>! 
 CNSsolve>! *********************************************************************** 
 CNSsolve>! * Copyright 2003-2018 Alexandre Bonvin, Utrecht University.           * 
 CNSsolve>! * Originally adapted from Aria 1.2 from Nilges and Linge, EMBL.       * 
 CNSsolve>! * and from the CNS distriution of Brunger and Adams                   * 
 CNSsolve>! * All rights reserved.                                                * 
 CNSsolve>! * This code is part of the HADDOCK software and governed by its       * 
 CNSsolve>! * license. Please see the LICENSE file that should have been included * 
 CNSsolve>! * as part of this package.                                            * 
 CNSsolve>! *********************************************************************** 
 CNSsolve>! 
 CNSsolve>for $id1 in id ( (resn SER or resn THR or resn ASN or resn GLN) and name BB ) loop c1beads 
 SELRPN:      0 atoms have been selected out of   1622
 CNSsolve> 
 CNSsolve>   show (segid) (id $id1) 
 CNSsolve>   evaluate ($cgsegid=$result) 
 CNSsolve>   show (resid) (id $id1) 
 CNSsolve>   evaluate ($cgresid=$result) 
 CNSsolve> 
 CNSsolve>   igroup 
 CNSsolve>     ! turn off all vdw interactions between charged beads and all beads 
 CNSsolve>     interaction (segid $cgsegid and resid $cgresid and name SCD1) (all) weight vdw 0.0 end 
 CNSsolve>     interaction (segid $cgsegid and resid $cgresid and name SCD2) (all) weight vdw 0.0 end 
 CNSsolve> 
 CNSsolve>     ! turn off all vdw and elec interactions between the charged beads within one residue 
 CNSsolve>     interaction (segid $cgsegid and resid $cgresid and name SCD1) 
 CNSsolve>                 (segid $cgsegid and resid $cgresid and name SCD2) weight * 1.0 vdw 0.0 elec 0.0 end 
 CNSsolve>   end 
 CNSsolve> 
 CNSsolve>end loop c1beads 
 CNSsolve> 
 CNSsolve>for $id1 in id ( (resn LYS or resn ARG or resn ASP or resn GLU) and name BB ) loop c2beads 
 SELRPN:      0 atoms have been selected out of   1622
 CNSsolve> 
 CNSsolve>   show (segid) (id $id1) 
 CNSsolve>   evaluate ($cgsegid=$result) 
 CNSsolve>   show (resid) (id $id1) 
 CNSsolve>   evaluate ($cgresid=$result) 
 CNSsolve> 
 CNSsolve>   igroup 
 CNSsolve>     ! turn off all vdw interactions between charged beads and all beads 
 CNSsolve>     interaction (segid $cgsegid and resid $cgresid and name SCD1) (all) weight vdw 0.0 end 
 CNSsolve>   end 
 CNSsolve> 
 CNSsolve>end loop c2beads 
 CNSsolve> 
 CNSsolve> 
 CNSsolve>!set the energy flags: 
 CNSsolve>inline @RUN:protocols/setflags.cns 
 ASSFIL: file setflags.cns opened.
 CNSsolve>! setflags.cns 
 CNSsolve>!    Defines energy flags 
 CNSsolve>! 
 CNSsolve>! *********************************************************************** 
 CNSsolve>! * Copyright 2003-2018 Alexandre Bonvin, Utrecht University.           * 
 CNSsolve>! * Originally adapted from Aria 1.2 from Nilges and Linge, EMBL.       * 
 CNSsolve>! * All rights reserved.                                                * 
 CNSsolve>! * This code is part of the HADDOCK software and governed by its       * 
 CNSsolve>! * license. Please see the LICENSE file that should have been included * 
 CNSsolve>! * as part of this package.                                            * 
 CNSsolve>! *********************************************************************** 
 CNSsolve>! 
 CNSsolve> 
 CNSsolve>if ($Data.cdih.on eq true) then 
 NEXTCD: condition evaluated as false
 CNSsolve>   evaluate ($Data.flags.cdih =  true) 
 CNSsolve>end if 
 CNSsolve> 
 CNSsolve>evaluate ($nrdc=1) 
 EVALUATE: symbol $NRDC set to    1.00000     (real)
 CNSsolve>while ($nrdc <= $Data.numrdc) loop rdc 
 NEXTCD: condition evaluated as false
 CNSsolve>  if ($Data.rdc_choice_$nrdc eq "SANI") then 
 CNSsolve>    evaluate ($Data.flags.sani = true) 
 CNSsolve>  end if 
 CNSsolve>  if ($Data.rdc_choice_$nrdc eq "VANGLE") then 
 CNSsolve>    evaluate ($Data.flags.vean = true) 
 CNSsolve>  end if 
 CNSsolve>  if ($Data.rdc_choice_$nrdc eq "XRDC") then 
 CNSsolve>    evaluate ($Data.flags.xrdc = true) 
 CNSsolve>  end if 
 CNSsolve>  evaluate ($nrdc=$nrdc+1) 
 CNSsolve>end loop rdc 
 CNSsolve> 
 CNSsolve>evaluate ($ndani=1) 
 EVALUATE: symbol $NDANI set to    1.00000     (real)
 CNSsolve>while ($ndani <= $Data.numdani) loop dani 
 NEXTCD: condition evaluated as false
 CNSsolve>  if ($Data.dan_choice_$ndani eq "DANI") then 
 CNSsolve>     evaluate ($Data.flags.DANI = true) 
 CNSsolve>  end if 
 CNSsolve>  evaluate ($ndani=$ndani+1) 
 CNSsolve>end loop dani 
 CNSsolve> 
 CNSsolve>evaluate ($npcs=1) 
 EVALUATE: symbol $NPCS set to    1.00000     (real)
 CNSsolve>while ($npcs <= $Data.numpcs) loop pcs 
 NEXTCD: condition evaluated as false
 CNSsolve>  if ($Data.pcs_choice_$npcs eq "XPCS") then 
 CNSsolve>     evaluate ($Data.flags.XPCS = true) 
 CNSsolve>  end if 
 CNSsolve>  evaluate ($npcs=$npcs+1) 
 CNSsolve>end loop pcs 
 CNSsolve> 
 CNSsolve>if ($Data.flags.sani eq TRUE) then 
 NEXTCD: condition evaluated as false
 CNSsolve>  evaluate ($Data.flags.harm = true) 
 CNSsolve>end if 
 CNSsolve>if ($Data.flags.dani eq TRUE) then 
 NEXTCD: condition evaluated as false
 CNSsolve>  evaluate ($Data.flags.harm = true) 
 CNSsolve>end if 
 CNSsolve> 
 CNSsolve>if ($Data.flags.noe  =  TRUE) then 
 NEXTCD: condition evaluated as true
 CNSsolve>   flags include noe end 
 CNSsolve>elseif ($Data.flags.centroids = true) then 
 CNSsolve>    flags include noe end 
 CNSsolve>end if 
 CNSsolve> 
 CNSsolve>if ($Data.flags.cdih =  TRUE) then 
 NEXTCD: condition evaluated as false
 CNSsolve>   flags include cdih end 
 CNSsolve>end if 
 CNSsolve>if ($Data.flags.vean =  TRUE) then 
 NEXTCD: condition evaluated as false
 CNSsolve>   flags include vean end 
 CNSsolve>end if 
 CNSsolve>if ($Data.flags.sani =  TRUE) then 
 NEXTCD: condition evaluated as false
 CNSsolve>   flags include sani end 
 CNSsolve>end if 
 CNSsolve>if ($Data.flags.xrdc =  TRUE) then 
 NEXTCD: condition evaluated as false
 CNSsolve>   flags include xrdc end 
 CNSsolve>end if 
 CNSsolve>if ($Data.flags.xpcs =  TRUE) then 
 NEXTCD: condition evaluated as false
 CNSsolve>   flags include xpcs end 
 CNSsolve>end if 
 CNSsolve>if ($Data.flags.dani =  TRUE) then 
 NEXTCD: condition evaluated as false
 CNSsolve>   flags include dani end 
 CNSsolve>end if 
 CNSsolve> 
 CNSsolve>if ($Data.flags.plan =  TRUE) then 
 NEXTCD: condition evaluated as false
 CNSsolve>   flags include plan end 
 CNSsolve>end if 
 CNSsolve>if ($Data.flags.ncs  =  TRUE) then 
 NEXTCD: condition evaluated as false
 CNSsolve>   flags include ncs end 
 CNSsolve>end if 
 CNSsolve> 
 CNSsolve>if ($Data.flags.rg = TRUE) then 
 NEXTCD: condition evaluated as false
 CNSsolve>  if ($data.rgtarg > 0) then 
 CNSsolve>    flags include coll end 
 CNSsolve>  else 
 CNSsolve>    evaluate ($Data.flags.rg = false) 
 CNSsolve>  end if 
 CNSsolve>end if 
 CNSsolve> 
 CNSsolve>evaluate ($Data.flags.zres = false) 
 EVALUATE: symbol $DATA.FLAGS.ZRES set to FALSE (logical)
 CNSsolve>evaluate ($zhar = 0.0) 
 EVALUATE: symbol $ZHAR set to    0.00000     (real)
 CNSsolve> 
 CNSsolve>evaluate ($Data.flags.elec = true) 
 EVALUATE: symbol $DATA.FLAGS.ELEC set to TRUE (logical)
 CNSsolve>flags include elec end 
 CNSsolve> 
 CNSsolve>!load the solvent topology files: 
 CNSsolve>topology  @@RUN:toppar/water-allhdg5-4.top end 
 ASSFIL: file water-allhdg5-4.top opened.
 RTFRDR>remarks file toppar/water-allhdg5-4.top 
 RTFRDR>remarks 
 RTFRDR>remarks  TOPH19.SOL 
 RTFRDR>remarks  ========== 
 RTFRDR>remarks  topology file for solvent molecules 
 RTFRDR>remarks  water models available: TIP3P model 
 RTFRDR> 
 RTFRDR>set message ? end eval ($old_message=$result) set echo ? end eval ($old_echo=$result) 
 MESSage=NORM
 EVALUATE: symbol $OLD_MESSAGE set to "NORM" (string)
 ECHO=TRUE {ON}
 EVALUATE: symbol $OLD_ECHO set to TRUE (logical)
 RTFRDR>set message=off echo=off end 
 RTFRDR> 
 RTFRDR> end 
 CNSsolve> 
 CNSsolve>if ($Data.noecv eq true) then 
 NEXTCD: condition evaluated as true
 CNSsolve>  evaluate ($fileseed=$file - ".pdb" + ".seed") 
 EVALUATE: symbol $FILESEED set to "PREVIT:complex_1.seed" (string)
 CNSsolve>  @@$fileseed(seed=$seed;npart=$npart) 
 ASSFIL: file complex_1.seed opened.
 CNSsolve>module(seed;npart) 
 &_2_SEED set to $_1_SEED 
 &_2_NPART set to $_1_NPART 
 CNSsolve>define ( 
 DEFINE>currentseed = 317282; 
 DEFINE>currentpart = 1; 
 DEFINE>) 
 CNSsolve>evaluate (&seed=&currentseed) 
 EVALUATE: symbol $_1_SEED set to    317282.     (real)
 CNSsolve>evaluate (&npart=&currentpart) 
 EVALUATE: symbol $_1_NPART set to    1.00000     (real)
 CNSsolve>else 
 CNSsolve>  evaluate ($seed = max($iteration,1)*$count*$Saprotocol.iniseed) 
 CNSsolve>end if 
 CNSsolve>set seed $seed end 
 CNSsolve> 
 CNSsolve>! read coordinate and copy to reference coordinate set 
 CNSsolve>coor @@$file 
 ASSFIL: file complex_1.pdb opened.
 COOR>REMARK FILENAME="complex_1.pdb" 
 COOR>REMARK =============================================================== 
 COOR>REMARK HADDOCK run for complex 
 COOR>REMARK initial structure: complex_346.pdb 
 COOR>REMARK =============================================================== 
 COOR>REMARK            total,bonds,angles,improper,dihe,vdw,elec,air,cdih,coup,rdcs,vean,dani,xpcs,rg 
 COOR>REMARK energies: -22.7305, 0, 0, 0, 0, -21.626, -2.82139, 1.30232, 0, 0, 0, 0, 0, 0, 0 
 COOR>REMARK =============================================================== 
 COOR>REMARK            bonds,angles,impropers,dihe,air,cdih,coup,rdcs,vean,dani,xpcs 
 COOR>REMARK rms-dev.: 0,0,0,0,1.67895E-02,2.210801E-02,0, 0, 0, 0, 0 
 COOR>REMARK =============================================================== 
 COOR>REMARK               air,cdih,coup,rdcs,vean,dani,xpcs 
 COOR>REMARK               >0.3,>5,>1,>0,>5,>0.2,>0.2 
 COOR>REMARK violations.: 0, 0, 0, 0, 0, 0, 0 
 COOR>REMARK =============================================================== 
 COOR>REMARK                        CVpartition#,violations,rms 
 COOR>REMARK AIRs cross-validation: 1, 8, 3.83235 
 COOR>REMARK =============================================================== 
 COOR>REMARK NCS energy: 0 
 COOR>REMARK =============================================================== 
 COOR>REMARK Symmetry energy: 0 
 COOR>REMARK =============================================================== 
 COOR>REMARK Membrane restraining energy: 0 
 COOR>REMARK =============================================================== 
 COOR>REMARK Local cross-correlation:  0.0000 
 COOR>REMARK =============================================================== 
 COOR>REMARK Desolvation energy: 4.69903 
 COOR>REMARK Internal energy free molecules: 8.824412E+06 
 COOR>REMARK Internal energy complex: 8.824423E+06 
 COOR>REMARK Binding energy: -8.62293 
 COOR>REMARK =============================================================== 
 COOR>REMARK buried surface area: 433.987 
 COOR>REMARK =============================================================== 
 COOR>REMARK water - chain_1: 0 0 0 
 COOR>REMARK water - chain_2: 0 0 0 
 COOR>REMARK =============================================================== 
 COOR>REMARK water - water: 0 0 0 
 COOR>REMARK =============================================================== 
 COOR>REMARK DATE:22-Apr-2026  11:02:01       created by user: enmr001 
 COOR>REMARK VERSION:1.3U 
 COOR>ATOM      1  H5T DG  A   1      25.723  -1.806   9.096  1.00 15.00      A    H 
 COOR>ATOM      2  O5' DG  A   1      25.561  -1.276   8.312  1.00 15.00      A    O 
 CNSsolve>coor copy end 
 COOR: selected main coordinates copied to comp
 CNSsolve> 
 CNSsolve>{*== check first for failed structures ==*} 
 CNSsolve>evaluate ($failure = false) 
 EVALUATE: symbol $FAILURE set to FALSE (logical)
 CNSsolve>evaluate ($filefail= "NEWIT:" + $file - "PREVIT:" - ".pdb" + "w.fail") 
 EVALUATE: symbol $FILEFAIL set to "NEWIT:complex_1w.fail" (string)
 CNSsolve>fileexist $filefail end 
 MISCOM: file does not exist
 CNSsolve>evaluate ($failure = $result) 
 EVALUATE: symbol $FAILURE set to FALSE (logical)
 CNSsolve> 
 CNSsolve>! check for CG molecule 
 CNSsolve>eval($nchain1= 1) 
 EVALUATE: symbol $NCHAIN1 set to    1.00000     (real)
 CNSsolve>eval($coarse = false) 
 EVALUATE: symbol $COARSE set to FALSE (logical)
 CNSsolve>while ($nchain1 <= $data.ncomponents) loop cloop0 
 NEXTCD: condition evaluated as true
 CNSsolve>  if ($toppar.cg_$nchain1 = true) then 
 NEXTCD: condition evaluated as false
 CNSsolve>    eval($coarse = true) 
 CNSsolve>  end if 
 CNSsolve>  eval($nchain1 = $nchain1 + 1) 
 EVALUATE: symbol $NCHAIN1 set to    2.00000     (real)
 CNSsolve>end loop cloop0 
 CNSsolve>while ($nchain1 <= $data.ncomponents) loop cloop0 
 NEXTCD: condition evaluated as true
 CNSsolve>  if ($toppar.cg_$nchain1 = true) then 
 NEXTCD: condition evaluated as false
 CNSsolve>    eval($coarse = true) 
 CNSsolve>  end if 
 CNSsolve>  eval($nchain1 = $nchain1 + 1) 
 EVALUATE: symbol $NCHAIN1 set to    3.00000     (real)
 CNSsolve>end loop cloop0 
 CNSsolve>while ($nchain1 <= $data.ncomponents) loop cloop0 
 NEXTCD: condition evaluated as false
 CNSsolve>  if ($toppar.cg_$nchain1 = true) then 
 CNSsolve>    eval($coarse = true) 
 CNSsolve>  end if 
 CNSsolve>  eval($nchain1 = $nchain1 + 1) 
 CNSsolve>end loop cloop0 
 CNSsolve> 
 CNSsolve>! perform the morphing to all atoms model if needed 
 CNSsolve>if ($coarse eq true) then 
 NEXTCD: condition evaluated as false
 CNSsolve>  inline @RUN:protocols/read_struc-cg.cns 
 ASSFIL: file read_struc-cg.cns opened.
 CNSsolve>! 
 CNSsolve>! Change segid of CG structure and read AA topology file 
 CNSsolve>! 
 CNSsolve>if ($iteration = 2) then 
 CNSsolve>  evaluate ($nchain=0) 
 CNSsolve>  while ($nchain < $data.ncomponents) loop nloop1 
 CNSsolve>    evaluate ($nchain = $nchain + 1) 
 CNSsolve>    if ($toppar.cg_$nchain eq true) then 
 CNSsolve>      evaluate ($newseg = $Toppar.prot_segid_$nchain + "CG") 
 CNSsolve>      do (segid = $newseg) (segid $Toppar.prot_segid_$nchain) 
 CNSsolve>      evaluate($psf_infile_$nchain= "RUN:begin-aa/" + $Toppar.prot_root_$nchain + ".psf") 
 CNSsolve>      structure @@$psf_infile_$nchain end 
 CNSsolve>    end if 
 CNSsolve>  end loop nloop1 
 CNSsolve>end if 
 CNSsolve> 
 CNSsolve>igroup 
 CNSsolve>  interaction  (not (resn ANI or resn DAN or resn XAN)) 
 CNSsolve>               (not (resn ANI or resn DAN or resn XAN)) weight * 1 end 
 CNSsolve>  interaction  (resn ANI or resn DAN or resn XAN) 
 CNSsolve>               (resn ANI or resn DAN or resn XAN) weight * 1 vdw 0.0 elec 0.0 end 
 CNSsolve>end 
 CNSsolve> 
 CNSsolve>inline @RUN:protocols/charge-beads-interactions.cns 
 ASSFIL: file charge-beads-interactions.cns opened.
 CNSsolve>! charge-beads-interactions.cns 
 CNSsolve>! 
 CNSsolve>! *********************************************************************** 
 CNSsolve>! * Copyright 2003-2018 Alexandre Bonvin, Utrecht University.           * 
 CNSsolve>! * Originally adapted from Aria 1.2 from Nilges and Linge, EMBL.       * 
 CNSsolve>! * and from the CNS distriution of Brunger and Adams                   * 
 CNSsolve>! * All rights reserved.                                                * 
 CNSsolve>! * This code is part of the HADDOCK software and governed by its       * 
 CNSsolve>! * license. Please see the LICENSE file that should have been included * 
 CNSsolve>! * as part of this package.                                            * 
 CNSsolve>! *********************************************************************** 
 CNSsolve>! 
 CNSsolve>for $id1 in id ( (resn SER or resn THR or resn ASN or resn GLN) and name BB ) loop c1beads 
 CNSsolve> 
 CNSsolve>   show (segid) (id $id1) 
 CNSsolve>   evaluate ($cgsegid=$result) 
 CNSsolve>   show (resid) (id $id1) 
 CNSsolve>   evaluate ($cgresid=$result) 
 CNSsolve> 
 CNSsolve>   igroup 
 CNSsolve>     ! turn off all vdw interactions between charged beads and all beads 
 CNSsolve>     interaction (segid $cgsegid and resid $cgresid and name SCD1) (all) weight vdw 0.0 end 
 CNSsolve>     interaction (segid $cgsegid and resid $cgresid and name SCD2) (all) weight vdw 0.0 end 
 CNSsolve> 
 CNSsolve>     ! turn off all vdw and elec interactions between the charged beads within one residue 
 CNSsolve>     interaction (segid $cgsegid and resid $cgresid and name SCD1) 
 CNSsolve>                 (segid $cgsegid and resid $cgresid and name SCD2) weight * 1.0 vdw 0.0 elec 0.0 end 
 CNSsolve>   end 
 CNSsolve> 
 CNSsolve>end loop c1beads 
 CNSsolve> 
 CNSsolve>for $id1 in id ( (resn LYS or resn ARG or resn ASP or resn GLU) and name BB ) loop c2beads 
 CNSsolve> 
 CNSsolve>   show (segid) (id $id1) 
 CNSsolve>   evaluate ($cgsegid=$result) 
 CNSsolve>   show (resid) (id $id1) 
 CNSsolve>   evaluate ($cgresid=$result) 
 CNSsolve> 
 CNSsolve>   igroup 
 CNSsolve>     ! turn off all vdw interactions between charged beads and all beads 
 CNSsolve>     interaction (segid $cgsegid and resid $cgresid and name SCD1) (all) weight vdw 0.0 end 
 CNSsolve>   end 
 CNSsolve> 
 CNSsolve>end loop c2beads 
 CNSsolve> 
 CNSsolve>  inline @RUN:protocols/cg-to-aa.cns 
 ASSFIL: file cg-to-aa.cns opened.
 CNSsolve>evaluate ($kinter = 1) 
 CNSsolve> 
 CNSsolve>! Change segid of CG structure 
 CNSsolve>! 
 CNSsolve>evaluate ($nchain=0) 
 CNSsolve>while ($nchain < $data.ncomponents) loop nloop1 
 CNSsolve>  evaluate ($nchain = $nchain + 1) 
 CNSsolve>  if ($toppar.cg_$nchain eq true) then 
 CNSsolve>    evaluate($coor_infile_$nchain= "RUN:begin-aa/" + $Toppar.prot_root_$nchain + ".pdb") 
 CNSsolve>    coor @@ $coor_infile_$nchain 
 CNSsolve>  end if 
 CNSsolve>end loop nloop1 
 CNSsolve> 
 CNSsolve>! Read morphing restraints 
 CNSsolve>! 
 CNSsolve>noe 
 CNSsolve>  nres 1000000 
 CNSsolve>  class cgaa @@RUN:data/distances/cg-to-aa.tbl 
 CNSsolve>  averaging  cgaa center 
 CNSsolve>  scale      cgaa 50.0 
 CNSsolve>  sqconstant cgaa 1.0 
 CNSsolve>  sqexponent cgaa 2 
 CNSsolve>  soexponent cgaa 1 
 CNSsolve>  rswitch    cgaa 1.0 
 CNSsolve>  sqoffset   cgaa 0.0 
 CNSsolve>  asymptote  cgaa 2.0 
 CNSsolve>  msoexponent cgaa 1 
 CNSsolve>  masymptote  cgaa -0.1 
 CNSsolve>  mrswitch    cgaa 1.0 
 CNSsolve>end 
 CNSsolve> 
 CNSsolve>! Fix the CG model and existing AA models 
 CNSsolve>! 
 CNSsolve>fix sele=(segid *CG) end 
 CNSsolve>evaluate ($nchain=0) 
 CNSsolve>while ($nchain < $data.ncomponents) loop nloop1 
 CNSsolve>  evaluate ($nchain = $nchain + 1) 
 CNSsolve>  if ($toppar.cg_$nchain eq false) then 
 CNSsolve>    fix sele=(segid $Toppar.prot_segid_$nchain) end 
 CNSsolve>  end if 
 CNSsolve>end loop nloop1 
 CNSsolve> 
 CNSsolve>parameter 
 CNSsolve>  nbonds 
 CNSsolve>    nbxmod=5 atom cdie shift 
 CNSsolve>    cutnb=6.5 ctofnb=5.5 ctonnb=4.5 eps=1.0 e14fac=0.4 inhibit 0.25 
 CNSsolve>    wmin=0.5 tolerance  0.5 
 CNSsolve>  end 
 CNSsolve>end 
 CNSsolve> 
 CNSsolve> 
 CNSsolve>evaluate ($kinter = 0.001) 
 CNSsolve>@RUN:protocols/scale_inter.cns 
 ASSFIL: file scale_inter.cns opened.
 CNSsolve>! scale_inter.cns 
 CNSsolve>!    Scaling of intermolecular interactions 
 CNSsolve>! 
 CNSsolve>! *********************************************************************** 
 CNSsolve>! * Copyright 2003-2018 Alexandre Bonvin, Utrecht University.           * 
 CNSsolve>! * All rights reserved.                                                * 
 CNSsolve>! * This code is part of the HADDOCK software and governed by its       * 
 CNSsolve>! * license. Please see the LICENSE file that should have been included * 
 CNSsolve>! * as part of this package.                                            * 
 CNSsolve>! *********************************************************************** 
 CNSsolve>! 
 CNSsolve>igroup interaction (not all) (not all) end 
 CNSsolve> 
 CNSsolve>igroup 
 CNSsolve> 
 CNSsolve>  eval($nchain1 = 0) 
 CNSsolve> 
 CNSsolve>  while ($nchain1 < $data.ncomponents) loop nloop1 
 CNSsolve>    eval($nchain1 = $nchain1 + 1) 
 CNSsolve> 
 CNSsolve>    interaction (segid $Toppar.prot_segid_$nchain1 and not (resn ANI or resn DAN or resn XAN or resn DUM or resn SHA)) 
 CNSsolve>                (segid $Toppar.prot_segid_$nchain1 and not (resn ANI or resn DAN or resn XAN or resn DUM or resn SHA)) weight * $Toppar.int_$nchain1_$nchain1 end 
 CNSsolve>    interaction (segid $Toppar.prot_segid_$nchain1 and not (resn ANI or resn DAN or resn XAN or resn DUM or resn SHA)) 
 CNSsolve>                ((resn WAT or resn HOH or resn TIP* or resn DMS)) weight * 1.0 vdw $kinter elec $kinter end 
 CNSsolve> 
 CNSsolve>    eval($nchain2 = $nchain1 ) 
 CNSsolve>    while ($nchain2 < $data.ncomponents) loop nloop2 
 CNSsolve>      eval($nchain2 = $nchain2 + 1) 
 CNSsolve>      eval($scalfac = $kinter * $Toppar.int_$nchain1_$nchain2) 
 CNSsolve>      interaction (segid $Toppar.prot_segid_$nchain1 and not (resn ANI or resn DAN or resn XAN or resn DUM or resn SHA)) 
 CNSsolve>                  (segid $Toppar.prot_segid_$nchain2 and not (resn ANI or resn DAN or resn XAN or resn DUM or resn SHA)) weight * 1.0 vdw $scalfac elec $scalfac end 
 CNSsolve>    end loop nloop2 
 CNSsolve> 
 CNSsolve>  end loop nloop1 
 CNSsolve> 
 CNSsolve>  interaction (resn ANI) (resn ANI) weight * 1.0 vdw 0.0 elec 0.0 end 
 CNSsolve>  interaction (resn DAN) (resn DAN) weight * 1.0 vdw 0.0 elec 0.0 end 
 CNSsolve>  interaction (resn XAN) (resn XAN) weight * 1.0 vdw 0.0 elec 0.0 end 
 CNSsolve>  interaction (resn DUM) (resn DUM) weight * 1.0 vdw 0.0 elec 0.0 end 
 CNSsolve>  interaction (resn SHA) (resn SHA) weight * 1.0 vdw 0.0 elec 0.0 end 
 CNSsolve>  interaction (resn SHA) (not resn SHA) weight * 0.0 end 
 CNSsolve> 
 CNSsolve>  interaction ((resn WAT or resn HOH or resn TIP* or resn DMS)) ((resn WAT or resn HOH or resn TIP* or resn DMS)) weight * 1.0 end 
 CNSsolve> 
 CNSsolve>end 
 CNSsolve> 
 CNSsolve>flag excl * incl noe end 
 CNSsolve> 
 CNSsolve>energy end 
 CNSsolve> 
 CNSsolve>! Rigid body EM to position AA model onto CG model 
 CNSsolve>! 
 CNSsolve>minimize rigid 
 CNSsolve>  eval ($nchain = 0) 
 CNSsolve>  while ($nchain < $data.ncomponents) loop nloop1 
 CNSsolve>    eval($nchain = $nchain + 1) 
 CNSsolve>    if ($toppar.cg_$nchain eq true) then 
 CNSsolve>      group (segid $Toppar.prot_segid_$nchain) 
 CNSsolve>      translation=true 
 CNSsolve>    end if 
 CNSsolve>  end loop nloop1 
 CNSsolve>  nstep 200 
 CNSsolve>  nprint 10 
 CNSsolve>end 
 CNSsolve> 
 CNSsolve>! Define secondary structure dihedral angle restraints 
 CNSsolve>! 
 CNSsolve>@RUN:protocols/protein-ss-restraints-alpha-beta.def 
 ASSFIL: file protein-ss-restraints-alpha-beta.def opened.
 CNSsolve>! protein-ss-restraints-alpha-beta.def 
 CNSsolve>!    Define automatically secondary structure dihedral angle restraints 
 CNSsolve>!    for helical and beta-sheet segments 
 CNSsolve>! 
 CNSsolve>! *********************************************************************** 
 CNSsolve>! * Copyright 2003-2018 Alexandre Bonvin, Utrecht University.           * 
 CNSsolve>! * All rights reserved.                                                * 
 CNSsolve>! * This code is part of the HADDOCK software and governed by its       * 
 CNSsolve>! * license. Please see the LICENSE file that should have been included * 
 CNSsolve>! * as part of this package.                                            * 
 CNSsolve>! *********************************************************************** 
 CNSsolve>! 
 CNSsolve>{+ file: protein-ss-restraints.def       directory: protocols +} 
 CNSsolve>{+ description: Creates dihedral angle restraints to maintain conformation of the protein backbone +} 
 CNSsolve>{+ comment:This file is to be read by refinement files that modify atom coordinates +} 
 CNSsolve>{+ authors: Axel T. Brunger, and Paul D. Adams, <br> 
 CNSsolve>            modified by Alexandre Bonvin for HADDOCK use +} 
 CNSsolve> 
 CNSsolve>set message=normal echo=on end 
 CNSsolve> 
 CNSsolve>{=========================================================================================================} 
 CNSsolve>{                        things below this line do not normally need to be changed                        } 
 CNSsolve>{=========================================================================================================} 
 CNSsolve> 
 CNSsolve>{- Dihedral restraints for the protein backbone in alpha-beta regions -} 
 CNSsolve> 
 CNSsolve>  do (store1 = 1) (all) 
 CNSsolve>  restraint dihedral 
 CNSsolve>    nass = 50000 
 CNSsolve>  end 
 CNSsolve>  evaluate ($group=1) 
 CNSsolve>  evaluate ($done=false) 
 CNSsolve>  while ( $done = false ) loop bdihe 
 CNSsolve>   if ( $exist_Toppar.prot_segid_$group = true ) then 
 CNSsolve>     show sum(1) ( segid $Toppar.prot_segid_$group ) 
 CNSsolve>     if ( $result > 0 ) then 
 CNSsolve>       evaluate ($error_phi=$Data.error_dih) 
 CNSsolve>       evaluate ($error_psi=$Data.error_dih) 
 CNSsolve> 
 CNSsolve>       for $id in id ( segid $Toppar.prot_segid_$group and tag and not resn TIP* ) loop resid 
 CNSsolve>         show (segid) (id $id) 
 CNSsolve>         evaluate ($segid=$result) 
 CNSsolve>         show (resid) ( id $id ) 
 CNSsolve>         evaluate ($resid=decode($result)) 
 CNSsolve>	 evaluate ($alphaphi = 0) 
 CNSsolve>	 evaluate ($alphapsi = 0) 
 CNSsolve> 	 evaluate ($alpha_check = 0) 
 CNSsolve>	 evaluate ($betaphi = 0) 
 CNSsolve>	 evaluate ($betapsi = 0) 
 CNSsolve> 	 evaluate ($beta_check = 0) 
 CNSsolve> 
 CNSsolve>         evaluate ($rprec = $resid - 1) 
 CNSsolve>         show sum (store1) (resid $rprec and name C) 
 CNSsolve>         if ($result ne 0) then 
 CNSsolve>	   pick dihedral 
 CNSsolve>                     ( segid $segid and resid $rprec and name C ) 
 CNSsolve>                     ( segid $segid and resid $resid and name N ) 
 CNSsolve>                     ( segid $segid and resid $resid and name CA ) 
 CNSsolve>                     ( segid $segid and resid $resid and name C ) 
 CNSsolve>		  geometry 
 CNSsolve>	   evaluate ($dihedral_phi=$result) 
 CNSsolve>           evaluate ($alphaphi=max($dihedral_phi,-77)) 
 CNSsolve>           evaluate ($alphaphi=max($dihedral_phi,-37)) 
 CNSsolve>	   if ($alphaphi eq -37) then 
 CNSsolve>             evaluate ($alpha_check = 1) 
 CNSsolve>	   else 
 CNSsolve>	     evaluate ($alpha_check = 0) 
 CNSsolve>	   end if 
 CNSsolve>           evaluate ($betaphi=max($dihedral_phi,-145)) 
 CNSsolve>           evaluate ($betaphi=max($dihedral_phi,-105)) 
 CNSsolve>	   if ($betaphi eq -105) then 
 CNSsolve>             evaluate ($beta_check = 1) 
 CNSsolve>	   else 
 CNSsolve>	     evaluate ($beta_check = 0) 
 CNSsolve>	   end if 
 CNSsolve>         end if 
 CNSsolve> 
 CNSsolve>         evaluate ($rnext = $resid + 1) 
 CNSsolve>         show sum (store1) (resid $rnext and name N) 
 CNSsolve>         if ($result ne 0) then 
 CNSsolve>  	   pick dihedral 
 CNSsolve>                     ( segid $segid and resid $resid and name N ) 
 CNSsolve>                     ( segid $segid and resid $resid and name CA ) 
 CNSsolve>                     ( segid $segid and resid $resid and name C ) 
 CNSsolve>                     ( segid $segid and resid $rnext and name N ) 
 CNSsolve>		  geometry 
 CNSsolve>	   evaluate ($dihedral_psi=$result) 
 CNSsolve>           evaluate ($alphapsi=max($dihedral_psi,-67)) 
 CNSsolve>           evaluate ($alphapsi=max($dihedral_psi,-27)) 
 CNSsolve>	   if ($alphapsi eq -27) then 
 CNSsolve>             evaluate ($alpha_check = $alpha_check + 1) 
 CNSsolve>	   end if 
 CNSsolve>           evaluate ($betapsi=max($dihedral_psi,105)) 
 CNSsolve>           evaluate ($betapsi=max($dihedral_psi,145)) 
 CNSsolve>	   if ($betapsi eq 145) then 
 CNSsolve>             evaluate ($beta_check = $beta_check + 1) 
 CNSsolve>	   end if 
 CNSsolve>	 end if 
 CNSsolve> 
 CNSsolve>	 evaluate ($defrest = 0) 
 CNSsolve>	 if ($alpha_check eq 2) then 
 CNSsolve>	   evaluate ($defrest = 1) 
 CNSsolve>	 end if 
 CNSsolve>	 if ($beta_check eq 2) then 
 CNSsolve>	   evaluate ($defrest = 1) 
 CNSsolve>	 end if 
 CNSsolve>	 if ($defrest = 1) then 
 CNSsolve>           restraint dihedral 
 CNSsolve>	    ! phi 
 CNSsolve>             assign  ( segid $segid and resid $rprec and name C ) 
 CNSsolve>                     ( segid $segid and resid $resid and name N ) 
 CNSsolve>                     ( segid $segid and resid $resid and name CA ) 
 CNSsolve>                     ( segid $segid and resid $resid and name C ) 
 CNSsolve>                                                       1.0 $dihedral_phi $error_phi 2 
 CNSsolve>	    ! psi 
 CNSsolve>             assign  ( segid $segid and resid $resid and name N ) 
 CNSsolve>                     ( segid $segid and resid $resid and name CA ) 
 CNSsolve>                     ( segid $segid and resid $resid and name C ) 
 CNSsolve>                     ( segid $segid and resid $rnext and name N ) 
 CNSsolve>                                                       1.0 $dihedral_psi $error_psi 2 
 CNSsolve>             scale 200.0 
 CNSsolve>           end 
 CNSsolve>         end if 
 CNSsolve>       end loop resid 
 CNSsolve>     end if 
 CNSsolve>   else 
 CNSsolve>     evaluate ($done=true) 
 CNSsolve>   end if 
 CNSsolve>     evaluate ($group=$group+1) 
 CNSsolve> end loop bdihe 
 CNSsolve> 
 CNSsolve> flags include cdih end 
 CNSsolve> 
 CNSsolve>set message=off echo=off end 
 CNSsolve> 
 CNSsolve> 
 CNSsolve> 
 CNSsolve>! Check for fully flexible segments 
 CNSsolve>! 
 CNSsolve>evaluate($nchain1 = 0) 
 CNSsolve>evaluate($scalefac = 1.0) 
 CNSsolve>while ($nchain1 < $data.ncomponents) loop nloop1 
 CNSsolve>  evaluate($nchain1 = $nchain1 + 1) 
 CNSsolve>  if ($Toppar.nfle_$nchain1 > 0) then 
 CNSsolve>    evaluate($scalefac = 10.0) 
 CNSsolve>  end if 
 CNSsolve>end loop nloop1 
 CNSsolve> 
 CNSsolve>! Starting the morphing for conformational changes 
 CNSsolve>! Powell EM, including covalent terms 
 CNSsolve>! 
 CNSsolve> 
 CNSsolve> 
 CNSsolve>flag excl * incl bond angl impr dihe vdw elec noe cdih end 
 CNSsolve>evaluate ($kinter = 0.01) 
 CNSsolve>@RUN:protocols/scale_cg-to-aa.cns 
 ASSFIL: file scale_cg-to-aa.cns opened.
 CNSsolve>! scale_cg-to-aa.cns 
 CNSsolve>!    Scaling of intermolecular interactions for CG-to-AA morphing 
 CNSsolve>! 
 CNSsolve>! *********************************************************************** 
 CNSsolve>! * Copyright 2003-2018 Alexandre Bonvin, Utrecht University.           * 
 CNSsolve>! * All rights reserved.                                                * 
 CNSsolve>! * This code is part of the HADDOCK software and governed by its       * 
 CNSsolve>! * license. Please see the LICENSE file that should have been included * 
 CNSsolve>! * as part of this package.                                            * 
 CNSsolve>! *********************************************************************** 
 CNSsolve>! 
 CNSsolve>igroup interaction (not all) (not all) end 
 CNSsolve> 
 CNSsolve>igroup 
 CNSsolve> 
 CNSsolve>  eval($nchain1 = 0) 
 CNSsolve> 
 CNSsolve>  while ($nchain1 < $data.ncomponents) loop nloop1 
 CNSsolve>    eval($nchain1 = $nchain1 + 1) 
 CNSsolve> 
 CNSsolve>    eval($scalfac = $kinter * $Toppar.int_$nchain1_$nchain1) 
 CNSsolve> 
 CNSsolve>    interaction (segid $Toppar.prot_segid_$nchain1 and not (resn ANI or resn DAN or resn XAN or resn DUM or resn SHA)) 
 CNSsolve>                (segid $Toppar.prot_segid_$nchain1 and not (resn ANI or resn DAN or resn XAN or resn DUM or resn SHA)) weight * 1.0 vdw $scalfac elec $scalfac end 
 CNSsolve>    interaction (segid $Toppar.prot_segid_$nchain1 and not (resn ANI or resn DAN or resn XAN or resn DUM or resn SHA)) 
 CNSsolve>                ((resn WAT or resn HOH or resn TIP* or resn DMS)) weight * 1.0 vdw $kinter elec $kinter end 
 CNSsolve> 
 CNSsolve>    eval($nchain2 = $nchain1 ) 
 CNSsolve>    while ($nchain2 < $data.ncomponents) loop nloop2 
 CNSsolve>      eval($nchain2 = $nchain2 + 1) 
 CNSsolve>      eval($scalfac = $kinter * $Toppar.int_$nchain1_$nchain2) 
 CNSsolve>      interaction (segid $Toppar.prot_segid_$nchain1 and not (resn ANI or resn DAN or resn XAN or resn DUM or resn SHA)) 
 CNSsolve>                  (segid $Toppar.prot_segid_$nchain2 and not (resn ANI or resn DAN or resn XAN or resn DUM or resn SHA)) weight * 1.0 vdw $scalfac elec $scalfac end 
 CNSsolve>    end loop nloop2 
 CNSsolve> 
 CNSsolve>  end loop nloop1 
 CNSsolve> 
 CNSsolve>  interaction (resn ANI) (resn ANI) weight * 1.0 vdw 0.0 elec 0.0 end 
 CNSsolve>  interaction (resn DAN) (resn DAN) weight * 1.0 vdw 0.0 elec 0.0 end 
 CNSsolve>  interaction (resn XAN) (resn XAN) weight * 1.0 vdw 0.0 elec 0.0 end 
 CNSsolve>  interaction (resn DUM) (resn DUM) weight * 1.0 vdw 0.0 elec 0.0 end 
 CNSsolve>  interaction (resn SHA) (resn SHA) weight * 1.0 vdw 0.0 elec 0.0 end 
 CNSsolve>  interaction (resn SHA) (not resn SHA) weight * 0.0 end 
 CNSsolve> 
 CNSsolve>  interaction ((resn WAT or resn HOH or resn TIP* or resn DMS)) ((resn WAT or resn HOH or resn TIP* or resn DMS)) weight * 1.0 end 
 CNSsolve> 
 CNSsolve>end 
 CNSsolve>minimize powell nstep=500 drop=40.0 nprint=25 end 
 CNSsolve> 
 CNSsolve>evaluate ($kinter = 0.05) 
 CNSsolve>@RUN:protocols/scale_cg-to-aa.cns 
 ASSFIL: file scale_cg-to-aa.cns opened.
 CNSsolve>! scale_cg-to-aa.cns 
 CNSsolve>!    Scaling of intermolecular interactions for CG-to-AA morphing 
 CNSsolve>! 
 CNSsolve>! *********************************************************************** 
 CNSsolve>! * Copyright 2003-2018 Alexandre Bonvin, Utrecht University.           * 
 CNSsolve>! * All rights reserved.                                                * 
 CNSsolve>! * This code is part of the HADDOCK software and governed by its       * 
 CNSsolve>! * license. Please see the LICENSE file that should have been included * 
 CNSsolve>! * as part of this package.                                            * 
 CNSsolve>! *********************************************************************** 
 CNSsolve>! 
 CNSsolve>igroup interaction (not all) (not all) end 
 CNSsolve> 
 CNSsolve>igroup 
 CNSsolve> 
 CNSsolve>  eval($nchain1 = 0) 
 CNSsolve> 
 CNSsolve>  while ($nchain1 < $data.ncomponents) loop nloop1 
 CNSsolve>    eval($nchain1 = $nchain1 + 1) 
 CNSsolve> 
 CNSsolve>    eval($scalfac = $kinter * $Toppar.int_$nchain1_$nchain1) 
 CNSsolve> 
 CNSsolve>    interaction (segid $Toppar.prot_segid_$nchain1 and not (resn ANI or resn DAN or resn XAN or resn DUM or resn SHA)) 
 CNSsolve>                (segid $Toppar.prot_segid_$nchain1 and not (resn ANI or resn DAN or resn XAN or resn DUM or resn SHA)) weight * 1.0 vdw $scalfac elec $scalfac end 
 CNSsolve>    interaction (segid $Toppar.prot_segid_$nchain1 and not (resn ANI or resn DAN or resn XAN or resn DUM or resn SHA)) 
 CNSsolve>                ((resn WAT or resn HOH or resn TIP* or resn DMS)) weight * 1.0 vdw $kinter elec $kinter end 
 CNSsolve> 
 CNSsolve>    eval($nchain2 = $nchain1 ) 
 CNSsolve>    while ($nchain2 < $data.ncomponents) loop nloop2 
 CNSsolve>      eval($nchain2 = $nchain2 + 1) 
 CNSsolve>      eval($scalfac = $kinter * $Toppar.int_$nchain1_$nchain2) 
 CNSsolve>      interaction (segid $Toppar.prot_segid_$nchain1 and not (resn ANI or resn DAN or resn XAN or resn DUM or resn SHA)) 
 CNSsolve>                  (segid $Toppar.prot_segid_$nchain2 and not (resn ANI or resn DAN or resn XAN or resn DUM or resn SHA)) weight * 1.0 vdw $scalfac elec $scalfac end 
 CNSsolve>    end loop nloop2 
 CNSsolve> 
 CNSsolve>  end loop nloop1 
 CNSsolve> 
 CNSsolve>  interaction (resn ANI) (resn ANI) weight * 1.0 vdw 0.0 elec 0.0 end 
 CNSsolve>  interaction (resn DAN) (resn DAN) weight * 1.0 vdw 0.0 elec 0.0 end 
 CNSsolve>  interaction (resn XAN) (resn XAN) weight * 1.0 vdw 0.0 elec 0.0 end 
 CNSsolve>  interaction (resn DUM) (resn DUM) weight * 1.0 vdw 0.0 elec 0.0 end 
 CNSsolve>  interaction (resn SHA) (resn SHA) weight * 1.0 vdw 0.0 elec 0.0 end 
 CNSsolve>  interaction (resn SHA) (not resn SHA) weight * 0.0 end 
 CNSsolve> 
 CNSsolve>  interaction ((resn WAT or resn HOH or resn TIP* or resn DMS)) ((resn WAT or resn HOH or resn TIP* or resn DMS)) weight * 1.0 end 
 CNSsolve> 
 CNSsolve>end 
 CNSsolve>minimize powell nstep=500 drop=40.0 nprint=25 end 
 CNSsolve> 
 CNSsolve>evaluate ($kinter = 0.1) 
 CNSsolve>@RUN:protocols/scale_cg-to-aa.cns 
 ASSFIL: file scale_cg-to-aa.cns opened.
 CNSsolve>! scale_cg-to-aa.cns 
 CNSsolve>!    Scaling of intermolecular interactions for CG-to-AA morphing 
 CNSsolve>! 
 CNSsolve>! *********************************************************************** 
 CNSsolve>! * Copyright 2003-2018 Alexandre Bonvin, Utrecht University.           * 
 CNSsolve>! * All rights reserved.                                                * 
 CNSsolve>! * This code is part of the HADDOCK software and governed by its       * 
 CNSsolve>! * license. Please see the LICENSE file that should have been included * 
 CNSsolve>! * as part of this package.                                            * 
 CNSsolve>! *********************************************************************** 
 CNSsolve>! 
 CNSsolve>igroup interaction (not all) (not all) end 
 CNSsolve> 
 CNSsolve>igroup 
 CNSsolve> 
 CNSsolve>  eval($nchain1 = 0) 
 CNSsolve> 
 CNSsolve>  while ($nchain1 < $data.ncomponents) loop nloop1 
 CNSsolve>    eval($nchain1 = $nchain1 + 1) 
 CNSsolve> 
 CNSsolve>    eval($scalfac = $kinter * $Toppar.int_$nchain1_$nchain1) 
 CNSsolve> 
 CNSsolve>    interaction (segid $Toppar.prot_segid_$nchain1 and not (resn ANI or resn DAN or resn XAN or resn DUM or resn SHA)) 
 CNSsolve>                (segid $Toppar.prot_segid_$nchain1 and not (resn ANI or resn DAN or resn XAN or resn DUM or resn SHA)) weight * 1.0 vdw $scalfac elec $scalfac end 
 CNSsolve>    interaction (segid $Toppar.prot_segid_$nchain1 and not (resn ANI or resn DAN or resn XAN or resn DUM or resn SHA)) 
 CNSsolve>                ((resn WAT or resn HOH or resn TIP* or resn DMS)) weight * 1.0 vdw $kinter elec $kinter end 
 CNSsolve> 
 CNSsolve>    eval($nchain2 = $nchain1 ) 
 CNSsolve>    while ($nchain2 < $data.ncomponents) loop nloop2 
 CNSsolve>      eval($nchain2 = $nchain2 + 1) 
 CNSsolve>      eval($scalfac = $kinter * $Toppar.int_$nchain1_$nchain2) 
 CNSsolve>      interaction (segid $Toppar.prot_segid_$nchain1 and not (resn ANI or resn DAN or resn XAN or resn DUM or resn SHA)) 
 CNSsolve>                  (segid $Toppar.prot_segid_$nchain2 and not (resn ANI or resn DAN or resn XAN or resn DUM or resn SHA)) weight * 1.0 vdw $scalfac elec $scalfac end 
 CNSsolve>    end loop nloop2 
 CNSsolve> 
 CNSsolve>  end loop nloop1 
 CNSsolve> 
 CNSsolve>  interaction (resn ANI) (resn ANI) weight * 1.0 vdw 0.0 elec 0.0 end 
 CNSsolve>  interaction (resn DAN) (resn DAN) weight * 1.0 vdw 0.0 elec 0.0 end 
 CNSsolve>  interaction (resn XAN) (resn XAN) weight * 1.0 vdw 0.0 elec 0.0 end 
 CNSsolve>  interaction (resn DUM) (resn DUM) weight * 1.0 vdw 0.0 elec 0.0 end 
 CNSsolve>  interaction (resn SHA) (resn SHA) weight * 1.0 vdw 0.0 elec 0.0 end 
 CNSsolve>  interaction (resn SHA) (not resn SHA) weight * 0.0 end 
 CNSsolve> 
 CNSsolve>  interaction ((resn WAT or resn HOH or resn TIP* or resn DMS)) ((resn WAT or resn HOH or resn TIP* or resn DMS)) weight * 1.0 end 
 CNSsolve> 
 CNSsolve>end 
 CNSsolve>minimize powell nstep=500 drop=40.0 nprint=25 end 
 CNSsolve> 
 CNSsolve>if ($failure eq false) then 
 CNSsolve>! Short MD optimization 
 CNSsolve>! 
 CNSsolve>{- Friction coefficient, in 1/ps. -} 
 CNSsolve>  do (fbeta=100) (not segid *CG) 
 CNSsolve> 
 CNSsolve>  evaluate ($bath=300.0) 
 CNSsolve>  evaluate ($nstep=500 * $scalefac) 
 CNSsolve>  evaluate ($timestep=0.0005) 
 CNSsolve> 
 CNSsolve>  do (vx=maxwell($bath)) (all) 
 CNSsolve>  do (vy=maxwell($bath)) (all) 
 CNSsolve>  do (vz=maxwell($bath)) (all) 
 CNSsolve> 
 CNSsolve>  dynamics cartesian 
 CNSsolve>    nstep=$nstep 
 CNSsolve>    timestep=$timestep 
 CNSsolve>    tcoupling=true temperature=$bath 
 CNSsolve>    nprint=50 
 CNSsolve>    cmremove=true 
 CNSsolve>  end 
 CNSsolve> 
 CNSsolve>  minimize powell nstep=500 drop=40.0 nprint=25 end 
 CNSsolve> 
 CNSsolve>end if 
 CNSsolve> 
 CNSsolve>! Define secondary structure dihedral angle restraints 
 CNSsolve>! 
 CNSsolve>rest dihe reset end 
 CNSsolve>@RUN:protocols/protein-ss-restraints-alpha-beta.def 
 ASSFIL: file protein-ss-restraints-alpha-beta.def opened.
 CNSsolve>! protein-ss-restraints-alpha-beta.def 
 CNSsolve>!    Define automatically secondary structure dihedral angle restraints 
 CNSsolve>!    for helical and beta-sheet segments 
 CNSsolve>! 
 CNSsolve>! *********************************************************************** 
 CNSsolve>! * Copyright 2003-2018 Alexandre Bonvin, Utrecht University.           * 
 CNSsolve>! * All rights reserved.                                                * 
 CNSsolve>! * This code is part of the HADDOCK software and governed by its       * 
 CNSsolve>! * license. Please see the LICENSE file that should have been included * 
 CNSsolve>! * as part of this package.                                            * 
 CNSsolve>! *********************************************************************** 
 CNSsolve>! 
 CNSsolve>{+ file: protein-ss-restraints.def       directory: protocols +} 
 CNSsolve>{+ description: Creates dihedral angle restraints to maintain conformation of the protein backbone +} 
 CNSsolve>{+ comment:This file is to be read by refinement files that modify atom coordinates +} 
 CNSsolve>{+ authors: Axel T. Brunger, and Paul D. Adams, <br> 
 CNSsolve>            modified by Alexandre Bonvin for HADDOCK use +} 
 CNSsolve> 
 CNSsolve>set message=normal echo=on end 
 CNSsolve> 
 CNSsolve>{=========================================================================================================} 
 CNSsolve>{                        things below this line do not normally need to be changed                        } 
 CNSsolve>{=========================================================================================================} 
 CNSsolve> 
 CNSsolve>{- Dihedral restraints for the protein backbone in alpha-beta regions -} 
 CNSsolve> 
 CNSsolve>  do (store1 = 1) (all) 
 CNSsolve>  restraint dihedral 
 CNSsolve>    nass = 50000 
 CNSsolve>  end 
 CNSsolve>  evaluate ($group=1) 
 CNSsolve>  evaluate ($done=false) 
 CNSsolve>  while ( $done = false ) loop bdihe 
 CNSsolve>   if ( $exist_Toppar.prot_segid_$group = true ) then 
 CNSsolve>     show sum(1) ( segid $Toppar.prot_segid_$group ) 
 CNSsolve>     if ( $result > 0 ) then 
 CNSsolve>       evaluate ($error_phi=$Data.error_dih) 
 CNSsolve>       evaluate ($error_psi=$Data.error_dih) 
 CNSsolve> 
 CNSsolve>       for $id in id ( segid $Toppar.prot_segid_$group and tag and not resn TIP* ) loop resid 
 CNSsolve>         show (segid) (id $id) 
 CNSsolve>         evaluate ($segid=$result) 
 CNSsolve>         show (resid) ( id $id ) 
 CNSsolve>         evaluate ($resid=decode($result)) 
 CNSsolve>	 evaluate ($alphaphi = 0) 
 CNSsolve>	 evaluate ($alphapsi = 0) 
 CNSsolve> 	 evaluate ($alpha_check = 0) 
 CNSsolve>	 evaluate ($betaphi = 0) 
 CNSsolve>	 evaluate ($betapsi = 0) 
 CNSsolve> 	 evaluate ($beta_check = 0) 
 CNSsolve> 
 CNSsolve>         evaluate ($rprec = $resid - 1) 
 CNSsolve>         show sum (store1) (resid $rprec and name C) 
 CNSsolve>         if ($result ne 0) then 
 CNSsolve>	   pick dihedral 
 CNSsolve>                     ( segid $segid and resid $rprec and name C ) 
 CNSsolve>                     ( segid $segid and resid $resid and name N ) 
 CNSsolve>                     ( segid $segid and resid $resid and name CA ) 
 CNSsolve>                     ( segid $segid and resid $resid and name C ) 
 CNSsolve>		  geometry 
 CNSsolve>	   evaluate ($dihedral_phi=$result) 
 CNSsolve>           evaluate ($alphaphi=max($dihedral_phi,-77)) 
 CNSsolve>           evaluate ($alphaphi=max($dihedral_phi,-37)) 
 CNSsolve>	   if ($alphaphi eq -37) then 
 CNSsolve>             evaluate ($alpha_check = 1) 
 CNSsolve>	   else 
 CNSsolve>	     evaluate ($alpha_check = 0) 
 CNSsolve>	   end if 
 CNSsolve>           evaluate ($betaphi=max($dihedral_phi,-145)) 
 CNSsolve>           evaluate ($betaphi=max($dihedral_phi,-105)) 
 CNSsolve>	   if ($betaphi eq -105) then 
 CNSsolve>             evaluate ($beta_check = 1) 
 CNSsolve>	   else 
 CNSsolve>	     evaluate ($beta_check = 0) 
 CNSsolve>	   end if 
 CNSsolve>         end if 
 CNSsolve> 
 CNSsolve>         evaluate ($rnext = $resid + 1) 
 CNSsolve>         show sum (store1) (resid $rnext and name N) 
 CNSsolve>         if ($result ne 0) then 
 CNSsolve>  	   pick dihedral 
 CNSsolve>                     ( segid $segid and resid $resid and name N ) 
 CNSsolve>                     ( segid $segid and resid $resid and name CA ) 
 CNSsolve>                     ( segid $segid and resid $resid and name C ) 
 CNSsolve>                     ( segid $segid and resid $rnext and name N ) 
 CNSsolve>		  geometry 
 CNSsolve>	   evaluate ($dihedral_psi=$result) 
 CNSsolve>           evaluate ($alphapsi=max($dihedral_psi,-67)) 
 CNSsolve>           evaluate ($alphapsi=max($dihedral_psi,-27)) 
 CNSsolve>	   if ($alphapsi eq -27) then 
 CNSsolve>             evaluate ($alpha_check = $alpha_check + 1) 
 CNSsolve>	   end if 
 CNSsolve>           evaluate ($betapsi=max($dihedral_psi,105)) 
 CNSsolve>           evaluate ($betapsi=max($dihedral_psi,145)) 
 CNSsolve>	   if ($betapsi eq 145) then 
 CNSsolve>             evaluate ($beta_check = $beta_check + 1) 
 CNSsolve>	   end if 
 CNSsolve>	 end if 
 CNSsolve> 
 CNSsolve>	 evaluate ($defrest = 0) 
 CNSsolve>	 if ($alpha_check eq 2) then 
 CNSsolve>	   evaluate ($defrest = 1) 
 CNSsolve>	 end if 
 CNSsolve>	 if ($beta_check eq 2) then 
 CNSsolve>	   evaluate ($defrest = 1) 
 CNSsolve>	 end if 
 CNSsolve>	 if ($defrest = 1) then 
 CNSsolve>           restraint dihedral 
 CNSsolve>	    ! phi 
 CNSsolve>             assign  ( segid $segid and resid $rprec and name C ) 
 CNSsolve>                     ( segid $segid and resid $resid and name N ) 
 CNSsolve>                     ( segid $segid and resid $resid and name CA ) 
 CNSsolve>                     ( segid $segid and resid $resid and name C ) 
 CNSsolve>                                                       1.0 $dihedral_phi $error_phi 2 
 CNSsolve>	    ! psi 
 CNSsolve>             assign  ( segid $segid and resid $resid and name N ) 
 CNSsolve>                     ( segid $segid and resid $resid and name CA ) 
 CNSsolve>                     ( segid $segid and resid $resid and name C ) 
 CNSsolve>                     ( segid $segid and resid $rnext and name N ) 
 CNSsolve>                                                       1.0 $dihedral_psi $error_psi 2 
 CNSsolve>             scale 200.0 
 CNSsolve>           end 
 CNSsolve>         end if 
 CNSsolve>       end loop resid 
 CNSsolve>     end if 
 CNSsolve>   else 
 CNSsolve>     evaluate ($done=true) 
 CNSsolve>   end if 
 CNSsolve>     evaluate ($group=$group+1) 
 CNSsolve> end loop bdihe 
 CNSsolve> 
 CNSsolve> flags include cdih end 
 CNSsolve> 
 CNSsolve>set message=off echo=off end 
 CNSsolve> 
 CNSsolve> 
 CNSsolve> 
 CNSsolve>evaluate ($kinter = 0.5) 
 CNSsolve>@RUN:protocols/scale_cg-to-aa.cns 
 ASSFIL: file scale_cg-to-aa.cns opened.
 CNSsolve>! scale_cg-to-aa.cns 
 CNSsolve>!    Scaling of intermolecular interactions for CG-to-AA morphing 
 CNSsolve>! 
 CNSsolve>! *********************************************************************** 
 CNSsolve>! * Copyright 2003-2018 Alexandre Bonvin, Utrecht University.           * 
 CNSsolve>! * All rights reserved.                                                * 
 CNSsolve>! * This code is part of the HADDOCK software and governed by its       * 
 CNSsolve>! * license. Please see the LICENSE file that should have been included * 
 CNSsolve>! * as part of this package.                                            * 
 CNSsolve>! *********************************************************************** 
 CNSsolve>! 
 CNSsolve>igroup interaction (not all) (not all) end 
 CNSsolve> 
 CNSsolve>igroup 
 CNSsolve> 
 CNSsolve>  eval($nchain1 = 0) 
 CNSsolve> 
 CNSsolve>  while ($nchain1 < $data.ncomponents) loop nloop1 
 CNSsolve>    eval($nchain1 = $nchain1 + 1) 
 CNSsolve> 
 CNSsolve>    eval($scalfac = $kinter * $Toppar.int_$nchain1_$nchain1) 
 CNSsolve> 
 CNSsolve>    interaction (segid $Toppar.prot_segid_$nchain1 and not (resn ANI or resn DAN or resn XAN or resn DUM or resn SHA)) 
 CNSsolve>                (segid $Toppar.prot_segid_$nchain1 and not (resn ANI or resn DAN or resn XAN or resn DUM or resn SHA)) weight * 1.0 vdw $scalfac elec $scalfac end 
 CNSsolve>    interaction (segid $Toppar.prot_segid_$nchain1 and not (resn ANI or resn DAN or resn XAN or resn DUM or resn SHA)) 
 CNSsolve>                ((resn WAT or resn HOH or resn TIP* or resn DMS)) weight * 1.0 vdw $kinter elec $kinter end 
 CNSsolve> 
 CNSsolve>    eval($nchain2 = $nchain1 ) 
 CNSsolve>    while ($nchain2 < $data.ncomponents) loop nloop2 
 CNSsolve>      eval($nchain2 = $nchain2 + 1) 
 CNSsolve>      eval($scalfac = $kinter * $Toppar.int_$nchain1_$nchain2) 
 CNSsolve>      interaction (segid $Toppar.prot_segid_$nchain1 and not (resn ANI or resn DAN or resn XAN or resn DUM or resn SHA)) 
 CNSsolve>                  (segid $Toppar.prot_segid_$nchain2 and not (resn ANI or resn DAN or resn XAN or resn DUM or resn SHA)) weight * 1.0 vdw $scalfac elec $scalfac end 
 CNSsolve>    end loop nloop2 
 CNSsolve> 
 CNSsolve>  end loop nloop1 
 CNSsolve> 
 CNSsolve>  interaction (resn ANI) (resn ANI) weight * 1.0 vdw 0.0 elec 0.0 end 
 CNSsolve>  interaction (resn DAN) (resn DAN) weight * 1.0 vdw 0.0 elec 0.0 end 
 CNSsolve>  interaction (resn XAN) (resn XAN) weight * 1.0 vdw 0.0 elec 0.0 end 
 CNSsolve>  interaction (resn DUM) (resn DUM) weight * 1.0 vdw 0.0 elec 0.0 end 
 CNSsolve>  interaction (resn SHA) (resn SHA) weight * 1.0 vdw 0.0 elec 0.0 end 
 CNSsolve>  interaction (resn SHA) (not resn SHA) weight * 0.0 end 
 CNSsolve> 
 CNSsolve>  interaction ((resn WAT or resn HOH or resn TIP* or resn DMS)) ((resn WAT or resn HOH or resn TIP* or resn DMS)) weight * 1.0 end 
 CNSsolve> 
 CNSsolve>end 
 CNSsolve>minimize powell nstep=500 drop=40.0 nprint=25 end 
 CNSsolve> 
 CNSsolve>if ($failure eq false) then 
 CNSsolve>! Short MD optimization 
 CNSsolve>! 
 CNSsolve>{- Friction coefficient, in 1/ps. -} 
 CNSsolve>  do (fbeta=100) (not segid *CG) 
 CNSsolve> 
 CNSsolve>  evaluate ($bath=300.0) 
 CNSsolve>  evaluate ($nstep=500 * $scalefac) 
 CNSsolve>  evaluate ($timestep=0.0005) 
 CNSsolve> 
 CNSsolve>  do (vx=maxwell($bath)) (all) 
 CNSsolve>  do (vy=maxwell($bath)) (all) 
 CNSsolve>  do (vz=maxwell($bath)) (all) 
 CNSsolve> 
 CNSsolve>  dynamics cartesian 
 CNSsolve>    nstep=$nstep 
 CNSsolve>    timestep=$timestep 
 CNSsolve>    tcoupling=true temperature=$bath 
 CNSsolve>    nprint=50 
 CNSsolve>    cmremove=true 
 CNSsolve>  end 
 CNSsolve> 
 CNSsolve>  minimize powell nstep=500 drop=40.0 nprint=25 end 
 CNSsolve> 
 CNSsolve>end if 
 CNSsolve> 
 CNSsolve>! Define secondary structure dihedral angle restraints 
 CNSsolve>! 
 CNSsolve>rest dihe reset end 
 CNSsolve>@RUN:protocols/protein-ss-restraints-alpha-beta.def 
 ASSFIL: file protein-ss-restraints-alpha-beta.def opened.
 CNSsolve>! protein-ss-restraints-alpha-beta.def 
 CNSsolve>!    Define automatically secondary structure dihedral angle restraints 
 CNSsolve>!    for helical and beta-sheet segments 
 CNSsolve>! 
 CNSsolve>! *********************************************************************** 
 CNSsolve>! * Copyright 2003-2018 Alexandre Bonvin, Utrecht University.           * 
 CNSsolve>! * All rights reserved.                                                * 
 CNSsolve>! * This code is part of the HADDOCK software and governed by its       * 
 CNSsolve>! * license. Please see the LICENSE file that should have been included * 
 CNSsolve>! * as part of this package.                                            * 
 CNSsolve>! *********************************************************************** 
 CNSsolve>! 
 CNSsolve>{+ file: protein-ss-restraints.def       directory: protocols +} 
 CNSsolve>{+ description: Creates dihedral angle restraints to maintain conformation of the protein backbone +} 
 CNSsolve>{+ comment:This file is to be read by refinement files that modify atom coordinates +} 
 CNSsolve>{+ authors: Axel T. Brunger, and Paul D. Adams, <br> 
 CNSsolve>            modified by Alexandre Bonvin for HADDOCK use +} 
 CNSsolve> 
 CNSsolve>set message=normal echo=on end 
 CNSsolve> 
 CNSsolve>{=========================================================================================================} 
 CNSsolve>{                        things below this line do not normally need to be changed                        } 
 CNSsolve>{=========================================================================================================} 
 CNSsolve> 
 CNSsolve>{- Dihedral restraints for the protein backbone in alpha-beta regions -} 
 CNSsolve> 
 CNSsolve>  do (store1 = 1) (all) 
 CNSsolve>  restraint dihedral 
 CNSsolve>    nass = 50000 
 CNSsolve>  end 
 CNSsolve>  evaluate ($group=1) 
 CNSsolve>  evaluate ($done=false) 
 CNSsolve>  while ( $done = false ) loop bdihe 
 CNSsolve>   if ( $exist_Toppar.prot_segid_$group = true ) then 
 CNSsolve>     show sum(1) ( segid $Toppar.prot_segid_$group ) 
 CNSsolve>     if ( $result > 0 ) then 
 CNSsolve>       evaluate ($error_phi=$Data.error_dih) 
 CNSsolve>       evaluate ($error_psi=$Data.error_dih) 
 CNSsolve> 
 CNSsolve>       for $id in id ( segid $Toppar.prot_segid_$group and tag and not resn TIP* ) loop resid 
 CNSsolve>         show (segid) (id $id) 
 CNSsolve>         evaluate ($segid=$result) 
 CNSsolve>         show (resid) ( id $id ) 
 CNSsolve>         evaluate ($resid=decode($result)) 
 CNSsolve>	 evaluate ($alphaphi = 0) 
 CNSsolve>	 evaluate ($alphapsi = 0) 
 CNSsolve> 	 evaluate ($alpha_check = 0) 
 CNSsolve>	 evaluate ($betaphi = 0) 
 CNSsolve>	 evaluate ($betapsi = 0) 
 CNSsolve> 	 evaluate ($beta_check = 0) 
 CNSsolve> 
 CNSsolve>         evaluate ($rprec = $resid - 1) 
 CNSsolve>         show sum (store1) (resid $rprec and name C) 
 CNSsolve>         if ($result ne 0) then 
 CNSsolve>	   pick dihedral 
 CNSsolve>                     ( segid $segid and resid $rprec and name C ) 
 CNSsolve>                     ( segid $segid and resid $resid and name N ) 
 CNSsolve>                     ( segid $segid and resid $resid and name CA ) 
 CNSsolve>                     ( segid $segid and resid $resid and name C ) 
 CNSsolve>		  geometry 
 CNSsolve>	   evaluate ($dihedral_phi=$result) 
 CNSsolve>           evaluate ($alphaphi=max($dihedral_phi,-77)) 
 CNSsolve>           evaluate ($alphaphi=max($dihedral_phi,-37)) 
 CNSsolve>	   if ($alphaphi eq -37) then 
 CNSsolve>             evaluate ($alpha_check = 1) 
 CNSsolve>	   else 
 CNSsolve>	     evaluate ($alpha_check = 0) 
 CNSsolve>	   end if 
 CNSsolve>           evaluate ($betaphi=max($dihedral_phi,-145)) 
 CNSsolve>           evaluate ($betaphi=max($dihedral_phi,-105)) 
 CNSsolve>	   if ($betaphi eq -105) then 
 CNSsolve>             evaluate ($beta_check = 1) 
 CNSsolve>	   else 
 CNSsolve>	     evaluate ($beta_check = 0) 
 CNSsolve>	   end if 
 CNSsolve>         end if 
 CNSsolve> 
 CNSsolve>         evaluate ($rnext = $resid + 1) 
 CNSsolve>         show sum (store1) (resid $rnext and name N) 
 CNSsolve>         if ($result ne 0) then 
 CNSsolve>  	   pick dihedral 
 CNSsolve>                     ( segid $segid and resid $resid and name N ) 
 CNSsolve>                     ( segid $segid and resid $resid and name CA ) 
 CNSsolve>                     ( segid $segid and resid $resid and name C ) 
 CNSsolve>                     ( segid $segid and resid $rnext and name N ) 
 CNSsolve>		  geometry 
 CNSsolve>	   evaluate ($dihedral_psi=$result) 
 CNSsolve>           evaluate ($alphapsi=max($dihedral_psi,-67)) 
 CNSsolve>           evaluate ($alphapsi=max($dihedral_psi,-27)) 
 CNSsolve>	   if ($alphapsi eq -27) then 
 CNSsolve>             evaluate ($alpha_check = $alpha_check + 1) 
 CNSsolve>	   end if 
 CNSsolve>           evaluate ($betapsi=max($dihedral_psi,105)) 
 CNSsolve>           evaluate ($betapsi=max($dihedral_psi,145)) 
 CNSsolve>	   if ($betapsi eq 145) then 
 CNSsolve>             evaluate ($beta_check = $beta_check + 1) 
 CNSsolve>	   end if 
 CNSsolve>	 end if 
 CNSsolve> 
 CNSsolve>	 evaluate ($defrest = 0) 
 CNSsolve>	 if ($alpha_check eq 2) then 
 CNSsolve>	   evaluate ($defrest = 1) 
 CNSsolve>	 end if 
 CNSsolve>	 if ($beta_check eq 2) then 
 CNSsolve>	   evaluate ($defrest = 1) 
 CNSsolve>	 end if 
 CNSsolve>	 if ($defrest = 1) then 
 CNSsolve>           restraint dihedral 
 CNSsolve>	    ! phi 
 CNSsolve>             assign  ( segid $segid and resid $rprec and name C ) 
 CNSsolve>                     ( segid $segid and resid $resid and name N ) 
 CNSsolve>                     ( segid $segid and resid $resid and name CA ) 
 CNSsolve>                     ( segid $segid and resid $resid and name C ) 
 CNSsolve>                                                       1.0 $dihedral_phi $error_phi 2 
 CNSsolve>	    ! psi 
 CNSsolve>             assign  ( segid $segid and resid $resid and name N ) 
 CNSsolve>                     ( segid $segid and resid $resid and name CA ) 
 CNSsolve>                     ( segid $segid and resid $resid and name C ) 
 CNSsolve>                     ( segid $segid and resid $rnext and name N ) 
 CNSsolve>                                                       1.0 $dihedral_psi $error_psi 2 
 CNSsolve>             scale 200.0 
 CNSsolve>           end 
 CNSsolve>         end if 
 CNSsolve>       end loop resid 
 CNSsolve>     end if 
 CNSsolve>   else 
 CNSsolve>     evaluate ($done=true) 
 CNSsolve>   end if 
 CNSsolve>     evaluate ($group=$group+1) 
 CNSsolve> end loop bdihe 
 CNSsolve> 
 CNSsolve> flags include cdih end 
 CNSsolve> 
 CNSsolve>set message=off echo=off end 
 CNSsolve> 
 CNSsolve> 
 CNSsolve> 
 CNSsolve>evaluate ($kinter = 1.0) 
 CNSsolve>@RUN:protocols/scale_cg-to-aa.cns 
 ASSFIL: file scale_cg-to-aa.cns opened.
 CNSsolve>! scale_cg-to-aa.cns 
 CNSsolve>!    Scaling of intermolecular interactions for CG-to-AA morphing 
 CNSsolve>! 
 CNSsolve>! *********************************************************************** 
 CNSsolve>! * Copyright 2003-2018 Alexandre Bonvin, Utrecht University.           * 
 CNSsolve>! * All rights reserved.                                                * 
 CNSsolve>! * This code is part of the HADDOCK software and governed by its       * 
 CNSsolve>! * license. Please see the LICENSE file that should have been included * 
 CNSsolve>! * as part of this package.                                            * 
 CNSsolve>! *********************************************************************** 
 CNSsolve>! 
 CNSsolve>igroup interaction (not all) (not all) end 
 CNSsolve> 
 CNSsolve>igroup 
 CNSsolve> 
 CNSsolve>  eval($nchain1 = 0) 
 CNSsolve> 
 CNSsolve>  while ($nchain1 < $data.ncomponents) loop nloop1 
 CNSsolve>    eval($nchain1 = $nchain1 + 1) 
 CNSsolve> 
 CNSsolve>    eval($scalfac = $kinter * $Toppar.int_$nchain1_$nchain1) 
 CNSsolve> 
 CNSsolve>    interaction (segid $Toppar.prot_segid_$nchain1 and not (resn ANI or resn DAN or resn XAN or resn DUM or resn SHA)) 
 CNSsolve>                (segid $Toppar.prot_segid_$nchain1 and not (resn ANI or resn DAN or resn XAN or resn DUM or resn SHA)) weight * 1.0 vdw $scalfac elec $scalfac end 
 CNSsolve>    interaction (segid $Toppar.prot_segid_$nchain1 and not (resn ANI or resn DAN or resn XAN or resn DUM or resn SHA)) 
 CNSsolve>                ((resn WAT or resn HOH or resn TIP* or resn DMS)) weight * 1.0 vdw $kinter elec $kinter end 
 CNSsolve> 
 CNSsolve>    eval($nchain2 = $nchain1 ) 
 CNSsolve>    while ($nchain2 < $data.ncomponents) loop nloop2 
 CNSsolve>      eval($nchain2 = $nchain2 + 1) 
 CNSsolve>      eval($scalfac = $kinter * $Toppar.int_$nchain1_$nchain2) 
 CNSsolve>      interaction (segid $Toppar.prot_segid_$nchain1 and not (resn ANI or resn DAN or resn XAN or resn DUM or resn SHA)) 
 CNSsolve>                  (segid $Toppar.prot_segid_$nchain2 and not (resn ANI or resn DAN or resn XAN or resn DUM or resn SHA)) weight * 1.0 vdw $scalfac elec $scalfac end 
 CNSsolve>    end loop nloop2 
 CNSsolve> 
 CNSsolve>  end loop nloop1 
 CNSsolve> 
 CNSsolve>  interaction (resn ANI) (resn ANI) weight * 1.0 vdw 0.0 elec 0.0 end 
 CNSsolve>  interaction (resn DAN) (resn DAN) weight * 1.0 vdw 0.0 elec 0.0 end 
 CNSsolve>  interaction (resn XAN) (resn XAN) weight * 1.0 vdw 0.0 elec 0.0 end 
 CNSsolve>  interaction (resn DUM) (resn DUM) weight * 1.0 vdw 0.0 elec 0.0 end 
 CNSsolve>  interaction (resn SHA) (resn SHA) weight * 1.0 vdw 0.0 elec 0.0 end 
 CNSsolve>  interaction (resn SHA) (not resn SHA) weight * 0.0 end 
 CNSsolve> 
 CNSsolve>  interaction ((resn WAT or resn HOH or resn TIP* or resn DMS)) ((resn WAT or resn HOH or resn TIP* or resn DMS)) weight * 1.0 end 
 CNSsolve> 
 CNSsolve>end 
 CNSsolve>minimize powell nstep=500 drop=40.0 nprint=25 end 
 CNSsolve> 
 CNSsolve>if ($failure eq false) then 
 CNSsolve>! Short MD optimization 
 CNSsolve>! 
 CNSsolve>{- Friction coefficient, in 1/ps. -} 
 CNSsolve>  do (fbeta=100) (not segid *CG) 
 CNSsolve> 
 CNSsolve>  evaluate ($bath=300.0) 
 CNSsolve>  evaluate ($nstep=500 * $scalefac) 
 CNSsolve>  evaluate ($timestep=0.0005) 
 CNSsolve> 
 CNSsolve>  do (vx=maxwell($bath)) (all) 
 CNSsolve>  do (vy=maxwell($bath)) (all) 
 CNSsolve>  do (vz=maxwell($bath)) (all) 
 CNSsolve> 
 CNSsolve>  dynamics cartesian 
 CNSsolve>    nstep=$nstep 
 CNSsolve>    timestep=$timestep 
 CNSsolve>    tcoupling=true temperature=$bath 
 CNSsolve>    nprint=50 
 CNSsolve>    cmremove=true 
 CNSsolve>  end 
 CNSsolve> 
 CNSsolve>  minimize powell nstep=500 drop=40.0 nprint=25 end 
 CNSsolve> 
 CNSsolve>end if 
 CNSsolve> 
 CNSsolve>parameter 
 CNSsolve>  nbonds 
 CNSsolve>    nbxmod=5 atom cdie shift 
 CNSsolve>    cutnb=9.5 ctofnb=8.5 ctonnb=6.5 eps=1.0 e14fac=0.4 inhibit 0.25 
 CNSsolve>    wmin=0.5 tolerance  0.5 
 CNSsolve>  end 
 CNSsolve>end 
 CNSsolve> 
 CNSsolve>! Define secondary structure dihedral angle restraints 
 CNSsolve>! 
 CNSsolve>rest dihe reset end 
 CNSsolve>@RUN:protocols/protein-ss-restraints-alpha-beta.def 
 ASSFIL: file protein-ss-restraints-alpha-beta.def opened.
 CNSsolve>! protein-ss-restraints-alpha-beta.def 
 CNSsolve>!    Define automatically secondary structure dihedral angle restraints 
 CNSsolve>!    for helical and beta-sheet segments 
 CNSsolve>! 
 CNSsolve>! *********************************************************************** 
 CNSsolve>! * Copyright 2003-2018 Alexandre Bonvin, Utrecht University.           * 
 CNSsolve>! * All rights reserved.                                                * 
 CNSsolve>! * This code is part of the HADDOCK software and governed by its       * 
 CNSsolve>! * license. Please see the LICENSE file that should have been included * 
 CNSsolve>! * as part of this package.                                            * 
 CNSsolve>! *********************************************************************** 
 CNSsolve>! 
 CNSsolve>{+ file: protein-ss-restraints.def       directory: protocols +} 
 CNSsolve>{+ description: Creates dihedral angle restraints to maintain conformation of the protein backbone +} 
 CNSsolve>{+ comment:This file is to be read by refinement files that modify atom coordinates +} 
 CNSsolve>{+ authors: Axel T. Brunger, and Paul D. Adams, <br> 
 CNSsolve>            modified by Alexandre Bonvin for HADDOCK use +} 
 CNSsolve> 
 CNSsolve>set message=normal echo=on end 
 CNSsolve> 
 CNSsolve>{=========================================================================================================} 
 CNSsolve>{                        things below this line do not normally need to be changed                        } 
 CNSsolve>{=========================================================================================================} 
 CNSsolve> 
 CNSsolve>{- Dihedral restraints for the protein backbone in alpha-beta regions -} 
 CNSsolve> 
 CNSsolve>  do (store1 = 1) (all) 
 CNSsolve>  restraint dihedral 
 CNSsolve>    nass = 50000 
 CNSsolve>  end 
 CNSsolve>  evaluate ($group=1) 
 CNSsolve>  evaluate ($done=false) 
 CNSsolve>  while ( $done = false ) loop bdihe 
 CNSsolve>   if ( $exist_Toppar.prot_segid_$group = true ) then 
 CNSsolve>     show sum(1) ( segid $Toppar.prot_segid_$group ) 
 CNSsolve>     if ( $result > 0 ) then 
 CNSsolve>       evaluate ($error_phi=$Data.error_dih) 
 CNSsolve>       evaluate ($error_psi=$Data.error_dih) 
 CNSsolve> 
 CNSsolve>       for $id in id ( segid $Toppar.prot_segid_$group and tag and not resn TIP* ) loop resid 
 CNSsolve>         show (segid) (id $id) 
 CNSsolve>         evaluate ($segid=$result) 
 CNSsolve>         show (resid) ( id $id ) 
 CNSsolve>         evaluate ($resid=decode($result)) 
 CNSsolve>	 evaluate ($alphaphi = 0) 
 CNSsolve>	 evaluate ($alphapsi = 0) 
 CNSsolve> 	 evaluate ($alpha_check = 0) 
 CNSsolve>	 evaluate ($betaphi = 0) 
 CNSsolve>	 evaluate ($betapsi = 0) 
 CNSsolve> 	 evaluate ($beta_check = 0) 
 CNSsolve> 
 CNSsolve>         evaluate ($rprec = $resid - 1) 
 CNSsolve>         show sum (store1) (resid $rprec and name C) 
 CNSsolve>         if ($result ne 0) then 
 CNSsolve>	   pick dihedral 
 CNSsolve>                     ( segid $segid and resid $rprec and name C ) 
 CNSsolve>                     ( segid $segid and resid $resid and name N ) 
 CNSsolve>                     ( segid $segid and resid $resid and name CA ) 
 CNSsolve>                     ( segid $segid and resid $resid and name C ) 
 CNSsolve>		  geometry 
 CNSsolve>	   evaluate ($dihedral_phi=$result) 
 CNSsolve>           evaluate ($alphaphi=max($dihedral_phi,-77)) 
 CNSsolve>           evaluate ($alphaphi=max($dihedral_phi,-37)) 
 CNSsolve>	   if ($alphaphi eq -37) then 
 CNSsolve>             evaluate ($alpha_check = 1) 
 CNSsolve>	   else 
 CNSsolve>	     evaluate ($alpha_check = 0) 
 CNSsolve>	   end if 
 CNSsolve>           evaluate ($betaphi=max($dihedral_phi,-145)) 
 CNSsolve>           evaluate ($betaphi=max($dihedral_phi,-105)) 
 CNSsolve>	   if ($betaphi eq -105) then 
 CNSsolve>             evaluate ($beta_check = 1) 
 CNSsolve>	   else 
 CNSsolve>	     evaluate ($beta_check = 0) 
 CNSsolve>	   end if 
 CNSsolve>         end if 
 CNSsolve> 
 CNSsolve>         evaluate ($rnext = $resid + 1) 
 CNSsolve>         show sum (store1) (resid $rnext and name N) 
 CNSsolve>         if ($result ne 0) then 
 CNSsolve>  	   pick dihedral 
 CNSsolve>                     ( segid $segid and resid $resid and name N ) 
 CNSsolve>                     ( segid $segid and resid $resid and name CA ) 
 CNSsolve>                     ( segid $segid and resid $resid and name C ) 
 CNSsolve>                     ( segid $segid and resid $rnext and name N ) 
 CNSsolve>		  geometry 
 CNSsolve>	   evaluate ($dihedral_psi=$result) 
 CNSsolve>           evaluate ($alphapsi=max($dihedral_psi,-67)) 
 CNSsolve>           evaluate ($alphapsi=max($dihedral_psi,-27)) 
 CNSsolve>	   if ($alphapsi eq -27) then 
 CNSsolve>             evaluate ($alpha_check = $alpha_check + 1) 
 CNSsolve>	   end if 
 CNSsolve>           evaluate ($betapsi=max($dihedral_psi,105)) 
 CNSsolve>           evaluate ($betapsi=max($dihedral_psi,145)) 
 CNSsolve>	   if ($betapsi eq 145) then 
 CNSsolve>             evaluate ($beta_check = $beta_check + 1) 
 CNSsolve>	   end if 
 CNSsolve>	 end if 
 CNSsolve> 
 CNSsolve>	 evaluate ($defrest = 0) 
 CNSsolve>	 if ($alpha_check eq 2) then 
 CNSsolve>	   evaluate ($defrest = 1) 
 CNSsolve>	 end if 
 CNSsolve>	 if ($beta_check eq 2) then 
 CNSsolve>	   evaluate ($defrest = 1) 
 CNSsolve>	 end if 
 CNSsolve>	 if ($defrest = 1) then 
 CNSsolve>           restraint dihedral 
 CNSsolve>	    ! phi 
 CNSsolve>             assign  ( segid $segid and resid $rprec and name C ) 
 CNSsolve>                     ( segid $segid and resid $resid and name N ) 
 CNSsolve>                     ( segid $segid and resid $resid and name CA ) 
 CNSsolve>                     ( segid $segid and resid $resid and name C ) 
 CNSsolve>                                                       1.0 $dihedral_phi $error_phi 2 
 CNSsolve>	    ! psi 
 CNSsolve>             assign  ( segid $segid and resid $resid and name N ) 
 CNSsolve>                     ( segid $segid and resid $resid and name CA ) 
 CNSsolve>                     ( segid $segid and resid $resid and name C ) 
 CNSsolve>                     ( segid $segid and resid $rnext and name N ) 
 CNSsolve>                                                       1.0 $dihedral_psi $error_psi 2 
 CNSsolve>             scale 200.0 
 CNSsolve>           end 
 CNSsolve>         end if 
 CNSsolve>       end loop resid 
 CNSsolve>     end if 
 CNSsolve>   else 
 CNSsolve>     evaluate ($done=true) 
 CNSsolve>   end if 
 CNSsolve>     evaluate ($group=$group+1) 
 CNSsolve> end loop bdihe 
 CNSsolve> 
 CNSsolve> flags include cdih end 
 CNSsolve> 
 CNSsolve>set message=off echo=off end 
 CNSsolve> 
 CNSsolve> 
 CNSsolve> 
 CNSsolve>evaluate ($kinter = 1.0) 
 CNSsolve>@RUN:protocols/scale_cg-to-aa.cns 
 ASSFIL: file scale_cg-to-aa.cns opened.
 CNSsolve>! scale_cg-to-aa.cns 
 CNSsolve>!    Scaling of intermolecular interactions for CG-to-AA morphing 
 CNSsolve>! 
 CNSsolve>! *********************************************************************** 
 CNSsolve>! * Copyright 2003-2018 Alexandre Bonvin, Utrecht University.           * 
 CNSsolve>! * All rights reserved.                                                * 
 CNSsolve>! * This code is part of the HADDOCK software and governed by its       * 
 CNSsolve>! * license. Please see the LICENSE file that should have been included * 
 CNSsolve>! * as part of this package.                                            * 
 CNSsolve>! *********************************************************************** 
 CNSsolve>! 
 CNSsolve>igroup interaction (not all) (not all) end 
 CNSsolve> 
 CNSsolve>igroup 
 CNSsolve> 
 CNSsolve>  eval($nchain1 = 0) 
 CNSsolve> 
 CNSsolve>  while ($nchain1 < $data.ncomponents) loop nloop1 
 CNSsolve>    eval($nchain1 = $nchain1 + 1) 
 CNSsolve> 
 CNSsolve>    eval($scalfac = $kinter * $Toppar.int_$nchain1_$nchain1) 
 CNSsolve> 
 CNSsolve>    interaction (segid $Toppar.prot_segid_$nchain1 and not (resn ANI or resn DAN or resn XAN or resn DUM or resn SHA)) 
 CNSsolve>                (segid $Toppar.prot_segid_$nchain1 and not (resn ANI or resn DAN or resn XAN or resn DUM or resn SHA)) weight * 1.0 vdw $scalfac elec $scalfac end 
 CNSsolve>    interaction (segid $Toppar.prot_segid_$nchain1 and not (resn ANI or resn DAN or resn XAN or resn DUM or resn SHA)) 
 CNSsolve>                ((resn WAT or resn HOH or resn TIP* or resn DMS)) weight * 1.0 vdw $kinter elec $kinter end 
 CNSsolve> 
 CNSsolve>    eval($nchain2 = $nchain1 ) 
 CNSsolve>    while ($nchain2 < $data.ncomponents) loop nloop2 
 CNSsolve>      eval($nchain2 = $nchain2 + 1) 
 CNSsolve>      eval($scalfac = $kinter * $Toppar.int_$nchain1_$nchain2) 
 CNSsolve>      interaction (segid $Toppar.prot_segid_$nchain1 and not (resn ANI or resn DAN or resn XAN or resn DUM or resn SHA)) 
 CNSsolve>                  (segid $Toppar.prot_segid_$nchain2 and not (resn ANI or resn DAN or resn XAN or resn DUM or resn SHA)) weight * 1.0 vdw $scalfac elec $scalfac end 
 CNSsolve>    end loop nloop2 
 CNSsolve> 
 CNSsolve>  end loop nloop1 
 CNSsolve> 
 CNSsolve>  interaction (resn ANI) (resn ANI) weight * 1.0 vdw 0.0 elec 0.0 end 
 CNSsolve>  interaction (resn DAN) (resn DAN) weight * 1.0 vdw 0.0 elec 0.0 end 
 CNSsolve>  interaction (resn XAN) (resn XAN) weight * 1.0 vdw 0.0 elec 0.0 end 
 CNSsolve>  interaction (resn DUM) (resn DUM) weight * 1.0 vdw 0.0 elec 0.0 end 
 CNSsolve>  interaction (resn SHA) (resn SHA) weight * 1.0 vdw 0.0 elec 0.0 end 
 CNSsolve>  interaction (resn SHA) (not resn SHA) weight * 0.0 end 
 CNSsolve> 
 CNSsolve>  interaction ((resn WAT or resn HOH or resn TIP* or resn DMS)) ((resn WAT or resn HOH or resn TIP* or resn DMS)) weight * 1.0 end 
 CNSsolve> 
 CNSsolve>end 
 CNSsolve>minimize powell nstep=500 drop=40.0 nprint=25 end 
 CNSsolve> 
 CNSsolve>if ($failure eq false) then 
 CNSsolve>! Short MD optimization 
 CNSsolve>! 
 CNSsolve>{- Friction coefficient, in 1/ps. -} 
 CNSsolve>  do (fbeta=100) (not segid *CG) 
 CNSsolve> 
 CNSsolve>  evaluate ($bath=300.0) 
 CNSsolve>  evaluate ($nstep=500 * $scalefac) 
 CNSsolve>  evaluate ($timestep=0.0005) 
 CNSsolve> 
 CNSsolve>  do (vx=maxwell($bath)) (all) 
 CNSsolve>  do (vy=maxwell($bath)) (all) 
 CNSsolve>  do (vz=maxwell($bath)) (all) 
 CNSsolve> 
 CNSsolve>  dynamics cartesian 
 CNSsolve>    nstep=$nstep 
 CNSsolve>    timestep=$timestep 
 CNSsolve>    tcoupling=true temperature=$bath 
 CNSsolve>    nprint=50 
 CNSsolve>    cmremove=true 
 CNSsolve>  end 
 CNSsolve> 
 CNSsolve>  minimize powell nstep=500 drop=40.0 nprint=25 end 
 CNSsolve> 
 CNSsolve>end if 
 CNSsolve> 
 CNSsolve>minimize powell nstep=500 drop=40.0 nprint=25 end 
 CNSsolve>minimize powell nstep=500 drop=10.0 nprint=25 end 
 CNSsolve> 
 CNSsolve>energy end 
 CNSsolve> 
 CNSsolve>parameter nbonds eps=1.0 end end 
 CNSsolve> 
 CNSsolve>delete sele=(segid *CG) end 
 CNSsolve> 
 CNSsolve> 
 CNSsolve>  ! reset non-bonded parameters to all atoms defaults 
 CNSsolve>  parameter 
 CNSsolve>    nbonds 
 CNSsolve>      nbxmod=5 atom cdie shift 
 CNSsolve>      cutnb=9.5 ctofnb=8.5 ctonnb=6.5 eps=1.0 e14fac=0.4 inhibit 0.25 
 CNSsolve>      wmin=0.5 tolerance  0.5 
 CNSsolve>    end 
 CNSsolve>  end 
 CNSsolve> 
 CNSsolve>end if 
 CNSsolve> 
 CNSsolve>if ($data.waterdock eq true) then 
 NEXTCD: condition evaluated as false
 CNSsolve> inline @RUN:protocols/read_water1.cns 
 ASSFIL: file read_water1.cns opened.
 CNSsolve>! read_water1.cns 
 CNSsolve>!   Read water coordinates from solvated docking 
 CNSsolve>! 
 CNSsolve>! *********************************************************************** 
 CNSsolve>! * Copyright 2003-2018 Alexandre Bonvin, Utrecht University.           * 
 CNSsolve>! * All rights reserved.                                                * 
 CNSsolve>! * This code is part of the HADDOCK software and governed by its       * 
 CNSsolve>! * license. Please see the LICENSE file that should have been included * 
 CNSsolve>! * as part of this package.                                            * 
 CNSsolve>! *********************************************************************** 
 CNSsolve>! 
 CNSsolve> 
 CNSsolve>evaluate ($nchain=0) 
 CNSsolve>while ($nchain < $data.ncomponents) loop nloop1 
 CNSsolve>  evaluate ($nchain = $nchain + 1) 
 CNSsolve>  evaluate ($watersegname_$nchain="WA" + encode($nchain)) 
 CNSsolve>end loop nloop1 
 CNSsolve> 
 CNSsolve> 
 CNSsolve>if ($data.waterdock eq true) then 
 CNSsolve>  noe reset end 
 CNSsolve>  rest dihe reset end 
 CNSsolve>  evaluate($watercoorfile = $file - ".pdb" + "_water.pdbw") 
 CNSsolve>  fileexist $watercoorfile end 
 CNSsolve>  evaluate ($waterfileexist=$result) 
 CNSsolve>  if ($waterfileexist eq true) then 
 CNSsolve>    if ($iteration < 2) then 
 CNSsolve>      evaluate($sol_topology_infile="RUN:/toppar/water-allhdg5-4.top") 
 CNSsolve>      topology @@$sol_topology_infile end 
 CNSsolve>    end if 
 CNSsolve>    segment 
 CNSsolve>      chain 
 CNSsolve>        separate-by-segid = true 
 CNSsolve>        coor @@$watercoorfile 
 CNSsolve>      end 
 CNSsolve>    end 
 CNSsolve>    coor @@$watercoorfile 
 CNSsolve>    ident (store5) (not all) 
 CNSsolve>  end if 
 CNSsolve> 
 CNSsolve>end if 
 CNSsolve>end if 
 CNSsolve> 
 CNSsolve>if ($Data.flags.sani eq true) then 
 NEXTCD: condition evaluated as false
 CNSsolve>   flag incl sani end 
 CNSsolve>   coor select (not known and resn ani) end 
 CNSsolve>   if ($select gt 0) then 
 CNSsolve>     coor @@RUN:toppar/tensor.pdb 
 CNSsolve> 
 CNSsolve>     {* Find CoM of protein and move tensor 100 A away *} 
 CNSsolve>     show ave (x) (name CA or name BB or name C1') 
 CNSsolve>     evaluate ($xcent=$result) 
 CNSsolve>     show ave (y) (name CA or name BB or name C1') 
 CNSsolve>     evaluate ($ycent=$result) 
 CNSsolve>     show ave (z) (name CA or name BB or name C1') 
 CNSsolve>     evaluate ($zcent=$result) 
 CNSsolve>     do (x=x+$xcent+100) (resn ANI) 
 CNSsolve>     do (y=y+$ycent+100) (resn ANI) 
 CNSsolve>     do (z=z+$zcent+100) (resn ANI) 
 CNSsolve> 
 CNSsolve>     evaluate ($rantens = true) 
 CNSsolve>   else 
 CNSsolve>     evaluate ($rantens = false) 
 CNSsolve>   end if 
 CNSsolve> 
 CNSsolve>   {* Harmonic restraints to keep it far away *} 
 CNSsolve>   do (refx=x) (all) 
 CNSsolve>   do (refy=y) (all) 
 CNSsolve>   do (refz=z) (all) 
 CNSsolve>   do (harmonic=20.0)(resn ANI and name OO) 
 CNSsolve>   do (harmonic=0.0) (resn ANI and name X ) 
 CNSsolve>   do (harmonic=0.0) (resn ANI and name Y ) 
 CNSsolve>   do (harmonic=0.0) (resn ANI and name Z ) 
 CNSsolve>   do (harmonic=0.0) (not (resn ANI)) 
 CNSsolve>   restraints harmonic exponent=2 end 
 CNSsolve>   flags include harm end 
 CNSsolve>end if 
 CNSsolve> 
 CNSsolve>evaluate ($xanmin = false) 
 EVALUATE: symbol $XANMIN set to FALSE (logical)
 CNSsolve>if ($Data.flags.xrdc eq true) then 
 NEXTCD: condition evaluated as false
 CNSsolve>  evaluate ($xanmin = true) 
 CNSsolve>  flag incl xrdc end 
 CNSsolve>end if 
 CNSsolve>if ($Data.flags.xpcs eq true) then 
 NEXTCD: condition evaluated as false
 CNSsolve>  evaluate ($xanmin = true) 
 CNSsolve>  flag incl xpcs end 
 CNSsolve>end if 
 CNSsolve>if ($xanmin eq true) then 
 NEXTCD: condition evaluated as false
 CNSsolve>   coor select (not known and resn xan) end 
 CNSsolve>   if ($select gt 0) then 
 CNSsolve>     coor @@RUN:toppar/tensor_para.pdb 
 CNSsolve> 
 CNSsolve>     {* Find CoM of protein and move tensor 100 A away *} 
 CNSsolve>     show ave (x) (name CA or name BB or name C1') 
 CNSsolve>     evaluate ($xcent=$result) 
 CNSsolve>     show ave (y) (name CA or name BB or name C1') 
 CNSsolve>     evaluate ($ycent=$result) 
 CNSsolve>     show ave (z) (name CA or name BB or name C1') 
 CNSsolve>     evaluate ($zcent=$result) 
 CNSsolve>     do (x=x+$xcent+100) (resn XAN) 
 CNSsolve>     do (y=y+$ycent+100) (resn XAN) 
 CNSsolve>     do (z=z+$zcent+100) (resn XAN) 
 CNSsolve>     evaluate ($rantens_para = true) 
 CNSsolve>   else 
 CNSsolve>     evaluate ($rantens_para = false) 
 CNSsolve>   end if 
 CNSsolve>end if 
 CNSsolve> 
 CNSsolve>if ($Data.flags.dani eq true) then 
 NEXTCD: condition evaluated as false
 CNSsolve>   flag incl dani end 
 CNSsolve>   coor select (not known and resn DAN) end 
 CNSsolve>   if ($select gt 0) then 
 CNSsolve>     coor @@RUN:toppar/tensor_dani.pdb 
 CNSsolve> 
 CNSsolve>     {* Find CoM of protein and move tensor 100 A away *} 
 CNSsolve>     show ave (x) (name CA or name BB or name C1') 
 CNSsolve>     evaluate ($xcent=$result) 
 CNSsolve>     show ave (y) (name CA or name BB or name C1') 
 CNSsolve>     evaluate ($ycent=$result) 
 CNSsolve>     show ave (z) (name CA or name BB or name C1') 
 CNSsolve>     evaluate ($zcent=$result) 
 CNSsolve>     do (x=x+$xcent+100) (resn DAN) 
 CNSsolve>     do (y=y+$ycent+100) (resn DAN) 
 CNSsolve>     do (z=z+$zcent+100) (resn DAN) 
 CNSsolve> 
 CNSsolve>     evaluate ($rantens_dani = true) 
 CNSsolve>   else 
 CNSsolve>     evaluate ($rantens_dani = false) 
 CNSsolve>   end if 
 CNSsolve> 
 CNSsolve>   {* Harmonic restraints to keep it far away *} 
 CNSsolve>   do (refx=x) (all) 
 CNSsolve>   do (refy=y) (all) 
 CNSsolve>   do (refz=z) (all) 
 CNSsolve>   do (harmonic=20.0)(resn DAN and name OO) 
 CNSsolve>   do (harmonic=0.0) (resn DAN and name X ) 
 CNSsolve>   do (harmonic=0.0) (resn DAN and name Y ) 
 CNSsolve>   do (harmonic=0.0) (resn DAN and name Z ) 
 CNSsolve>   do (harmonic=0.0) (not (resn ANI or resn DAN)) 
 CNSsolve>   restraints harmonic exponent=2 end 
 CNSsolve>   flags include harm end 
 CNSsolve>end if 
 CNSsolve> 
 CNSsolve>if ($Data.flags.rg eq true ) then 
 NEXTCD: condition evaluated as false
 CNSsolve>  collapse 
 CNSsolve>    force  $Data.krg_cool3 
 CNSsolve>    target $Data.rgtarg 
 CNSsolve>    sele   (not (resn ANI or resn XAN or resn WAT or resn HOH or resn TIP3)) 
 CNSsolve>  end 
 CNSsolve>end if 
 CNSsolve> 
 CNSsolve>do (refx = x) (all) 
 SELRPN:   1622 atoms have been selected out of   1622
 CNSsolve>do (refy = y) (all) 
 SELRPN:   1622 atoms have been selected out of   1622
 CNSsolve>do (refz = z) (all) 
 SELRPN:   1622 atoms have been selected out of   1622
 CNSsolve> 
 CNSsolve>{*== check if water refinement should be performed ==*} 
 CNSsolve>if ($refine.firstwater eq "yes") then 
 NEXTCD: condition evaluated as true
 CNSsolve>  if ($refine.solvshell eq true) then 
 NEXTCD: condition evaluated as true
 CNSsolve>    if ($failure eq false) then 
 NEXTCD: condition evaluated as true
 CNSsolve>      ! generate water layer 
 CNSsolve>      do (segid = "PROT") (segid "    ") 
 SELRPN:      0 atoms have been selected out of   1622
 CNSsolve>      @RUN:protocols/generate_water.cns 
 ASSFIL: file generate_water.cns opened.
 CNSsolve>! generate_water.cns 
 CNSsolve>!    Generate a water solvent layer around the molecule 
 CNSsolve>! 
 CNSsolve>! *********************************************************************** 
 CNSsolve>! * Copyright 2003-2018 Alexandre Bonvin, Utrecht University.           * 
 CNSsolve>! * Originally adapted from Aria 1.2 from Nilges and Linge, EMBL.       * 
 CNSsolve>! * All rights reserved.                                                * 
 CNSsolve>! * This code is part of the HADDOCK software and governed by its       * 
 CNSsolve>! * license. Please see the LICENSE file that should have been included * 
 CNSsolve>! * as part of this package.                                            * 
 CNSsolve>! *********************************************************************** 
 CNSsolve>! 
 CNSsolve> 
 CNSsolve>eval ($boxlength = 18.856)   ! length of Brooks' water box 
 EVALUATE: symbol $BOXLENGTH set to    18.8560     (real)
 CNSsolve>eval ($thickness = 8)        ! maxi. initial water-protein distance (heavy atoms) 
 EVALUATE: symbol $THICKNESS set to    8.00000     (real)
 CNSsolve>if ($iteration = 2) then 
 NEXTCD: condition evaluated as true
 CNSsolve>  eval ($pw_dist = 2.4)      ! mini. initial water-protein distance (heavy atoms) 
 EVALUATE: symbol $PW_DIST set to    2.40000     (real)
 CNSsolve>else 
 CNSsolve>  eval ($pw_dist = 4.0)      ! mini. initial water-protein distance (heavy atoms) 
 CNSsolve>end if 
 CNSsolve>eval ($water_diam = 2.4)     ! diameter of water molecule 
 EVALUATE: symbol $WATER_DIAM set to    2.40000     (real)
 CNSsolve>eval ($dyncount = 21)        ! for water segid  (max number of molecules + 1) 
 EVALUATE: symbol $DYNCOUNT set to    21.0000     (real)
 CNSsolve> 
 CNSsolve>eval ($water = "WA" + encode($dyncount)) 
 EVALUATE: symbol $WATER set to "WA21" (string)
 CNSsolve> 
 CNSsolve>!-------------------------------------------------- 
 CNSsolve>! read in the same box of water several times, and move it around 
 CNSsolve>! so as to cover all the space around the site of interest. 
 CNSsolve>! take into account box offset 
 CNSsolve> 
 CNSsolve>show max (x) ((not (resn WAT or resn HOH or resn TIP*)) and not (resn ANI or resn DAN or resn XAN or resn DUM or resn SHA)) 
 SELRPN:   1622 atoms have been selected out of   1622
 SHOW: maximum of selected elements =      31.612000
 CNSsolve>evaluate ($xmax = $result) 
 EVALUATE: symbol $XMAX set to    31.6120     (real)
 CNSsolve>show min (x) ((not (resn WAT or resn HOH or resn TIP*)) and not (resn ANI or resn DAN or resn XAN or resn DUM or resn SHA)) 
 SELRPN:   1622 atoms have been selected out of   1622
 SHOW: minimum of selected elements =     -34.562000
 CNSsolve>evaluate ($xmin = $result) 
 EVALUATE: symbol $XMIN set to   -34.5620     (real)
 CNSsolve> 
 CNSsolve>show max (y) ((not (resn WAT or resn HOH or resn TIP*)) and not (resn ANI or resn DAN or resn XAN or resn DUM or resn SHA)) 
 SELRPN:   1622 atoms have been selected out of   1622
 SHOW: maximum of selected elements =      25.243000
 CNSsolve>evaluate ($ymax = $result) 
 EVALUATE: symbol $YMAX set to    25.2430     (real)
 CNSsolve>show min (y) ((not (resn WAT or resn HOH or resn TIP*)) and not (resn ANI or resn DAN or resn XAN or resn DUM or resn SHA)) 
 SELRPN:   1622 atoms have been selected out of   1622
 SHOW: minimum of selected elements =     -17.907000
 CNSsolve>evaluate ($ymin = $result) 
 EVALUATE: symbol $YMIN set to   -17.9070     (real)
 CNSsolve> 
 CNSsolve>show max (z) ((not (resn WAT or resn HOH or resn TIP*)) and not (resn ANI or resn DAN or resn XAN or resn DUM or resn SHA)) 
 SELRPN:   1622 atoms have been selected out of   1622
 SHOW: maximum of selected elements =      12.732000
 CNSsolve>evaluate ($zmax = $result) 
 EVALUATE: symbol $ZMAX set to    12.7320     (real)
 CNSsolve>show min (z) ((not (resn WAT or resn HOH or resn TIP*)) and not (resn ANI or resn DAN or resn XAN or resn DUM or resn SHA)) 
 SELRPN:   1622 atoms have been selected out of   1622
 SHOW: minimum of selected elements =     -11.814000
 CNSsolve>evaluate ($zmin = $result) 
 EVALUATE: symbol $ZMIN set to   -11.8140     (real)
 CNSsolve> 
 CNSsolve> 
 CNSsolve>! loop over several iterations of water filling and dynamics 
 CNSsolve> 
 CNSsolve> 
 CNSsolve>!-------------------------------------------------- 
 CNSsolve>! read in the same box of water several times, and move it around 
 CNSsolve>! so as to cover all the space around the site of interest. 
 CNSsolve>! take into account box offset 
 CNSsolve> 
 CNSsolve> 
 CNSsolve>! determine how many boxes are necessary in each dimension 
 CNSsolve>eval ($xbox = int( ($xmax - $xmin + 2 * ($thickness + $water_diam)) / $boxlength  + 0.5)) 
 EVALUATE: symbol $XBOX set to    5.00000     (real)
 CNSsolve>eval ($ybox = int( ($ymax - $ymin + 2 * ($thickness + $water_diam)) / $boxlength  + 0.5)) 
 EVALUATE: symbol $YBOX set to    3.00000     (real)
 CNSsolve>eval ($zbox = int( ($zmax - $zmin + 2 * ($thickness + $water_diam)) / $boxlength  + 0.5)) 
 EVALUATE: symbol $ZBOX set to    2.00000     (real)
 CNSsolve> 
 CNSsolve>eval ($xmtran =  $xmax + $thickness - $boxlength/2 + $water_diam) 
 EVALUATE: symbol $XMTRAN set to    32.5840     (real)
 CNSsolve>eval ($ymtran =  $ymax + $thickness - $boxlength/2 + $water_diam) 
 EVALUATE: symbol $YMTRAN set to    26.2150     (real)
 CNSsolve>eval ($zmtran =  $zmax + $thickness - $boxlength/2 + $water_diam) 
 EVALUATE: symbol $ZMTRAN set to    13.7040     (real)
 CNSsolve> 
 CNSsolve>eval ($xcount=0) 
 EVALUATE: symbol $XCOUNT set to    0.00000     (real)
 CNSsolve>eval ($xtrans = $xmin - $thickness - $water_diam - $boxlength/2 ) 
 EVALUATE: symbol $XTRANS set to   -54.3900     (real)
 CNSsolve>while ($xtrans < $xmtran) loop wat1 
 NEXTCD: condition evaluated as true
 CNSsolve>  eval ($xcount=$xcount+1) 
 EVALUATE: symbol $XCOUNT set to    1.00000     (real)
 CNSsolve>  eval ($xtrans = $xtrans + $boxlength) 
 EVALUATE: symbol $XTRANS set to   -35.5340     (real)
 CNSsolve> 
 CNSsolve>  eval ($ycount=0) 
 EVALUATE: symbol $YCOUNT set to    0.00000     (real)
 CNSsolve>  eval ($ytrans = $ymin - $thickness - $water_diam - $boxlength/2 ) 
 EVALUATE: symbol $YTRANS set to   -37.7350     (real)
 CNSsolve>  while ($ytrans < $ymtran) loop wat2 
 NEXTCD: condition evaluated as true
 CNSsolve>    eval ($ycount=$ycount+1) 
 EVALUATE: symbol $YCOUNT set to    1.00000     (real)
 CNSsolve>    eval ($ytrans = $ytrans + $boxlength) 
 EVALUATE: symbol $YTRANS set to   -18.8790     (real)
 CNSsolve> 
 CNSsolve>    eval ($zcount=0) 
 EVALUATE: symbol $ZCOUNT set to    0.00000     (real)
 CNSsolve>    eval ($ztrans = $zmin - $thickness - $water_diam - $boxlength/2 ) 
 EVALUATE: symbol $ZTRANS set to   -31.6420     (real)
 CNSsolve>    while ($ztrans < $zmtran) loop wat3 
 NEXTCD: condition evaluated as true
 CNSsolve>      eval ($zcount=$zcount+1) 
 EVALUATE: symbol $ZCOUNT set to    1.00000     (real)
 CNSsolve>      eval ($ztrans = $ztrans + $boxlength) 
 EVALUATE: symbol $ZTRANS set to   -12.7860     (real)
 CNSsolve> 
 CNSsolve> 
 CNSsolve>      segment 
 SEGMENT>        name="    " 
 SEGMENT>        chain 
 CHAIN>          coordinates @@RUN:protocols/boxtyp20.pdb 
 ASSFIL: file boxtyp20.pdb opened.
 COOR>REMARKS *****  CHARMM water box from Charlie Brooks. ******** 
 COOR>REMARKS * This is a box of 216 3-site water molecules in the experimental 
 COOR>REMARKS * geometry.  It was constructed from an equilibrated 
 COOR>REMARKS * configuration of TIP3P (3-site water model of Jorgenson) 
 COOR>REMARKS * waters at 1 atm pressure and a density of 0.0334 molecules/A**-3. 
 COOR>REMARKS * The box edgelength is 18.856 A.  The minimum image periodic 
 COOR>REMARKS * boundary energy for this configuration using the TIP3P 
 COOR>REMARKS * potentials is -2150.6833 kcal/mol. 
 COOR>REMARKS 
 COOR>ATOM      1 OH2  WAT     1       2.531   0.596  -2.477        0.000 
 SEGMNT-info: chain termination due to END keyword.   216 residues were inserted into segid "    "
 CHAIN>        end 
 SEGMENT>      end 
 SCRATC-warning: Pairs of Interacting Groups erased.
 Status of internal molecular topology database:
 -> NATOM=       2270(MAXA=     1000000)  NBOND=       2179(MAXB=     1000000)
 -> NTHETA=      3383(MAXT=     2000000)  NGRP=         735(MAXGRP=   1000000)
 -> NPHI=          22(MAXP=     2000000)  NIMPHI=      1110(MAXIMP=   1000000)
 -> NNB=          150(MAXNB=    1000000) 
 CNSsolve>      coor @@RUN:protocols/boxtyp20.pdb 
 ASSFIL: file boxtyp20.pdb opened.
 COOR>REMARKS *****  CHARMM water box from Charlie Brooks. ******** 
 COOR>REMARKS * This is a box of 216 3-site water molecules in the experimental 
 COOR>REMARKS * geometry.  It was constructed from an equilibrated 
 COOR>REMARKS * configuration of TIP3P (3-site water model of Jorgenson) 
 COOR>REMARKS * waters at 1 atm pressure and a density of 0.0334 molecules/A**-3. 
 COOR>REMARKS * The box edgelength is 18.856 A.  The minimum image periodic 
 COOR>REMARKS * boundary energy for this configuration using the TIP3P 
 COOR>REMARKS * potentials is -2150.6833 kcal/mol. 
 COOR>REMARKS 
 COOR>ATOM      1 OH2  WAT     1       2.531   0.596  -2.477        0.000 
 COOR>ATOM      2 H1   WAT     1       2.620   1.540  -2.609        0.000 
 CNSsolve>      do (segid=W000) (segid "    ") 
 Assuming literal string "W000"
 SELRPN:    648 atoms have been selected out of   2270
 CNSsolve>      coor sele=(segid W000) translate vector = ($xtrans $ytrans $ztrans) end 
 SELRPN:    648 atoms have been selected out of   2270
 COOR: using atom subset.
 COOR: translation vector =(   -35.534000  -18.879000  -12.786000 )
 COOR: selected coordinates translated
 CNSsolve> 
 CNSsolve>      ! all new water oxygens 
 CNSsolve>      ident (store1) (segid W000 and name oh2) 
 SELRPN:    216 atoms have been selected out of   2270
 CNSsolve>      ! all new water oxygens close to a protein heavy atom 
 CNSsolve>      ident (store2) (store1 and (not (resn WAT or resn HOH or resn TIP* or resn ANI or resn DAN or resn XAN or resn DUM or resn SHA or hydro)) around $pw_dist) 
 SELRPN:      1 atoms have been selected out of   2270
 CNSsolve>      ! all new water oxygens close to old water oxygens 
 CNSsolve>      ident (store3) (store1 and (segid wat# and not hydro) around $water_diam) 
 SELRPN:      0 atoms have been selected out of   2270
 CNSsolve>      ! all new water oxygens further than thickness away from a protein heavy atom 
 CNSsolve>      ident (store4) (store1 and not (not (resn WAT or resn HOH or resn TIP* or resn ANI or resn DAN or resn XAN or resn DUM or resn SHA or hydro)) around $thickness) 
 SELRPN:    201 atoms have been selected out of   2270
 CNSsolve>      delete sele= (byres (store2 or store3 or store4)) end 
 SELRPN:    606 atoms have been selected out of   2270
 Status of internal molecular topology database:
 -> NATOM=       1664(MAXA=     1000000)  NBOND=       1775(MAXB=     1000000)
 -> NTHETA=      3181(MAXT=     2000000)  NGRP=         533(MAXGRP=   1000000)
 -> NPHI=          22(MAXP=     2000000)  NIMPHI=      1110(MAXIMP=   1000000)
 -> NNB=          150(MAXNB=    1000000) 
 CNSsolve> 
 CNSsolve> 
 CNSsolve>      ! give waters unique segid name 
 CNSsolve>      eval ($segid= "W" 
 Expression=             + encode($xcount) + encode($ycount) + encode($zcount)) 
 EVALUATE: symbol $SEGID set to "W111" (string)
 CNSsolve>      do (segid = $segid) (segid W000) 
 SELRPN:     42 atoms have been selected out of   1664
 CNSsolve> 
 CNSsolve>    end loop wat3 
 CNSsolve>    while ($ztrans < $zmtran) loop wat3 
 NEXTCD: condition evaluated as true
 CNSsolve>      eval ($zcount=$zcount+1) 
 EVALUATE: symbol $ZCOUNT set to    2.00000     (real)
 CNSsolve>      eval ($ztrans = $ztrans + $boxlength) 
 EVALUATE: symbol $ZTRANS set to    6.07000     (real)
 CNSsolve> 
 CNSsolve> 
 CNSsolve>      segment 
 SEGMENT>        name="    " 
 SEGMENT>        chain 
 CHAIN>          coordinates @@RUN:protocols/boxtyp20.pdb 
 ASSFIL: file boxtyp20.pdb opened.
 COOR>REMARKS *****  CHARMM water box from Charlie Brooks. ******** 
 COOR>REMARKS * This is a box of 216 3-site water molecules in the experimental 
 COOR>REMARKS * geometry.  It was constructed from an equilibrated 
 COOR>REMARKS * configuration of TIP3P (3-site water model of Jorgenson) 
 COOR>REMARKS * waters at 1 atm pressure and a density of 0.0334 molecules/A**-3. 
 COOR>REMARKS * The box edgelength is 18.856 A.  The minimum image periodic 
 COOR>REMARKS * boundary energy for this configuration using the TIP3P 
 COOR>REMARKS * potentials is -2150.6833 kcal/mol. 
 COOR>REMARKS 
 COOR>ATOM      1 OH2  WAT     1       2.531   0.596  -2.477        0.000 
 SEGMNT-info: chain termination due to END keyword.   216 residues were inserted into segid "    "
 CHAIN>        end 
 SEGMENT>      end 
 Status of internal molecular topology database:
 -> NATOM=       2312(MAXA=     1000000)  NBOND=       2207(MAXB=     1000000)
 -> NTHETA=      3397(MAXT=     2000000)  NGRP=         749(MAXGRP=   1000000)
 -> NPHI=          22(MAXP=     2000000)  NIMPHI=      1110(MAXIMP=   1000000)
 -> NNB=          150(MAXNB=    1000000) 
 CNSsolve>      coor @@RUN:protocols/boxtyp20.pdb 
 ASSFIL: file boxtyp20.pdb opened.
 COOR>REMARKS *****  CHARMM water box from Charlie Brooks. ******** 
 COOR>REMARKS * This is a box of 216 3-site water molecules in the experimental 
 COOR>REMARKS * geometry.  It was constructed from an equilibrated 
 COOR>REMARKS * configuration of TIP3P (3-site water model of Jorgenson) 
 COOR>REMARKS * waters at 1 atm pressure and a density of 0.0334 molecules/A**-3. 
 COOR>REMARKS * The box edgelength is 18.856 A.  The minimum image periodic 
 COOR>REMARKS * boundary energy for this configuration using the TIP3P 
 COOR>REMARKS * potentials is -2150.6833 kcal/mol. 
 COOR>REMARKS 
 COOR>ATOM      1 OH2  WAT     1       2.531   0.596  -2.477        0.000 
 COOR>ATOM      2 H1   WAT     1       2.620   1.540  -2.609        0.000 
 CNSsolve>      do (segid=W000) (segid "    ") 
 Assuming literal string "W000"
 SELRPN:    648 atoms have been selected out of   2312
 CNSsolve>      coor sele=(segid W000) translate vector = ($xtrans $ytrans $ztrans) end 
 SELRPN:    648 atoms have been selected out of   2312
 COOR: using atom subset.
 COOR: translation vector =(   -35.534000  -18.879000    6.070000 )
 COOR: selected coordinates translated
 CNSsolve> 
 CNSsolve>      ! all new water oxygens 
 CNSsolve>      ident (store1) (segid W000 and name oh2) 
 SELRPN:    216 atoms have been selected out of   2312
 CNSsolve>      ! all new water oxygens close to a protein heavy atom 
 CNSsolve>      ident (store2) (store1 and (not (resn WAT or resn HOH or resn TIP* or resn ANI or resn DAN or resn XAN or resn DUM or resn SHA or hydro)) around $pw_dist) 
 SELRPN:      1 atoms have been selected out of   2312
 CNSsolve>      ! all new water oxygens close to old water oxygens 
 CNSsolve>      ident (store3) (store1 and (segid wat# and not hydro) around $water_diam) 
 SELRPN:      0 atoms have been selected out of   2312
 CNSsolve>      ! all new water oxygens further than thickness away from a protein heavy atom 
 CNSsolve>      ident (store4) (store1 and not (not (resn WAT or resn HOH or resn TIP* or resn ANI or resn DAN or resn XAN or resn DUM or resn SHA or hydro)) around $thickness) 
 SELRPN:    188 atoms have been selected out of   2312
 CNSsolve>      delete sele= (byres (store2 or store3 or store4)) end 
 SELRPN:    567 atoms have been selected out of   2312
 Status of internal molecular topology database:
 -> NATOM=       1745(MAXA=     1000000)  NBOND=       1829(MAXB=     1000000)
 -> NTHETA=      3208(MAXT=     2000000)  NGRP=         560(MAXGRP=   1000000)
 -> NPHI=          22(MAXP=     2000000)  NIMPHI=      1110(MAXIMP=   1000000)
 -> NNB=          150(MAXNB=    1000000) 
 CNSsolve> 
 CNSsolve> 
 CNSsolve>      ! give waters unique segid name 
 CNSsolve>      eval ($segid= "W" 
 Expression=             + encode($xcount) + encode($ycount) + encode($zcount)) 
 EVALUATE: symbol $SEGID set to "W112" (string)
 CNSsolve>      do (segid = $segid) (segid W000) 
 SELRPN:     81 atoms have been selected out of   1745
 CNSsolve> 
 CNSsolve>    end loop wat3 
 CNSsolve>    while ($ztrans < $zmtran) loop wat3 
 NEXTCD: condition evaluated as true
 CNSsolve>      eval ($zcount=$zcount+1) 
 EVALUATE: symbol $ZCOUNT set to    3.00000     (real)
 CNSsolve>      eval ($ztrans = $ztrans + $boxlength) 
 EVALUATE: symbol $ZTRANS set to    24.9260     (real)
 CNSsolve> 
 CNSsolve> 
 CNSsolve>      segment 
 SEGMENT>        name="    " 
 SEGMENT>        chain 
 CHAIN>          coordinates @@RUN:protocols/boxtyp20.pdb 
 ASSFIL: file boxtyp20.pdb opened.
 COOR>REMARKS *****  CHARMM water box from Charlie Brooks. ******** 
 COOR>REMARKS * This is a box of 216 3-site water molecules in the experimental 
 COOR>REMARKS * geometry.  It was constructed from an equilibrated 
 COOR>REMARKS * configuration of TIP3P (3-site water model of Jorgenson) 
 COOR>REMARKS * waters at 1 atm pressure and a density of 0.0334 molecules/A**-3. 
 COOR>REMARKS * The box edgelength is 18.856 A.  The minimum image periodic 
 COOR>REMARKS * boundary energy for this configuration using the TIP3P 
 COOR>REMARKS * potentials is -2150.6833 kcal/mol. 
 COOR>REMARKS 
 COOR>ATOM      1 OH2  WAT     1       2.531   0.596  -2.477        0.000 
 SEGMNT-info: chain termination due to END keyword.   216 residues were inserted into segid "    "
 CHAIN>        end 
 SEGMENT>      end 
 Status of internal molecular topology database:
 -> NATOM=       2393(MAXA=     1000000)  NBOND=       2261(MAXB=     1000000)
 -> NTHETA=      3424(MAXT=     2000000)  NGRP=         776(MAXGRP=   1000000)
 -> NPHI=          22(MAXP=     2000000)  NIMPHI=      1110(MAXIMP=   1000000)
 -> NNB=          150(MAXNB=    1000000) 
 CNSsolve>      coor @@RUN:protocols/boxtyp20.pdb 
 ASSFIL: file boxtyp20.pdb opened.
 COOR>REMARKS *****  CHARMM water box from Charlie Brooks. ******** 
 COOR>REMARKS * This is a box of 216 3-site water molecules in the experimental 
 COOR>REMARKS * geometry.  It was constructed from an equilibrated 
 COOR>REMARKS * configuration of TIP3P (3-site water model of Jorgenson) 
 COOR>REMARKS * waters at 1 atm pressure and a density of 0.0334 molecules/A**-3. 
 COOR>REMARKS * The box edgelength is 18.856 A.  The minimum image periodic 
 COOR>REMARKS * boundary energy for this configuration using the TIP3P 
 COOR>REMARKS * potentials is -2150.6833 kcal/mol. 
 COOR>REMARKS 
 COOR>ATOM      1 OH2  WAT     1       2.531   0.596  -2.477        0.000 
 COOR>ATOM      2 H1   WAT     1       2.620   1.540  -2.609        0.000 
 CNSsolve>      do (segid=W000) (segid "    ") 
 Assuming literal string "W000"
 SELRPN:    648 atoms have been selected out of   2393
 CNSsolve>      coor sele=(segid W000) translate vector = ($xtrans $ytrans $ztrans) end 
 SELRPN:    648 atoms have been selected out of   2393
 COOR: using atom subset.
 COOR: translation vector =(   -35.534000  -18.879000   24.926000 )
 COOR: selected coordinates translated
 CNSsolve> 
 CNSsolve>      ! all new water oxygens 
 CNSsolve>      ident (store1) (segid W000 and name oh2) 
 SELRPN:    216 atoms have been selected out of   2393
 CNSsolve>      ! all new water oxygens close to a protein heavy atom 
 CNSsolve>      ident (store2) (store1 and (not (resn WAT or resn HOH or resn TIP* or resn ANI or resn DAN or resn XAN or resn DUM or resn SHA or hydro)) around $pw_dist) 
 SELRPN:      0 atoms have been selected out of   2393
 CNSsolve>      ! all new water oxygens close to old water oxygens 
 CNSsolve>      ident (store3) (store1 and (segid wat# and not hydro) around $water_diam) 
 SELRPN:      0 atoms have been selected out of   2393
 CNSsolve>      ! all new water oxygens further than thickness away from a protein heavy atom 
 CNSsolve>      ident (store4) (store1 and not (not (resn WAT or resn HOH or resn TIP* or resn ANI or resn DAN or resn XAN or resn DUM or resn SHA or hydro)) around $thickness) 
 SELRPN:    216 atoms have been selected out of   2393
 CNSsolve>      delete sele= (byres (store2 or store3 or store4)) end 
 SELRPN:    648 atoms have been selected out of   2393
 Status of internal molecular topology database:
 -> NATOM=       1745(MAXA=     1000000)  NBOND=       1829(MAXB=     1000000)
 -> NTHETA=      3208(MAXT=     2000000)  NGRP=         560(MAXGRP=   1000000)
 -> NPHI=          22(MAXP=     2000000)  NIMPHI=      1110(MAXIMP=   1000000)
 -> NNB=          150(MAXNB=    1000000) 
 CNSsolve> 
 CNSsolve> 
 CNSsolve>      ! give waters unique segid name 
 CNSsolve>      eval ($segid= "W" 
 Expression=             + encode($xcount) + encode($ycount) + encode($zcount)) 
 EVALUATE: symbol $SEGID set to "W113" (string)
 CNSsolve>      do (segid = $segid) (segid W000) 
 SELRPN:      0 atoms have been selected out of   1745
 CNSsolve> 
 CNSsolve>    end loop wat3 
 CNSsolve>    while ($ztrans < $zmtran) loop wat3 
 NEXTCD: condition evaluated as false
 CNSsolve>      eval ($zcount=$zcount+1) 
 CNSsolve>      eval ($ztrans = $ztrans + $boxlength) 
 CNSsolve> 
 CNSsolve> 
 CNSsolve>      segment 
 CNSsolve>        name="    " 
 CNSsolve>        chain 
 CNSsolve>          coordinates @@RUN:protocols/boxtyp20.pdb 
 CNSsolve>        end 
 CNSsolve>      end 
 CNSsolve>      coor @@RUN:protocols/boxtyp20.pdb 
 CNSsolve>      do (segid=W000) (segid "    ") 
 CNSsolve>      coor sele=(segid W000) translate vector = ($xtrans $ytrans $ztrans) end 
 CNSsolve> 
 CNSsolve>      ! all new water oxygens 
 CNSsolve>      ident (store1) (segid W000 and name oh2) 
 CNSsolve>      ! all new water oxygens close to a protein heavy atom 
 CNSsolve>      ident (store2) (store1 and (not (resn WAT or resn HOH or resn TIP* or resn ANI or resn DAN or resn XAN or resn DUM or resn SHA or hydro)) around $pw_dist) 
 CNSsolve>      ! all new water oxygens close to old water oxygens 
 CNSsolve>      ident (store3) (store1 and (segid wat# and not hydro) around $water_diam) 
 CNSsolve>      ! all new water oxygens further than thickness away from a protein heavy atom 
 CNSsolve>      ident (store4) (store1 and not (not (resn WAT or resn HOH or resn TIP* or resn ANI or resn DAN or resn XAN or resn DUM or resn SHA or hydro)) around $thickness) 
 CNSsolve>      delete sele= (byres (store2 or store3 or store4)) end 
 CNSsolve> 
 CNSsolve> 
 CNSsolve>      ! give waters unique segid name 
 CNSsolve>      eval ($segid= "W" 
 CNSsolve>             + encode($xcount) + encode($ycount) + encode($zcount)) 
 CNSsolve>      do (segid = $segid) (segid W000) 
 CNSsolve> 
 CNSsolve>    end loop wat3 
 CNSsolve>  end loop wat2 
 CNSsolve>  while ($ytrans < $ymtran) loop wat2 
 NEXTCD: condition evaluated as true
 CNSsolve>    eval ($ycount=$ycount+1) 
 EVALUATE: symbol $YCOUNT set to    2.00000     (real)
 CNSsolve>    eval ($ytrans = $ytrans + $boxlength) 
 EVALUATE: symbol $YTRANS set to  -0.230000E-01 (real)
 CNSsolve> 
 CNSsolve>    eval ($zcount=0) 
 EVALUATE: symbol $ZCOUNT set to    0.00000     (real)
 CNSsolve>    eval ($ztrans = $zmin - $thickness - $water_diam - $boxlength/2 ) 
 EVALUATE: symbol $ZTRANS set to   -31.6420     (real)
 CNSsolve>    while ($ztrans < $zmtran) loop wat3 
 NEXTCD: condition evaluated as true
 CNSsolve>      eval ($zcount=$zcount+1) 
 EVALUATE: symbol $ZCOUNT set to    1.00000     (real)
 CNSsolve>      eval ($ztrans = $ztrans + $boxlength) 
 EVALUATE: symbol $ZTRANS set to   -12.7860     (real)
 CNSsolve> 
 CNSsolve> 
 CNSsolve>      segment 
 SEGMENT>        name="    " 
 SEGMENT>        chain 
 CHAIN>          coordinates @@RUN:protocols/boxtyp20.pdb 
 ASSFIL: file boxtyp20.pdb opened.
 COOR>REMARKS *****  CHARMM water box from Charlie Brooks. ******** 
 COOR>REMARKS * This is a box of 216 3-site water molecules in the experimental 
 COOR>REMARKS * geometry.  It was constructed from an equilibrated 
 COOR>REMARKS * configuration of TIP3P (3-site water model of Jorgenson) 
 COOR>REMARKS * waters at 1 atm pressure and a density of 0.0334 molecules/A**-3. 
 COOR>REMARKS * The box edgelength is 18.856 A.  The minimum image periodic 
 COOR>REMARKS * boundary energy for this configuration using the TIP3P 
 COOR>REMARKS * potentials is -2150.6833 kcal/mol. 
 COOR>REMARKS 
 COOR>ATOM      1 OH2  WAT     1       2.531   0.596  -2.477        0.000 
 SEGMNT-info: chain termination due to END keyword.   216 residues were inserted into segid "    "
 CHAIN>        end 
 SEGMENT>      end 
 Status of internal molecular topology database:
 -> NATOM=       2393(MAXA=     1000000)  NBOND=       2261(MAXB=     1000000)
 -> NTHETA=      3424(MAXT=     2000000)  NGRP=         776(MAXGRP=   1000000)
 -> NPHI=          22(MAXP=     2000000)  NIMPHI=      1110(MAXIMP=   1000000)
 -> NNB=          150(MAXNB=    1000000) 
 CNSsolve>      coor @@RUN:protocols/boxtyp20.pdb 
 ASSFIL: file boxtyp20.pdb opened.
 COOR>REMARKS *****  CHARMM water box from Charlie Brooks. ******** 
 COOR>REMARKS * This is a box of 216 3-site water molecules in the experimental 
 COOR>REMARKS * geometry.  It was constructed from an equilibrated 
 COOR>REMARKS * configuration of TIP3P (3-site water model of Jorgenson) 
 COOR>REMARKS * waters at 1 atm pressure and a density of 0.0334 molecules/A**-3. 
 COOR>REMARKS * The box edgelength is 18.856 A.  The minimum image periodic 
 COOR>REMARKS * boundary energy for this configuration using the TIP3P 
 COOR>REMARKS * potentials is -2150.6833 kcal/mol. 
 COOR>REMARKS 
 COOR>ATOM      1 OH2  WAT     1       2.531   0.596  -2.477        0.000 
 COOR>ATOM      2 H1   WAT     1       2.620   1.540  -2.609        0.000 
 CNSsolve>      do (segid=W000) (segid "    ") 
 Assuming literal string "W000"
 SELRPN:    648 atoms have been selected out of   2393
 CNSsolve>      coor sele=(segid W000) translate vector = ($xtrans $ytrans $ztrans) end 
 SELRPN:    648 atoms have been selected out of   2393
 COOR: using atom subset.
 COOR: translation vector =(   -35.534000   -0.023000  -12.786000 )
 COOR: selected coordinates translated
 CNSsolve> 
 CNSsolve>      ! all new water oxygens 
 CNSsolve>      ident (store1) (segid W000 and name oh2) 
 SELRPN:    216 atoms have been selected out of   2393
 CNSsolve>      ! all new water oxygens close to a protein heavy atom 
 CNSsolve>      ident (store2) (store1 and (not (resn WAT or resn HOH or resn TIP* or resn ANI or resn DAN or resn XAN or resn DUM or resn SHA or hydro)) around $pw_dist) 
 SELRPN:      7 atoms have been selected out of   2393
 CNSsolve>      ! all new water oxygens close to old water oxygens 
 CNSsolve>      ident (store3) (store1 and (segid wat# and not hydro) around $water_diam) 
 SELRPN:      0 atoms have been selected out of   2393
 CNSsolve>      ! all new water oxygens further than thickness away from a protein heavy atom 
 CNSsolve>      ident (store4) (store1 and not (not (resn WAT or resn HOH or resn TIP* or resn ANI or resn DAN or resn XAN or resn DUM or resn SHA or hydro)) around $thickness) 
 SELRPN:    159 atoms have been selected out of   2393
 CNSsolve>      delete sele= (byres (store2 or store3 or store4)) end 
 SELRPN:    498 atoms have been selected out of   2393
 Status of internal molecular topology database:
 -> NATOM=       1895(MAXA=     1000000)  NBOND=       1929(MAXB=     1000000)
 -> NTHETA=      3258(MAXT=     2000000)  NGRP=         610(MAXGRP=   1000000)
 -> NPHI=          22(MAXP=     2000000)  NIMPHI=      1110(MAXIMP=   1000000)
 -> NNB=          150(MAXNB=    1000000) 
 CNSsolve> 
 CNSsolve> 
 CNSsolve>      ! give waters unique segid name 
 CNSsolve>      eval ($segid= "W" 
 Expression=             + encode($xcount) + encode($ycount) + encode($zcount)) 
 EVALUATE: symbol $SEGID set to "W121" (string)
 CNSsolve>      do (segid = $segid) (segid W000) 
 SELRPN:    150 atoms have been selected out of   1895
 CNSsolve> 
 CNSsolve>    end loop wat3 
 CNSsolve>    while ($ztrans < $zmtran) loop wat3 
 NEXTCD: condition evaluated as true
 CNSsolve>      eval ($zcount=$zcount+1) 
 EVALUATE: symbol $ZCOUNT set to    2.00000     (real)
 CNSsolve>      eval ($ztrans = $ztrans + $boxlength) 
 EVALUATE: symbol $ZTRANS set to    6.07000     (real)
 CNSsolve> 
 CNSsolve> 
 CNSsolve>      segment 
 SEGMENT>        name="    " 
 SEGMENT>        chain 
 CHAIN>          coordinates @@RUN:protocols/boxtyp20.pdb 
 ASSFIL: file boxtyp20.pdb opened.
 COOR>REMARKS *****  CHARMM water box from Charlie Brooks. ******** 
 COOR>REMARKS * This is a box of 216 3-site water molecules in the experimental 
 COOR>REMARKS * geometry.  It was constructed from an equilibrated 
 COOR>REMARKS * configuration of TIP3P (3-site water model of Jorgenson) 
 COOR>REMARKS * waters at 1 atm pressure and a density of 0.0334 molecules/A**-3. 
 COOR>REMARKS * The box edgelength is 18.856 A.  The minimum image periodic 
 COOR>REMARKS * boundary energy for this configuration using the TIP3P 
 COOR>REMARKS * potentials is -2150.6833 kcal/mol. 
 COOR>REMARKS 
 COOR>ATOM      1 OH2  WAT     1       2.531   0.596  -2.477        0.000 
 SEGMNT-info: chain termination due to END keyword.   216 residues were inserted into segid "    "
 CHAIN>        end 
 SEGMENT>      end 
 Status of internal molecular topology database:
 -> NATOM=       2543(MAXA=     1000000)  NBOND=       2361(MAXB=     1000000)
 -> NTHETA=      3474(MAXT=     2000000)  NGRP=         826(MAXGRP=   1000000)
 -> NPHI=          22(MAXP=     2000000)  NIMPHI=      1110(MAXIMP=   1000000)
 -> NNB=          150(MAXNB=    1000000) 
 CNSsolve>      coor @@RUN:protocols/boxtyp20.pdb 
 ASSFIL: file boxtyp20.pdb opened.
 COOR>REMARKS *****  CHARMM water box from Charlie Brooks. ******** 
 COOR>REMARKS * This is a box of 216 3-site water molecules in the experimental 
 COOR>REMARKS * geometry.  It was constructed from an equilibrated 
 COOR>REMARKS * configuration of TIP3P (3-site water model of Jorgenson) 
 COOR>REMARKS * waters at 1 atm pressure and a density of 0.0334 molecules/A**-3. 
 COOR>REMARKS * The box edgelength is 18.856 A.  The minimum image periodic 
 COOR>REMARKS * boundary energy for this configuration using the TIP3P 
 COOR>REMARKS * potentials is -2150.6833 kcal/mol. 
 COOR>REMARKS 
 COOR>ATOM      1 OH2  WAT     1       2.531   0.596  -2.477        0.000 
 COOR>ATOM      2 H1   WAT     1       2.620   1.540  -2.609        0.000 
 CNSsolve>      do (segid=W000) (segid "    ") 
 Assuming literal string "W000"
 SELRPN:    648 atoms have been selected out of   2543
 CNSsolve>      coor sele=(segid W000) translate vector = ($xtrans $ytrans $ztrans) end 
 SELRPN:    648 atoms have been selected out of   2543
 COOR: using atom subset.
 COOR: translation vector =(   -35.534000   -0.023000    6.070000 )
 COOR: selected coordinates translated
 CNSsolve> 
 CNSsolve>      ! all new water oxygens 
 CNSsolve>      ident (store1) (segid W000 and name oh2) 
 SELRPN:    216 atoms have been selected out of   2543
 CNSsolve>      ! all new water oxygens close to a protein heavy atom 
 CNSsolve>      ident (store2) (store1 and (not (resn WAT or resn HOH or resn TIP* or resn ANI or resn DAN or resn XAN or resn DUM or resn SHA or hydro)) around $pw_dist) 
 SELRPN:     46 atoms have been selected out of   2543
 CNSsolve>      ! all new water oxygens close to old water oxygens 
 CNSsolve>      ident (store3) (store1 and (segid wat# and not hydro) around $water_diam) 
 SELRPN:      0 atoms have been selected out of   2543
 CNSsolve>      ! all new water oxygens further than thickness away from a protein heavy atom 
 CNSsolve>      ident (store4) (store1 and not (not (resn WAT or resn HOH or resn TIP* or resn ANI or resn DAN or resn XAN or resn DUM or resn SHA or hydro)) around $thickness) 
 SELRPN:     74 atoms have been selected out of   2543
 CNSsolve>      delete sele= (byres (store2 or store3 or store4)) end 
 SELRPN:    360 atoms have been selected out of   2543
 Status of internal molecular topology database:
 -> NATOM=       2183(MAXA=     1000000)  NBOND=       2121(MAXB=     1000000)
 -> NTHETA=      3354(MAXT=     2000000)  NGRP=         706(MAXGRP=   1000000)
 -> NPHI=          22(MAXP=     2000000)  NIMPHI=      1110(MAXIMP=   1000000)
 -> NNB=          150(MAXNB=    1000000) 
 CNSsolve> 
 CNSsolve> 
 CNSsolve>      ! give waters unique segid name 
 CNSsolve>      eval ($segid= "W" 
 Expression=             + encode($xcount) + encode($ycount) + encode($zcount)) 
 EVALUATE: symbol $SEGID set to "W122" (string)
 CNSsolve>      do (segid = $segid) (segid W000) 
 SELRPN:    288 atoms have been selected out of   2183
 CNSsolve> 
 CNSsolve>    end loop wat3 
 CNSsolve>    while ($ztrans < $zmtran) loop wat3 
 NEXTCD: condition evaluated as true
 CNSsolve>      eval ($zcount=$zcount+1) 
 EVALUATE: symbol $ZCOUNT set to    3.00000     (real)
 CNSsolve>      eval ($ztrans = $ztrans + $boxlength) 
 EVALUATE: symbol $ZTRANS set to    24.9260     (real)
 CNSsolve> 
 CNSsolve> 
 CNSsolve>      segment 
 SEGMENT>        name="    " 
 SEGMENT>        chain 
 CHAIN>          coordinates @@RUN:protocols/boxtyp20.pdb 
 ASSFIL: file boxtyp20.pdb opened.
 COOR>REMARKS *****  CHARMM water box from Charlie Brooks. ******** 
 COOR>REMARKS * This is a box of 216 3-site water molecules in the experimental 
 COOR>REMARKS * geometry.  It was constructed from an equilibrated 
 COOR>REMARKS * configuration of TIP3P (3-site water model of Jorgenson) 
 COOR>REMARKS * waters at 1 atm pressure and a density of 0.0334 molecules/A**-3. 
 COOR>REMARKS * The box edgelength is 18.856 A.  The minimum image periodic 
 COOR>REMARKS * boundary energy for this configuration using the TIP3P 
 COOR>REMARKS * potentials is -2150.6833 kcal/mol. 
 COOR>REMARKS 
 COOR>ATOM      1 OH2  WAT     1       2.531   0.596  -2.477        0.000 
 SEGMNT-info: chain termination due to END keyword.   216 residues were inserted into segid "    "
 CHAIN>        end 
 SEGMENT>      end 
 Status of internal molecular topology database:
 -> NATOM=       2831(MAXA=     1000000)  NBOND=       2553(MAXB=     1000000)
 -> NTHETA=      3570(MAXT=     2000000)  NGRP=         922(MAXGRP=   1000000)
 -> NPHI=          22(MAXP=     2000000)  NIMPHI=      1110(MAXIMP=   1000000)
 -> NNB=          150(MAXNB=    1000000) 
 CNSsolve>      coor @@RUN:protocols/boxtyp20.pdb 
 ASSFIL: file boxtyp20.pdb opened.
 COOR>REMARKS *****  CHARMM water box from Charlie Brooks. ******** 
 COOR>REMARKS * This is a box of 216 3-site water molecules in the experimental 
 COOR>REMARKS * geometry.  It was constructed from an equilibrated 
 COOR>REMARKS * configuration of TIP3P (3-site water model of Jorgenson) 
 COOR>REMARKS * waters at 1 atm pressure and a density of 0.0334 molecules/A**-3. 
 COOR>REMARKS * The box edgelength is 18.856 A.  The minimum image periodic 
 COOR>REMARKS * boundary energy for this configuration using the TIP3P 
 COOR>REMARKS * potentials is -2150.6833 kcal/mol. 
 COOR>REMARKS 
 COOR>ATOM      1 OH2  WAT     1       2.531   0.596  -2.477        0.000 
 COOR>ATOM      2 H1   WAT     1       2.620   1.540  -2.609        0.000 
 CNSsolve>      do (segid=W000) (segid "    ") 
 Assuming literal string "W000"
 SELRPN:    648 atoms have been selected out of   2831
 CNSsolve>      coor sele=(segid W000) translate vector = ($xtrans $ytrans $ztrans) end 
 SELRPN:    648 atoms have been selected out of   2831
 COOR: using atom subset.
 COOR: translation vector =(   -35.534000   -0.023000   24.926000 )
 COOR: selected coordinates translated
 CNSsolve> 
 CNSsolve>      ! all new water oxygens 
 CNSsolve>      ident (store1) (segid W000 and name oh2) 
 SELRPN:    216 atoms have been selected out of   2831
 CNSsolve>      ! all new water oxygens close to a protein heavy atom 
 CNSsolve>      ident (store2) (store1 and (not (resn WAT or resn HOH or resn TIP* or resn ANI or resn DAN or resn XAN or resn DUM or resn SHA or hydro)) around $pw_dist) 
 SELRPN:      0 atoms have been selected out of   2831
 CNSsolve>      ! all new water oxygens close to old water oxygens 
 CNSsolve>      ident (store3) (store1 and (segid wat# and not hydro) around $water_diam) 
 SELRPN:      0 atoms have been selected out of   2831
 CNSsolve>      ! all new water oxygens further than thickness away from a protein heavy atom 
 CNSsolve>      ident (store4) (store1 and not (not (resn WAT or resn HOH or resn TIP* or resn ANI or resn DAN or resn XAN or resn DUM or resn SHA or hydro)) around $thickness) 
 SELRPN:    206 atoms have been selected out of   2831
 CNSsolve>      delete sele= (byres (store2 or store3 or store4)) end 
 SELRPN:    618 atoms have been selected out of   2831
 Status of internal molecular topology database:
 -> NATOM=       2213(MAXA=     1000000)  NBOND=       2141(MAXB=     1000000)
 -> NTHETA=      3364(MAXT=     2000000)  NGRP=         716(MAXGRP=   1000000)
 -> NPHI=          22(MAXP=     2000000)  NIMPHI=      1110(MAXIMP=   1000000)
 -> NNB=          150(MAXNB=    1000000) 
 CNSsolve> 
 CNSsolve> 
 CNSsolve>      ! give waters unique segid name 
 CNSsolve>      eval ($segid= "W" 
 Expression=             + encode($xcount) + encode($ycount) + encode($zcount)) 
 EVALUATE: symbol $SEGID set to "W123" (string)
 CNSsolve>      do (segid = $segid) (segid W000) 
 SELRPN:     30 atoms have been selected out of   2213
 CNSsolve> 
 CNSsolve>    end loop wat3 
 CNSsolve>    while ($ztrans < $zmtran) loop wat3 
 NEXTCD: condition evaluated as false
 CNSsolve>      eval ($zcount=$zcount+1) 
 CNSsolve>      eval ($ztrans = $ztrans + $boxlength) 
 CNSsolve> 
 CNSsolve> 
 CNSsolve>      segment 
 CNSsolve>        name="    " 
 CNSsolve>        chain 
 CNSsolve>          coordinates @@RUN:protocols/boxtyp20.pdb 
 CNSsolve>        end 
 CNSsolve>      end 
 CNSsolve>      coor @@RUN:protocols/boxtyp20.pdb 
 CNSsolve>      do (segid=W000) (segid "    ") 
 CNSsolve>      coor sele=(segid W000) translate vector = ($xtrans $ytrans $ztrans) end 
 CNSsolve> 
 CNSsolve>      ! all new water oxygens 
 CNSsolve>      ident (store1) (segid W000 and name oh2) 
 CNSsolve>      ! all new water oxygens close to a protein heavy atom 
 CNSsolve>      ident (store2) (store1 and (not (resn WAT or resn HOH or resn TIP* or resn ANI or resn DAN or resn XAN or resn DUM or resn SHA or hydro)) around $pw_dist) 
 CNSsolve>      ! all new water oxygens close to old water oxygens 
 CNSsolve>      ident (store3) (store1 and (segid wat# and not hydro) around $water_diam) 
 CNSsolve>      ! all new water oxygens further than thickness away from a protein heavy atom 
 CNSsolve>      ident (store4) (store1 and not (not (resn WAT or resn HOH or resn TIP* or resn ANI or resn DAN or resn XAN or resn DUM or resn SHA or hydro)) around $thickness) 
 CNSsolve>      delete sele= (byres (store2 or store3 or store4)) end 
 CNSsolve> 
 CNSsolve> 
 CNSsolve>      ! give waters unique segid name 
 CNSsolve>      eval ($segid= "W" 
 CNSsolve>             + encode($xcount) + encode($ycount) + encode($zcount)) 
 CNSsolve>      do (segid = $segid) (segid W000) 
 CNSsolve> 
 CNSsolve>    end loop wat3 
 CNSsolve>  end loop wat2 
 CNSsolve>  while ($ytrans < $ymtran) loop wat2 
 NEXTCD: condition evaluated as true
 CNSsolve>    eval ($ycount=$ycount+1) 
 EVALUATE: symbol $YCOUNT set to    3.00000     (real)
 CNSsolve>    eval ($ytrans = $ytrans + $boxlength) 
 EVALUATE: symbol $YTRANS set to    18.8330     (real)
 CNSsolve> 
 CNSsolve>    eval ($zcount=0) 
 EVALUATE: symbol $ZCOUNT set to    0.00000     (real)
 CNSsolve>    eval ($ztrans = $zmin - $thickness - $water_diam - $boxlength/2 ) 
 EVALUATE: symbol $ZTRANS set to   -31.6420     (real)
 CNSsolve>    while ($ztrans < $zmtran) loop wat3 
 NEXTCD: condition evaluated as true
 CNSsolve>      eval ($zcount=$zcount+1) 
 EVALUATE: symbol $ZCOUNT set to    1.00000     (real)
 CNSsolve>      eval ($ztrans = $ztrans + $boxlength) 
 EVALUATE: symbol $ZTRANS set to   -12.7860     (real)
 CNSsolve> 
 CNSsolve> 
 CNSsolve>      segment 
 SEGMENT>        name="    " 
 SEGMENT>        chain 
 CHAIN>          coordinates @@RUN:protocols/boxtyp20.pdb 
 ASSFIL: file boxtyp20.pdb opened.
 COOR>REMARKS *****  CHARMM water box from Charlie Brooks. ******** 
 COOR>REMARKS * This is a box of 216 3-site water molecules in the experimental 
 COOR>REMARKS * geometry.  It was constructed from an equilibrated 
 COOR>REMARKS * configuration of TIP3P (3-site water model of Jorgenson) 
 COOR>REMARKS * waters at 1 atm pressure and a density of 0.0334 molecules/A**-3. 
 COOR>REMARKS * The box edgelength is 18.856 A.  The minimum image periodic 
 COOR>REMARKS * boundary energy for this configuration using the TIP3P 
 COOR>REMARKS * potentials is -2150.6833 kcal/mol. 
 COOR>REMARKS 
 COOR>ATOM      1 OH2  WAT     1       2.531   0.596  -2.477        0.000 
 SEGMNT-info: chain termination due to END keyword.   216 residues were inserted into segid "    "
 CHAIN>        end 
 SEGMENT>      end 
 Status of internal molecular topology database:
 -> NATOM=       2861(MAXA=     1000000)  NBOND=       2573(MAXB=     1000000)
 -> NTHETA=      3580(MAXT=     2000000)  NGRP=         932(MAXGRP=   1000000)
 -> NPHI=          22(MAXP=     2000000)  NIMPHI=      1110(MAXIMP=   1000000)
 -> NNB=          150(MAXNB=    1000000) 
 CNSsolve>      coor @@RUN:protocols/boxtyp20.pdb 
 ASSFIL: file boxtyp20.pdb opened.
 COOR>REMARKS *****  CHARMM water box from Charlie Brooks. ******** 
 COOR>REMARKS * This is a box of 216 3-site water molecules in the experimental 
 COOR>REMARKS * geometry.  It was constructed from an equilibrated 
 COOR>REMARKS * configuration of TIP3P (3-site water model of Jorgenson) 
 COOR>REMARKS * waters at 1 atm pressure and a density of 0.0334 molecules/A**-3. 
 COOR>REMARKS * The box edgelength is 18.856 A.  The minimum image periodic 
 COOR>REMARKS * boundary energy for this configuration using the TIP3P 
 COOR>REMARKS * potentials is -2150.6833 kcal/mol. 
 COOR>REMARKS 
 COOR>ATOM      1 OH2  WAT     1       2.531   0.596  -2.477        0.000 
 COOR>ATOM      2 H1   WAT     1       2.620   1.540  -2.609        0.000 
 CNSsolve>      do (segid=W000) (segid "    ") 
 Assuming literal string "W000"
 SELRPN:    648 atoms have been selected out of   2861
 CNSsolve>      coor sele=(segid W000) translate vector = ($xtrans $ytrans $ztrans) end 
 SELRPN:    648 atoms have been selected out of   2861
 COOR: using atom subset.
 COOR: translation vector =(   -35.534000   18.833000  -12.786000 )
 COOR: selected coordinates translated
 CNSsolve> 
 CNSsolve>      ! all new water oxygens 
 CNSsolve>      ident (store1) (segid W000 and name oh2) 
 SELRPN:    216 atoms have been selected out of   2861
 CNSsolve>      ! all new water oxygens close to a protein heavy atom 
 CNSsolve>      ident (store2) (store1 and (not (resn WAT or resn HOH or resn TIP* or resn ANI or resn DAN or resn XAN or resn DUM or resn SHA or hydro)) around $pw_dist) 
 SELRPN:      0 atoms have been selected out of   2861
 CNSsolve>      ! all new water oxygens close to old water oxygens 
 CNSsolve>      ident (store3) (store1 and (segid wat# and not hydro) around $water_diam) 
 SELRPN:      0 atoms have been selected out of   2861
 CNSsolve>      ! all new water oxygens further than thickness away from a protein heavy atom 
 CNSsolve>      ident (store4) (store1 and not (not (resn WAT or resn HOH or resn TIP* or resn ANI or resn DAN or resn XAN or resn DUM or resn SHA or hydro)) around $thickness) 
 SELRPN:    214 atoms have been selected out of   2861
 CNSsolve>      delete sele= (byres (store2 or store3 or store4)) end 
 SELRPN:    642 atoms have been selected out of   2861
 Status of internal molecular topology database:
 -> NATOM=       2219(MAXA=     1000000)  NBOND=       2145(MAXB=     1000000)
 -> NTHETA=      3366(MAXT=     2000000)  NGRP=         718(MAXGRP=   1000000)
 -> NPHI=          22(MAXP=     2000000)  NIMPHI=      1110(MAXIMP=   1000000)
 -> NNB=          150(MAXNB=    1000000) 
 CNSsolve> 
 CNSsolve> 
 CNSsolve>      ! give waters unique segid name 
 CNSsolve>      eval ($segid= "W" 
 Expression=             + encode($xcount) + encode($ycount) + encode($zcount)) 
 EVALUATE: symbol $SEGID set to "W131" (string)
 CNSsolve>      do (segid = $segid) (segid W000) 
 SELRPN:      6 atoms have been selected out of   2219
 CNSsolve> 
 CNSsolve>    end loop wat3 
 CNSsolve>    while ($ztrans < $zmtran) loop wat3 
 NEXTCD: condition evaluated as true
 CNSsolve>      eval ($zcount=$zcount+1) 
 EVALUATE: symbol $ZCOUNT set to    2.00000     (real)
 CNSsolve>      eval ($ztrans = $ztrans + $boxlength) 
 EVALUATE: symbol $ZTRANS set to    6.07000     (real)
 CNSsolve> 
 CNSsolve> 
 CNSsolve>      segment 
 SEGMENT>        name="    " 
 SEGMENT>        chain 
 CHAIN>          coordinates @@RUN:protocols/boxtyp20.pdb 
 ASSFIL: file boxtyp20.pdb opened.
 COOR>REMARKS *****  CHARMM water box from Charlie Brooks. ******** 
 COOR>REMARKS * This is a box of 216 3-site water molecules in the experimental 
 COOR>REMARKS * geometry.  It was constructed from an equilibrated 
 COOR>REMARKS * configuration of TIP3P (3-site water model of Jorgenson) 
 COOR>REMARKS * waters at 1 atm pressure and a density of 0.0334 molecules/A**-3. 
 COOR>REMARKS * The box edgelength is 18.856 A.  The minimum image periodic 
 COOR>REMARKS * boundary energy for this configuration using the TIP3P 
 COOR>REMARKS * potentials is -2150.6833 kcal/mol. 
 COOR>REMARKS 
 COOR>ATOM      1 OH2  WAT     1       2.531   0.596  -2.477        0.000 
 SEGMNT-info: chain termination due to END keyword.   216 residues were inserted into segid "    "
 CHAIN>        end 
 SEGMENT>      end 
 Status of internal molecular topology database:
 -> NATOM=       2867(MAXA=     1000000)  NBOND=       2577(MAXB=     1000000)
 -> NTHETA=      3582(MAXT=     2000000)  NGRP=         934(MAXGRP=   1000000)
 -> NPHI=          22(MAXP=     2000000)  NIMPHI=      1110(MAXIMP=   1000000)
 -> NNB=          150(MAXNB=    1000000) 
 CNSsolve>      coor @@RUN:protocols/boxtyp20.pdb 
 ASSFIL: file boxtyp20.pdb opened.
 COOR>REMARKS *****  CHARMM water box from Charlie Brooks. ******** 
 COOR>REMARKS * This is a box of 216 3-site water molecules in the experimental 
 COOR>REMARKS * geometry.  It was constructed from an equilibrated 
 COOR>REMARKS * configuration of TIP3P (3-site water model of Jorgenson) 
 COOR>REMARKS * waters at 1 atm pressure and a density of 0.0334 molecules/A**-3. 
 COOR>REMARKS * The box edgelength is 18.856 A.  The minimum image periodic 
 COOR>REMARKS * boundary energy for this configuration using the TIP3P 
 COOR>REMARKS * potentials is -2150.6833 kcal/mol. 
 COOR>REMARKS 
 COOR>ATOM      1 OH2  WAT     1       2.531   0.596  -2.477        0.000 
 COOR>ATOM      2 H1   WAT     1       2.620   1.540  -2.609        0.000 
 CNSsolve>      do (segid=W000) (segid "    ") 
 Assuming literal string "W000"
 SELRPN:    648 atoms have been selected out of   2867
 CNSsolve>      coor sele=(segid W000) translate vector = ($xtrans $ytrans $ztrans) end 
 SELRPN:    648 atoms have been selected out of   2867
 COOR: using atom subset.
 COOR: translation vector =(   -35.534000   18.833000    6.070000 )
 COOR: selected coordinates translated
 CNSsolve> 
 CNSsolve>      ! all new water oxygens 
 CNSsolve>      ident (store1) (segid W000 and name oh2) 
 SELRPN:    216 atoms have been selected out of   2867
 CNSsolve>      ! all new water oxygens close to a protein heavy atom 
 CNSsolve>      ident (store2) (store1 and (not (resn WAT or resn HOH or resn TIP* or resn ANI or resn DAN or resn XAN or resn DUM or resn SHA or hydro)) around $pw_dist) 
 SELRPN:      0 atoms have been selected out of   2867
 CNSsolve>      ! all new water oxygens close to old water oxygens 
 CNSsolve>      ident (store3) (store1 and (segid wat# and not hydro) around $water_diam) 
 SELRPN:      0 atoms have been selected out of   2867
 CNSsolve>      ! all new water oxygens further than thickness away from a protein heavy atom 
 CNSsolve>      ident (store4) (store1 and not (not (resn WAT or resn HOH or resn TIP* or resn ANI or resn DAN or resn XAN or resn DUM or resn SHA or hydro)) around $thickness) 
 SELRPN:    197 atoms have been selected out of   2867
 CNSsolve>      delete sele= (byres (store2 or store3 or store4)) end 
 SELRPN:    591 atoms have been selected out of   2867
 Status of internal molecular topology database:
 -> NATOM=       2276(MAXA=     1000000)  NBOND=       2183(MAXB=     1000000)
 -> NTHETA=      3385(MAXT=     2000000)  NGRP=         737(MAXGRP=   1000000)
 -> NPHI=          22(MAXP=     2000000)  NIMPHI=      1110(MAXIMP=   1000000)
 -> NNB=          150(MAXNB=    1000000) 
 CNSsolve> 
 CNSsolve> 
 CNSsolve>      ! give waters unique segid name 
 CNSsolve>      eval ($segid= "W" 
 Expression=             + encode($xcount) + encode($ycount) + encode($zcount)) 
 EVALUATE: symbol $SEGID set to "W132" (string)
 CNSsolve>      do (segid = $segid) (segid W000) 
 SELRPN:     57 atoms have been selected out of   2276
 CNSsolve> 
 CNSsolve>    end loop wat3 
 CNSsolve>    while ($ztrans < $zmtran) loop wat3 
 NEXTCD: condition evaluated as true
 CNSsolve>      eval ($zcount=$zcount+1) 
 EVALUATE: symbol $ZCOUNT set to    3.00000     (real)
 CNSsolve>      eval ($ztrans = $ztrans + $boxlength) 
 EVALUATE: symbol $ZTRANS set to    24.9260     (real)
 CNSsolve> 
 CNSsolve> 
 CNSsolve>      segment 
 SEGMENT>        name="    " 
 SEGMENT>        chain 
 CHAIN>          coordinates @@RUN:protocols/boxtyp20.pdb 
 ASSFIL: file boxtyp20.pdb opened.
 COOR>REMARKS *****  CHARMM water box from Charlie Brooks. ******** 
 COOR>REMARKS * This is a box of 216 3-site water molecules in the experimental 
 COOR>REMARKS * geometry.  It was constructed from an equilibrated 
 COOR>REMARKS * configuration of TIP3P (3-site water model of Jorgenson) 
 COOR>REMARKS * waters at 1 atm pressure and a density of 0.0334 molecules/A**-3. 
 COOR>REMARKS * The box edgelength is 18.856 A.  The minimum image periodic 
 COOR>REMARKS * boundary energy for this configuration using the TIP3P 
 COOR>REMARKS * potentials is -2150.6833 kcal/mol. 
 COOR>REMARKS 
 COOR>ATOM      1 OH2  WAT     1       2.531   0.596  -2.477        0.000 
 SEGMNT-info: chain termination due to END keyword.   216 residues were inserted into segid "    "
 CHAIN>        end 
 SEGMENT>      end 
 Status of internal molecular topology database:
 -> NATOM=       2924(MAXA=     1000000)  NBOND=       2615(MAXB=     1000000)
 -> NTHETA=      3601(MAXT=     2000000)  NGRP=         953(MAXGRP=   1000000)
 -> NPHI=          22(MAXP=     2000000)  NIMPHI=      1110(MAXIMP=   1000000)
 -> NNB=          150(MAXNB=    1000000) 
 CNSsolve>      coor @@RUN:protocols/boxtyp20.pdb 
 ASSFIL: file boxtyp20.pdb opened.
 COOR>REMARKS *****  CHARMM water box from Charlie Brooks. ******** 
 COOR>REMARKS * This is a box of 216 3-site water molecules in the experimental 
 COOR>REMARKS * geometry.  It was constructed from an equilibrated 
 COOR>REMARKS * configuration of TIP3P (3-site water model of Jorgenson) 
 COOR>REMARKS * waters at 1 atm pressure and a density of 0.0334 molecules/A**-3. 
 COOR>REMARKS * The box edgelength is 18.856 A.  The minimum image periodic 
 COOR>REMARKS * boundary energy for this configuration using the TIP3P 
 COOR>REMARKS * potentials is -2150.6833 kcal/mol. 
 COOR>REMARKS 
 COOR>ATOM      1 OH2  WAT     1       2.531   0.596  -2.477        0.000 
 COOR>ATOM      2 H1   WAT     1       2.620   1.540  -2.609        0.000 
 CNSsolve>      do (segid=W000) (segid "    ") 
 Assuming literal string "W000"
 SELRPN:    648 atoms have been selected out of   2924
 CNSsolve>      coor sele=(segid W000) translate vector = ($xtrans $ytrans $ztrans) end 
 SELRPN:    648 atoms have been selected out of   2924
 COOR: using atom subset.
 COOR: translation vector =(   -35.534000   18.833000   24.926000 )
 COOR: selected coordinates translated
 CNSsolve> 
 CNSsolve>      ! all new water oxygens 
 CNSsolve>      ident (store1) (segid W000 and name oh2) 
 SELRPN:    216 atoms have been selected out of   2924
 CNSsolve>      ! all new water oxygens close to a protein heavy atom 
 CNSsolve>      ident (store2) (store1 and (not (resn WAT or resn HOH or resn TIP* or resn ANI or resn DAN or resn XAN or resn DUM or resn SHA or hydro)) around $pw_dist) 
 SELRPN:      0 atoms have been selected out of   2924
 CNSsolve>      ! all new water oxygens close to old water oxygens 
 CNSsolve>      ident (store3) (store1 and (segid wat# and not hydro) around $water_diam) 
 SELRPN:      0 atoms have been selected out of   2924
 CNSsolve>      ! all new water oxygens further than thickness away from a protein heavy atom 
 CNSsolve>      ident (store4) (store1 and not (not (resn WAT or resn HOH or resn TIP* or resn ANI or resn DAN or resn XAN or resn DUM or resn SHA or hydro)) around $thickness) 
 SELRPN:    216 atoms have been selected out of   2924
 CNSsolve>      delete sele= (byres (store2 or store3 or store4)) end 
 SELRPN:    648 atoms have been selected out of   2924
 Status of internal molecular topology database:
 -> NATOM=       2276(MAXA=     1000000)  NBOND=       2183(MAXB=     1000000)
 -> NTHETA=      3385(MAXT=     2000000)  NGRP=         737(MAXGRP=   1000000)
 -> NPHI=          22(MAXP=     2000000)  NIMPHI=      1110(MAXIMP=   1000000)
 -> NNB=          150(MAXNB=    1000000) 
 CNSsolve> 
 CNSsolve> 
 CNSsolve>      ! give waters unique segid name 
 CNSsolve>      eval ($segid= "W" 
 Expression=             + encode($xcount) + encode($ycount) + encode($zcount)) 
 EVALUATE: symbol $SEGID set to "W133" (string)
 CNSsolve>      do (segid = $segid) (segid W000) 
 SELRPN:      0 atoms have been selected out of   2276
 CNSsolve> 
 CNSsolve>    end loop wat3 
 CNSsolve>    while ($ztrans < $zmtran) loop wat3 
 NEXTCD: condition evaluated as false
 CNSsolve>      eval ($zcount=$zcount+1) 
 CNSsolve>      eval ($ztrans = $ztrans + $boxlength) 
 CNSsolve> 
 CNSsolve> 
 CNSsolve>      segment 
 CNSsolve>        name="    " 
 CNSsolve>        chain 
 CNSsolve>          coordinates @@RUN:protocols/boxtyp20.pdb 
 CNSsolve>        end 
 CNSsolve>      end 
 CNSsolve>      coor @@RUN:protocols/boxtyp20.pdb 
 CNSsolve>      do (segid=W000) (segid "    ") 
 CNSsolve>      coor sele=(segid W000) translate vector = ($xtrans $ytrans $ztrans) end 
 CNSsolve> 
 CNSsolve>      ! all new water oxygens 
 CNSsolve>      ident (store1) (segid W000 and name oh2) 
 CNSsolve>      ! all new water oxygens close to a protein heavy atom 
 CNSsolve>      ident (store2) (store1 and (not (resn WAT or resn HOH or resn TIP* or resn ANI or resn DAN or resn XAN or resn DUM or resn SHA or hydro)) around $pw_dist) 
 CNSsolve>      ! all new water oxygens close to old water oxygens 
 CNSsolve>      ident (store3) (store1 and (segid wat# and not hydro) around $water_diam) 
 CNSsolve>      ! all new water oxygens further than thickness away from a protein heavy atom 
 CNSsolve>      ident (store4) (store1 and not (not (resn WAT or resn HOH or resn TIP* or resn ANI or resn DAN or resn XAN or resn DUM or resn SHA or hydro)) around $thickness) 
 CNSsolve>      delete sele= (byres (store2 or store3 or store4)) end 
 CNSsolve> 
 CNSsolve> 
 CNSsolve>      ! give waters unique segid name 
 CNSsolve>      eval ($segid= "W" 
 CNSsolve>             + encode($xcount) + encode($ycount) + encode($zcount)) 
 CNSsolve>      do (segid = $segid) (segid W000) 
 CNSsolve> 
 CNSsolve>    end loop wat3 
 CNSsolve>  end loop wat2 
 CNSsolve>  while ($ytrans < $ymtran) loop wat2 
 NEXTCD: condition evaluated as true
 CNSsolve>    eval ($ycount=$ycount+1) 
 EVALUATE: symbol $YCOUNT set to    4.00000     (real)
 CNSsolve>    eval ($ytrans = $ytrans + $boxlength) 
 EVALUATE: symbol $YTRANS set to    37.6890     (real)
 CNSsolve> 
 CNSsolve>    eval ($zcount=0) 
 EVALUATE: symbol $ZCOUNT set to    0.00000     (real)
 CNSsolve>    eval ($ztrans = $zmin - $thickness - $water_diam - $boxlength/2 ) 
 EVALUATE: symbol $ZTRANS set to   -31.6420     (real)
 CNSsolve>    while ($ztrans < $zmtran) loop wat3 
 NEXTCD: condition evaluated as true
 CNSsolve>      eval ($zcount=$zcount+1) 
 EVALUATE: symbol $ZCOUNT set to    1.00000     (real)
 CNSsolve>      eval ($ztrans = $ztrans + $boxlength) 
 EVALUATE: symbol $ZTRANS set to   -12.7860     (real)
 CNSsolve> 
 CNSsolve> 
 CNSsolve>      segment 
 SEGMENT>        name="    " 
 SEGMENT>        chain 
 CHAIN>          coordinates @@RUN:protocols/boxtyp20.pdb 
 ASSFIL: file boxtyp20.pdb opened.
 COOR>REMARKS *****  CHARMM water box from Charlie Brooks. ******** 
 COOR>REMARKS * This is a box of 216 3-site water molecules in the experimental 
 COOR>REMARKS * geometry.  It was constructed from an equilibrated 
 COOR>REMARKS * configuration of TIP3P (3-site water model of Jorgenson) 
 COOR>REMARKS * waters at 1 atm pressure and a density of 0.0334 molecules/A**-3. 
 COOR>REMARKS * The box edgelength is 18.856 A.  The minimum image periodic 
 COOR>REMARKS * boundary energy for this configuration using the TIP3P 
 COOR>REMARKS * potentials is -2150.6833 kcal/mol. 
 COOR>REMARKS 
 COOR>ATOM      1 OH2  WAT     1       2.531   0.596  -2.477        0.000 
 SEGMNT-info: chain termination due to END keyword.   216 residues were inserted into segid "    "
 CHAIN>        end 
 SEGMENT>      end 
 Status of internal molecular topology database:
 -> NATOM=       2924(MAXA=     1000000)  NBOND=       2615(MAXB=     1000000)
 -> NTHETA=      3601(MAXT=     2000000)  NGRP=         953(MAXGRP=   1000000)
 -> NPHI=          22(MAXP=     2000000)  NIMPHI=      1110(MAXIMP=   1000000)
 -> NNB=          150(MAXNB=    1000000) 
 CNSsolve>      coor @@RUN:protocols/boxtyp20.pdb 
 ASSFIL: file boxtyp20.pdb opened.
 COOR>REMARKS *****  CHARMM water box from Charlie Brooks. ******** 
 COOR>REMARKS * This is a box of 216 3-site water molecules in the experimental 
 COOR>REMARKS * geometry.  It was constructed from an equilibrated 
 COOR>REMARKS * configuration of TIP3P (3-site water model of Jorgenson) 
 COOR>REMARKS * waters at 1 atm pressure and a density of 0.0334 molecules/A**-3. 
 COOR>REMARKS * The box edgelength is 18.856 A.  The minimum image periodic 
 COOR>REMARKS * boundary energy for this configuration using the TIP3P 
 COOR>REMARKS * potentials is -2150.6833 kcal/mol. 
 COOR>REMARKS 
 COOR>ATOM      1 OH2  WAT     1       2.531   0.596  -2.477        0.000 
 COOR>ATOM      2 H1   WAT     1       2.620   1.540  -2.609        0.000 
 CNSsolve>      do (segid=W000) (segid "    ") 
 Assuming literal string "W000"
 SELRPN:    648 atoms have been selected out of   2924
 CNSsolve>      coor sele=(segid W000) translate vector = ($xtrans $ytrans $ztrans) end 
 SELRPN:    648 atoms have been selected out of   2924
 COOR: using atom subset.
 COOR: translation vector =(   -35.534000   37.689000  -12.786000 )
 COOR: selected coordinates translated
 CNSsolve> 
 CNSsolve>      ! all new water oxygens 
 CNSsolve>      ident (store1) (segid W000 and name oh2) 
 SELRPN:    216 atoms have been selected out of   2924
 CNSsolve>      ! all new water oxygens close to a protein heavy atom 
 CNSsolve>      ident (store2) (store1 and (not (resn WAT or resn HOH or resn TIP* or resn ANI or resn DAN or resn XAN or resn DUM or resn SHA or hydro)) around $pw_dist) 
 SELRPN:      0 atoms have been selected out of   2924
 CNSsolve>      ! all new water oxygens close to old water oxygens 
 CNSsolve>      ident (store3) (store1 and (segid wat# and not hydro) around $water_diam) 
 SELRPN:      0 atoms have been selected out of   2924
 CNSsolve>      ! all new water oxygens further than thickness away from a protein heavy atom 
 CNSsolve>      ident (store4) (store1 and not (not (resn WAT or resn HOH or resn TIP* or resn ANI or resn DAN or resn XAN or resn DUM or resn SHA or hydro)) around $thickness) 
 SELRPN:    216 atoms have been selected out of   2924
 CNSsolve>      delete sele= (byres (store2 or store3 or store4)) end 
 SELRPN:    648 atoms have been selected out of   2924
 Status of internal molecular topology database:
 -> NATOM=       2276(MAXA=     1000000)  NBOND=       2183(MAXB=     1000000)
 -> NTHETA=      3385(MAXT=     2000000)  NGRP=         737(MAXGRP=   1000000)
 -> NPHI=          22(MAXP=     2000000)  NIMPHI=      1110(MAXIMP=   1000000)
 -> NNB=          150(MAXNB=    1000000) 
 CNSsolve> 
 CNSsolve> 
 CNSsolve>      ! give waters unique segid name 
 CNSsolve>      eval ($segid= "W" 
 Expression=             + encode($xcount) + encode($ycount) + encode($zcount)) 
 EVALUATE: symbol $SEGID set to "W141" (string)
 CNSsolve>      do (segid = $segid) (segid W000) 
 SELRPN:      0 atoms have been selected out of   2276
 CNSsolve> 
 CNSsolve>    end loop wat3 
 CNSsolve>    while ($ztrans < $zmtran) loop wat3 
 NEXTCD: condition evaluated as true
 CNSsolve>      eval ($zcount=$zcount+1) 
 EVALUATE: symbol $ZCOUNT set to    2.00000     (real)
 CNSsolve>      eval ($ztrans = $ztrans + $boxlength) 
 EVALUATE: symbol $ZTRANS set to    6.07000     (real)
 CNSsolve> 
 CNSsolve> 
 CNSsolve>      segment 
 SEGMENT>        name="    " 
 SEGMENT>        chain 
 CHAIN>          coordinates @@RUN:protocols/boxtyp20.pdb 
 ASSFIL: file boxtyp20.pdb opened.
 COOR>REMARKS *****  CHARMM water box from Charlie Brooks. ******** 
 COOR>REMARKS * This is a box of 216 3-site water molecules in the experimental 
 COOR>REMARKS * geometry.  It was constructed from an equilibrated 
 COOR>REMARKS * configuration of TIP3P (3-site water model of Jorgenson) 
 COOR>REMARKS * waters at 1 atm pressure and a density of 0.0334 molecules/A**-3. 
 COOR>REMARKS * The box edgelength is 18.856 A.  The minimum image periodic 
 COOR>REMARKS * boundary energy for this configuration using the TIP3P 
 COOR>REMARKS * potentials is -2150.6833 kcal/mol. 
 COOR>REMARKS 
 COOR>ATOM      1 OH2  WAT     1       2.531   0.596  -2.477        0.000 
 SEGMNT-info: chain termination due to END keyword.   216 residues were inserted into segid "    "
 CHAIN>        end 
 SEGMENT>      end 
 Status of internal molecular topology database:
 -> NATOM=       2924(MAXA=     1000000)  NBOND=       2615(MAXB=     1000000)
 -> NTHETA=      3601(MAXT=     2000000)  NGRP=         953(MAXGRP=   1000000)
 -> NPHI=          22(MAXP=     2000000)  NIMPHI=      1110(MAXIMP=   1000000)
 -> NNB=          150(MAXNB=    1000000) 
 CNSsolve>      coor @@RUN:protocols/boxtyp20.pdb 
 ASSFIL: file boxtyp20.pdb opened.
 COOR>REMARKS *****  CHARMM water box from Charlie Brooks. ******** 
 COOR>REMARKS * This is a box of 216 3-site water molecules in the experimental 
 COOR>REMARKS * geometry.  It was constructed from an equilibrated 
 COOR>REMARKS * configuration of TIP3P (3-site water model of Jorgenson) 
 COOR>REMARKS * waters at 1 atm pressure and a density of 0.0334 molecules/A**-3. 
 COOR>REMARKS * The box edgelength is 18.856 A.  The minimum image periodic 
 COOR>REMARKS * boundary energy for this configuration using the TIP3P 
 COOR>REMARKS * potentials is -2150.6833 kcal/mol. 
 COOR>REMARKS 
 COOR>ATOM      1 OH2  WAT     1       2.531   0.596  -2.477        0.000 
 COOR>ATOM      2 H1   WAT     1       2.620   1.540  -2.609        0.000 
 CNSsolve>      do (segid=W000) (segid "    ") 
 Assuming literal string "W000"
 SELRPN:    648 atoms have been selected out of   2924
 CNSsolve>      coor sele=(segid W000) translate vector = ($xtrans $ytrans $ztrans) end 
 SELRPN:    648 atoms have been selected out of   2924
 COOR: using atom subset.
 COOR: translation vector =(   -35.534000   37.689000    6.070000 )
 COOR: selected coordinates translated
 CNSsolve> 
 CNSsolve>      ! all new water oxygens 
 CNSsolve>      ident (store1) (segid W000 and name oh2) 
 SELRPN:    216 atoms have been selected out of   2924
 CNSsolve>      ! all new water oxygens close to a protein heavy atom 
 CNSsolve>      ident (store2) (store1 and (not (resn WAT or resn HOH or resn TIP* or resn ANI or resn DAN or resn XAN or resn DUM or resn SHA or hydro)) around $pw_dist) 
 SELRPN:      0 atoms have been selected out of   2924
 CNSsolve>      ! all new water oxygens close to old water oxygens 
 CNSsolve>      ident (store3) (store1 and (segid wat# and not hydro) around $water_diam) 
 SELRPN:      0 atoms have been selected out of   2924
 CNSsolve>      ! all new water oxygens further than thickness away from a protein heavy atom 
 CNSsolve>      ident (store4) (store1 and not (not (resn WAT or resn HOH or resn TIP* or resn ANI or resn DAN or resn XAN or resn DUM or resn SHA or hydro)) around $thickness) 
 SELRPN:    216 atoms have been selected out of   2924
 CNSsolve>      delete sele= (byres (store2 or store3 or store4)) end 
 SELRPN:    648 atoms have been selected out of   2924
 Status of internal molecular topology database:
 -> NATOM=       2276(MAXA=     1000000)  NBOND=       2183(MAXB=     1000000)
 -> NTHETA=      3385(MAXT=     2000000)  NGRP=         737(MAXGRP=   1000000)
 -> NPHI=          22(MAXP=     2000000)  NIMPHI=      1110(MAXIMP=   1000000)
 -> NNB=          150(MAXNB=    1000000) 
 CNSsolve> 
 CNSsolve> 
 CNSsolve>      ! give waters unique segid name 
 CNSsolve>      eval ($segid= "W" 
 Expression=             + encode($xcount) + encode($ycount) + encode($zcount)) 
 EVALUATE: symbol $SEGID set to "W142" (string)
 CNSsolve>      do (segid = $segid) (segid W000) 
 SELRPN:      0 atoms have been selected out of   2276
 CNSsolve> 
 CNSsolve>    end loop wat3 
 CNSsolve>    while ($ztrans < $zmtran) loop wat3 
 NEXTCD: condition evaluated as true
 CNSsolve>      eval ($zcount=$zcount+1) 
 EVALUATE: symbol $ZCOUNT set to    3.00000     (real)
 CNSsolve>      eval ($ztrans = $ztrans + $boxlength) 
 EVALUATE: symbol $ZTRANS set to    24.9260     (real)
 CNSsolve> 
 CNSsolve> 
 CNSsolve>      segment 
 SEGMENT>        name="    " 
 SEGMENT>        chain 
 CHAIN>          coordinates @@RUN:protocols/boxtyp20.pdb 
 ASSFIL: file boxtyp20.pdb opened.
 COOR>REMARKS *****  CHARMM water box from Charlie Brooks. ******** 
 COOR>REMARKS * This is a box of 216 3-site water molecules in the experimental 
 COOR>REMARKS * geometry.  It was constructed from an equilibrated 
 COOR>REMARKS * configuration of TIP3P (3-site water model of Jorgenson) 
 COOR>REMARKS * waters at 1 atm pressure and a density of 0.0334 molecules/A**-3. 
 COOR>REMARKS * The box edgelength is 18.856 A.  The minimum image periodic 
 COOR>REMARKS * boundary energy for this configuration using the TIP3P 
 COOR>REMARKS * potentials is -2150.6833 kcal/mol. 
 COOR>REMARKS 
 COOR>ATOM      1 OH2  WAT     1       2.531   0.596  -2.477        0.000 
 SEGMNT-info: chain termination due to END keyword.   216 residues were inserted into segid "    "
 CHAIN>        end 
 SEGMENT>      end 
 Status of internal molecular topology database:
 -> NATOM=       2924(MAXA=     1000000)  NBOND=       2615(MAXB=     1000000)
 -> NTHETA=      3601(MAXT=     2000000)  NGRP=         953(MAXGRP=   1000000)
 -> NPHI=          22(MAXP=     2000000)  NIMPHI=      1110(MAXIMP=   1000000)
 -> NNB=          150(MAXNB=    1000000) 
 CNSsolve>      coor @@RUN:protocols/boxtyp20.pdb 
 ASSFIL: file boxtyp20.pdb opened.
 COOR>REMARKS *****  CHARMM water box from Charlie Brooks. ******** 
 COOR>REMARKS * This is a box of 216 3-site water molecules in the experimental 
 COOR>REMARKS * geometry.  It was constructed from an equilibrated 
 COOR>REMARKS * configuration of TIP3P (3-site water model of Jorgenson) 
 COOR>REMARKS * waters at 1 atm pressure and a density of 0.0334 molecules/A**-3. 
 COOR>REMARKS * The box edgelength is 18.856 A.  The minimum image periodic 
 COOR>REMARKS * boundary energy for this configuration using the TIP3P 
 COOR>REMARKS * potentials is -2150.6833 kcal/mol. 
 COOR>REMARKS 
 COOR>ATOM      1 OH2  WAT     1       2.531   0.596  -2.477        0.000 
 COOR>ATOM      2 H1   WAT     1       2.620   1.540  -2.609        0.000 
 CNSsolve>      do (segid=W000) (segid "    ") 
 Assuming literal string "W000"
 SELRPN:    648 atoms have been selected out of   2924
 CNSsolve>      coor sele=(segid W000) translate vector = ($xtrans $ytrans $ztrans) end 
 SELRPN:    648 atoms have been selected out of   2924
 COOR: using atom subset.
 COOR: translation vector =(   -35.534000   37.689000   24.926000 )
 COOR: selected coordinates translated
 CNSsolve> 
 CNSsolve>      ! all new water oxygens 
 CNSsolve>      ident (store1) (segid W000 and name oh2) 
 SELRPN:    216 atoms have been selected out of   2924
 CNSsolve>      ! all new water oxygens close to a protein heavy atom 
 CNSsolve>      ident (store2) (store1 and (not (resn WAT or resn HOH or resn TIP* or resn ANI or resn DAN or resn XAN or resn DUM or resn SHA or hydro)) around $pw_dist) 
 SELRPN:      0 atoms have been selected out of   2924
 CNSsolve>      ! all new water oxygens close to old water oxygens 
 CNSsolve>      ident (store3) (store1 and (segid wat# and not hydro) around $water_diam) 
 SELRPN:      0 atoms have been selected out of   2924
 CNSsolve>      ! all new water oxygens further than thickness away from a protein heavy atom 
 CNSsolve>      ident (store4) (store1 and not (not (resn WAT or resn HOH or resn TIP* or resn ANI or resn DAN or resn XAN or resn DUM or resn SHA or hydro)) around $thickness) 
 SELRPN:    216 atoms have been selected out of   2924
 CNSsolve>      delete sele= (byres (store2 or store3 or store4)) end 
 SELRPN:    648 atoms have been selected out of   2924
 Status of internal molecular topology database:
 -> NATOM=       2276(MAXA=     1000000)  NBOND=       2183(MAXB=     1000000)
 -> NTHETA=      3385(MAXT=     2000000)  NGRP=         737(MAXGRP=   1000000)
 -> NPHI=          22(MAXP=     2000000)  NIMPHI=      1110(MAXIMP=   1000000)
 -> NNB=          150(MAXNB=    1000000) 
 CNSsolve> 
 CNSsolve> 
 CNSsolve>      ! give waters unique segid name 
 CNSsolve>      eval ($segid= "W" 
 Expression=             + encode($xcount) + encode($ycount) + encode($zcount)) 
 EVALUATE: symbol $SEGID set to "W143" (string)
 CNSsolve>      do (segid = $segid) (segid W000) 
 SELRPN:      0 atoms have been selected out of   2276
 CNSsolve> 
 CNSsolve>    end loop wat3 
 CNSsolve>    while ($ztrans < $zmtran) loop wat3 
 NEXTCD: condition evaluated as false
 CNSsolve>      eval ($zcount=$zcount+1) 
 CNSsolve>      eval ($ztrans = $ztrans + $boxlength) 
 CNSsolve> 
 CNSsolve> 
 CNSsolve>      segment 
 CNSsolve>        name="    " 
 CNSsolve>        chain 
 CNSsolve>          coordinates @@RUN:protocols/boxtyp20.pdb 
 CNSsolve>        end 
 CNSsolve>      end 
 CNSsolve>      coor @@RUN:protocols/boxtyp20.pdb 
 CNSsolve>      do (segid=W000) (segid "    ") 
 CNSsolve>      coor sele=(segid W000) translate vector = ($xtrans $ytrans $ztrans) end 
 CNSsolve> 
 CNSsolve>      ! all new water oxygens 
 CNSsolve>      ident (store1) (segid W000 and name oh2) 
 CNSsolve>      ! all new water oxygens close to a protein heavy atom 
 CNSsolve>      ident (store2) (store1 and (not (resn WAT or resn HOH or resn TIP* or resn ANI or resn DAN or resn XAN or resn DUM or resn SHA or hydro)) around $pw_dist) 
 CNSsolve>      ! all new water oxygens close to old water oxygens 
 CNSsolve>      ident (store3) (store1 and (segid wat# and not hydro) around $water_diam) 
 CNSsolve>      ! all new water oxygens further than thickness away from a protein heavy atom 
 CNSsolve>      ident (store4) (store1 and not (not (resn WAT or resn HOH or resn TIP* or resn ANI or resn DAN or resn XAN or resn DUM or resn SHA or hydro)) around $thickness) 
 CNSsolve>      delete sele= (byres (store2 or store3 or store4)) end 
 CNSsolve> 
 CNSsolve> 
 CNSsolve>      ! give waters unique segid name 
 CNSsolve>      eval ($segid= "W" 
 CNSsolve>             + encode($xcount) + encode($ycount) + encode($zcount)) 
 CNSsolve>      do (segid = $segid) (segid W000) 
 CNSsolve> 
 CNSsolve>    end loop wat3 
 CNSsolve>  end loop wat2 
 CNSsolve>  while ($ytrans < $ymtran) loop wat2 
 NEXTCD: condition evaluated as false
 CNSsolve>    eval ($ycount=$ycount+1) 
 CNSsolve>    eval ($ytrans = $ytrans + $boxlength) 
 CNSsolve> 
 CNSsolve>    eval ($zcount=0) 
 CNSsolve>    eval ($ztrans = $zmin - $thickness - $water_diam - $boxlength/2 ) 
 CNSsolve>    while ($ztrans < $zmtran) loop wat3 
 CNSsolve>      eval ($zcount=$zcount+1) 
 CNSsolve>      eval ($ztrans = $ztrans + $boxlength) 
 CNSsolve> 
 CNSsolve> 
 CNSsolve>      segment 
 CNSsolve>        name="    " 
 CNSsolve>        chain 
 CNSsolve>          coordinates @@RUN:protocols/boxtyp20.pdb 
 CNSsolve>        end 
 CNSsolve>      end 
 CNSsolve>      coor @@RUN:protocols/boxtyp20.pdb 
 CNSsolve>      do (segid=W000) (segid "    ") 
 CNSsolve>      coor sele=(segid W000) translate vector = ($xtrans $ytrans $ztrans) end 
 CNSsolve> 
 CNSsolve>      ! all new water oxygens 
 CNSsolve>      ident (store1) (segid W000 and name oh2) 
 CNSsolve>      ! all new water oxygens close to a protein heavy atom 
 CNSsolve>      ident (store2) (store1 and (not (resn WAT or resn HOH or resn TIP* or resn ANI or resn DAN or resn XAN or resn DUM or resn SHA or hydro)) around $pw_dist) 
 CNSsolve>      ! all new water oxygens close to old water oxygens 
 CNSsolve>      ident (store3) (store1 and (segid wat# and not hydro) around $water_diam) 
 CNSsolve>      ! all new water oxygens further than thickness away from a protein heavy atom 
 CNSsolve>      ident (store4) (store1 and not (not (resn WAT or resn HOH or resn TIP* or resn ANI or resn DAN or resn XAN or resn DUM or resn SHA or hydro)) around $thickness) 
 CNSsolve>      delete sele= (byres (store2 or store3 or store4)) end 
 CNSsolve> 
 CNSsolve> 
 CNSsolve>      ! give waters unique segid name 
 CNSsolve>      eval ($segid= "W" 
 CNSsolve>             + encode($xcount) + encode($ycount) + encode($zcount)) 
 CNSsolve>      do (segid = $segid) (segid W000) 
 CNSsolve> 
 CNSsolve>    end loop wat3 
 CNSsolve>  end loop wat2 
 CNSsolve>end loop wat1 
 CNSsolve>while ($xtrans < $xmtran) loop wat1 
 NEXTCD: condition evaluated as true
 CNSsolve>  eval ($xcount=$xcount+1) 
 EVALUATE: symbol $XCOUNT set to    2.00000     (real)
 CNSsolve>  eval ($xtrans = $xtrans + $boxlength) 
 EVALUATE: symbol $XTRANS set to   -16.6780     (real)
 CNSsolve> 
 CNSsolve>  eval ($ycount=0) 
 EVALUATE: symbol $YCOUNT set to    0.00000     (real)
 CNSsolve>  eval ($ytrans = $ymin - $thickness - $water_diam - $boxlength/2 ) 
 EVALUATE: symbol $YTRANS set to   -37.7350     (real)
 CNSsolve>  while ($ytrans < $ymtran) loop wat2 
 NEXTCD: condition evaluated as true
 CNSsolve>    eval ($ycount=$ycount+1) 
 EVALUATE: symbol $YCOUNT set to    1.00000     (real)
 CNSsolve>    eval ($ytrans = $ytrans + $boxlength) 
 EVALUATE: symbol $YTRANS set to   -18.8790     (real)
 CNSsolve> 
 CNSsolve>    eval ($zcount=0) 
 EVALUATE: symbol $ZCOUNT set to    0.00000     (real)
 CNSsolve>    eval ($ztrans = $zmin - $thickness - $water_diam - $boxlength/2 ) 
 EVALUATE: symbol $ZTRANS set to   -31.6420     (real)
 CNSsolve>    while ($ztrans < $zmtran) loop wat3 
 NEXTCD: condition evaluated as true
 CNSsolve>      eval ($zcount=$zcount+1) 
 EVALUATE: symbol $ZCOUNT set to    1.00000     (real)
 CNSsolve>      eval ($ztrans = $ztrans + $boxlength) 
 EVALUATE: symbol $ZTRANS set to   -12.7860     (real)
 CNSsolve> 
 CNSsolve> 
 CNSsolve>      segment 
 SEGMENT>        name="    " 
 SEGMENT>        chain 
 CHAIN>          coordinates @@RUN:protocols/boxtyp20.pdb 
 ASSFIL: file boxtyp20.pdb opened.
 COOR>REMARKS *****  CHARMM water box from Charlie Brooks. ******** 
 COOR>REMARKS * This is a box of 216 3-site water molecules in the experimental 
 COOR>REMARKS * geometry.  It was constructed from an equilibrated 
 COOR>REMARKS * configuration of TIP3P (3-site water model of Jorgenson) 
 COOR>REMARKS * waters at 1 atm pressure and a density of 0.0334 molecules/A**-3. 
 COOR>REMARKS * The box edgelength is 18.856 A.  The minimum image periodic 
 COOR>REMARKS * boundary energy for this configuration using the TIP3P 
 COOR>REMARKS * potentials is -2150.6833 kcal/mol. 
 COOR>REMARKS 
 COOR>ATOM      1 OH2  WAT     1       2.531   0.596  -2.477        0.000 
 SEGMNT-info: chain termination due to END keyword.   216 residues were inserted into segid "    "
 CHAIN>        end 
 SEGMENT>      end 
 Status of internal molecular topology database:
 -> NATOM=       2924(MAXA=     1000000)  NBOND=       2615(MAXB=     1000000)
 -> NTHETA=      3601(MAXT=     2000000)  NGRP=         953(MAXGRP=   1000000)
 -> NPHI=          22(MAXP=     2000000)  NIMPHI=      1110(MAXIMP=   1000000)
 -> NNB=          150(MAXNB=    1000000) 
 CNSsolve>      coor @@RUN:protocols/boxtyp20.pdb 
 ASSFIL: file boxtyp20.pdb opened.
 COOR>REMARKS *****  CHARMM water box from Charlie Brooks. ******** 
 COOR>REMARKS * This is a box of 216 3-site water molecules in the experimental 
 COOR>REMARKS * geometry.  It was constructed from an equilibrated 
 COOR>REMARKS * configuration of TIP3P (3-site water model of Jorgenson) 
 COOR>REMARKS * waters at 1 atm pressure and a density of 0.0334 molecules/A**-3. 
 COOR>REMARKS * The box edgelength is 18.856 A.  The minimum image periodic 
 COOR>REMARKS * boundary energy for this configuration using the TIP3P 
 COOR>REMARKS * potentials is -2150.6833 kcal/mol. 
 COOR>REMARKS 
 COOR>ATOM      1 OH2  WAT     1       2.531   0.596  -2.477        0.000 
 COOR>ATOM      2 H1   WAT     1       2.620   1.540  -2.609        0.000 
 CNSsolve>      do (segid=W000) (segid "    ") 
 Assuming literal string "W000"
 SELRPN:    648 atoms have been selected out of   2924
 CNSsolve>      coor sele=(segid W000) translate vector = ($xtrans $ytrans $ztrans) end 
 SELRPN:    648 atoms have been selected out of   2924
 COOR: using atom subset.
 COOR: translation vector =(   -16.678000  -18.879000  -12.786000 )
 COOR: selected coordinates translated
 CNSsolve> 
 CNSsolve>      ! all new water oxygens 
 CNSsolve>      ident (store1) (segid W000 and name oh2) 
 SELRPN:    216 atoms have been selected out of   2924
 CNSsolve>      ! all new water oxygens close to a protein heavy atom 
 CNSsolve>      ident (store2) (store1 and (not (resn WAT or resn HOH or resn TIP* or resn ANI or resn DAN or resn XAN or resn DUM or resn SHA or hydro)) around $pw_dist) 
 SELRPN:      7 atoms have been selected out of   2924
 CNSsolve>      ! all new water oxygens close to old water oxygens 
 CNSsolve>      ident (store3) (store1 and (segid wat# and not hydro) around $water_diam) 
 SELRPN:      0 atoms have been selected out of   2924
 CNSsolve>      ! all new water oxygens further than thickness away from a protein heavy atom 
 CNSsolve>      ident (store4) (store1 and not (not (resn WAT or resn HOH or resn TIP* or resn ANI or resn DAN or resn XAN or resn DUM or resn SHA or hydro)) around $thickness) 
 SELRPN:    169 atoms have been selected out of   2924
 CNSsolve>      delete sele= (byres (store2 or store3 or store4)) end 
 SELRPN:    528 atoms have been selected out of   2924
 Status of internal molecular topology database:
 -> NATOM=       2396(MAXA=     1000000)  NBOND=       2263(MAXB=     1000000)
 -> NTHETA=      3425(MAXT=     2000000)  NGRP=         777(MAXGRP=   1000000)
 -> NPHI=          22(MAXP=     2000000)  NIMPHI=      1110(MAXIMP=   1000000)
 -> NNB=          150(MAXNB=    1000000) 
 CNSsolve> 
 CNSsolve> 
 CNSsolve>      ! give waters unique segid name 
 CNSsolve>      eval ($segid= "W" 
 Expression=             + encode($xcount) + encode($ycount) + encode($zcount)) 
 EVALUATE: symbol $SEGID set to "W211" (string)
 CNSsolve>      do (segid = $segid) (segid W000) 
 SELRPN:    120 atoms have been selected out of   2396
 CNSsolve> 
 CNSsolve>    end loop wat3 
 CNSsolve>    while ($ztrans < $zmtran) loop wat3 
 NEXTCD: condition evaluated as true
 CNSsolve>      eval ($zcount=$zcount+1) 
 EVALUATE: symbol $ZCOUNT set to    2.00000     (real)
 CNSsolve>      eval ($ztrans = $ztrans + $boxlength) 
 EVALUATE: symbol $ZTRANS set to    6.07000     (real)
 CNSsolve> 
 CNSsolve> 
 CNSsolve>      segment 
 SEGMENT>        name="    " 
 SEGMENT>        chain 
 CHAIN>          coordinates @@RUN:protocols/boxtyp20.pdb 
 ASSFIL: file boxtyp20.pdb opened.
 COOR>REMARKS *****  CHARMM water box from Charlie Brooks. ******** 
 COOR>REMARKS * This is a box of 216 3-site water molecules in the experimental 
 COOR>REMARKS * geometry.  It was constructed from an equilibrated 
 COOR>REMARKS * configuration of TIP3P (3-site water model of Jorgenson) 
 COOR>REMARKS * waters at 1 atm pressure and a density of 0.0334 molecules/A**-3. 
 COOR>REMARKS * The box edgelength is 18.856 A.  The minimum image periodic 
 COOR>REMARKS * boundary energy for this configuration using the TIP3P 
 COOR>REMARKS * potentials is -2150.6833 kcal/mol. 
 COOR>REMARKS 
 COOR>ATOM      1 OH2  WAT     1       2.531   0.596  -2.477        0.000 
 SEGMNT-info: chain termination due to END keyword.   216 residues were inserted into segid "    "
 CHAIN>        end 
 SEGMENT>      end 
 Status of internal molecular topology database:
 -> NATOM=       3044(MAXA=     1000000)  NBOND=       2695(MAXB=     1000000)
 -> NTHETA=      3641(MAXT=     2000000)  NGRP=         993(MAXGRP=   1000000)
 -> NPHI=          22(MAXP=     2000000)  NIMPHI=      1110(MAXIMP=   1000000)
 -> NNB=          150(MAXNB=    1000000) 
 CNSsolve>      coor @@RUN:protocols/boxtyp20.pdb 
 ASSFIL: file boxtyp20.pdb opened.
 COOR>REMARKS *****  CHARMM water box from Charlie Brooks. ******** 
 COOR>REMARKS * This is a box of 216 3-site water molecules in the experimental 
 COOR>REMARKS * geometry.  It was constructed from an equilibrated 
 COOR>REMARKS * configuration of TIP3P (3-site water model of Jorgenson) 
 COOR>REMARKS * waters at 1 atm pressure and a density of 0.0334 molecules/A**-3. 
 COOR>REMARKS * The box edgelength is 18.856 A.  The minimum image periodic 
 COOR>REMARKS * boundary energy for this configuration using the TIP3P 
 COOR>REMARKS * potentials is -2150.6833 kcal/mol. 
 COOR>REMARKS 
 COOR>ATOM      1 OH2  WAT     1       2.531   0.596  -2.477        0.000 
 COOR>ATOM      2 H1   WAT     1       2.620   1.540  -2.609        0.000 
 CNSsolve>      do (segid=W000) (segid "    ") 
 Assuming literal string "W000"
 SELRPN:    648 atoms have been selected out of   3044
 CNSsolve>      coor sele=(segid W000) translate vector = ($xtrans $ytrans $ztrans) end 
 SELRPN:    648 atoms have been selected out of   3044
 COOR: using atom subset.
 COOR: translation vector =(   -16.678000  -18.879000    6.070000 )
 COOR: selected coordinates translated
 CNSsolve> 
 CNSsolve>      ! all new water oxygens 
 CNSsolve>      ident (store1) (segid W000 and name oh2) 
 SELRPN:    216 atoms have been selected out of   3044
 CNSsolve>      ! all new water oxygens close to a protein heavy atom 
 CNSsolve>      ident (store2) (store1 and (not (resn WAT or resn HOH or resn TIP* or resn ANI or resn DAN or resn XAN or resn DUM or resn SHA or hydro)) around $pw_dist) 
 SELRPN:     17 atoms have been selected out of   3044
 CNSsolve>      ! all new water oxygens close to old water oxygens 
 CNSsolve>      ident (store3) (store1 and (segid wat# and not hydro) around $water_diam) 
 SELRPN:      0 atoms have been selected out of   3044
 CNSsolve>      ! all new water oxygens further than thickness away from a protein heavy atom 
 CNSsolve>      ident (store4) (store1 and not (not (resn WAT or resn HOH or resn TIP* or resn ANI or resn DAN or resn XAN or resn DUM or resn SHA or hydro)) around $thickness) 
 SELRPN:    138 atoms have been selected out of   3044
 CNSsolve>      delete sele= (byres (store2 or store3 or store4)) end 
 SELRPN:    465 atoms have been selected out of   3044
 Status of internal molecular topology database:
 -> NATOM=       2579(MAXA=     1000000)  NBOND=       2385(MAXB=     1000000)
 -> NTHETA=      3486(MAXT=     2000000)  NGRP=         838(MAXGRP=   1000000)
 -> NPHI=          22(MAXP=     2000000)  NIMPHI=      1110(MAXIMP=   1000000)
 -> NNB=          150(MAXNB=    1000000) 
 CNSsolve> 
 CNSsolve> 
 CNSsolve>      ! give waters unique segid name 
 CNSsolve>      eval ($segid= "W" 
 Expression=             + encode($xcount) + encode($ycount) + encode($zcount)) 
 EVALUATE: symbol $SEGID set to "W212" (string)
 CNSsolve>      do (segid = $segid) (segid W000) 
 SELRPN:    183 atoms have been selected out of   2579
 CNSsolve> 
 CNSsolve>    end loop wat3 
 CNSsolve>    while ($ztrans < $zmtran) loop wat3 
 NEXTCD: condition evaluated as true
 CNSsolve>      eval ($zcount=$zcount+1) 
 EVALUATE: symbol $ZCOUNT set to    3.00000     (real)
 CNSsolve>      eval ($ztrans = $ztrans + $boxlength) 
 EVALUATE: symbol $ZTRANS set to    24.9260     (real)
 CNSsolve> 
 CNSsolve> 
 CNSsolve>      segment 
 SEGMENT>        name="    " 
 SEGMENT>        chain 
 CHAIN>          coordinates @@RUN:protocols/boxtyp20.pdb 
 ASSFIL: file boxtyp20.pdb opened.
 COOR>REMARKS *****  CHARMM water box from Charlie Brooks. ******** 
 COOR>REMARKS * This is a box of 216 3-site water molecules in the experimental 
 COOR>REMARKS * geometry.  It was constructed from an equilibrated 
 COOR>REMARKS * configuration of TIP3P (3-site water model of Jorgenson) 
 COOR>REMARKS * waters at 1 atm pressure and a density of 0.0334 molecules/A**-3. 
 COOR>REMARKS * The box edgelength is 18.856 A.  The minimum image periodic 
 COOR>REMARKS * boundary energy for this configuration using the TIP3P 
 COOR>REMARKS * potentials is -2150.6833 kcal/mol. 
 COOR>REMARKS 
 COOR>ATOM      1 OH2  WAT     1       2.531   0.596  -2.477        0.000 
 SEGMNT-info: chain termination due to END keyword.   216 residues were inserted into segid "    "
 CHAIN>        end 
 SEGMENT>      end 
 Status of internal molecular topology database:
 -> NATOM=       3227(MAXA=     1000000)  NBOND=       2817(MAXB=     1000000)
 -> NTHETA=      3702(MAXT=     2000000)  NGRP=        1054(MAXGRP=   1000000)
 -> NPHI=          22(MAXP=     2000000)  NIMPHI=      1110(MAXIMP=   1000000)
 -> NNB=          150(MAXNB=    1000000) 
 CNSsolve>      coor @@RUN:protocols/boxtyp20.pdb 
 ASSFIL: file boxtyp20.pdb opened.
 COOR>REMARKS *****  CHARMM water box from Charlie Brooks. ******** 
 COOR>REMARKS * This is a box of 216 3-site water molecules in the experimental 
 COOR>REMARKS * geometry.  It was constructed from an equilibrated 
 COOR>REMARKS * configuration of TIP3P (3-site water model of Jorgenson) 
 COOR>REMARKS * waters at 1 atm pressure and a density of 0.0334 molecules/A**-3. 
 COOR>REMARKS * The box edgelength is 18.856 A.  The minimum image periodic 
 COOR>REMARKS * boundary energy for this configuration using the TIP3P 
 COOR>REMARKS * potentials is -2150.6833 kcal/mol. 
 COOR>REMARKS 
 COOR>ATOM      1 OH2  WAT     1       2.531   0.596  -2.477        0.000 
 COOR>ATOM      2 H1   WAT     1       2.620   1.540  -2.609        0.000 
 CNSsolve>      do (segid=W000) (segid "    ") 
 Assuming literal string "W000"
 SELRPN:    648 atoms have been selected out of   3227
 CNSsolve>      coor sele=(segid W000) translate vector = ($xtrans $ytrans $ztrans) end 
 SELRPN:    648 atoms have been selected out of   3227
 COOR: using atom subset.
 COOR: translation vector =(   -16.678000  -18.879000   24.926000 )
 COOR: selected coordinates translated
 CNSsolve> 
 CNSsolve>      ! all new water oxygens 
 CNSsolve>      ident (store1) (segid W000 and name oh2) 
 SELRPN:    216 atoms have been selected out of   3227
 CNSsolve>      ! all new water oxygens close to a protein heavy atom 
 CNSsolve>      ident (store2) (store1 and (not (resn WAT or resn HOH or resn TIP* or resn ANI or resn DAN or resn XAN or resn DUM or resn SHA or hydro)) around $pw_dist) 
 SELRPN:      0 atoms have been selected out of   3227
 CNSsolve>      ! all new water oxygens close to old water oxygens 
 CNSsolve>      ident (store3) (store1 and (segid wat# and not hydro) around $water_diam) 
 SELRPN:      0 atoms have been selected out of   3227
 CNSsolve>      ! all new water oxygens further than thickness away from a protein heavy atom 
 CNSsolve>      ident (store4) (store1 and not (not (resn WAT or resn HOH or resn TIP* or resn ANI or resn DAN or resn XAN or resn DUM or resn SHA or hydro)) around $thickness) 
 SELRPN:    215 atoms have been selected out of   3227
 CNSsolve>      delete sele= (byres (store2 or store3 or store4)) end 
 SELRPN:    645 atoms have been selected out of   3227
 Status of internal molecular topology database:
 -> NATOM=       2582(MAXA=     1000000)  NBOND=       2387(MAXB=     1000000)
 -> NTHETA=      3487(MAXT=     2000000)  NGRP=         839(MAXGRP=   1000000)
 -> NPHI=          22(MAXP=     2000000)  NIMPHI=      1110(MAXIMP=   1000000)
 -> NNB=          150(MAXNB=    1000000) 
 CNSsolve> 
 CNSsolve> 
 CNSsolve>      ! give waters unique segid name 
 CNSsolve>      eval ($segid= "W" 
 Expression=             + encode($xcount) + encode($ycount) + encode($zcount)) 
 EVALUATE: symbol $SEGID set to "W213" (string)
 CNSsolve>      do (segid = $segid) (segid W000) 
 SELRPN:      3 atoms have been selected out of   2582
 CNSsolve> 
 CNSsolve>    end loop wat3 
 CNSsolve>    while ($ztrans < $zmtran) loop wat3 
 NEXTCD: condition evaluated as false
 CNSsolve>      eval ($zcount=$zcount+1) 
 CNSsolve>      eval ($ztrans = $ztrans + $boxlength) 
 CNSsolve> 
 CNSsolve> 
 CNSsolve>      segment 
 CNSsolve>        name="    " 
 CNSsolve>        chain 
 CNSsolve>          coordinates @@RUN:protocols/boxtyp20.pdb 
 CNSsolve>        end 
 CNSsolve>      end 
 CNSsolve>      coor @@RUN:protocols/boxtyp20.pdb 
 CNSsolve>      do (segid=W000) (segid "    ") 
 CNSsolve>      coor sele=(segid W000) translate vector = ($xtrans $ytrans $ztrans) end 
 CNSsolve> 
 CNSsolve>      ! all new water oxygens 
 CNSsolve>      ident (store1) (segid W000 and name oh2) 
 CNSsolve>      ! all new water oxygens close to a protein heavy atom 
 CNSsolve>      ident (store2) (store1 and (not (resn WAT or resn HOH or resn TIP* or resn ANI or resn DAN or resn XAN or resn DUM or resn SHA or hydro)) around $pw_dist) 
 CNSsolve>      ! all new water oxygens close to old water oxygens 
 CNSsolve>      ident (store3) (store1 and (segid wat# and not hydro) around $water_diam) 
 CNSsolve>      ! all new water oxygens further than thickness away from a protein heavy atom 
 CNSsolve>      ident (store4) (store1 and not (not (resn WAT or resn HOH or resn TIP* or resn ANI or resn DAN or resn XAN or resn DUM or resn SHA or hydro)) around $thickness) 
 CNSsolve>      delete sele= (byres (store2 or store3 or store4)) end 
 CNSsolve> 
 CNSsolve> 
 CNSsolve>      ! give waters unique segid name 
 CNSsolve>      eval ($segid= "W" 
 CNSsolve>             + encode($xcount) + encode($ycount) + encode($zcount)) 
 CNSsolve>      do (segid = $segid) (segid W000) 
 CNSsolve> 
 CNSsolve>    end loop wat3 
 CNSsolve>  end loop wat2 
 CNSsolve>  while ($ytrans < $ymtran) loop wat2 
 NEXTCD: condition evaluated as true
 CNSsolve>    eval ($ycount=$ycount+1) 
 EVALUATE: symbol $YCOUNT set to    2.00000     (real)
 CNSsolve>    eval ($ytrans = $ytrans + $boxlength) 
 EVALUATE: symbol $YTRANS set to  -0.230000E-01 (real)
 CNSsolve> 
 CNSsolve>    eval ($zcount=0) 
 EVALUATE: symbol $ZCOUNT set to    0.00000     (real)
 CNSsolve>    eval ($ztrans = $zmin - $thickness - $water_diam - $boxlength/2 ) 
 EVALUATE: symbol $ZTRANS set to   -31.6420     (real)
 CNSsolve>    while ($ztrans < $zmtran) loop wat3 
 NEXTCD: condition evaluated as true
 CNSsolve>      eval ($zcount=$zcount+1) 
 EVALUATE: symbol $ZCOUNT set to    1.00000     (real)
 CNSsolve>      eval ($ztrans = $ztrans + $boxlength) 
 EVALUATE: symbol $ZTRANS set to   -12.7860     (real)
 CNSsolve> 
 CNSsolve> 
 CNSsolve>      segment 
 SEGMENT>        name="    " 
 SEGMENT>        chain 
 CHAIN>          coordinates @@RUN:protocols/boxtyp20.pdb 
 ASSFIL: file boxtyp20.pdb opened.
 COOR>REMARKS *****  CHARMM water box from Charlie Brooks. ******** 
 COOR>REMARKS * This is a box of 216 3-site water molecules in the experimental 
 COOR>REMARKS * geometry.  It was constructed from an equilibrated 
 COOR>REMARKS * configuration of TIP3P (3-site water model of Jorgenson) 
 COOR>REMARKS * waters at 1 atm pressure and a density of 0.0334 molecules/A**-3. 
 COOR>REMARKS * The box edgelength is 18.856 A.  The minimum image periodic 
 COOR>REMARKS * boundary energy for this configuration using the TIP3P 
 COOR>REMARKS * potentials is -2150.6833 kcal/mol. 
 COOR>REMARKS 
 COOR>ATOM      1 OH2  WAT     1       2.531   0.596  -2.477        0.000 
 SEGMNT-info: chain termination due to END keyword.   216 residues were inserted into segid "    "
 CHAIN>        end 
 SEGMENT>      end 
 Status of internal molecular topology database:
 -> NATOM=       3230(MAXA=     1000000)  NBOND=       2819(MAXB=     1000000)
 -> NTHETA=      3703(MAXT=     2000000)  NGRP=        1055(MAXGRP=   1000000)
 -> NPHI=          22(MAXP=     2000000)  NIMPHI=      1110(MAXIMP=   1000000)
 -> NNB=          150(MAXNB=    1000000) 
 CNSsolve>      coor @@RUN:protocols/boxtyp20.pdb 
 ASSFIL: file boxtyp20.pdb opened.
 COOR>REMARKS *****  CHARMM water box from Charlie Brooks. ******** 
 COOR>REMARKS * This is a box of 216 3-site water molecules in the experimental 
 COOR>REMARKS * geometry.  It was constructed from an equilibrated 
 COOR>REMARKS * configuration of TIP3P (3-site water model of Jorgenson) 
 COOR>REMARKS * waters at 1 atm pressure and a density of 0.0334 molecules/A**-3. 
 COOR>REMARKS * The box edgelength is 18.856 A.  The minimum image periodic 
 COOR>REMARKS * boundary energy for this configuration using the TIP3P 
 COOR>REMARKS * potentials is -2150.6833 kcal/mol. 
 COOR>REMARKS 
 COOR>ATOM      1 OH2  WAT     1       2.531   0.596  -2.477        0.000 
 COOR>ATOM      2 H1   WAT     1       2.620   1.540  -2.609        0.000 
 CNSsolve>      do (segid=W000) (segid "    ") 
 Assuming literal string "W000"
 SELRPN:    648 atoms have been selected out of   3230
 CNSsolve>      coor sele=(segid W000) translate vector = ($xtrans $ytrans $ztrans) end 
 SELRPN:    648 atoms have been selected out of   3230
 COOR: using atom subset.
 COOR: translation vector =(   -16.678000   -0.023000  -12.786000 )
 COOR: selected coordinates translated
 CNSsolve> 
 CNSsolve>      ! all new water oxygens 
 CNSsolve>      ident (store1) (segid W000 and name oh2) 
 SELRPN:    216 atoms have been selected out of   3230
 CNSsolve>      ! all new water oxygens close to a protein heavy atom 
 CNSsolve>      ident (store2) (store1 and (not (resn WAT or resn HOH or resn TIP* or resn ANI or resn DAN or resn XAN or resn DUM or resn SHA or hydro)) around $pw_dist) 
 SELRPN:     46 atoms have been selected out of   3230
 CNSsolve>      ! all new water oxygens close to old water oxygens 
 CNSsolve>      ident (store3) (store1 and (segid wat# and not hydro) around $water_diam) 
 SELRPN:      0 atoms have been selected out of   3230
 CNSsolve>      ! all new water oxygens further than thickness away from a protein heavy atom 
 CNSsolve>      ident (store4) (store1 and not (not (resn WAT or resn HOH or resn TIP* or resn ANI or resn DAN or resn XAN or resn DUM or resn SHA or hydro)) around $thickness) 
 SELRPN:     66 atoms have been selected out of   3230
 CNSsolve>      delete sele= (byres (store2 or store3 or store4)) end 
 SELRPN:    336 atoms have been selected out of   3230
 Status of internal molecular topology database:
 -> NATOM=       2894(MAXA=     1000000)  NBOND=       2595(MAXB=     1000000)
 -> NTHETA=      3591(MAXT=     2000000)  NGRP=         943(MAXGRP=   1000000)
 -> NPHI=          22(MAXP=     2000000)  NIMPHI=      1110(MAXIMP=   1000000)
 -> NNB=          150(MAXNB=    1000000) 
 CNSsolve> 
 CNSsolve> 
 CNSsolve>      ! give waters unique segid name 
 CNSsolve>      eval ($segid= "W" 
 Expression=             + encode($xcount) + encode($ycount) + encode($zcount)) 
 EVALUATE: symbol $SEGID set to "W221" (string)
 CNSsolve>      do (segid = $segid) (segid W000) 
 SELRPN:    312 atoms have been selected out of   2894
 CNSsolve> 
 CNSsolve>    end loop wat3 
 CNSsolve>    while ($ztrans < $zmtran) loop wat3 
 NEXTCD: condition evaluated as true
 CNSsolve>      eval ($zcount=$zcount+1) 
 EVALUATE: symbol $ZCOUNT set to    2.00000     (real)
 CNSsolve>      eval ($ztrans = $ztrans + $boxlength) 
 EVALUATE: symbol $ZTRANS set to    6.07000     (real)
 CNSsolve> 
 CNSsolve> 
 CNSsolve>      segment 
 SEGMENT>        name="    " 
 SEGMENT>        chain 
 CHAIN>          coordinates @@RUN:protocols/boxtyp20.pdb 
 ASSFIL: file boxtyp20.pdb opened.
 COOR>REMARKS *****  CHARMM water box from Charlie Brooks. ******** 
 COOR>REMARKS * This is a box of 216 3-site water molecules in the experimental 
 COOR>REMARKS * geometry.  It was constructed from an equilibrated 
 COOR>REMARKS * configuration of TIP3P (3-site water model of Jorgenson) 
 COOR>REMARKS * waters at 1 atm pressure and a density of 0.0334 molecules/A**-3. 
 COOR>REMARKS * The box edgelength is 18.856 A.  The minimum image periodic 
 COOR>REMARKS * boundary energy for this configuration using the TIP3P 
 COOR>REMARKS * potentials is -2150.6833 kcal/mol. 
 COOR>REMARKS 
 COOR>ATOM      1 OH2  WAT     1       2.531   0.596  -2.477        0.000 
 SEGMNT-info: chain termination due to END keyword.   216 residues were inserted into segid "    "
 CHAIN>        end 
 SEGMENT>      end 
 Status of internal molecular topology database:
 -> NATOM=       3542(MAXA=     1000000)  NBOND=       3027(MAXB=     1000000)
 -> NTHETA=      3807(MAXT=     2000000)  NGRP=        1159(MAXGRP=   1000000)
 -> NPHI=          22(MAXP=     2000000)  NIMPHI=      1110(MAXIMP=   1000000)
 -> NNB=          150(MAXNB=    1000000) 
 CNSsolve>      coor @@RUN:protocols/boxtyp20.pdb 
 ASSFIL: file boxtyp20.pdb opened.
 COOR>REMARKS *****  CHARMM water box from Charlie Brooks. ******** 
 COOR>REMARKS * This is a box of 216 3-site water molecules in the experimental 
 COOR>REMARKS * geometry.  It was constructed from an equilibrated 
 COOR>REMARKS * configuration of TIP3P (3-site water model of Jorgenson) 
 COOR>REMARKS * waters at 1 atm pressure and a density of 0.0334 molecules/A**-3. 
 COOR>REMARKS * The box edgelength is 18.856 A.  The minimum image periodic 
 COOR>REMARKS * boundary energy for this configuration using the TIP3P 
 COOR>REMARKS * potentials is -2150.6833 kcal/mol. 
 COOR>REMARKS 
 COOR>ATOM      1 OH2  WAT     1       2.531   0.596  -2.477        0.000 
 COOR>ATOM      2 H1   WAT     1       2.620   1.540  -2.609        0.000 
 CNSsolve>      do (segid=W000) (segid "    ") 
 Assuming literal string "W000"
 SELRPN:    648 atoms have been selected out of   3542
 CNSsolve>      coor sele=(segid W000) translate vector = ($xtrans $ytrans $ztrans) end 
 SELRPN:    648 atoms have been selected out of   3542
 COOR: using atom subset.
 COOR: translation vector =(   -16.678000   -0.023000    6.070000 )
 COOR: selected coordinates translated
 CNSsolve> 
 CNSsolve>      ! all new water oxygens 
 CNSsolve>      ident (store1) (segid W000 and name oh2) 
 SELRPN:    216 atoms have been selected out of   3542
 CNSsolve>      ! all new water oxygens close to a protein heavy atom 
 CNSsolve>      ident (store2) (store1 and (not (resn WAT or resn HOH or resn TIP* or resn ANI or resn DAN or resn XAN or resn DUM or resn SHA or hydro)) around $pw_dist) 
 SELRPN:     82 atoms have been selected out of   3542
 CNSsolve>      ! all new water oxygens close to old water oxygens 
 CNSsolve>      ident (store3) (store1 and (segid wat# and not hydro) around $water_diam) 
 SELRPN:      0 atoms have been selected out of   3542
 CNSsolve>      ! all new water oxygens further than thickness away from a protein heavy atom 
 CNSsolve>      ident (store4) (store1 and not (not (resn WAT or resn HOH or resn TIP* or resn ANI or resn DAN or resn XAN or resn DUM or resn SHA or hydro)) around $thickness) 
 SELRPN:     17 atoms have been selected out of   3542
 CNSsolve>      delete sele= (byres (store2 or store3 or store4)) end 
 SELRPN:    297 atoms have been selected out of   3542
 Status of internal molecular topology database:
 -> NATOM=       3245(MAXA=     1000000)  NBOND=       2829(MAXB=     1000000)
 -> NTHETA=      3708(MAXT=     2000000)  NGRP=        1060(MAXGRP=   1000000)
 -> NPHI=          22(MAXP=     2000000)  NIMPHI=      1110(MAXIMP=   1000000)
 -> NNB=          150(MAXNB=    1000000) 
 CNSsolve> 
 CNSsolve> 
 CNSsolve>      ! give waters unique segid name 
 CNSsolve>      eval ($segid= "W" 
 Expression=             + encode($xcount) + encode($ycount) + encode($zcount)) 
 EVALUATE: symbol $SEGID set to "W222" (string)
 CNSsolve>      do (segid = $segid) (segid W000) 
 SELRPN:    351 atoms have been selected out of   3245
 CNSsolve> 
 CNSsolve>    end loop wat3 
 CNSsolve>    while ($ztrans < $zmtran) loop wat3 
 NEXTCD: condition evaluated as true
 CNSsolve>      eval ($zcount=$zcount+1) 
 EVALUATE: symbol $ZCOUNT set to    3.00000     (real)
 CNSsolve>      eval ($ztrans = $ztrans + $boxlength) 
 EVALUATE: symbol $ZTRANS set to    24.9260     (real)
 CNSsolve> 
 CNSsolve> 
 CNSsolve>      segment 
 SEGMENT>        name="    " 
 SEGMENT>        chain 
 CHAIN>          coordinates @@RUN:protocols/boxtyp20.pdb 
 ASSFIL: file boxtyp20.pdb opened.
 COOR>REMARKS *****  CHARMM water box from Charlie Brooks. ******** 
 COOR>REMARKS * This is a box of 216 3-site water molecules in the experimental 
 COOR>REMARKS * geometry.  It was constructed from an equilibrated 
 COOR>REMARKS * configuration of TIP3P (3-site water model of Jorgenson) 
 COOR>REMARKS * waters at 1 atm pressure and a density of 0.0334 molecules/A**-3. 
 COOR>REMARKS * The box edgelength is 18.856 A.  The minimum image periodic 
 COOR>REMARKS * boundary energy for this configuration using the TIP3P 
 COOR>REMARKS * potentials is -2150.6833 kcal/mol. 
 COOR>REMARKS 
 COOR>ATOM      1 OH2  WAT     1       2.531   0.596  -2.477        0.000 
 SEGMNT-info: chain termination due to END keyword.   216 residues were inserted into segid "    "
 CHAIN>        end 
 SEGMENT>      end 
 Status of internal molecular topology database:
 -> NATOM=       3893(MAXA=     1000000)  NBOND=       3261(MAXB=     1000000)
 -> NTHETA=      3924(MAXT=     2000000)  NGRP=        1276(MAXGRP=   1000000)
 -> NPHI=          22(MAXP=     2000000)  NIMPHI=      1110(MAXIMP=   1000000)
 -> NNB=          150(MAXNB=    1000000) 
 CNSsolve>      coor @@RUN:protocols/boxtyp20.pdb 
 ASSFIL: file boxtyp20.pdb opened.
 COOR>REMARKS *****  CHARMM water box from Charlie Brooks. ******** 
 COOR>REMARKS * This is a box of 216 3-site water molecules in the experimental 
 COOR>REMARKS * geometry.  It was constructed from an equilibrated 
 COOR>REMARKS * configuration of TIP3P (3-site water model of Jorgenson) 
 COOR>REMARKS * waters at 1 atm pressure and a density of 0.0334 molecules/A**-3. 
 COOR>REMARKS * The box edgelength is 18.856 A.  The minimum image periodic 
 COOR>REMARKS * boundary energy for this configuration using the TIP3P 
 COOR>REMARKS * potentials is -2150.6833 kcal/mol. 
 COOR>REMARKS 
 COOR>ATOM      1 OH2  WAT     1       2.531   0.596  -2.477        0.000 
 COOR>ATOM      2 H1   WAT     1       2.620   1.540  -2.609        0.000 
 CNSsolve>      do (segid=W000) (segid "    ") 
 Assuming literal string "W000"
 SELRPN:    648 atoms have been selected out of   3893
 CNSsolve>      coor sele=(segid W000) translate vector = ($xtrans $ytrans $ztrans) end 
 SELRPN:    648 atoms have been selected out of   3893
 COOR: using atom subset.
 COOR: translation vector =(   -16.678000   -0.023000   24.926000 )
 COOR: selected coordinates translated
 CNSsolve> 
 CNSsolve>      ! all new water oxygens 
 CNSsolve>      ident (store1) (segid W000 and name oh2) 
 SELRPN:    216 atoms have been selected out of   3893
 CNSsolve>      ! all new water oxygens close to a protein heavy atom 
 CNSsolve>      ident (store2) (store1 and (not (resn WAT or resn HOH or resn TIP* or resn ANI or resn DAN or resn XAN or resn DUM or resn SHA or hydro)) around $pw_dist) 
 SELRPN:      0 atoms have been selected out of   3893
 CNSsolve>      ! all new water oxygens close to old water oxygens 
 CNSsolve>      ident (store3) (store1 and (segid wat# and not hydro) around $water_diam) 
 SELRPN:      0 atoms have been selected out of   3893
 CNSsolve>      ! all new water oxygens further than thickness away from a protein heavy atom 
 CNSsolve>      ident (store4) (store1 and not (not (resn WAT or resn HOH or resn TIP* or resn ANI or resn DAN or resn XAN or resn DUM or resn SHA or hydro)) around $thickness) 
 SELRPN:    201 atoms have been selected out of   3893
 CNSsolve>      delete sele= (byres (store2 or store3 or store4)) end 
 SELRPN:    603 atoms have been selected out of   3893
 Status of internal molecular topology database:
 -> NATOM=       3290(MAXA=     1000000)  NBOND=       2859(MAXB=     1000000)
 -> NTHETA=      3723(MAXT=     2000000)  NGRP=        1075(MAXGRP=   1000000)
 -> NPHI=          22(MAXP=     2000000)  NIMPHI=      1110(MAXIMP=   1000000)
 -> NNB=          150(MAXNB=    1000000) 
 CNSsolve> 
 CNSsolve> 
 CNSsolve>      ! give waters unique segid name 
 CNSsolve>      eval ($segid= "W" 
 Expression=             + encode($xcount) + encode($ycount) + encode($zcount)) 
 EVALUATE: symbol $SEGID set to "W223" (string)
 CNSsolve>      do (segid = $segid) (segid W000) 
 SELRPN:     45 atoms have been selected out of   3290
 CNSsolve> 
 CNSsolve>    end loop wat3 
 CNSsolve>    while ($ztrans < $zmtran) loop wat3 
 NEXTCD: condition evaluated as false
 CNSsolve>      eval ($zcount=$zcount+1) 
 CNSsolve>      eval ($ztrans = $ztrans + $boxlength) 
 CNSsolve> 
 CNSsolve> 
 CNSsolve>      segment 
 CNSsolve>        name="    " 
 CNSsolve>        chain 
 CNSsolve>          coordinates @@RUN:protocols/boxtyp20.pdb 
 CNSsolve>        end 
 CNSsolve>      end 
 CNSsolve>      coor @@RUN:protocols/boxtyp20.pdb 
 CNSsolve>      do (segid=W000) (segid "    ") 
 CNSsolve>      coor sele=(segid W000) translate vector = ($xtrans $ytrans $ztrans) end 
 CNSsolve> 
 CNSsolve>      ! all new water oxygens 
 CNSsolve>      ident (store1) (segid W000 and name oh2) 
 CNSsolve>      ! all new water oxygens close to a protein heavy atom 
 CNSsolve>      ident (store2) (store1 and (not (resn WAT or resn HOH or resn TIP* or resn ANI or resn DAN or resn XAN or resn DUM or resn SHA or hydro)) around $pw_dist) 
 CNSsolve>      ! all new water oxygens close to old water oxygens 
 CNSsolve>      ident (store3) (store1 and (segid wat# and not hydro) around $water_diam) 
 CNSsolve>      ! all new water oxygens further than thickness away from a protein heavy atom 
 CNSsolve>      ident (store4) (store1 and not (not (resn WAT or resn HOH or resn TIP* or resn ANI or resn DAN or resn XAN or resn DUM or resn SHA or hydro)) around $thickness) 
 CNSsolve>      delete sele= (byres (store2 or store3 or store4)) end 
 CNSsolve> 
 CNSsolve> 
 CNSsolve>      ! give waters unique segid name 
 CNSsolve>      eval ($segid= "W" 
 CNSsolve>             + encode($xcount) + encode($ycount) + encode($zcount)) 
 CNSsolve>      do (segid = $segid) (segid W000) 
 CNSsolve> 
 CNSsolve>    end loop wat3 
 CNSsolve>  end loop wat2 
 CNSsolve>  while ($ytrans < $ymtran) loop wat2 
 NEXTCD: condition evaluated as true
 CNSsolve>    eval ($ycount=$ycount+1) 
 EVALUATE: symbol $YCOUNT set to    3.00000     (real)
 CNSsolve>    eval ($ytrans = $ytrans + $boxlength) 
 EVALUATE: symbol $YTRANS set to    18.8330     (real)
 CNSsolve> 
 CNSsolve>    eval ($zcount=0) 
 EVALUATE: symbol $ZCOUNT set to    0.00000     (real)
 CNSsolve>    eval ($ztrans = $zmin - $thickness - $water_diam - $boxlength/2 ) 
 EVALUATE: symbol $ZTRANS set to   -31.6420     (real)
 CNSsolve>    while ($ztrans < $zmtran) loop wat3 
 NEXTCD: condition evaluated as true
 CNSsolve>      eval ($zcount=$zcount+1) 
 EVALUATE: symbol $ZCOUNT set to    1.00000     (real)
 CNSsolve>      eval ($ztrans = $ztrans + $boxlength) 
 EVALUATE: symbol $ZTRANS set to   -12.7860     (real)
 CNSsolve> 
 CNSsolve> 
 CNSsolve>      segment 
 SEGMENT>        name="    " 
 SEGMENT>        chain 
 CHAIN>          coordinates @@RUN:protocols/boxtyp20.pdb 
 ASSFIL: file boxtyp20.pdb opened.
 COOR>REMARKS *****  CHARMM water box from Charlie Brooks. ******** 
 COOR>REMARKS * This is a box of 216 3-site water molecules in the experimental 
 COOR>REMARKS * geometry.  It was constructed from an equilibrated 
 COOR>REMARKS * configuration of TIP3P (3-site water model of Jorgenson) 
 COOR>REMARKS * waters at 1 atm pressure and a density of 0.0334 molecules/A**-3. 
 COOR>REMARKS * The box edgelength is 18.856 A.  The minimum image periodic 
 COOR>REMARKS * boundary energy for this configuration using the TIP3P 
 COOR>REMARKS * potentials is -2150.6833 kcal/mol. 
 COOR>REMARKS 
 COOR>ATOM      1 OH2  WAT     1       2.531   0.596  -2.477        0.000 
 SEGMNT-info: chain termination due to END keyword.   216 residues were inserted into segid "    "
 CHAIN>        end 
 SEGMENT>      end 
 Status of internal molecular topology database:
 -> NATOM=       3938(MAXA=     1000000)  NBOND=       3291(MAXB=     1000000)
 -> NTHETA=      3939(MAXT=     2000000)  NGRP=        1291(MAXGRP=   1000000)
 -> NPHI=          22(MAXP=     2000000)  NIMPHI=      1110(MAXIMP=   1000000)
 -> NNB=          150(MAXNB=    1000000) 
 CNSsolve>      coor @@RUN:protocols/boxtyp20.pdb 
 ASSFIL: file boxtyp20.pdb opened.
 COOR>REMARKS *****  CHARMM water box from Charlie Brooks. ******** 
 COOR>REMARKS * This is a box of 216 3-site water molecules in the experimental 
 COOR>REMARKS * geometry.  It was constructed from an equilibrated 
 COOR>REMARKS * configuration of TIP3P (3-site water model of Jorgenson) 
 COOR>REMARKS * waters at 1 atm pressure and a density of 0.0334 molecules/A**-3. 
 COOR>REMARKS * The box edgelength is 18.856 A.  The minimum image periodic 
 COOR>REMARKS * boundary energy for this configuration using the TIP3P 
 COOR>REMARKS * potentials is -2150.6833 kcal/mol. 
 COOR>REMARKS 
 COOR>ATOM      1 OH2  WAT     1       2.531   0.596  -2.477        0.000 
 COOR>ATOM      2 H1   WAT     1       2.620   1.540  -2.609        0.000 
 CNSsolve>      do (segid=W000) (segid "    ") 
 Assuming literal string "W000"
 SELRPN:    648 atoms have been selected out of   3938
 CNSsolve>      coor sele=(segid W000) translate vector = ($xtrans $ytrans $ztrans) end 
 SELRPN:    648 atoms have been selected out of   3938
 COOR: using atom subset.
 COOR: translation vector =(   -16.678000   18.833000  -12.786000 )
 COOR: selected coordinates translated
 CNSsolve> 
 CNSsolve>      ! all new water oxygens 
 CNSsolve>      ident (store1) (segid W000 and name oh2) 
 SELRPN:    216 atoms have been selected out of   3938
 CNSsolve>      ! all new water oxygens close to a protein heavy atom 
 CNSsolve>      ident (store2) (store1 and (not (resn WAT or resn HOH or resn TIP* or resn ANI or resn DAN or resn XAN or resn DUM or resn SHA or hydro)) around $pw_dist) 
 SELRPN:      0 atoms have been selected out of   3938
 CNSsolve>      ! all new water oxygens close to old water oxygens 
 CNSsolve>      ident (store3) (store1 and (segid wat# and not hydro) around $water_diam) 
 SELRPN:      0 atoms have been selected out of   3938
 CNSsolve>      ! all new water oxygens further than thickness away from a protein heavy atom 
 CNSsolve>      ident (store4) (store1 and not (not (resn WAT or resn HOH or resn TIP* or resn ANI or resn DAN or resn XAN or resn DUM or resn SHA or hydro)) around $thickness) 
 SELRPN:    188 atoms have been selected out of   3938
 CNSsolve>      delete sele= (byres (store2 or store3 or store4)) end 
 SELRPN:    564 atoms have been selected out of   3938
 Status of internal molecular topology database:
 -> NATOM=       3374(MAXA=     1000000)  NBOND=       2915(MAXB=     1000000)
 -> NTHETA=      3751(MAXT=     2000000)  NGRP=        1103(MAXGRP=   1000000)
 -> NPHI=          22(MAXP=     2000000)  NIMPHI=      1110(MAXIMP=   1000000)
 -> NNB=          150(MAXNB=    1000000) 
 CNSsolve> 
 CNSsolve> 
 CNSsolve>      ! give waters unique segid name 
 CNSsolve>      eval ($segid= "W" 
 Expression=             + encode($xcount) + encode($ycount) + encode($zcount)) 
 EVALUATE: symbol $SEGID set to "W231" (string)
 CNSsolve>      do (segid = $segid) (segid W000) 
 SELRPN:     84 atoms have been selected out of   3374
 CNSsolve> 
 CNSsolve>    end loop wat3 
 CNSsolve>    while ($ztrans < $zmtran) loop wat3 
 NEXTCD: condition evaluated as true
 CNSsolve>      eval ($zcount=$zcount+1) 
 EVALUATE: symbol $ZCOUNT set to    2.00000     (real)
 CNSsolve>      eval ($ztrans = $ztrans + $boxlength) 
 EVALUATE: symbol $ZTRANS set to    6.07000     (real)
 CNSsolve> 
 CNSsolve> 
 CNSsolve>      segment 
 SEGMENT>        name="    " 
 SEGMENT>        chain 
 CHAIN>          coordinates @@RUN:protocols/boxtyp20.pdb 
 ASSFIL: file boxtyp20.pdb opened.
 COOR>REMARKS *****  CHARMM water box from Charlie Brooks. ******** 
 COOR>REMARKS * This is a box of 216 3-site water molecules in the experimental 
 COOR>REMARKS * geometry.  It was constructed from an equilibrated 
 COOR>REMARKS * configuration of TIP3P (3-site water model of Jorgenson) 
 COOR>REMARKS * waters at 1 atm pressure and a density of 0.0334 molecules/A**-3. 
 COOR>REMARKS * The box edgelength is 18.856 A.  The minimum image periodic 
 COOR>REMARKS * boundary energy for this configuration using the TIP3P 
 COOR>REMARKS * potentials is -2150.6833 kcal/mol. 
 COOR>REMARKS 
 COOR>ATOM      1 OH2  WAT     1       2.531   0.596  -2.477        0.000 
 SEGMNT-info: chain termination due to END keyword.   216 residues were inserted into segid "    "
 CHAIN>        end 
 SEGMENT>      end 
 Status of internal molecular topology database:
 -> NATOM=       4022(MAXA=     1000000)  NBOND=       3347(MAXB=     1000000)
 -> NTHETA=      3967(MAXT=     2000000)  NGRP=        1319(MAXGRP=   1000000)
 -> NPHI=          22(MAXP=     2000000)  NIMPHI=      1110(MAXIMP=   1000000)
 -> NNB=          150(MAXNB=    1000000) 
 CNSsolve>      coor @@RUN:protocols/boxtyp20.pdb 
 ASSFIL: file boxtyp20.pdb opened.
 COOR>REMARKS *****  CHARMM water box from Charlie Brooks. ******** 
 COOR>REMARKS * This is a box of 216 3-site water molecules in the experimental 
 COOR>REMARKS * geometry.  It was constructed from an equilibrated 
 COOR>REMARKS * configuration of TIP3P (3-site water model of Jorgenson) 
 COOR>REMARKS * waters at 1 atm pressure and a density of 0.0334 molecules/A**-3. 
 COOR>REMARKS * The box edgelength is 18.856 A.  The minimum image periodic 
 COOR>REMARKS * boundary energy for this configuration using the TIP3P 
 COOR>REMARKS * potentials is -2150.6833 kcal/mol. 
 COOR>REMARKS 
 COOR>ATOM      1 OH2  WAT     1       2.531   0.596  -2.477        0.000 
 COOR>ATOM      2 H1   WAT     1       2.620   1.540  -2.609        0.000 
 CNSsolve>      do (segid=W000) (segid "    ") 
 Assuming literal string "W000"
 SELRPN:    648 atoms have been selected out of   4022
 CNSsolve>      coor sele=(segid W000) translate vector = ($xtrans $ytrans $ztrans) end 
 SELRPN:    648 atoms have been selected out of   4022
 COOR: using atom subset.
 COOR: translation vector =(   -16.678000   18.833000    6.070000 )
 COOR: selected coordinates translated
 CNSsolve> 
 CNSsolve>      ! all new water oxygens 
 CNSsolve>      ident (store1) (segid W000 and name oh2) 
 SELRPN:    216 atoms have been selected out of   4022
 CNSsolve>      ! all new water oxygens close to a protein heavy atom 
 CNSsolve>      ident (store2) (store1 and (not (resn WAT or resn HOH or resn TIP* or resn ANI or resn DAN or resn XAN or resn DUM or resn SHA or hydro)) around $pw_dist) 
 SELRPN:      0 atoms have been selected out of   4022
 CNSsolve>      ! all new water oxygens close to old water oxygens 
 CNSsolve>      ident (store3) (store1 and (segid wat# and not hydro) around $water_diam) 
 SELRPN:      0 atoms have been selected out of   4022
 CNSsolve>      ! all new water oxygens further than thickness away from a protein heavy atom 
 CNSsolve>      ident (store4) (store1 and not (not (resn WAT or resn HOH or resn TIP* or resn ANI or resn DAN or resn XAN or resn DUM or resn SHA or hydro)) around $thickness) 
 SELRPN:    179 atoms have been selected out of   4022
 CNSsolve>      delete sele= (byres (store2 or store3 or store4)) end 
 SELRPN:    537 atoms have been selected out of   4022
 Status of internal molecular topology database:
 -> NATOM=       3485(MAXA=     1000000)  NBOND=       2989(MAXB=     1000000)
 -> NTHETA=      3788(MAXT=     2000000)  NGRP=        1140(MAXGRP=   1000000)
 -> NPHI=          22(MAXP=     2000000)  NIMPHI=      1110(MAXIMP=   1000000)
 -> NNB=          150(MAXNB=    1000000) 
 CNSsolve> 
 CNSsolve> 
 CNSsolve>      ! give waters unique segid name 
 CNSsolve>      eval ($segid= "W" 
 Expression=             + encode($xcount) + encode($ycount) + encode($zcount)) 
 EVALUATE: symbol $SEGID set to "W232" (string)
 CNSsolve>      do (segid = $segid) (segid W000) 
 SELRPN:    111 atoms have been selected out of   3485
 CNSsolve> 
 CNSsolve>    end loop wat3 
 CNSsolve>    while ($ztrans < $zmtran) loop wat3 
 NEXTCD: condition evaluated as true
 CNSsolve>      eval ($zcount=$zcount+1) 
 EVALUATE: symbol $ZCOUNT set to    3.00000     (real)
 CNSsolve>      eval ($ztrans = $ztrans + $boxlength) 
 EVALUATE: symbol $ZTRANS set to    24.9260     (real)
 CNSsolve> 
 CNSsolve> 
 CNSsolve>      segment 
 SEGMENT>        name="    " 
 SEGMENT>        chain 
 CHAIN>          coordinates @@RUN:protocols/boxtyp20.pdb 
 ASSFIL: file boxtyp20.pdb opened.
 COOR>REMARKS *****  CHARMM water box from Charlie Brooks. ******** 
 COOR>REMARKS * This is a box of 216 3-site water molecules in the experimental 
 COOR>REMARKS * geometry.  It was constructed from an equilibrated 
 COOR>REMARKS * configuration of TIP3P (3-site water model of Jorgenson) 
 COOR>REMARKS * waters at 1 atm pressure and a density of 0.0334 molecules/A**-3. 
 COOR>REMARKS * The box edgelength is 18.856 A.  The minimum image periodic 
 COOR>REMARKS * boundary energy for this configuration using the TIP3P 
 COOR>REMARKS * potentials is -2150.6833 kcal/mol. 
 COOR>REMARKS 
 COOR>ATOM      1 OH2  WAT     1       2.531   0.596  -2.477        0.000 
 SEGMNT-info: chain termination due to END keyword.   216 residues were inserted into segid "    "
 CHAIN>        end 
 SEGMENT>      end 
 Status of internal molecular topology database:
 -> NATOM=       4133(MAXA=     1000000)  NBOND=       3421(MAXB=     1000000)
 -> NTHETA=      4004(MAXT=     2000000)  NGRP=        1356(MAXGRP=   1000000)
 -> NPHI=          22(MAXP=     2000000)  NIMPHI=      1110(MAXIMP=   1000000)
 -> NNB=          150(MAXNB=    1000000) 
 CNSsolve>      coor @@RUN:protocols/boxtyp20.pdb 
 ASSFIL: file boxtyp20.pdb opened.
 COOR>REMARKS *****  CHARMM water box from Charlie Brooks. ******** 
 COOR>REMARKS * This is a box of 216 3-site water molecules in the experimental 
 COOR>REMARKS * geometry.  It was constructed from an equilibrated 
 COOR>REMARKS * configuration of TIP3P (3-site water model of Jorgenson) 
 COOR>REMARKS * waters at 1 atm pressure and a density of 0.0334 molecules/A**-3. 
 COOR>REMARKS * The box edgelength is 18.856 A.  The minimum image periodic 
 COOR>REMARKS * boundary energy for this configuration using the TIP3P 
 COOR>REMARKS * potentials is -2150.6833 kcal/mol. 
 COOR>REMARKS 
 COOR>ATOM      1 OH2  WAT     1       2.531   0.596  -2.477        0.000 
 COOR>ATOM      2 H1   WAT     1       2.620   1.540  -2.609        0.000 
 CNSsolve>      do (segid=W000) (segid "    ") 
 Assuming literal string "W000"
 SELRPN:    648 atoms have been selected out of   4133
 CNSsolve>      coor sele=(segid W000) translate vector = ($xtrans $ytrans $ztrans) end 
 SELRPN:    648 atoms have been selected out of   4133
 COOR: using atom subset.
 COOR: translation vector =(   -16.678000   18.833000   24.926000 )
 COOR: selected coordinates translated
 CNSsolve> 
 CNSsolve>      ! all new water oxygens 
 CNSsolve>      ident (store1) (segid W000 and name oh2) 
 SELRPN:    216 atoms have been selected out of   4133
 CNSsolve>      ! all new water oxygens close to a protein heavy atom 
 CNSsolve>      ident (store2) (store1 and (not (resn WAT or resn HOH or resn TIP* or resn ANI or resn DAN or resn XAN or resn DUM or resn SHA or hydro)) around $pw_dist) 
 SELRPN:      0 atoms have been selected out of   4133
 CNSsolve>      ! all new water oxygens close to old water oxygens 
 CNSsolve>      ident (store3) (store1 and (segid wat# and not hydro) around $water_diam) 
 SELRPN:      0 atoms have been selected out of   4133
 CNSsolve>      ! all new water oxygens further than thickness away from a protein heavy atom 
 CNSsolve>      ident (store4) (store1 and not (not (resn WAT or resn HOH or resn TIP* or resn ANI or resn DAN or resn XAN or resn DUM or resn SHA or hydro)) around $thickness) 
 SELRPN:    216 atoms have been selected out of   4133
 CNSsolve>      delete sele= (byres (store2 or store3 or store4)) end 
 SELRPN:    648 atoms have been selected out of   4133
 Status of internal molecular topology database:
 -> NATOM=       3485(MAXA=     1000000)  NBOND=       2989(MAXB=     1000000)
 -> NTHETA=      3788(MAXT=     2000000)  NGRP=        1140(MAXGRP=   1000000)
 -> NPHI=          22(MAXP=     2000000)  NIMPHI=      1110(MAXIMP=   1000000)
 -> NNB=          150(MAXNB=    1000000) 
 CNSsolve> 
 CNSsolve> 
 CNSsolve>      ! give waters unique segid name 
 CNSsolve>      eval ($segid= "W" 
 Expression=             + encode($xcount) + encode($ycount) + encode($zcount)) 
 EVALUATE: symbol $SEGID set to "W233" (string)
 CNSsolve>      do (segid = $segid) (segid W000) 
 SELRPN:      0 atoms have been selected out of   3485
 CNSsolve> 
 CNSsolve>    end loop wat3 
 CNSsolve>    while ($ztrans < $zmtran) loop wat3 
 NEXTCD: condition evaluated as false
 CNSsolve>      eval ($zcount=$zcount+1) 
 CNSsolve>      eval ($ztrans = $ztrans + $boxlength) 
 CNSsolve> 
 CNSsolve> 
 CNSsolve>      segment 
 CNSsolve>        name="    " 
 CNSsolve>        chain 
 CNSsolve>          coordinates @@RUN:protocols/boxtyp20.pdb 
 CNSsolve>        end 
 CNSsolve>      end 
 CNSsolve>      coor @@RUN:protocols/boxtyp20.pdb 
 CNSsolve>      do (segid=W000) (segid "    ") 
 CNSsolve>      coor sele=(segid W000) translate vector = ($xtrans $ytrans $ztrans) end 
 CNSsolve> 
 CNSsolve>      ! all new water oxygens 
 CNSsolve>      ident (store1) (segid W000 and name oh2) 
 CNSsolve>      ! all new water oxygens close to a protein heavy atom 
 CNSsolve>      ident (store2) (store1 and (not (resn WAT or resn HOH or resn TIP* or resn ANI or resn DAN or resn XAN or resn DUM or resn SHA or hydro)) around $pw_dist) 
 CNSsolve>      ! all new water oxygens close to old water oxygens 
 CNSsolve>      ident (store3) (store1 and (segid wat# and not hydro) around $water_diam) 
 CNSsolve>      ! all new water oxygens further than thickness away from a protein heavy atom 
 CNSsolve>      ident (store4) (store1 and not (not (resn WAT or resn HOH or resn TIP* or resn ANI or resn DAN or resn XAN or resn DUM or resn SHA or hydro)) around $thickness) 
 CNSsolve>      delete sele= (byres (store2 or store3 or store4)) end 
 CNSsolve> 
 CNSsolve> 
 CNSsolve>      ! give waters unique segid name 
 CNSsolve>      eval ($segid= "W" 
 CNSsolve>             + encode($xcount) + encode($ycount) + encode($zcount)) 
 CNSsolve>      do (segid = $segid) (segid W000) 
 CNSsolve> 
 CNSsolve>    end loop wat3 
 CNSsolve>  end loop wat2 
 CNSsolve>  while ($ytrans < $ymtran) loop wat2 
 NEXTCD: condition evaluated as true
 CNSsolve>    eval ($ycount=$ycount+1) 
 EVALUATE: symbol $YCOUNT set to    4.00000     (real)
 CNSsolve>    eval ($ytrans = $ytrans + $boxlength) 
 EVALUATE: symbol $YTRANS set to    37.6890     (real)
 CNSsolve> 
 CNSsolve>    eval ($zcount=0) 
 EVALUATE: symbol $ZCOUNT set to    0.00000     (real)
 CNSsolve>    eval ($ztrans = $zmin - $thickness - $water_diam - $boxlength/2 ) 
 EVALUATE: symbol $ZTRANS set to   -31.6420     (real)
 CNSsolve>    while ($ztrans < $zmtran) loop wat3 
 NEXTCD: condition evaluated as true
 CNSsolve>      eval ($zcount=$zcount+1) 
 EVALUATE: symbol $ZCOUNT set to    1.00000     (real)
 CNSsolve>      eval ($ztrans = $ztrans + $boxlength) 
 EVALUATE: symbol $ZTRANS set to   -12.7860     (real)
 CNSsolve> 
 CNSsolve> 
 CNSsolve>      segment 
 SEGMENT>        name="    " 
 SEGMENT>        chain 
 CHAIN>          coordinates @@RUN:protocols/boxtyp20.pdb 
 ASSFIL: file boxtyp20.pdb opened.
 COOR>REMARKS *****  CHARMM water box from Charlie Brooks. ******** 
 COOR>REMARKS * This is a box of 216 3-site water molecules in the experimental 
 COOR>REMARKS * geometry.  It was constructed from an equilibrated 
 COOR>REMARKS * configuration of TIP3P (3-site water model of Jorgenson) 
 COOR>REMARKS * waters at 1 atm pressure and a density of 0.0334 molecules/A**-3. 
 COOR>REMARKS * The box edgelength is 18.856 A.  The minimum image periodic 
 COOR>REMARKS * boundary energy for this configuration using the TIP3P 
 COOR>REMARKS * potentials is -2150.6833 kcal/mol. 
 COOR>REMARKS 
 COOR>ATOM      1 OH2  WAT     1       2.531   0.596  -2.477        0.000 
 SEGMNT-info: chain termination due to END keyword.   216 residues were inserted into segid "    "
 CHAIN>        end 
 SEGMENT>      end 
 Status of internal molecular topology database:
 -> NATOM=       4133(MAXA=     1000000)  NBOND=       3421(MAXB=     1000000)
 -> NTHETA=      4004(MAXT=     2000000)  NGRP=        1356(MAXGRP=   1000000)
 -> NPHI=          22(MAXP=     2000000)  NIMPHI=      1110(MAXIMP=   1000000)
 -> NNB=          150(MAXNB=    1000000) 
 CNSsolve>      coor @@RUN:protocols/boxtyp20.pdb 
 ASSFIL: file boxtyp20.pdb opened.
 COOR>REMARKS *****  CHARMM water box from Charlie Brooks. ******** 
 COOR>REMARKS * This is a box of 216 3-site water molecules in the experimental 
 COOR>REMARKS * geometry.  It was constructed from an equilibrated 
 COOR>REMARKS * configuration of TIP3P (3-site water model of Jorgenson) 
 COOR>REMARKS * waters at 1 atm pressure and a density of 0.0334 molecules/A**-3. 
 COOR>REMARKS * The box edgelength is 18.856 A.  The minimum image periodic 
 COOR>REMARKS * boundary energy for this configuration using the TIP3P 
 COOR>REMARKS * potentials is -2150.6833 kcal/mol. 
 COOR>REMARKS 
 COOR>ATOM      1 OH2  WAT     1       2.531   0.596  -2.477        0.000 
 COOR>ATOM      2 H1   WAT     1       2.620   1.540  -2.609        0.000 
 CNSsolve>      do (segid=W000) (segid "    ") 
 Assuming literal string "W000"
 SELRPN:    648 atoms have been selected out of   4133
 CNSsolve>      coor sele=(segid W000) translate vector = ($xtrans $ytrans $ztrans) end 
 SELRPN:    648 atoms have been selected out of   4133
 COOR: using atom subset.
 COOR: translation vector =(   -16.678000   37.689000  -12.786000 )
 COOR: selected coordinates translated
 CNSsolve> 
 CNSsolve>      ! all new water oxygens 
 CNSsolve>      ident (store1) (segid W000 and name oh2) 
 SELRPN:    216 atoms have been selected out of   4133
 CNSsolve>      ! all new water oxygens close to a protein heavy atom 
 CNSsolve>      ident (store2) (store1 and (not (resn WAT or resn HOH or resn TIP* or resn ANI or resn DAN or resn XAN or resn DUM or resn SHA or hydro)) around $pw_dist) 
 SELRPN:      0 atoms have been selected out of   4133
 CNSsolve>      ! all new water oxygens close to old water oxygens 
 CNSsolve>      ident (store3) (store1 and (segid wat# and not hydro) around $water_diam) 
 SELRPN:      0 atoms have been selected out of   4133
 CNSsolve>      ! all new water oxygens further than thickness away from a protein heavy atom 
 CNSsolve>      ident (store4) (store1 and not (not (resn WAT or resn HOH or resn TIP* or resn ANI or resn DAN or resn XAN or resn DUM or resn SHA or hydro)) around $thickness) 
 SELRPN:    216 atoms have been selected out of   4133
 CNSsolve>      delete sele= (byres (store2 or store3 or store4)) end 
 SELRPN:    648 atoms have been selected out of   4133
 Status of internal molecular topology database:
 -> NATOM=       3485(MAXA=     1000000)  NBOND=       2989(MAXB=     1000000)
 -> NTHETA=      3788(MAXT=     2000000)  NGRP=        1140(MAXGRP=   1000000)
 -> NPHI=          22(MAXP=     2000000)  NIMPHI=      1110(MAXIMP=   1000000)
 -> NNB=          150(MAXNB=    1000000) 
 CNSsolve> 
 CNSsolve> 
 CNSsolve>      ! give waters unique segid name 
 CNSsolve>      eval ($segid= "W" 
 Expression=             + encode($xcount) + encode($ycount) + encode($zcount)) 
 EVALUATE: symbol $SEGID set to "W241" (string)
 CNSsolve>      do (segid = $segid) (segid W000) 
 SELRPN:      0 atoms have been selected out of   3485
 CNSsolve> 
 CNSsolve>    end loop wat3 
 CNSsolve>    while ($ztrans < $zmtran) loop wat3 
 NEXTCD: condition evaluated as true
 CNSsolve>      eval ($zcount=$zcount+1) 
 EVALUATE: symbol $ZCOUNT set to    2.00000     (real)
 CNSsolve>      eval ($ztrans = $ztrans + $boxlength) 
 EVALUATE: symbol $ZTRANS set to    6.07000     (real)
 CNSsolve> 
 CNSsolve> 
 CNSsolve>      segment 
 SEGMENT>        name="    " 
 SEGMENT>        chain 
 CHAIN>          coordinates @@RUN:protocols/boxtyp20.pdb 
 ASSFIL: file boxtyp20.pdb opened.
 COOR>REMARKS *****  CHARMM water box from Charlie Brooks. ******** 
 COOR>REMARKS * This is a box of 216 3-site water molecules in the experimental 
 COOR>REMARKS * geometry.  It was constructed from an equilibrated 
 COOR>REMARKS * configuration of TIP3P (3-site water model of Jorgenson) 
 COOR>REMARKS * waters at 1 atm pressure and a density of 0.0334 molecules/A**-3. 
 COOR>REMARKS * The box edgelength is 18.856 A.  The minimum image periodic 
 COOR>REMARKS * boundary energy for this configuration using the TIP3P 
 COOR>REMARKS * potentials is -2150.6833 kcal/mol. 
 COOR>REMARKS 
 COOR>ATOM      1 OH2  WAT     1       2.531   0.596  -2.477        0.000 
 SEGMNT-info: chain termination due to END keyword.   216 residues were inserted into segid "    "
 CHAIN>        end 
 SEGMENT>      end 
 Status of internal molecular topology database:
 -> NATOM=       4133(MAXA=     1000000)  NBOND=       3421(MAXB=     1000000)
 -> NTHETA=      4004(MAXT=     2000000)  NGRP=        1356(MAXGRP=   1000000)
 -> NPHI=          22(MAXP=     2000000)  NIMPHI=      1110(MAXIMP=   1000000)
 -> NNB=          150(MAXNB=    1000000) 
 CNSsolve>      coor @@RUN:protocols/boxtyp20.pdb 
 ASSFIL: file boxtyp20.pdb opened.
 COOR>REMARKS *****  CHARMM water box from Charlie Brooks. ******** 
 COOR>REMARKS * This is a box of 216 3-site water molecules in the experimental 
 COOR>REMARKS * geometry.  It was constructed from an equilibrated 
 COOR>REMARKS * configuration of TIP3P (3-site water model of Jorgenson) 
 COOR>REMARKS * waters at 1 atm pressure and a density of 0.0334 molecules/A**-3. 
 COOR>REMARKS * The box edgelength is 18.856 A.  The minimum image periodic 
 COOR>REMARKS * boundary energy for this configuration using the TIP3P 
 COOR>REMARKS * potentials is -2150.6833 kcal/mol. 
 COOR>REMARKS 
 COOR>ATOM      1 OH2  WAT     1       2.531   0.596  -2.477        0.000 
 COOR>ATOM      2 H1   WAT     1       2.620   1.540  -2.609        0.000 
 CNSsolve>      do (segid=W000) (segid "    ") 
 Assuming literal string "W000"
 SELRPN:    648 atoms have been selected out of   4133
 CNSsolve>      coor sele=(segid W000) translate vector = ($xtrans $ytrans $ztrans) end 
 SELRPN:    648 atoms have been selected out of   4133
 COOR: using atom subset.
 COOR: translation vector =(   -16.678000   37.689000    6.070000 )
 COOR: selected coordinates translated
 CNSsolve> 
 CNSsolve>      ! all new water oxygens 
 CNSsolve>      ident (store1) (segid W000 and name oh2) 
 SELRPN:    216 atoms have been selected out of   4133
 CNSsolve>      ! all new water oxygens close to a protein heavy atom 
 CNSsolve>      ident (store2) (store1 and (not (resn WAT or resn HOH or resn TIP* or resn ANI or resn DAN or resn XAN or resn DUM or resn SHA or hydro)) around $pw_dist) 
 SELRPN:      0 atoms have been selected out of   4133
 CNSsolve>      ! all new water oxygens close to old water oxygens 
 CNSsolve>      ident (store3) (store1 and (segid wat# and not hydro) around $water_diam) 
 SELRPN:      0 atoms have been selected out of   4133
 CNSsolve>      ! all new water oxygens further than thickness away from a protein heavy atom 
 CNSsolve>      ident (store4) (store1 and not (not (resn WAT or resn HOH or resn TIP* or resn ANI or resn DAN or resn XAN or resn DUM or resn SHA or hydro)) around $thickness) 
 SELRPN:    216 atoms have been selected out of   4133
 CNSsolve>      delete sele= (byres (store2 or store3 or store4)) end 
 SELRPN:    648 atoms have been selected out of   4133
 Status of internal molecular topology database:
 -> NATOM=       3485(MAXA=     1000000)  NBOND=       2989(MAXB=     1000000)
 -> NTHETA=      3788(MAXT=     2000000)  NGRP=        1140(MAXGRP=   1000000)
 -> NPHI=          22(MAXP=     2000000)  NIMPHI=      1110(MAXIMP=   1000000)
 -> NNB=          150(MAXNB=    1000000) 
 CNSsolve> 
 CNSsolve> 
 CNSsolve>      ! give waters unique segid name 
 CNSsolve>      eval ($segid= "W" 
 Expression=             + encode($xcount) + encode($ycount) + encode($zcount)) 
 EVALUATE: symbol $SEGID set to "W242" (string)
 CNSsolve>      do (segid = $segid) (segid W000) 
 SELRPN:      0 atoms have been selected out of   3485
 CNSsolve> 
 CNSsolve>    end loop wat3 
 CNSsolve>    while ($ztrans < $zmtran) loop wat3 
 NEXTCD: condition evaluated as true
 CNSsolve>      eval ($zcount=$zcount+1) 
 EVALUATE: symbol $ZCOUNT set to    3.00000     (real)
 CNSsolve>      eval ($ztrans = $ztrans + $boxlength) 
 EVALUATE: symbol $ZTRANS set to    24.9260     (real)
 CNSsolve> 
 CNSsolve> 
 CNSsolve>      segment 
 SEGMENT>        name="    " 
 SEGMENT>        chain 
 CHAIN>          coordinates @@RUN:protocols/boxtyp20.pdb 
 ASSFIL: file boxtyp20.pdb opened.
 COOR>REMARKS *****  CHARMM water box from Charlie Brooks. ******** 
 COOR>REMARKS * This is a box of 216 3-site water molecules in the experimental 
 COOR>REMARKS * geometry.  It was constructed from an equilibrated 
 COOR>REMARKS * configuration of TIP3P (3-site water model of Jorgenson) 
 COOR>REMARKS * waters at 1 atm pressure and a density of 0.0334 molecules/A**-3. 
 COOR>REMARKS * The box edgelength is 18.856 A.  The minimum image periodic 
 COOR>REMARKS * boundary energy for this configuration using the TIP3P 
 COOR>REMARKS * potentials is -2150.6833 kcal/mol. 
 COOR>REMARKS 
 COOR>ATOM      1 OH2  WAT     1       2.531   0.596  -2.477        0.000 
 SEGMNT-info: chain termination due to END keyword.   216 residues were inserted into segid "    "
 CHAIN>        end 
 SEGMENT>      end 
 Status of internal molecular topology database:
 -> NATOM=       4133(MAXA=     1000000)  NBOND=       3421(MAXB=     1000000)
 -> NTHETA=      4004(MAXT=     2000000)  NGRP=        1356(MAXGRP=   1000000)
 -> NPHI=          22(MAXP=     2000000)  NIMPHI=      1110(MAXIMP=   1000000)
 -> NNB=          150(MAXNB=    1000000) 
 CNSsolve>      coor @@RUN:protocols/boxtyp20.pdb 
 ASSFIL: file boxtyp20.pdb opened.
 COOR>REMARKS *****  CHARMM water box from Charlie Brooks. ******** 
 COOR>REMARKS * This is a box of 216 3-site water molecules in the experimental 
 COOR>REMARKS * geometry.  It was constructed from an equilibrated 
 COOR>REMARKS * configuration of TIP3P (3-site water model of Jorgenson) 
 COOR>REMARKS * waters at 1 atm pressure and a density of 0.0334 molecules/A**-3. 
 COOR>REMARKS * The box edgelength is 18.856 A.  The minimum image periodic 
 COOR>REMARKS * boundary energy for this configuration using the TIP3P 
 COOR>REMARKS * potentials is -2150.6833 kcal/mol. 
 COOR>REMARKS 
 COOR>ATOM      1 OH2  WAT     1       2.531   0.596  -2.477        0.000 
 COOR>ATOM      2 H1   WAT     1       2.620   1.540  -2.609        0.000 
 CNSsolve>      do (segid=W000) (segid "    ") 
 Assuming literal string "W000"
 SELRPN:    648 atoms have been selected out of   4133
 CNSsolve>      coor sele=(segid W000) translate vector = ($xtrans $ytrans $ztrans) end 
 SELRPN:    648 atoms have been selected out of   4133
 COOR: using atom subset.
 COOR: translation vector =(   -16.678000   37.689000   24.926000 )
 COOR: selected coordinates translated
 CNSsolve> 
 CNSsolve>      ! all new water oxygens 
 CNSsolve>      ident (store1) (segid W000 and name oh2) 
 SELRPN:    216 atoms have been selected out of   4133
 CNSsolve>      ! all new water oxygens close to a protein heavy atom 
 CNSsolve>      ident (store2) (store1 and (not (resn WAT or resn HOH or resn TIP* or resn ANI or resn DAN or resn XAN or resn DUM or resn SHA or hydro)) around $pw_dist) 
 SELRPN:      0 atoms have been selected out of   4133
 CNSsolve>      ! all new water oxygens close to old water oxygens 
 CNSsolve>      ident (store3) (store1 and (segid wat# and not hydro) around $water_diam) 
 SELRPN:      0 atoms have been selected out of   4133
 CNSsolve>      ! all new water oxygens further than thickness away from a protein heavy atom 
 CNSsolve>      ident (store4) (store1 and not (not (resn WAT or resn HOH or resn TIP* or resn ANI or resn DAN or resn XAN or resn DUM or resn SHA or hydro)) around $thickness) 
 SELRPN:    216 atoms have been selected out of   4133
 CNSsolve>      delete sele= (byres (store2 or store3 or store4)) end 
 SELRPN:    648 atoms have been selected out of   4133
 Status of internal molecular topology database:
 -> NATOM=       3485(MAXA=     1000000)  NBOND=       2989(MAXB=     1000000)
 -> NTHETA=      3788(MAXT=     2000000)  NGRP=        1140(MAXGRP=   1000000)
 -> NPHI=          22(MAXP=     2000000)  NIMPHI=      1110(MAXIMP=   1000000)
 -> NNB=          150(MAXNB=    1000000) 
 CNSsolve> 
 CNSsolve> 
 CNSsolve>      ! give waters unique segid name 
 CNSsolve>      eval ($segid= "W" 
 Expression=             + encode($xcount) + encode($ycount) + encode($zcount)) 
 EVALUATE: symbol $SEGID set to "W243" (string)
 CNSsolve>      do (segid = $segid) (segid W000) 
 SELRPN:      0 atoms have been selected out of   3485
 CNSsolve> 
 CNSsolve>    end loop wat3 
 CNSsolve>    while ($ztrans < $zmtran) loop wat3 
 NEXTCD: condition evaluated as false
 CNSsolve>      eval ($zcount=$zcount+1) 
 CNSsolve>      eval ($ztrans = $ztrans + $boxlength) 
 CNSsolve> 
 CNSsolve> 
 CNSsolve>      segment 
 CNSsolve>        name="    " 
 CNSsolve>        chain 
 CNSsolve>          coordinates @@RUN:protocols/boxtyp20.pdb 
 CNSsolve>        end 
 CNSsolve>      end 
 CNSsolve>      coor @@RUN:protocols/boxtyp20.pdb 
 CNSsolve>      do (segid=W000) (segid "    ") 
 CNSsolve>      coor sele=(segid W000) translate vector = ($xtrans $ytrans $ztrans) end 
 CNSsolve> 
 CNSsolve>      ! all new water oxygens 
 CNSsolve>      ident (store1) (segid W000 and name oh2) 
 CNSsolve>      ! all new water oxygens close to a protein heavy atom 
 CNSsolve>      ident (store2) (store1 and (not (resn WAT or resn HOH or resn TIP* or resn ANI or resn DAN or resn XAN or resn DUM or resn SHA or hydro)) around $pw_dist) 
 CNSsolve>      ! all new water oxygens close to old water oxygens 
 CNSsolve>      ident (store3) (store1 and (segid wat# and not hydro) around $water_diam) 
 CNSsolve>      ! all new water oxygens further than thickness away from a protein heavy atom 
 CNSsolve>      ident (store4) (store1 and not (not (resn WAT or resn HOH or resn TIP* or resn ANI or resn DAN or resn XAN or resn DUM or resn SHA or hydro)) around $thickness) 
 CNSsolve>      delete sele= (byres (store2 or store3 or store4)) end 
 CNSsolve> 
 CNSsolve> 
 CNSsolve>      ! give waters unique segid name 
 CNSsolve>      eval ($segid= "W" 
 CNSsolve>             + encode($xcount) + encode($ycount) + encode($zcount)) 
 CNSsolve>      do (segid = $segid) (segid W000) 
 CNSsolve> 
 CNSsolve>    end loop wat3 
 CNSsolve>  end loop wat2 
 CNSsolve>  while ($ytrans < $ymtran) loop wat2 
 NEXTCD: condition evaluated as false
 CNSsolve>    eval ($ycount=$ycount+1) 
 CNSsolve>    eval ($ytrans = $ytrans + $boxlength) 
 CNSsolve> 
 CNSsolve>    eval ($zcount=0) 
 CNSsolve>    eval ($ztrans = $zmin - $thickness - $water_diam - $boxlength/2 ) 
 CNSsolve>    while ($ztrans < $zmtran) loop wat3 
 CNSsolve>      eval ($zcount=$zcount+1) 
 CNSsolve>      eval ($ztrans = $ztrans + $boxlength) 
 CNSsolve> 
 CNSsolve> 
 CNSsolve>      segment 
 CNSsolve>        name="    " 
 CNSsolve>        chain 
 CNSsolve>          coordinates @@RUN:protocols/boxtyp20.pdb 
 CNSsolve>        end 
 CNSsolve>      end 
 CNSsolve>      coor @@RUN:protocols/boxtyp20.pdb 
 CNSsolve>      do (segid=W000) (segid "    ") 
 CNSsolve>      coor sele=(segid W000) translate vector = ($xtrans $ytrans $ztrans) end 
 CNSsolve> 
 CNSsolve>      ! all new water oxygens 
 CNSsolve>      ident (store1) (segid W000 and name oh2) 
 CNSsolve>      ! all new water oxygens close to a protein heavy atom 
 CNSsolve>      ident (store2) (store1 and (not (resn WAT or resn HOH or resn TIP* or resn ANI or resn DAN or resn XAN or resn DUM or resn SHA or hydro)) around $pw_dist) 
 CNSsolve>      ! all new water oxygens close to old water oxygens 
 CNSsolve>      ident (store3) (store1 and (segid wat# and not hydro) around $water_diam) 
 CNSsolve>      ! all new water oxygens further than thickness away from a protein heavy atom 
 CNSsolve>      ident (store4) (store1 and not (not (resn WAT or resn HOH or resn TIP* or resn ANI or resn DAN or resn XAN or resn DUM or resn SHA or hydro)) around $thickness) 
 CNSsolve>      delete sele= (byres (store2 or store3 or store4)) end 
 CNSsolve> 
 CNSsolve> 
 CNSsolve>      ! give waters unique segid name 
 CNSsolve>      eval ($segid= "W" 
 CNSsolve>             + encode($xcount) + encode($ycount) + encode($zcount)) 
 CNSsolve>      do (segid = $segid) (segid W000) 
 CNSsolve> 
 CNSsolve>    end loop wat3 
 CNSsolve>  end loop wat2 
 CNSsolve>end loop wat1 
 CNSsolve>while ($xtrans < $xmtran) loop wat1 
 NEXTCD: condition evaluated as true
 CNSsolve>  eval ($xcount=$xcount+1) 
 EVALUATE: symbol $XCOUNT set to    3.00000     (real)
 CNSsolve>  eval ($xtrans = $xtrans + $boxlength) 
 EVALUATE: symbol $XTRANS set to    2.17800     (real)
 CNSsolve> 
 CNSsolve>  eval ($ycount=0) 
 EVALUATE: symbol $YCOUNT set to    0.00000     (real)
 CNSsolve>  eval ($ytrans = $ymin - $thickness - $water_diam - $boxlength/2 ) 
 EVALUATE: symbol $YTRANS set to   -37.7350     (real)
 CNSsolve>  while ($ytrans < $ymtran) loop wat2 
 NEXTCD: condition evaluated as true
 CNSsolve>    eval ($ycount=$ycount+1) 
 EVALUATE: symbol $YCOUNT set to    1.00000     (real)
 CNSsolve>    eval ($ytrans = $ytrans + $boxlength) 
 EVALUATE: symbol $YTRANS set to   -18.8790     (real)
 CNSsolve> 
 CNSsolve>    eval ($zcount=0) 
 EVALUATE: symbol $ZCOUNT set to    0.00000     (real)
 CNSsolve>    eval ($ztrans = $zmin - $thickness - $water_diam - $boxlength/2 ) 
 EVALUATE: symbol $ZTRANS set to   -31.6420     (real)
 CNSsolve>    while ($ztrans < $zmtran) loop wat3 
 NEXTCD: condition evaluated as true
 CNSsolve>      eval ($zcount=$zcount+1) 
 EVALUATE: symbol $ZCOUNT set to    1.00000     (real)
 CNSsolve>      eval ($ztrans = $ztrans + $boxlength) 
 EVALUATE: symbol $ZTRANS set to   -12.7860     (real)
 CNSsolve> 
 CNSsolve> 
 CNSsolve>      segment 
 SEGMENT>        name="    " 
 SEGMENT>        chain 
 CHAIN>          coordinates @@RUN:protocols/boxtyp20.pdb 
 ASSFIL: file boxtyp20.pdb opened.
 COOR>REMARKS *****  CHARMM water box from Charlie Brooks. ******** 
 COOR>REMARKS * This is a box of 216 3-site water molecules in the experimental 
 COOR>REMARKS * geometry.  It was constructed from an equilibrated 
 COOR>REMARKS * configuration of TIP3P (3-site water model of Jorgenson) 
 COOR>REMARKS * waters at 1 atm pressure and a density of 0.0334 molecules/A**-3. 
 COOR>REMARKS * The box edgelength is 18.856 A.  The minimum image periodic 
 COOR>REMARKS * boundary energy for this configuration using the TIP3P 
 COOR>REMARKS * potentials is -2150.6833 kcal/mol. 
 COOR>REMARKS 
 COOR>ATOM      1 OH2  WAT     1       2.531   0.596  -2.477        0.000 
 SEGMNT-info: chain termination due to END keyword.   216 residues were inserted into segid "    "
 CHAIN>        end 
 SEGMENT>      end 
 Status of internal molecular topology database:
 -> NATOM=       4133(MAXA=     1000000)  NBOND=       3421(MAXB=     1000000)
 -> NTHETA=      4004(MAXT=     2000000)  NGRP=        1356(MAXGRP=   1000000)
 -> NPHI=          22(MAXP=     2000000)  NIMPHI=      1110(MAXIMP=   1000000)
 -> NNB=          150(MAXNB=    1000000) 
 CNSsolve>      coor @@RUN:protocols/boxtyp20.pdb 
 ASSFIL: file boxtyp20.pdb opened.
 COOR>REMARKS *****  CHARMM water box from Charlie Brooks. ******** 
 COOR>REMARKS * This is a box of 216 3-site water molecules in the experimental 
 COOR>REMARKS * geometry.  It was constructed from an equilibrated 
 COOR>REMARKS * configuration of TIP3P (3-site water model of Jorgenson) 
 COOR>REMARKS * waters at 1 atm pressure and a density of 0.0334 molecules/A**-3. 
 COOR>REMARKS * The box edgelength is 18.856 A.  The minimum image periodic 
 COOR>REMARKS * boundary energy for this configuration using the TIP3P 
 COOR>REMARKS * potentials is -2150.6833 kcal/mol. 
 COOR>REMARKS 
 COOR>ATOM      1 OH2  WAT     1       2.531   0.596  -2.477        0.000 
 COOR>ATOM      2 H1   WAT     1       2.620   1.540  -2.609        0.000 
 CNSsolve>      do (segid=W000) (segid "    ") 
 Assuming literal string "W000"
 SELRPN:    648 atoms have been selected out of   4133
 CNSsolve>      coor sele=(segid W000) translate vector = ($xtrans $ytrans $ztrans) end 
 SELRPN:    648 atoms have been selected out of   4133
 COOR: using atom subset.
 COOR: translation vector =(     2.178000  -18.879000  -12.786000 )
 COOR: selected coordinates translated
 CNSsolve> 
 CNSsolve>      ! all new water oxygens 
 CNSsolve>      ident (store1) (segid W000 and name oh2) 
 SELRPN:    216 atoms have been selected out of   4133
 CNSsolve>      ! all new water oxygens close to a protein heavy atom 
 CNSsolve>      ident (store2) (store1 and (not (resn WAT or resn HOH or resn TIP* or resn ANI or resn DAN or resn XAN or resn DUM or resn SHA or hydro)) around $pw_dist) 
 SELRPN:      9 atoms have been selected out of   4133
 CNSsolve>      ! all new water oxygens close to old water oxygens 
 CNSsolve>      ident (store3) (store1 and (segid wat# and not hydro) around $water_diam) 
 SELRPN:      0 atoms have been selected out of   4133
 CNSsolve>      ! all new water oxygens further than thickness away from a protein heavy atom 
 CNSsolve>      ident (store4) (store1 and not (not (resn WAT or resn HOH or resn TIP* or resn ANI or resn DAN or resn XAN or resn DUM or resn SHA or hydro)) around $thickness) 
 SELRPN:    155 atoms have been selected out of   4133
 CNSsolve>      delete sele= (byres (store2 or store3 or store4)) end 
 SELRPN:    492 atoms have been selected out of   4133
 Status of internal molecular topology database:
 -> NATOM=       3641(MAXA=     1000000)  NBOND=       3093(MAXB=     1000000)
 -> NTHETA=      3840(MAXT=     2000000)  NGRP=        1192(MAXGRP=   1000000)
 -> NPHI=          22(MAXP=     2000000)  NIMPHI=      1110(MAXIMP=   1000000)
 -> NNB=          150(MAXNB=    1000000) 
 CNSsolve> 
 CNSsolve> 
 CNSsolve>      ! give waters unique segid name 
 CNSsolve>      eval ($segid= "W" 
 Expression=             + encode($xcount) + encode($ycount) + encode($zcount)) 
 EVALUATE: symbol $SEGID set to "W311" (string)
 CNSsolve>      do (segid = $segid) (segid W000) 
 SELRPN:    156 atoms have been selected out of   3641
 CNSsolve> 
 CNSsolve>    end loop wat3 
 CNSsolve>    while ($ztrans < $zmtran) loop wat3 
 NEXTCD: condition evaluated as true
 CNSsolve>      eval ($zcount=$zcount+1) 
 EVALUATE: symbol $ZCOUNT set to    2.00000     (real)
 CNSsolve>      eval ($ztrans = $ztrans + $boxlength) 
 EVALUATE: symbol $ZTRANS set to    6.07000     (real)
 CNSsolve> 
 CNSsolve> 
 CNSsolve>      segment 
 SEGMENT>        name="    " 
 SEGMENT>        chain 
 CHAIN>          coordinates @@RUN:protocols/boxtyp20.pdb 
 ASSFIL: file boxtyp20.pdb opened.
 COOR>REMARKS *****  CHARMM water box from Charlie Brooks. ******** 
 COOR>REMARKS * This is a box of 216 3-site water molecules in the experimental 
 COOR>REMARKS * geometry.  It was constructed from an equilibrated 
 COOR>REMARKS * configuration of TIP3P (3-site water model of Jorgenson) 
 COOR>REMARKS * waters at 1 atm pressure and a density of 0.0334 molecules/A**-3. 
 COOR>REMARKS * The box edgelength is 18.856 A.  The minimum image periodic 
 COOR>REMARKS * boundary energy for this configuration using the TIP3P 
 COOR>REMARKS * potentials is -2150.6833 kcal/mol. 
 COOR>REMARKS 
 COOR>ATOM      1 OH2  WAT     1       2.531   0.596  -2.477        0.000 
 SEGMNT-info: chain termination due to END keyword.   216 residues were inserted into segid "    "
 CHAIN>        end 
 SEGMENT>      end 
 Status of internal molecular topology database:
 -> NATOM=       4289(MAXA=     1000000)  NBOND=       3525(MAXB=     1000000)
 -> NTHETA=      4056(MAXT=     2000000)  NGRP=        1408(MAXGRP=   1000000)
 -> NPHI=          22(MAXP=     2000000)  NIMPHI=      1110(MAXIMP=   1000000)
 -> NNB=          150(MAXNB=    1000000) 
 CNSsolve>      coor @@RUN:protocols/boxtyp20.pdb 
 ASSFIL: file boxtyp20.pdb opened.
 COOR>REMARKS *****  CHARMM water box from Charlie Brooks. ******** 
 COOR>REMARKS * This is a box of 216 3-site water molecules in the experimental 
 COOR>REMARKS * geometry.  It was constructed from an equilibrated 
 COOR>REMARKS * configuration of TIP3P (3-site water model of Jorgenson) 
 COOR>REMARKS * waters at 1 atm pressure and a density of 0.0334 molecules/A**-3. 
 COOR>REMARKS * The box edgelength is 18.856 A.  The minimum image periodic 
 COOR>REMARKS * boundary energy for this configuration using the TIP3P 
 COOR>REMARKS * potentials is -2150.6833 kcal/mol. 
 COOR>REMARKS 
 COOR>ATOM      1 OH2  WAT     1       2.531   0.596  -2.477        0.000 
 COOR>ATOM      2 H1   WAT     1       2.620   1.540  -2.609        0.000 
 CNSsolve>      do (segid=W000) (segid "    ") 
 Assuming literal string "W000"
 SELRPN:    648 atoms have been selected out of   4289
 CNSsolve>      coor sele=(segid W000) translate vector = ($xtrans $ytrans $ztrans) end 
 SELRPN:    648 atoms have been selected out of   4289
 COOR: using atom subset.
 COOR: translation vector =(     2.178000  -18.879000    6.070000 )
 COOR: selected coordinates translated
 CNSsolve> 
 CNSsolve>      ! all new water oxygens 
 CNSsolve>      ident (store1) (segid W000 and name oh2) 
 SELRPN:    216 atoms have been selected out of   4289
 CNSsolve>      ! all new water oxygens close to a protein heavy atom 
 CNSsolve>      ident (store2) (store1 and (not (resn WAT or resn HOH or resn TIP* or resn ANI or resn DAN or resn XAN or resn DUM or resn SHA or hydro)) around $pw_dist) 
 SELRPN:     16 atoms have been selected out of   4289
 CNSsolve>      ! all new water oxygens close to old water oxygens 
 CNSsolve>      ident (store3) (store1 and (segid wat# and not hydro) around $water_diam) 
 SELRPN:      0 atoms have been selected out of   4289
 CNSsolve>      ! all new water oxygens further than thickness away from a protein heavy atom 
 CNSsolve>      ident (store4) (store1 and not (not (resn WAT or resn HOH or resn TIP* or resn ANI or resn DAN or resn XAN or resn DUM or resn SHA or hydro)) around $thickness) 
 SELRPN:    111 atoms have been selected out of   4289
 CNSsolve>      delete sele= (byres (store2 or store3 or store4)) end 
 SELRPN:    381 atoms have been selected out of   4289
 Status of internal molecular topology database:
 -> NATOM=       3908(MAXA=     1000000)  NBOND=       3271(MAXB=     1000000)
 -> NTHETA=      3929(MAXT=     2000000)  NGRP=        1281(MAXGRP=   1000000)
 -> NPHI=          22(MAXP=     2000000)  NIMPHI=      1110(MAXIMP=   1000000)
 -> NNB=          150(MAXNB=    1000000) 
 CNSsolve> 
 CNSsolve> 
 CNSsolve>      ! give waters unique segid name 
 CNSsolve>      eval ($segid= "W" 
 Expression=             + encode($xcount) + encode($ycount) + encode($zcount)) 
 EVALUATE: symbol $SEGID set to "W312" (string)
 CNSsolve>      do (segid = $segid) (segid W000) 
 SELRPN:    267 atoms have been selected out of   3908
 CNSsolve> 
 CNSsolve>    end loop wat3 
 CNSsolve>    while ($ztrans < $zmtran) loop wat3 
 NEXTCD: condition evaluated as true
 CNSsolve>      eval ($zcount=$zcount+1) 
 EVALUATE: symbol $ZCOUNT set to    3.00000     (real)
 CNSsolve>      eval ($ztrans = $ztrans + $boxlength) 
 EVALUATE: symbol $ZTRANS set to    24.9260     (real)
 CNSsolve> 
 CNSsolve> 
 CNSsolve>      segment 
 SEGMENT>        name="    " 
 SEGMENT>        chain 
 CHAIN>          coordinates @@RUN:protocols/boxtyp20.pdb 
 ASSFIL: file boxtyp20.pdb opened.
 COOR>REMARKS *****  CHARMM water box from Charlie Brooks. ******** 
 COOR>REMARKS * This is a box of 216 3-site water molecules in the experimental 
 COOR>REMARKS * geometry.  It was constructed from an equilibrated 
 COOR>REMARKS * configuration of TIP3P (3-site water model of Jorgenson) 
 COOR>REMARKS * waters at 1 atm pressure and a density of 0.0334 molecules/A**-3. 
 COOR>REMARKS * The box edgelength is 18.856 A.  The minimum image periodic 
 COOR>REMARKS * boundary energy for this configuration using the TIP3P 
 COOR>REMARKS * potentials is -2150.6833 kcal/mol. 
 COOR>REMARKS 
 COOR>ATOM      1 OH2  WAT     1       2.531   0.596  -2.477        0.000 
 SEGMNT-info: chain termination due to END keyword.   216 residues were inserted into segid "    "
 CHAIN>        end 
 SEGMENT>      end 
 Status of internal molecular topology database:
 -> NATOM=       4556(MAXA=     1000000)  NBOND=       3703(MAXB=     1000000)
 -> NTHETA=      4145(MAXT=     2000000)  NGRP=        1497(MAXGRP=   1000000)
 -> NPHI=          22(MAXP=     2000000)  NIMPHI=      1110(MAXIMP=   1000000)
 -> NNB=          150(MAXNB=    1000000) 
 CNSsolve>      coor @@RUN:protocols/boxtyp20.pdb 
 ASSFIL: file boxtyp20.pdb opened.
 COOR>REMARKS *****  CHARMM water box from Charlie Brooks. ******** 
 COOR>REMARKS * This is a box of 216 3-site water molecules in the experimental 
 COOR>REMARKS * geometry.  It was constructed from an equilibrated 
 COOR>REMARKS * configuration of TIP3P (3-site water model of Jorgenson) 
 COOR>REMARKS * waters at 1 atm pressure and a density of 0.0334 molecules/A**-3. 
 COOR>REMARKS * The box edgelength is 18.856 A.  The minimum image periodic 
 COOR>REMARKS * boundary energy for this configuration using the TIP3P 
 COOR>REMARKS * potentials is -2150.6833 kcal/mol. 
 COOR>REMARKS 
 COOR>ATOM      1 OH2  WAT     1       2.531   0.596  -2.477        0.000 
 COOR>ATOM      2 H1   WAT     1       2.620   1.540  -2.609        0.000 
 CNSsolve>      do (segid=W000) (segid "    ") 
 Assuming literal string "W000"
 SELRPN:    648 atoms have been selected out of   4556
 CNSsolve>      coor sele=(segid W000) translate vector = ($xtrans $ytrans $ztrans) end 
 SELRPN:    648 atoms have been selected out of   4556
 COOR: using atom subset.
 COOR: translation vector =(     2.178000  -18.879000   24.926000 )
 COOR: selected coordinates translated
 CNSsolve> 
 CNSsolve>      ! all new water oxygens 
 CNSsolve>      ident (store1) (segid W000 and name oh2) 
 SELRPN:    216 atoms have been selected out of   4556
 CNSsolve>      ! all new water oxygens close to a protein heavy atom 
 CNSsolve>      ident (store2) (store1 and (not (resn WAT or resn HOH or resn TIP* or resn ANI or resn DAN or resn XAN or resn DUM or resn SHA or hydro)) around $pw_dist) 
 SELRPN:      0 atoms have been selected out of   4556
 CNSsolve>      ! all new water oxygens close to old water oxygens 
 CNSsolve>      ident (store3) (store1 and (segid wat# and not hydro) around $water_diam) 
 SELRPN:      0 atoms have been selected out of   4556
 CNSsolve>      ! all new water oxygens further than thickness away from a protein heavy atom 
 CNSsolve>      ident (store4) (store1 and not (not (resn WAT or resn HOH or resn TIP* or resn ANI or resn DAN or resn XAN or resn DUM or resn SHA or hydro)) around $thickness) 
 SELRPN:    215 atoms have been selected out of   4556
 CNSsolve>      delete sele= (byres (store2 or store3 or store4)) end 
 SELRPN:    645 atoms have been selected out of   4556
 Status of internal molecular topology database:
 -> NATOM=       3911(MAXA=     1000000)  NBOND=       3273(MAXB=     1000000)
 -> NTHETA=      3930(MAXT=     2000000)  NGRP=        1282(MAXGRP=   1000000)
 -> NPHI=          22(MAXP=     2000000)  NIMPHI=      1110(MAXIMP=   1000000)
 -> NNB=          150(MAXNB=    1000000) 
 CNSsolve> 
 CNSsolve> 
 CNSsolve>      ! give waters unique segid name 
 CNSsolve>      eval ($segid= "W" 
 Expression=             + encode($xcount) + encode($ycount) + encode($zcount)) 
 EVALUATE: symbol $SEGID set to "W313" (string)
 CNSsolve>      do (segid = $segid) (segid W000) 
 SELRPN:      3 atoms have been selected out of   3911
 CNSsolve> 
 CNSsolve>    end loop wat3 
 CNSsolve>    while ($ztrans < $zmtran) loop wat3 
 NEXTCD: condition evaluated as false
 CNSsolve>      eval ($zcount=$zcount+1) 
 CNSsolve>      eval ($ztrans = $ztrans + $boxlength) 
 CNSsolve> 
 CNSsolve> 
 CNSsolve>      segment 
 CNSsolve>        name="    " 
 CNSsolve>        chain 
 CNSsolve>          coordinates @@RUN:protocols/boxtyp20.pdb 
 CNSsolve>        end 
 CNSsolve>      end 
 CNSsolve>      coor @@RUN:protocols/boxtyp20.pdb 
 CNSsolve>      do (segid=W000) (segid "    ") 
 CNSsolve>      coor sele=(segid W000) translate vector = ($xtrans $ytrans $ztrans) end 
 CNSsolve> 
 CNSsolve>      ! all new water oxygens 
 CNSsolve>      ident (store1) (segid W000 and name oh2) 
 CNSsolve>      ! all new water oxygens close to a protein heavy atom 
 CNSsolve>      ident (store2) (store1 and (not (resn WAT or resn HOH or resn TIP* or resn ANI or resn DAN or resn XAN or resn DUM or resn SHA or hydro)) around $pw_dist) 
 CNSsolve>      ! all new water oxygens close to old water oxygens 
 CNSsolve>      ident (store3) (store1 and (segid wat# and not hydro) around $water_diam) 
 CNSsolve>      ! all new water oxygens further than thickness away from a protein heavy atom 
 CNSsolve>      ident (store4) (store1 and not (not (resn WAT or resn HOH or resn TIP* or resn ANI or resn DAN or resn XAN or resn DUM or resn SHA or hydro)) around $thickness) 
 CNSsolve>      delete sele= (byres (store2 or store3 or store4)) end 
 CNSsolve> 
 CNSsolve> 
 CNSsolve>      ! give waters unique segid name 
 CNSsolve>      eval ($segid= "W" 
 CNSsolve>             + encode($xcount) + encode($ycount) + encode($zcount)) 
 CNSsolve>      do (segid = $segid) (segid W000) 
 CNSsolve> 
 CNSsolve>    end loop wat3 
 CNSsolve>  end loop wat2 
 CNSsolve>  while ($ytrans < $ymtran) loop wat2 
 NEXTCD: condition evaluated as true
 CNSsolve>    eval ($ycount=$ycount+1) 
 EVALUATE: symbol $YCOUNT set to    2.00000     (real)
 CNSsolve>    eval ($ytrans = $ytrans + $boxlength) 
 EVALUATE: symbol $YTRANS set to  -0.230000E-01 (real)
 CNSsolve> 
 CNSsolve>    eval ($zcount=0) 
 EVALUATE: symbol $ZCOUNT set to    0.00000     (real)
 CNSsolve>    eval ($ztrans = $zmin - $thickness - $water_diam - $boxlength/2 ) 
 EVALUATE: symbol $ZTRANS set to   -31.6420     (real)
 CNSsolve>    while ($ztrans < $zmtran) loop wat3 
 NEXTCD: condition evaluated as true
 CNSsolve>      eval ($zcount=$zcount+1) 
 EVALUATE: symbol $ZCOUNT set to    1.00000     (real)
 CNSsolve>      eval ($ztrans = $ztrans + $boxlength) 
 EVALUATE: symbol $ZTRANS set to   -12.7860     (real)
 CNSsolve> 
 CNSsolve> 
 CNSsolve>      segment 
 SEGMENT>        name="    " 
 SEGMENT>        chain 
 CHAIN>          coordinates @@RUN:protocols/boxtyp20.pdb 
 ASSFIL: file boxtyp20.pdb opened.
 COOR>REMARKS *****  CHARMM water box from Charlie Brooks. ******** 
 COOR>REMARKS * This is a box of 216 3-site water molecules in the experimental 
 COOR>REMARKS * geometry.  It was constructed from an equilibrated 
 COOR>REMARKS * configuration of TIP3P (3-site water model of Jorgenson) 
 COOR>REMARKS * waters at 1 atm pressure and a density of 0.0334 molecules/A**-3. 
 COOR>REMARKS * The box edgelength is 18.856 A.  The minimum image periodic 
 COOR>REMARKS * boundary energy for this configuration using the TIP3P 
 COOR>REMARKS * potentials is -2150.6833 kcal/mol. 
 COOR>REMARKS 
 COOR>ATOM      1 OH2  WAT     1       2.531   0.596  -2.477        0.000 
 SEGMNT-info: chain termination due to END keyword.   216 residues were inserted into segid "    "
 CHAIN>        end 
 SEGMENT>      end 
 Status of internal molecular topology database:
 -> NATOM=       4559(MAXA=     1000000)  NBOND=       3705(MAXB=     1000000)
 -> NTHETA=      4146(MAXT=     2000000)  NGRP=        1498(MAXGRP=   1000000)
 -> NPHI=          22(MAXP=     2000000)  NIMPHI=      1110(MAXIMP=   1000000)
 -> NNB=          150(MAXNB=    1000000) 
 CNSsolve>      coor @@RUN:protocols/boxtyp20.pdb 
 ASSFIL: file boxtyp20.pdb opened.
 COOR>REMARKS *****  CHARMM water box from Charlie Brooks. ******** 
 COOR>REMARKS * This is a box of 216 3-site water molecules in the experimental 
 COOR>REMARKS * geometry.  It was constructed from an equilibrated 
 COOR>REMARKS * configuration of TIP3P (3-site water model of Jorgenson) 
 COOR>REMARKS * waters at 1 atm pressure and a density of 0.0334 molecules/A**-3. 
 COOR>REMARKS * The box edgelength is 18.856 A.  The minimum image periodic 
 COOR>REMARKS * boundary energy for this configuration using the TIP3P 
 COOR>REMARKS * potentials is -2150.6833 kcal/mol. 
 COOR>REMARKS 
 COOR>ATOM      1 OH2  WAT     1       2.531   0.596  -2.477        0.000 
 COOR>ATOM      2 H1   WAT     1       2.620   1.540  -2.609        0.000 
 CNSsolve>      do (segid=W000) (segid "    ") 
 Assuming literal string "W000"
 SELRPN:    648 atoms have been selected out of   4559
 CNSsolve>      coor sele=(segid W000) translate vector = ($xtrans $ytrans $ztrans) end 
 SELRPN:    648 atoms have been selected out of   4559
 COOR: using atom subset.
 COOR: translation vector =(     2.178000   -0.023000  -12.786000 )
 COOR: selected coordinates translated
 CNSsolve> 
 CNSsolve>      ! all new water oxygens 
 CNSsolve>      ident (store1) (segid W000 and name oh2) 
 SELRPN:    216 atoms have been selected out of   4559
 CNSsolve>      ! all new water oxygens close to a protein heavy atom 
 CNSsolve>      ident (store2) (store1 and (not (resn WAT or resn HOH or resn TIP* or resn ANI or resn DAN or resn XAN or resn DUM or resn SHA or hydro)) around $pw_dist) 
 SELRPN:     42 atoms have been selected out of   4559
 CNSsolve>      ! all new water oxygens close to old water oxygens 
 CNSsolve>      ident (store3) (store1 and (segid wat# and not hydro) around $water_diam) 
 SELRPN:      0 atoms have been selected out of   4559
 CNSsolve>      ! all new water oxygens further than thickness away from a protein heavy atom 
 CNSsolve>      ident (store4) (store1 and not (not (resn WAT or resn HOH or resn TIP* or resn ANI or resn DAN or resn XAN or resn DUM or resn SHA or hydro)) around $thickness) 
 SELRPN:     65 atoms have been selected out of   4559
 CNSsolve>      delete sele= (byres (store2 or store3 or store4)) end 
 SELRPN:    321 atoms have been selected out of   4559
 Status of internal molecular topology database:
 -> NATOM=       4238(MAXA=     1000000)  NBOND=       3491(MAXB=     1000000)
 -> NTHETA=      4039(MAXT=     2000000)  NGRP=        1391(MAXGRP=   1000000)
 -> NPHI=          22(MAXP=     2000000)  NIMPHI=      1110(MAXIMP=   1000000)
 -> NNB=          150(MAXNB=    1000000) 
 CNSsolve> 
 CNSsolve> 
 CNSsolve>      ! give waters unique segid name 
 CNSsolve>      eval ($segid= "W" 
 Expression=             + encode($xcount) + encode($ycount) + encode($zcount)) 
 EVALUATE: symbol $SEGID set to "W321" (string)
 CNSsolve>      do (segid = $segid) (segid W000) 
 SELRPN:    327 atoms have been selected out of   4238
 CNSsolve> 
 CNSsolve>    end loop wat3 
 CNSsolve>    while ($ztrans < $zmtran) loop wat3 
 NEXTCD: condition evaluated as true
 CNSsolve>      eval ($zcount=$zcount+1) 
 EVALUATE: symbol $ZCOUNT set to    2.00000     (real)
 CNSsolve>      eval ($ztrans = $ztrans + $boxlength) 
 EVALUATE: symbol $ZTRANS set to    6.07000     (real)
 CNSsolve> 
 CNSsolve> 
 CNSsolve>      segment 
 SEGMENT>        name="    " 
 SEGMENT>        chain 
 CHAIN>          coordinates @@RUN:protocols/boxtyp20.pdb 
 ASSFIL: file boxtyp20.pdb opened.
 COOR>REMARKS *****  CHARMM water box from Charlie Brooks. ******** 
 COOR>REMARKS * This is a box of 216 3-site water molecules in the experimental 
 COOR>REMARKS * geometry.  It was constructed from an equilibrated 
 COOR>REMARKS * configuration of TIP3P (3-site water model of Jorgenson) 
 COOR>REMARKS * waters at 1 atm pressure and a density of 0.0334 molecules/A**-3. 
 COOR>REMARKS * The box edgelength is 18.856 A.  The minimum image periodic 
 COOR>REMARKS * boundary energy for this configuration using the TIP3P 
 COOR>REMARKS * potentials is -2150.6833 kcal/mol. 
 COOR>REMARKS 
 COOR>ATOM      1 OH2  WAT     1       2.531   0.596  -2.477        0.000 
 SEGMNT-info: chain termination due to END keyword.   216 residues were inserted into segid "    "
 CHAIN>        end 
 SEGMENT>      end 
 Status of internal molecular topology database:
 -> NATOM=       4886(MAXA=     1000000)  NBOND=       3923(MAXB=     1000000)
 -> NTHETA=      4255(MAXT=     2000000)  NGRP=        1607(MAXGRP=   1000000)
 -> NPHI=          22(MAXP=     2000000)  NIMPHI=      1110(MAXIMP=   1000000)
 -> NNB=          150(MAXNB=    1000000) 
 CNSsolve>      coor @@RUN:protocols/boxtyp20.pdb 
 ASSFIL: file boxtyp20.pdb opened.
 COOR>REMARKS *****  CHARMM water box from Charlie Brooks. ******** 
 COOR>REMARKS * This is a box of 216 3-site water molecules in the experimental 
 COOR>REMARKS * geometry.  It was constructed from an equilibrated 
 COOR>REMARKS * configuration of TIP3P (3-site water model of Jorgenson) 
 COOR>REMARKS * waters at 1 atm pressure and a density of 0.0334 molecules/A**-3. 
 COOR>REMARKS * The box edgelength is 18.856 A.  The minimum image periodic 
 COOR>REMARKS * boundary energy for this configuration using the TIP3P 
 COOR>REMARKS * potentials is -2150.6833 kcal/mol. 
 COOR>REMARKS 
 COOR>ATOM      1 OH2  WAT     1       2.531   0.596  -2.477        0.000 
 COOR>ATOM      2 H1   WAT     1       2.620   1.540  -2.609        0.000 
 CNSsolve>      do (segid=W000) (segid "    ") 
 Assuming literal string "W000"
 SELRPN:    648 atoms have been selected out of   4886
 CNSsolve>      coor sele=(segid W000) translate vector = ($xtrans $ytrans $ztrans) end 
 SELRPN:    648 atoms have been selected out of   4886
 COOR: using atom subset.
 COOR: translation vector =(     2.178000   -0.023000    6.070000 )
 COOR: selected coordinates translated
 CNSsolve> 
 CNSsolve>      ! all new water oxygens 
 CNSsolve>      ident (store1) (segid W000 and name oh2) 
 SELRPN:    216 atoms have been selected out of   4886
 CNSsolve>      ! all new water oxygens close to a protein heavy atom 
 CNSsolve>      ident (store2) (store1 and (not (resn WAT or resn HOH or resn TIP* or resn ANI or resn DAN or resn XAN or resn DUM or resn SHA or hydro)) around $pw_dist) 
 SELRPN:     91 atoms have been selected out of   4886
 CNSsolve>      ! all new water oxygens close to old water oxygens 
 CNSsolve>      ident (store3) (store1 and (segid wat# and not hydro) around $water_diam) 
 SELRPN:      0 atoms have been selected out of   4886
 CNSsolve>      ! all new water oxygens further than thickness away from a protein heavy atom 
 CNSsolve>      ident (store4) (store1 and not (not (resn WAT or resn HOH or resn TIP* or resn ANI or resn DAN or resn XAN or resn DUM or resn SHA or hydro)) around $thickness) 
 SELRPN:      4 atoms have been selected out of   4886
 CNSsolve>      delete sele= (byres (store2 or store3 or store4)) end 
 SELRPN:    285 atoms have been selected out of   4886
 Status of internal molecular topology database:
 -> NATOM=       4601(MAXA=     1000000)  NBOND=       3733(MAXB=     1000000)
 -> NTHETA=      4160(MAXT=     2000000)  NGRP=        1512(MAXGRP=   1000000)
 -> NPHI=          22(MAXP=     2000000)  NIMPHI=      1110(MAXIMP=   1000000)
 -> NNB=          150(MAXNB=    1000000) 
 CNSsolve> 
 CNSsolve> 
 CNSsolve>      ! give waters unique segid name 
 CNSsolve>      eval ($segid= "W" 
 Expression=             + encode($xcount) + encode($ycount) + encode($zcount)) 
 EVALUATE: symbol $SEGID set to "W322" (string)
 CNSsolve>      do (segid = $segid) (segid W000) 
 SELRPN:    363 atoms have been selected out of   4601
 CNSsolve> 
 CNSsolve>    end loop wat3 
 CNSsolve>    while ($ztrans < $zmtran) loop wat3 
 NEXTCD: condition evaluated as true
 CNSsolve>      eval ($zcount=$zcount+1) 
 EVALUATE: symbol $ZCOUNT set to    3.00000     (real)
 CNSsolve>      eval ($ztrans = $ztrans + $boxlength) 
 EVALUATE: symbol $ZTRANS set to    24.9260     (real)
 CNSsolve> 
 CNSsolve> 
 CNSsolve>      segment 
 SEGMENT>        name="    " 
 SEGMENT>        chain 
 CHAIN>          coordinates @@RUN:protocols/boxtyp20.pdb 
 ASSFIL: file boxtyp20.pdb opened.
 COOR>REMARKS *****  CHARMM water box from Charlie Brooks. ******** 
 COOR>REMARKS * This is a box of 216 3-site water molecules in the experimental 
 COOR>REMARKS * geometry.  It was constructed from an equilibrated 
 COOR>REMARKS * configuration of TIP3P (3-site water model of Jorgenson) 
 COOR>REMARKS * waters at 1 atm pressure and a density of 0.0334 molecules/A**-3. 
 COOR>REMARKS * The box edgelength is 18.856 A.  The minimum image periodic 
 COOR>REMARKS * boundary energy for this configuration using the TIP3P 
 COOR>REMARKS * potentials is -2150.6833 kcal/mol. 
 COOR>REMARKS 
 COOR>ATOM      1 OH2  WAT     1       2.531   0.596  -2.477        0.000 
 SEGMNT-info: chain termination due to END keyword.   216 residues were inserted into segid "    "
 CHAIN>        end 
 SEGMENT>      end 
 Status of internal molecular topology database:
 -> NATOM=       5249(MAXA=     1000000)  NBOND=       4165(MAXB=     1000000)
 -> NTHETA=      4376(MAXT=     2000000)  NGRP=        1728(MAXGRP=   1000000)
 -> NPHI=          22(MAXP=     2000000)  NIMPHI=      1110(MAXIMP=   1000000)
 -> NNB=          150(MAXNB=    1000000) 
 CNSsolve>      coor @@RUN:protocols/boxtyp20.pdb 
 ASSFIL: file boxtyp20.pdb opened.
 COOR>REMARKS *****  CHARMM water box from Charlie Brooks. ******** 
 COOR>REMARKS * This is a box of 216 3-site water molecules in the experimental 
 COOR>REMARKS * geometry.  It was constructed from an equilibrated 
 COOR>REMARKS * configuration of TIP3P (3-site water model of Jorgenson) 
 COOR>REMARKS * waters at 1 atm pressure and a density of 0.0334 molecules/A**-3. 
 COOR>REMARKS * The box edgelength is 18.856 A.  The minimum image periodic 
 COOR>REMARKS * boundary energy for this configuration using the TIP3P 
 COOR>REMARKS * potentials is -2150.6833 kcal/mol. 
 COOR>REMARKS 
 COOR>ATOM      1 OH2  WAT     1       2.531   0.596  -2.477        0.000 
 COOR>ATOM      2 H1   WAT     1       2.620   1.540  -2.609        0.000 
 CNSsolve>      do (segid=W000) (segid "    ") 
 Assuming literal string "W000"
 SELRPN:    648 atoms have been selected out of   5249
 CNSsolve>      coor sele=(segid W000) translate vector = ($xtrans $ytrans $ztrans) end 
 SELRPN:    648 atoms have been selected out of   5249
 COOR: using atom subset.
 COOR: translation vector =(     2.178000   -0.023000   24.926000 )
 COOR: selected coordinates translated
 CNSsolve> 
 CNSsolve>      ! all new water oxygens 
 CNSsolve>      ident (store1) (segid W000 and name oh2) 
 SELRPN:    216 atoms have been selected out of   5249
 CNSsolve>      ! all new water oxygens close to a protein heavy atom 
 CNSsolve>      ident (store2) (store1 and (not (resn WAT or resn HOH or resn TIP* or resn ANI or resn DAN or resn XAN or resn DUM or resn SHA or hydro)) around $pw_dist) 
 SELRPN:      0 atoms have been selected out of   5249
 CNSsolve>      ! all new water oxygens close to old water oxygens 
 CNSsolve>      ident (store3) (store1 and (segid wat# and not hydro) around $water_diam) 
 SELRPN:      0 atoms have been selected out of   5249
 CNSsolve>      ! all new water oxygens further than thickness away from a protein heavy atom 
 CNSsolve>      ident (store4) (store1 and not (not (resn WAT or resn HOH or resn TIP* or resn ANI or resn DAN or resn XAN or resn DUM or resn SHA or hydro)) around $thickness) 
 SELRPN:    192 atoms have been selected out of   5249
 CNSsolve>      delete sele= (byres (store2 or store3 or store4)) end 
 SELRPN:    576 atoms have been selected out of   5249
 Status of internal molecular topology database:
 -> NATOM=       4673(MAXA=     1000000)  NBOND=       3781(MAXB=     1000000)
 -> NTHETA=      4184(MAXT=     2000000)  NGRP=        1536(MAXGRP=   1000000)
 -> NPHI=          22(MAXP=     2000000)  NIMPHI=      1110(MAXIMP=   1000000)
 -> NNB=          150(MAXNB=    1000000) 
 CNSsolve> 
 CNSsolve> 
 CNSsolve>      ! give waters unique segid name 
 CNSsolve>      eval ($segid= "W" 
 Expression=             + encode($xcount) + encode($ycount) + encode($zcount)) 
 EVALUATE: symbol $SEGID set to "W323" (string)
 CNSsolve>      do (segid = $segid) (segid W000) 
 SELRPN:     72 atoms have been selected out of   4673
 CNSsolve> 
 CNSsolve>    end loop wat3 
 CNSsolve>    while ($ztrans < $zmtran) loop wat3 
 NEXTCD: condition evaluated as false
 CNSsolve>      eval ($zcount=$zcount+1) 
 CNSsolve>      eval ($ztrans = $ztrans + $boxlength) 
 CNSsolve> 
 CNSsolve> 
 CNSsolve>      segment 
 CNSsolve>        name="    " 
 CNSsolve>        chain 
 CNSsolve>          coordinates @@RUN:protocols/boxtyp20.pdb 
 CNSsolve>        end 
 CNSsolve>      end 
 CNSsolve>      coor @@RUN:protocols/boxtyp20.pdb 
 CNSsolve>      do (segid=W000) (segid "    ") 
 CNSsolve>      coor sele=(segid W000) translate vector = ($xtrans $ytrans $ztrans) end 
 CNSsolve> 
 CNSsolve>      ! all new water oxygens 
 CNSsolve>      ident (store1) (segid W000 and name oh2) 
 CNSsolve>      ! all new water oxygens close to a protein heavy atom 
 CNSsolve>      ident (store2) (store1 and (not (resn WAT or resn HOH or resn TIP* or resn ANI or resn DAN or resn XAN or resn DUM or resn SHA or hydro)) around $pw_dist) 
 CNSsolve>      ! all new water oxygens close to old water oxygens 
 CNSsolve>      ident (store3) (store1 and (segid wat# and not hydro) around $water_diam) 
 CNSsolve>      ! all new water oxygens further than thickness away from a protein heavy atom 
 CNSsolve>      ident (store4) (store1 and not (not (resn WAT or resn HOH or resn TIP* or resn ANI or resn DAN or resn XAN or resn DUM or resn SHA or hydro)) around $thickness) 
 CNSsolve>      delete sele= (byres (store2 or store3 or store4)) end 
 CNSsolve> 
 CNSsolve> 
 CNSsolve>      ! give waters unique segid name 
 CNSsolve>      eval ($segid= "W" 
 CNSsolve>             + encode($xcount) + encode($ycount) + encode($zcount)) 
 CNSsolve>      do (segid = $segid) (segid W000) 
 CNSsolve> 
 CNSsolve>    end loop wat3 
 CNSsolve>  end loop wat2 
 CNSsolve>  while ($ytrans < $ymtran) loop wat2 
 NEXTCD: condition evaluated as true
 CNSsolve>    eval ($ycount=$ycount+1) 
 EVALUATE: symbol $YCOUNT set to    3.00000     (real)
 CNSsolve>    eval ($ytrans = $ytrans + $boxlength) 
 EVALUATE: symbol $YTRANS set to    18.8330     (real)
 CNSsolve> 
 CNSsolve>    eval ($zcount=0) 
 EVALUATE: symbol $ZCOUNT set to    0.00000     (real)
 CNSsolve>    eval ($ztrans = $zmin - $thickness - $water_diam - $boxlength/2 ) 
 EVALUATE: symbol $ZTRANS set to   -31.6420     (real)
 CNSsolve>    while ($ztrans < $zmtran) loop wat3 
 NEXTCD: condition evaluated as true
 CNSsolve>      eval ($zcount=$zcount+1) 
 EVALUATE: symbol $ZCOUNT set to    1.00000     (real)
 CNSsolve>      eval ($ztrans = $ztrans + $boxlength) 
 EVALUATE: symbol $ZTRANS set to   -12.7860     (real)
 CNSsolve> 
 CNSsolve> 
 CNSsolve>      segment 
 SEGMENT>        name="    " 
 SEGMENT>        chain 
 CHAIN>          coordinates @@RUN:protocols/boxtyp20.pdb 
 ASSFIL: file boxtyp20.pdb opened.
 COOR>REMARKS *****  CHARMM water box from Charlie Brooks. ******** 
 COOR>REMARKS * This is a box of 216 3-site water molecules in the experimental 
 COOR>REMARKS * geometry.  It was constructed from an equilibrated 
 COOR>REMARKS * configuration of TIP3P (3-site water model of Jorgenson) 
 COOR>REMARKS * waters at 1 atm pressure and a density of 0.0334 molecules/A**-3. 
 COOR>REMARKS * The box edgelength is 18.856 A.  The minimum image periodic 
 COOR>REMARKS * boundary energy for this configuration using the TIP3P 
 COOR>REMARKS * potentials is -2150.6833 kcal/mol. 
 COOR>REMARKS 
 COOR>ATOM      1 OH2  WAT     1       2.531   0.596  -2.477        0.000 
 SEGMNT-info: chain termination due to END keyword.   216 residues were inserted into segid "    "
 CHAIN>        end 
 SEGMENT>      end 
 Status of internal molecular topology database:
 -> NATOM=       5321(MAXA=     1000000)  NBOND=       4213(MAXB=     1000000)
 -> NTHETA=      4400(MAXT=     2000000)  NGRP=        1752(MAXGRP=   1000000)
 -> NPHI=          22(MAXP=     2000000)  NIMPHI=      1110(MAXIMP=   1000000)
 -> NNB=          150(MAXNB=    1000000) 
 CNSsolve>      coor @@RUN:protocols/boxtyp20.pdb 
 ASSFIL: file boxtyp20.pdb opened.
 COOR>REMARKS *****  CHARMM water box from Charlie Brooks. ******** 
 COOR>REMARKS * This is a box of 216 3-site water molecules in the experimental 
 COOR>REMARKS * geometry.  It was constructed from an equilibrated 
 COOR>REMARKS * configuration of TIP3P (3-site water model of Jorgenson) 
 COOR>REMARKS * waters at 1 atm pressure and a density of 0.0334 molecules/A**-3. 
 COOR>REMARKS * The box edgelength is 18.856 A.  The minimum image periodic 
 COOR>REMARKS * boundary energy for this configuration using the TIP3P 
 COOR>REMARKS * potentials is -2150.6833 kcal/mol. 
 COOR>REMARKS 
 COOR>ATOM      1 OH2  WAT     1       2.531   0.596  -2.477        0.000 
 COOR>ATOM      2 H1   WAT     1       2.620   1.540  -2.609        0.000 
 CNSsolve>      do (segid=W000) (segid "    ") 
 Assuming literal string "W000"
 SELRPN:    648 atoms have been selected out of   5321
 CNSsolve>      coor sele=(segid W000) translate vector = ($xtrans $ytrans $ztrans) end 
 SELRPN:    648 atoms have been selected out of   5321
 COOR: using atom subset.
 COOR: translation vector =(     2.178000   18.833000  -12.786000 )
 COOR: selected coordinates translated
 CNSsolve> 
 CNSsolve>      ! all new water oxygens 
 CNSsolve>      ident (store1) (segid W000 and name oh2) 
 SELRPN:    216 atoms have been selected out of   5321
 CNSsolve>      ! all new water oxygens close to a protein heavy atom 
 CNSsolve>      ident (store2) (store1 and (not (resn WAT or resn HOH or resn TIP* or resn ANI or resn DAN or resn XAN or resn DUM or resn SHA or hydro)) around $pw_dist) 
 SELRPN:     35 atoms have been selected out of   5321
 CNSsolve>      ! all new water oxygens close to old water oxygens 
 CNSsolve>      ident (store3) (store1 and (segid wat# and not hydro) around $water_diam) 
 SELRPN:      0 atoms have been selected out of   5321
 CNSsolve>      ! all new water oxygens further than thickness away from a protein heavy atom 
 CNSsolve>      ident (store4) (store1 and not (not (resn WAT or resn HOH or resn TIP* or resn ANI or resn DAN or resn XAN or resn DUM or resn SHA or hydro)) around $thickness) 
 SELRPN:     90 atoms have been selected out of   5321
 CNSsolve>      delete sele= (byres (store2 or store3 or store4)) end 
 SELRPN:    375 atoms have been selected out of   5321
 Status of internal molecular topology database:
 -> NATOM=       4946(MAXA=     1000000)  NBOND=       3963(MAXB=     1000000)
 -> NTHETA=      4275(MAXT=     2000000)  NGRP=        1627(MAXGRP=   1000000)
 -> NPHI=          22(MAXP=     2000000)  NIMPHI=      1110(MAXIMP=   1000000)
 -> NNB=          150(MAXNB=    1000000) 
 CNSsolve> 
 CNSsolve> 
 CNSsolve>      ! give waters unique segid name 
 CNSsolve>      eval ($segid= "W" 
 Expression=             + encode($xcount) + encode($ycount) + encode($zcount)) 
 EVALUATE: symbol $SEGID set to "W331" (string)
 CNSsolve>      do (segid = $segid) (segid W000) 
 SELRPN:    273 atoms have been selected out of   4946
 CNSsolve> 
 CNSsolve>    end loop wat3 
 CNSsolve>    while ($ztrans < $zmtran) loop wat3 
 NEXTCD: condition evaluated as true
 CNSsolve>      eval ($zcount=$zcount+1) 
 EVALUATE: symbol $ZCOUNT set to    2.00000     (real)
 CNSsolve>      eval ($ztrans = $ztrans + $boxlength) 
 EVALUATE: symbol $ZTRANS set to    6.07000     (real)
 CNSsolve> 
 CNSsolve> 
 CNSsolve>      segment 
 SEGMENT>        name="    " 
 SEGMENT>        chain 
 CHAIN>          coordinates @@RUN:protocols/boxtyp20.pdb 
 ASSFIL: file boxtyp20.pdb opened.
 COOR>REMARKS *****  CHARMM water box from Charlie Brooks. ******** 
 COOR>REMARKS * This is a box of 216 3-site water molecules in the experimental 
 COOR>REMARKS * geometry.  It was constructed from an equilibrated 
 COOR>REMARKS * configuration of TIP3P (3-site water model of Jorgenson) 
 COOR>REMARKS * waters at 1 atm pressure and a density of 0.0334 molecules/A**-3. 
 COOR>REMARKS * The box edgelength is 18.856 A.  The minimum image periodic 
 COOR>REMARKS * boundary energy for this configuration using the TIP3P 
 COOR>REMARKS * potentials is -2150.6833 kcal/mol. 
 COOR>REMARKS 
 COOR>ATOM      1 OH2  WAT     1       2.531   0.596  -2.477        0.000 
 SEGMNT-info: chain termination due to END keyword.   216 residues were inserted into segid "    "
 CHAIN>        end 
 SEGMENT>      end 
 Status of internal molecular topology database:
 -> NATOM=       5594(MAXA=     1000000)  NBOND=       4395(MAXB=     1000000)
 -> NTHETA=      4491(MAXT=     2000000)  NGRP=        1843(MAXGRP=   1000000)
 -> NPHI=          22(MAXP=     2000000)  NIMPHI=      1110(MAXIMP=   1000000)
 -> NNB=          150(MAXNB=    1000000) 
 CNSsolve>      coor @@RUN:protocols/boxtyp20.pdb 
 ASSFIL: file boxtyp20.pdb opened.
 COOR>REMARKS *****  CHARMM water box from Charlie Brooks. ******** 
 COOR>REMARKS * This is a box of 216 3-site water molecules in the experimental 
 COOR>REMARKS * geometry.  It was constructed from an equilibrated 
 COOR>REMARKS * configuration of TIP3P (3-site water model of Jorgenson) 
 COOR>REMARKS * waters at 1 atm pressure and a density of 0.0334 molecules/A**-3. 
 COOR>REMARKS * The box edgelength is 18.856 A.  The minimum image periodic 
 COOR>REMARKS * boundary energy for this configuration using the TIP3P 
 COOR>REMARKS * potentials is -2150.6833 kcal/mol. 
 COOR>REMARKS 
 COOR>ATOM      1 OH2  WAT     1       2.531   0.596  -2.477        0.000 
 COOR>ATOM      2 H1   WAT     1       2.620   1.540  -2.609        0.000 
 CNSsolve>      do (segid=W000) (segid "    ") 
 Assuming literal string "W000"
 SELRPN:    648 atoms have been selected out of   5594
 CNSsolve>      coor sele=(segid W000) translate vector = ($xtrans $ytrans $ztrans) end 
 SELRPN:    648 atoms have been selected out of   5594
 COOR: using atom subset.
 COOR: translation vector =(     2.178000   18.833000    6.070000 )
 COOR: selected coordinates translated
 CNSsolve> 
 CNSsolve>      ! all new water oxygens 
 CNSsolve>      ident (store1) (segid W000 and name oh2) 
 SELRPN:    216 atoms have been selected out of   5594
 CNSsolve>      ! all new water oxygens close to a protein heavy atom 
 CNSsolve>      ident (store2) (store1 and (not (resn WAT or resn HOH or resn TIP* or resn ANI or resn DAN or resn XAN or resn DUM or resn SHA or hydro)) around $pw_dist) 
 SELRPN:     59 atoms have been selected out of   5594
 CNSsolve>      ! all new water oxygens close to old water oxygens 
 CNSsolve>      ident (store3) (store1 and (segid wat# and not hydro) around $water_diam) 
 SELRPN:      0 atoms have been selected out of   5594
 CNSsolve>      ! all new water oxygens further than thickness away from a protein heavy atom 
 CNSsolve>      ident (store4) (store1 and not (not (resn WAT or resn HOH or resn TIP* or resn ANI or resn DAN or resn XAN or resn DUM or resn SHA or hydro)) around $thickness) 
 SELRPN:     50 atoms have been selected out of   5594
 CNSsolve>      delete sele= (byres (store2 or store3 or store4)) end 
 SELRPN:    327 atoms have been selected out of   5594
 Status of internal molecular topology database:
 -> NATOM=       5267(MAXA=     1000000)  NBOND=       4177(MAXB=     1000000)
 -> NTHETA=      4382(MAXT=     2000000)  NGRP=        1734(MAXGRP=   1000000)
 -> NPHI=          22(MAXP=     2000000)  NIMPHI=      1110(MAXIMP=   1000000)
 -> NNB=          150(MAXNB=    1000000) 
 CNSsolve> 
 CNSsolve> 
 CNSsolve>      ! give waters unique segid name 
 CNSsolve>      eval ($segid= "W" 
 Expression=             + encode($xcount) + encode($ycount) + encode($zcount)) 
 EVALUATE: symbol $SEGID set to "W332" (string)
 CNSsolve>      do (segid = $segid) (segid W000) 
 SELRPN:    321 atoms have been selected out of   5267
 CNSsolve> 
 CNSsolve>    end loop wat3 
 CNSsolve>    while ($ztrans < $zmtran) loop wat3 
 NEXTCD: condition evaluated as true
 CNSsolve>      eval ($zcount=$zcount+1) 
 EVALUATE: symbol $ZCOUNT set to    3.00000     (real)
 CNSsolve>      eval ($ztrans = $ztrans + $boxlength) 
 EVALUATE: symbol $ZTRANS set to    24.9260     (real)
 CNSsolve> 
 CNSsolve> 
 CNSsolve>      segment 
 SEGMENT>        name="    " 
 SEGMENT>        chain 
 CHAIN>          coordinates @@RUN:protocols/boxtyp20.pdb 
 ASSFIL: file boxtyp20.pdb opened.
 COOR>REMARKS *****  CHARMM water box from Charlie Brooks. ******** 
 COOR>REMARKS * This is a box of 216 3-site water molecules in the experimental 
 COOR>REMARKS * geometry.  It was constructed from an equilibrated 
 COOR>REMARKS * configuration of TIP3P (3-site water model of Jorgenson) 
 COOR>REMARKS * waters at 1 atm pressure and a density of 0.0334 molecules/A**-3. 
 COOR>REMARKS * The box edgelength is 18.856 A.  The minimum image periodic 
 COOR>REMARKS * boundary energy for this configuration using the TIP3P 
 COOR>REMARKS * potentials is -2150.6833 kcal/mol. 
 COOR>REMARKS 
 COOR>ATOM      1 OH2  WAT     1       2.531   0.596  -2.477        0.000 
 SEGMNT-info: chain termination due to END keyword.   216 residues were inserted into segid "    "
 CHAIN>        end 
 SEGMENT>      end 
 Status of internal molecular topology database:
 -> NATOM=       5915(MAXA=     1000000)  NBOND=       4609(MAXB=     1000000)
 -> NTHETA=      4598(MAXT=     2000000)  NGRP=        1950(MAXGRP=   1000000)
 -> NPHI=          22(MAXP=     2000000)  NIMPHI=      1110(MAXIMP=   1000000)
 -> NNB=          150(MAXNB=    1000000) 
 CNSsolve>      coor @@RUN:protocols/boxtyp20.pdb 
 ASSFIL: file boxtyp20.pdb opened.
 COOR>REMARKS *****  CHARMM water box from Charlie Brooks. ******** 
 COOR>REMARKS * This is a box of 216 3-site water molecules in the experimental 
 COOR>REMARKS * geometry.  It was constructed from an equilibrated 
 COOR>REMARKS * configuration of TIP3P (3-site water model of Jorgenson) 
 COOR>REMARKS * waters at 1 atm pressure and a density of 0.0334 molecules/A**-3. 
 COOR>REMARKS * The box edgelength is 18.856 A.  The minimum image periodic 
 COOR>REMARKS * boundary energy for this configuration using the TIP3P 
 COOR>REMARKS * potentials is -2150.6833 kcal/mol. 
 COOR>REMARKS 
 COOR>ATOM      1 OH2  WAT     1       2.531   0.596  -2.477        0.000 
 COOR>ATOM      2 H1   WAT     1       2.620   1.540  -2.609        0.000 
 CNSsolve>      do (segid=W000) (segid "    ") 
 Assuming literal string "W000"
 SELRPN:    648 atoms have been selected out of   5915
 CNSsolve>      coor sele=(segid W000) translate vector = ($xtrans $ytrans $ztrans) end 
 SELRPN:    648 atoms have been selected out of   5915
 COOR: using atom subset.
 COOR: translation vector =(     2.178000   18.833000   24.926000 )
 COOR: selected coordinates translated
 CNSsolve> 
 CNSsolve>      ! all new water oxygens 
 CNSsolve>      ident (store1) (segid W000 and name oh2) 
 SELRPN:    216 atoms have been selected out of   5915
 CNSsolve>      ! all new water oxygens close to a protein heavy atom 
 CNSsolve>      ident (store2) (store1 and (not (resn WAT or resn HOH or resn TIP* or resn ANI or resn DAN or resn XAN or resn DUM or resn SHA or hydro)) around $pw_dist) 
 SELRPN:      0 atoms have been selected out of   5915
 CNSsolve>      ! all new water oxygens close to old water oxygens 
 CNSsolve>      ident (store3) (store1 and (segid wat# and not hydro) around $water_diam) 
 SELRPN:      0 atoms have been selected out of   5915
 CNSsolve>      ! all new water oxygens further than thickness away from a protein heavy atom 
 CNSsolve>      ident (store4) (store1 and not (not (resn WAT or resn HOH or resn TIP* or resn ANI or resn DAN or resn XAN or resn DUM or resn SHA or hydro)) around $thickness) 
 SELRPN:    207 atoms have been selected out of   5915
 CNSsolve>      delete sele= (byres (store2 or store3 or store4)) end 
 SELRPN:    621 atoms have been selected out of   5915
 Status of internal molecular topology database:
 -> NATOM=       5294(MAXA=     1000000)  NBOND=       4195(MAXB=     1000000)
 -> NTHETA=      4391(MAXT=     2000000)  NGRP=        1743(MAXGRP=   1000000)
 -> NPHI=          22(MAXP=     2000000)  NIMPHI=      1110(MAXIMP=   1000000)
 -> NNB=          150(MAXNB=    1000000) 
 CNSsolve> 
 CNSsolve> 
 CNSsolve>      ! give waters unique segid name 
 CNSsolve>      eval ($segid= "W" 
 Expression=             + encode($xcount) + encode($ycount) + encode($zcount)) 
 EVALUATE: symbol $SEGID set to "W333" (string)
 CNSsolve>      do (segid = $segid) (segid W000) 
 SELRPN:     27 atoms have been selected out of   5294
 CNSsolve> 
 CNSsolve>    end loop wat3 
 CNSsolve>    while ($ztrans < $zmtran) loop wat3 
 NEXTCD: condition evaluated as false
 CNSsolve>      eval ($zcount=$zcount+1) 
 CNSsolve>      eval ($ztrans = $ztrans + $boxlength) 
 CNSsolve> 
 CNSsolve> 
 CNSsolve>      segment 
 CNSsolve>        name="    " 
 CNSsolve>        chain 
 CNSsolve>          coordinates @@RUN:protocols/boxtyp20.pdb 
 CNSsolve>        end 
 CNSsolve>      end 
 CNSsolve>      coor @@RUN:protocols/boxtyp20.pdb 
 CNSsolve>      do (segid=W000) (segid "    ") 
 CNSsolve>      coor sele=(segid W000) translate vector = ($xtrans $ytrans $ztrans) end 
 CNSsolve> 
 CNSsolve>      ! all new water oxygens 
 CNSsolve>      ident (store1) (segid W000 and name oh2) 
 CNSsolve>      ! all new water oxygens close to a protein heavy atom 
 CNSsolve>      ident (store2) (store1 and (not (resn WAT or resn HOH or resn TIP* or resn ANI or resn DAN or resn XAN or resn DUM or resn SHA or hydro)) around $pw_dist) 
 CNSsolve>      ! all new water oxygens close to old water oxygens 
 CNSsolve>      ident (store3) (store1 and (segid wat# and not hydro) around $water_diam) 
 CNSsolve>      ! all new water oxygens further than thickness away from a protein heavy atom 
 CNSsolve>      ident (store4) (store1 and not (not (resn WAT or resn HOH or resn TIP* or resn ANI or resn DAN or resn XAN or resn DUM or resn SHA or hydro)) around $thickness) 
 CNSsolve>      delete sele= (byres (store2 or store3 or store4)) end 
 CNSsolve> 
 CNSsolve> 
 CNSsolve>      ! give waters unique segid name 
 CNSsolve>      eval ($segid= "W" 
 CNSsolve>             + encode($xcount) + encode($ycount) + encode($zcount)) 
 CNSsolve>      do (segid = $segid) (segid W000) 
 CNSsolve> 
 CNSsolve>    end loop wat3 
 CNSsolve>  end loop wat2 
 CNSsolve>  while ($ytrans < $ymtran) loop wat2 
 NEXTCD: condition evaluated as true
 CNSsolve>    eval ($ycount=$ycount+1) 
 EVALUATE: symbol $YCOUNT set to    4.00000     (real)
 CNSsolve>    eval ($ytrans = $ytrans + $boxlength) 
 EVALUATE: symbol $YTRANS set to    37.6890     (real)
 CNSsolve> 
 CNSsolve>    eval ($zcount=0) 
 EVALUATE: symbol $ZCOUNT set to    0.00000     (real)
 CNSsolve>    eval ($ztrans = $zmin - $thickness - $water_diam - $boxlength/2 ) 
 EVALUATE: symbol $ZTRANS set to   -31.6420     (real)
 CNSsolve>    while ($ztrans < $zmtran) loop wat3 
 NEXTCD: condition evaluated as true
 CNSsolve>      eval ($zcount=$zcount+1) 
 EVALUATE: symbol $ZCOUNT set to    1.00000     (real)
 CNSsolve>      eval ($ztrans = $ztrans + $boxlength) 
 EVALUATE: symbol $ZTRANS set to   -12.7860     (real)
 CNSsolve> 
 CNSsolve> 
 CNSsolve>      segment 
 SEGMENT>        name="    " 
 SEGMENT>        chain 
 CHAIN>          coordinates @@RUN:protocols/boxtyp20.pdb 
 ASSFIL: file boxtyp20.pdb opened.
 COOR>REMARKS *****  CHARMM water box from Charlie Brooks. ******** 
 COOR>REMARKS * This is a box of 216 3-site water molecules in the experimental 
 COOR>REMARKS * geometry.  It was constructed from an equilibrated 
 COOR>REMARKS * configuration of TIP3P (3-site water model of Jorgenson) 
 COOR>REMARKS * waters at 1 atm pressure and a density of 0.0334 molecules/A**-3. 
 COOR>REMARKS * The box edgelength is 18.856 A.  The minimum image periodic 
 COOR>REMARKS * boundary energy for this configuration using the TIP3P 
 COOR>REMARKS * potentials is -2150.6833 kcal/mol. 
 COOR>REMARKS 
 COOR>ATOM      1 OH2  WAT     1       2.531   0.596  -2.477        0.000 
 SEGMNT-info: chain termination due to END keyword.   216 residues were inserted into segid "    "
 CHAIN>        end 
 SEGMENT>      end 
 Status of internal molecular topology database:
 -> NATOM=       5942(MAXA=     1000000)  NBOND=       4627(MAXB=     1000000)
 -> NTHETA=      4607(MAXT=     2000000)  NGRP=        1959(MAXGRP=   1000000)
 -> NPHI=          22(MAXP=     2000000)  NIMPHI=      1110(MAXIMP=   1000000)
 -> NNB=          150(MAXNB=    1000000) 
 CNSsolve>      coor @@RUN:protocols/boxtyp20.pdb 
 ASSFIL: file boxtyp20.pdb opened.
 COOR>REMARKS *****  CHARMM water box from Charlie Brooks. ******** 
 COOR>REMARKS * This is a box of 216 3-site water molecules in the experimental 
 COOR>REMARKS * geometry.  It was constructed from an equilibrated 
 COOR>REMARKS * configuration of TIP3P (3-site water model of Jorgenson) 
 COOR>REMARKS * waters at 1 atm pressure and a density of 0.0334 molecules/A**-3. 
 COOR>REMARKS * The box edgelength is 18.856 A.  The minimum image periodic 
 COOR>REMARKS * boundary energy for this configuration using the TIP3P 
 COOR>REMARKS * potentials is -2150.6833 kcal/mol. 
 COOR>REMARKS 
 COOR>ATOM      1 OH2  WAT     1       2.531   0.596  -2.477        0.000 
 COOR>ATOM      2 H1   WAT     1       2.620   1.540  -2.609        0.000 
 CNSsolve>      do (segid=W000) (segid "    ") 
 Assuming literal string "W000"
 SELRPN:    648 atoms have been selected out of   5942
 CNSsolve>      coor sele=(segid W000) translate vector = ($xtrans $ytrans $ztrans) end 
 SELRPN:    648 atoms have been selected out of   5942
 COOR: using atom subset.
 COOR: translation vector =(     2.178000   37.689000  -12.786000 )
 COOR: selected coordinates translated
 CNSsolve> 
 CNSsolve>      ! all new water oxygens 
 CNSsolve>      ident (store1) (segid W000 and name oh2) 
 SELRPN:    216 atoms have been selected out of   5942
 CNSsolve>      ! all new water oxygens close to a protein heavy atom 
 CNSsolve>      ident (store2) (store1 and (not (resn WAT or resn HOH or resn TIP* or resn ANI or resn DAN or resn XAN or resn DUM or resn SHA or hydro)) around $pw_dist) 
 SELRPN:      0 atoms have been selected out of   5942
 CNSsolve>      ! all new water oxygens close to old water oxygens 
 CNSsolve>      ident (store3) (store1 and (segid wat# and not hydro) around $water_diam) 
 SELRPN:      0 atoms have been selected out of   5942
 CNSsolve>      ! all new water oxygens further than thickness away from a protein heavy atom 
 CNSsolve>      ident (store4) (store1 and not (not (resn WAT or resn HOH or resn TIP* or resn ANI or resn DAN or resn XAN or resn DUM or resn SHA or hydro)) around $thickness) 
 SELRPN:    207 atoms have been selected out of   5942
 CNSsolve>      delete sele= (byres (store2 or store3 or store4)) end 
 SELRPN:    621 atoms have been selected out of   5942
 Status of internal molecular topology database:
 -> NATOM=       5321(MAXA=     1000000)  NBOND=       4213(MAXB=     1000000)
 -> NTHETA=      4400(MAXT=     2000000)  NGRP=        1752(MAXGRP=   1000000)
 -> NPHI=          22(MAXP=     2000000)  NIMPHI=      1110(MAXIMP=   1000000)
 -> NNB=          150(MAXNB=    1000000) 
 CNSsolve> 
 CNSsolve> 
 CNSsolve>      ! give waters unique segid name 
 CNSsolve>      eval ($segid= "W" 
 Expression=             + encode($xcount) + encode($ycount) + encode($zcount)) 
 EVALUATE: symbol $SEGID set to "W341" (string)
 CNSsolve>      do (segid = $segid) (segid W000) 
 SELRPN:     27 atoms have been selected out of   5321
 CNSsolve> 
 CNSsolve>    end loop wat3 
 CNSsolve>    while ($ztrans < $zmtran) loop wat3 
 NEXTCD: condition evaluated as true
 CNSsolve>      eval ($zcount=$zcount+1) 
 EVALUATE: symbol $ZCOUNT set to    2.00000     (real)
 CNSsolve>      eval ($ztrans = $ztrans + $boxlength) 
 EVALUATE: symbol $ZTRANS set to    6.07000     (real)
 CNSsolve> 
 CNSsolve> 
 CNSsolve>      segment 
 SEGMENT>        name="    " 
 SEGMENT>        chain 
 CHAIN>          coordinates @@RUN:protocols/boxtyp20.pdb 
 ASSFIL: file boxtyp20.pdb opened.
 COOR>REMARKS *****  CHARMM water box from Charlie Brooks. ******** 
 COOR>REMARKS * This is a box of 216 3-site water molecules in the experimental 
 COOR>REMARKS * geometry.  It was constructed from an equilibrated 
 COOR>REMARKS * configuration of TIP3P (3-site water model of Jorgenson) 
 COOR>REMARKS * waters at 1 atm pressure and a density of 0.0334 molecules/A**-3. 
 COOR>REMARKS * The box edgelength is 18.856 A.  The minimum image periodic 
 COOR>REMARKS * boundary energy for this configuration using the TIP3P 
 COOR>REMARKS * potentials is -2150.6833 kcal/mol. 
 COOR>REMARKS 
 COOR>ATOM      1 OH2  WAT     1       2.531   0.596  -2.477        0.000 
 SEGMNT-info: chain termination due to END keyword.   216 residues were inserted into segid "    "
 CHAIN>        end 
 SEGMENT>      end 
 Status of internal molecular topology database:
 -> NATOM=       5969(MAXA=     1000000)  NBOND=       4645(MAXB=     1000000)
 -> NTHETA=      4616(MAXT=     2000000)  NGRP=        1968(MAXGRP=   1000000)
 -> NPHI=          22(MAXP=     2000000)  NIMPHI=      1110(MAXIMP=   1000000)
 -> NNB=          150(MAXNB=    1000000) 
 CNSsolve>      coor @@RUN:protocols/boxtyp20.pdb 
 ASSFIL: file boxtyp20.pdb opened.
 COOR>REMARKS *****  CHARMM water box from Charlie Brooks. ******** 
 COOR>REMARKS * This is a box of 216 3-site water molecules in the experimental 
 COOR>REMARKS * geometry.  It was constructed from an equilibrated 
 COOR>REMARKS * configuration of TIP3P (3-site water model of Jorgenson) 
 COOR>REMARKS * waters at 1 atm pressure and a density of 0.0334 molecules/A**-3. 
 COOR>REMARKS * The box edgelength is 18.856 A.  The minimum image periodic 
 COOR>REMARKS * boundary energy for this configuration using the TIP3P 
 COOR>REMARKS * potentials is -2150.6833 kcal/mol. 
 COOR>REMARKS 
 COOR>ATOM      1 OH2  WAT     1       2.531   0.596  -2.477        0.000 
 COOR>ATOM      2 H1   WAT     1       2.620   1.540  -2.609        0.000 
 CNSsolve>      do (segid=W000) (segid "    ") 
 Assuming literal string "W000"
 SELRPN:    648 atoms have been selected out of   5969
 CNSsolve>      coor sele=(segid W000) translate vector = ($xtrans $ytrans $ztrans) end 
 SELRPN:    648 atoms have been selected out of   5969
 COOR: using atom subset.
 COOR: translation vector =(     2.178000   37.689000    6.070000 )
 COOR: selected coordinates translated
 CNSsolve> 
 CNSsolve>      ! all new water oxygens 
 CNSsolve>      ident (store1) (segid W000 and name oh2) 
 SELRPN:    216 atoms have been selected out of   5969
 CNSsolve>      ! all new water oxygens close to a protein heavy atom 
 CNSsolve>      ident (store2) (store1 and (not (resn WAT or resn HOH or resn TIP* or resn ANI or resn DAN or resn XAN or resn DUM or resn SHA or hydro)) around $pw_dist) 
 SELRPN:      0 atoms have been selected out of   5969
 CNSsolve>      ! all new water oxygens close to old water oxygens 
 CNSsolve>      ident (store3) (store1 and (segid wat# and not hydro) around $water_diam) 
 SELRPN:      0 atoms have been selected out of   5969
 CNSsolve>      ! all new water oxygens further than thickness away from a protein heavy atom 
 CNSsolve>      ident (store4) (store1 and not (not (resn WAT or resn HOH or resn TIP* or resn ANI or resn DAN or resn XAN or resn DUM or resn SHA or hydro)) around $thickness) 
 SELRPN:    198 atoms have been selected out of   5969
 CNSsolve>      delete sele= (byres (store2 or store3 or store4)) end 
 SELRPN:    594 atoms have been selected out of   5969
 Status of internal molecular topology database:
 -> NATOM=       5375(MAXA=     1000000)  NBOND=       4249(MAXB=     1000000)
 -> NTHETA=      4418(MAXT=     2000000)  NGRP=        1770(MAXGRP=   1000000)
 -> NPHI=          22(MAXP=     2000000)  NIMPHI=      1110(MAXIMP=   1000000)
 -> NNB=          150(MAXNB=    1000000) 
 CNSsolve> 
 CNSsolve> 
 CNSsolve>      ! give waters unique segid name 
 CNSsolve>      eval ($segid= "W" 
 Expression=             + encode($xcount) + encode($ycount) + encode($zcount)) 
 EVALUATE: symbol $SEGID set to "W342" (string)
 CNSsolve>      do (segid = $segid) (segid W000) 
 SELRPN:     54 atoms have been selected out of   5375
 CNSsolve> 
 CNSsolve>    end loop wat3 
 CNSsolve>    while ($ztrans < $zmtran) loop wat3 
 NEXTCD: condition evaluated as true
 CNSsolve>      eval ($zcount=$zcount+1) 
 EVALUATE: symbol $ZCOUNT set to    3.00000     (real)
 CNSsolve>      eval ($ztrans = $ztrans + $boxlength) 
 EVALUATE: symbol $ZTRANS set to    24.9260     (real)
 CNSsolve> 
 CNSsolve> 
 CNSsolve>      segment 
 SEGMENT>        name="    " 
 SEGMENT>        chain 
 CHAIN>          coordinates @@RUN:protocols/boxtyp20.pdb 
 ASSFIL: file boxtyp20.pdb opened.
 COOR>REMARKS *****  CHARMM water box from Charlie Brooks. ******** 
 COOR>REMARKS * This is a box of 216 3-site water molecules in the experimental 
 COOR>REMARKS * geometry.  It was constructed from an equilibrated 
 COOR>REMARKS * configuration of TIP3P (3-site water model of Jorgenson) 
 COOR>REMARKS * waters at 1 atm pressure and a density of 0.0334 molecules/A**-3. 
 COOR>REMARKS * The box edgelength is 18.856 A.  The minimum image periodic 
 COOR>REMARKS * boundary energy for this configuration using the TIP3P 
 COOR>REMARKS * potentials is -2150.6833 kcal/mol. 
 COOR>REMARKS 
 COOR>ATOM      1 OH2  WAT     1       2.531   0.596  -2.477        0.000 
 SEGMNT-info: chain termination due to END keyword.   216 residues were inserted into segid "    "
 CHAIN>        end 
 SEGMENT>      end 
 Status of internal molecular topology database:
 -> NATOM=       6023(MAXA=     1000000)  NBOND=       4681(MAXB=     1000000)
 -> NTHETA=      4634(MAXT=     2000000)  NGRP=        1986(MAXGRP=   1000000)
 -> NPHI=          22(MAXP=     2000000)  NIMPHI=      1110(MAXIMP=   1000000)
 -> NNB=          150(MAXNB=    1000000) 
 CNSsolve>      coor @@RUN:protocols/boxtyp20.pdb 
 ASSFIL: file boxtyp20.pdb opened.
 COOR>REMARKS *****  CHARMM water box from Charlie Brooks. ******** 
 COOR>REMARKS * This is a box of 216 3-site water molecules in the experimental 
 COOR>REMARKS * geometry.  It was constructed from an equilibrated 
 COOR>REMARKS * configuration of TIP3P (3-site water model of Jorgenson) 
 COOR>REMARKS * waters at 1 atm pressure and a density of 0.0334 molecules/A**-3. 
 COOR>REMARKS * The box edgelength is 18.856 A.  The minimum image periodic 
 COOR>REMARKS * boundary energy for this configuration using the TIP3P 
 COOR>REMARKS * potentials is -2150.6833 kcal/mol. 
 COOR>REMARKS 
 COOR>ATOM      1 OH2  WAT     1       2.531   0.596  -2.477        0.000 
 COOR>ATOM      2 H1   WAT     1       2.620   1.540  -2.609        0.000 
 CNSsolve>      do (segid=W000) (segid "    ") 
 Assuming literal string "W000"
 SELRPN:    648 atoms have been selected out of   6023
 CNSsolve>      coor sele=(segid W000) translate vector = ($xtrans $ytrans $ztrans) end 
 SELRPN:    648 atoms have been selected out of   6023
 COOR: using atom subset.
 COOR: translation vector =(     2.178000   37.689000   24.926000 )
 COOR: selected coordinates translated
 CNSsolve> 
 CNSsolve>      ! all new water oxygens 
 CNSsolve>      ident (store1) (segid W000 and name oh2) 
 SELRPN:    216 atoms have been selected out of   6023
 CNSsolve>      ! all new water oxygens close to a protein heavy atom 
 CNSsolve>      ident (store2) (store1 and (not (resn WAT or resn HOH or resn TIP* or resn ANI or resn DAN or resn XAN or resn DUM or resn SHA or hydro)) around $pw_dist) 
 SELRPN:      0 atoms have been selected out of   6023
 CNSsolve>      ! all new water oxygens close to old water oxygens 
 CNSsolve>      ident (store3) (store1 and (segid wat# and not hydro) around $water_diam) 
 SELRPN:      0 atoms have been selected out of   6023
 CNSsolve>      ! all new water oxygens further than thickness away from a protein heavy atom 
 CNSsolve>      ident (store4) (store1 and not (not (resn WAT or resn HOH or resn TIP* or resn ANI or resn DAN or resn XAN or resn DUM or resn SHA or hydro)) around $thickness) 
 SELRPN:    216 atoms have been selected out of   6023
 CNSsolve>      delete sele= (byres (store2 or store3 or store4)) end 
 SELRPN:    648 atoms have been selected out of   6023
 Status of internal molecular topology database:
 -> NATOM=       5375(MAXA=     1000000)  NBOND=       4249(MAXB=     1000000)
 -> NTHETA=      4418(MAXT=     2000000)  NGRP=        1770(MAXGRP=   1000000)
 -> NPHI=          22(MAXP=     2000000)  NIMPHI=      1110(MAXIMP=   1000000)
 -> NNB=          150(MAXNB=    1000000) 
 CNSsolve> 
 CNSsolve> 
 CNSsolve>      ! give waters unique segid name 
 CNSsolve>      eval ($segid= "W" 
 Expression=             + encode($xcount) + encode($ycount) + encode($zcount)) 
 EVALUATE: symbol $SEGID set to "W343" (string)
 CNSsolve>      do (segid = $segid) (segid W000) 
 SELRPN:      0 atoms have been selected out of   5375
 CNSsolve> 
 CNSsolve>    end loop wat3 
 CNSsolve>    while ($ztrans < $zmtran) loop wat3 
 NEXTCD: condition evaluated as false
 CNSsolve>      eval ($zcount=$zcount+1) 
 CNSsolve>      eval ($ztrans = $ztrans + $boxlength) 
 CNSsolve> 
 CNSsolve> 
 CNSsolve>      segment 
 CNSsolve>        name="    " 
 CNSsolve>        chain 
 CNSsolve>          coordinates @@RUN:protocols/boxtyp20.pdb 
 CNSsolve>        end 
 CNSsolve>      end 
 CNSsolve>      coor @@RUN:protocols/boxtyp20.pdb 
 CNSsolve>      do (segid=W000) (segid "    ") 
 CNSsolve>      coor sele=(segid W000) translate vector = ($xtrans $ytrans $ztrans) end 
 CNSsolve> 
 CNSsolve>      ! all new water oxygens 
 CNSsolve>      ident (store1) (segid W000 and name oh2) 
 CNSsolve>      ! all new water oxygens close to a protein heavy atom 
 CNSsolve>      ident (store2) (store1 and (not (resn WAT or resn HOH or resn TIP* or resn ANI or resn DAN or resn XAN or resn DUM or resn SHA or hydro)) around $pw_dist) 
 CNSsolve>      ! all new water oxygens close to old water oxygens 
 CNSsolve>      ident (store3) (store1 and (segid wat# and not hydro) around $water_diam) 
 CNSsolve>      ! all new water oxygens further than thickness away from a protein heavy atom 
 CNSsolve>      ident (store4) (store1 and not (not (resn WAT or resn HOH or resn TIP* or resn ANI or resn DAN or resn XAN or resn DUM or resn SHA or hydro)) around $thickness) 
 CNSsolve>      delete sele= (byres (store2 or store3 or store4)) end 
 CNSsolve> 
 CNSsolve> 
 CNSsolve>      ! give waters unique segid name 
 CNSsolve>      eval ($segid= "W" 
 CNSsolve>             + encode($xcount) + encode($ycount) + encode($zcount)) 
 CNSsolve>      do (segid = $segid) (segid W000) 
 CNSsolve> 
 CNSsolve>    end loop wat3 
 CNSsolve>  end loop wat2 
 CNSsolve>  while ($ytrans < $ymtran) loop wat2 
 NEXTCD: condition evaluated as false
 CNSsolve>    eval ($ycount=$ycount+1) 
 CNSsolve>    eval ($ytrans = $ytrans + $boxlength) 
 CNSsolve> 
 CNSsolve>    eval ($zcount=0) 
 CNSsolve>    eval ($ztrans = $zmin - $thickness - $water_diam - $boxlength/2 ) 
 CNSsolve>    while ($ztrans < $zmtran) loop wat3 
 CNSsolve>      eval ($zcount=$zcount+1) 
 CNSsolve>      eval ($ztrans = $ztrans + $boxlength) 
 CNSsolve> 
 CNSsolve> 
 CNSsolve>      segment 
 CNSsolve>        name="    " 
 CNSsolve>        chain 
 CNSsolve>          coordinates @@RUN:protocols/boxtyp20.pdb 
 CNSsolve>        end 
 CNSsolve>      end 
 CNSsolve>      coor @@RUN:protocols/boxtyp20.pdb 
 CNSsolve>      do (segid=W000) (segid "    ") 
 CNSsolve>      coor sele=(segid W000) translate vector = ($xtrans $ytrans $ztrans) end 
 CNSsolve> 
 CNSsolve>      ! all new water oxygens 
 CNSsolve>      ident (store1) (segid W000 and name oh2) 
 CNSsolve>      ! all new water oxygens close to a protein heavy atom 
 CNSsolve>      ident (store2) (store1 and (not (resn WAT or resn HOH or resn TIP* or resn ANI or resn DAN or resn XAN or resn DUM or resn SHA or hydro)) around $pw_dist) 
 CNSsolve>      ! all new water oxygens close to old water oxygens 
 CNSsolve>      ident (store3) (store1 and (segid wat# and not hydro) around $water_diam) 
 CNSsolve>      ! all new water oxygens further than thickness away from a protein heavy atom 
 CNSsolve>      ident (store4) (store1 and not (not (resn WAT or resn HOH or resn TIP* or resn ANI or resn DAN or resn XAN or resn DUM or resn SHA or hydro)) around $thickness) 
 CNSsolve>      delete sele= (byres (store2 or store3 or store4)) end 
 CNSsolve> 
 CNSsolve> 
 CNSsolve>      ! give waters unique segid name 
 CNSsolve>      eval ($segid= "W" 
 CNSsolve>             + encode($xcount) + encode($ycount) + encode($zcount)) 
 CNSsolve>      do (segid = $segid) (segid W000) 
 CNSsolve> 
 CNSsolve>    end loop wat3 
 CNSsolve>  end loop wat2 
 CNSsolve>end loop wat1 
 CNSsolve>while ($xtrans < $xmtran) loop wat1 
 NEXTCD: condition evaluated as true
 CNSsolve>  eval ($xcount=$xcount+1) 
 EVALUATE: symbol $XCOUNT set to    4.00000     (real)
 CNSsolve>  eval ($xtrans = $xtrans + $boxlength) 
 EVALUATE: symbol $XTRANS set to    21.0340     (real)
 CNSsolve> 
 CNSsolve>  eval ($ycount=0) 
 EVALUATE: symbol $YCOUNT set to    0.00000     (real)
 CNSsolve>  eval ($ytrans = $ymin - $thickness - $water_diam - $boxlength/2 ) 
 EVALUATE: symbol $YTRANS set to   -37.7350     (real)
 CNSsolve>  while ($ytrans < $ymtran) loop wat2 
 NEXTCD: condition evaluated as true
 CNSsolve>    eval ($ycount=$ycount+1) 
 EVALUATE: symbol $YCOUNT set to    1.00000     (real)
 CNSsolve>    eval ($ytrans = $ytrans + $boxlength) 
 EVALUATE: symbol $YTRANS set to   -18.8790     (real)
 CNSsolve> 
 CNSsolve>    eval ($zcount=0) 
 EVALUATE: symbol $ZCOUNT set to    0.00000     (real)
 CNSsolve>    eval ($ztrans = $zmin - $thickness - $water_diam - $boxlength/2 ) 
 EVALUATE: symbol $ZTRANS set to   -31.6420     (real)
 CNSsolve>    while ($ztrans < $zmtran) loop wat3 
 NEXTCD: condition evaluated as true
 CNSsolve>      eval ($zcount=$zcount+1) 
 EVALUATE: symbol $ZCOUNT set to    1.00000     (real)
 CNSsolve>      eval ($ztrans = $ztrans + $boxlength) 
 EVALUATE: symbol $ZTRANS set to   -12.7860     (real)
 CNSsolve> 
 CNSsolve> 
 CNSsolve>      segment 
 SEGMENT>        name="    " 
 SEGMENT>        chain 
 CHAIN>          coordinates @@RUN:protocols/boxtyp20.pdb 
 ASSFIL: file boxtyp20.pdb opened.
 COOR>REMARKS *****  CHARMM water box from Charlie Brooks. ******** 
 COOR>REMARKS * This is a box of 216 3-site water molecules in the experimental 
 COOR>REMARKS * geometry.  It was constructed from an equilibrated 
 COOR>REMARKS * configuration of TIP3P (3-site water model of Jorgenson) 
 COOR>REMARKS * waters at 1 atm pressure and a density of 0.0334 molecules/A**-3. 
 COOR>REMARKS * The box edgelength is 18.856 A.  The minimum image periodic 
 COOR>REMARKS * boundary energy for this configuration using the TIP3P 
 COOR>REMARKS * potentials is -2150.6833 kcal/mol. 
 COOR>REMARKS 
 COOR>ATOM      1 OH2  WAT     1       2.531   0.596  -2.477        0.000 
 SEGMNT-info: chain termination due to END keyword.   216 residues were inserted into segid "    "
 CHAIN>        end 
 SEGMENT>      end 
 Status of internal molecular topology database:
 -> NATOM=       6023(MAXA=     1000000)  NBOND=       4681(MAXB=     1000000)
 -> NTHETA=      4634(MAXT=     2000000)  NGRP=        1986(MAXGRP=   1000000)
 -> NPHI=          22(MAXP=     2000000)  NIMPHI=      1110(MAXIMP=   1000000)
 -> NNB=          150(MAXNB=    1000000) 
 CNSsolve>      coor @@RUN:protocols/boxtyp20.pdb 
 ASSFIL: file boxtyp20.pdb opened.
 COOR>REMARKS *****  CHARMM water box from Charlie Brooks. ******** 
 COOR>REMARKS * This is a box of 216 3-site water molecules in the experimental 
 COOR>REMARKS * geometry.  It was constructed from an equilibrated 
 COOR>REMARKS * configuration of TIP3P (3-site water model of Jorgenson) 
 COOR>REMARKS * waters at 1 atm pressure and a density of 0.0334 molecules/A**-3. 
 COOR>REMARKS * The box edgelength is 18.856 A.  The minimum image periodic 
 COOR>REMARKS * boundary energy for this configuration using the TIP3P 
 COOR>REMARKS * potentials is -2150.6833 kcal/mol. 
 COOR>REMARKS 
 COOR>ATOM      1 OH2  WAT     1       2.531   0.596  -2.477        0.000 
 COOR>ATOM      2 H1   WAT     1       2.620   1.540  -2.609        0.000 
 CNSsolve>      do (segid=W000) (segid "    ") 
 Assuming literal string "W000"
 SELRPN:    648 atoms have been selected out of   6023
 CNSsolve>      coor sele=(segid W000) translate vector = ($xtrans $ytrans $ztrans) end 
 SELRPN:    648 atoms have been selected out of   6023
 COOR: using atom subset.
 COOR: translation vector =(    21.034000  -18.879000  -12.786000 )
 COOR: selected coordinates translated
 CNSsolve> 
 CNSsolve>      ! all new water oxygens 
 CNSsolve>      ident (store1) (segid W000 and name oh2) 
 SELRPN:    216 atoms have been selected out of   6023
 CNSsolve>      ! all new water oxygens close to a protein heavy atom 
 CNSsolve>      ident (store2) (store1 and (not (resn WAT or resn HOH or resn TIP* or resn ANI or resn DAN or resn XAN or resn DUM or resn SHA or hydro)) around $pw_dist) 
 SELRPN:     10 atoms have been selected out of   6023
 CNSsolve>      ! all new water oxygens close to old water oxygens 
 CNSsolve>      ident (store3) (store1 and (segid wat# and not hydro) around $water_diam) 
 SELRPN:      0 atoms have been selected out of   6023
 CNSsolve>      ! all new water oxygens further than thickness away from a protein heavy atom 
 CNSsolve>      ident (store4) (store1 and not (not (resn WAT or resn HOH or resn TIP* or resn ANI or resn DAN or resn XAN or resn DUM or resn SHA or hydro)) around $thickness) 
 SELRPN:    141 atoms have been selected out of   6023
 CNSsolve>      delete sele= (byres (store2 or store3 or store4)) end 
 SELRPN:    453 atoms have been selected out of   6023
 Status of internal molecular topology database:
 -> NATOM=       5570(MAXA=     1000000)  NBOND=       4379(MAXB=     1000000)
 -> NTHETA=      4483(MAXT=     2000000)  NGRP=        1835(MAXGRP=   1000000)
 -> NPHI=          22(MAXP=     2000000)  NIMPHI=      1110(MAXIMP=   1000000)
 -> NNB=          150(MAXNB=    1000000) 
 CNSsolve> 
 CNSsolve> 
 CNSsolve>      ! give waters unique segid name 
 CNSsolve>      eval ($segid= "W" 
 Expression=             + encode($xcount) + encode($ycount) + encode($zcount)) 
 EVALUATE: symbol $SEGID set to "W411" (string)
 CNSsolve>      do (segid = $segid) (segid W000) 
 SELRPN:    195 atoms have been selected out of   5570
 CNSsolve> 
 CNSsolve>    end loop wat3 
 CNSsolve>    while ($ztrans < $zmtran) loop wat3 
 NEXTCD: condition evaluated as true
 CNSsolve>      eval ($zcount=$zcount+1) 
 EVALUATE: symbol $ZCOUNT set to    2.00000     (real)
 CNSsolve>      eval ($ztrans = $ztrans + $boxlength) 
 EVALUATE: symbol $ZTRANS set to    6.07000     (real)
 CNSsolve> 
 CNSsolve> 
 CNSsolve>      segment 
 SEGMENT>        name="    " 
 SEGMENT>        chain 
 CHAIN>          coordinates @@RUN:protocols/boxtyp20.pdb 
 ASSFIL: file boxtyp20.pdb opened.
 COOR>REMARKS *****  CHARMM water box from Charlie Brooks. ******** 
 COOR>REMARKS * This is a box of 216 3-site water molecules in the experimental 
 COOR>REMARKS * geometry.  It was constructed from an equilibrated 
 COOR>REMARKS * configuration of TIP3P (3-site water model of Jorgenson) 
 COOR>REMARKS * waters at 1 atm pressure and a density of 0.0334 molecules/A**-3. 
 COOR>REMARKS * The box edgelength is 18.856 A.  The minimum image periodic 
 COOR>REMARKS * boundary energy for this configuration using the TIP3P 
 COOR>REMARKS * potentials is -2150.6833 kcal/mol. 
 COOR>REMARKS 
 COOR>ATOM      1 OH2  WAT     1       2.531   0.596  -2.477        0.000 
 SEGMNT-info: chain termination due to END keyword.   216 residues were inserted into segid "    "
 CHAIN>        end 
 SEGMENT>      end 
 Status of internal molecular topology database:
 -> NATOM=       6218(MAXA=     1000000)  NBOND=       4811(MAXB=     1000000)
 -> NTHETA=      4699(MAXT=     2000000)  NGRP=        2051(MAXGRP=   1000000)
 -> NPHI=          22(MAXP=     2000000)  NIMPHI=      1110(MAXIMP=   1000000)
 -> NNB=          150(MAXNB=    1000000) 
 CNSsolve>      coor @@RUN:protocols/boxtyp20.pdb 
 ASSFIL: file boxtyp20.pdb opened.
 COOR>REMARKS *****  CHARMM water box from Charlie Brooks. ******** 
 COOR>REMARKS * This is a box of 216 3-site water molecules in the experimental 
 COOR>REMARKS * geometry.  It was constructed from an equilibrated 
 COOR>REMARKS * configuration of TIP3P (3-site water model of Jorgenson) 
 COOR>REMARKS * waters at 1 atm pressure and a density of 0.0334 molecules/A**-3. 
 COOR>REMARKS * The box edgelength is 18.856 A.  The minimum image periodic 
 COOR>REMARKS * boundary energy for this configuration using the TIP3P 
 COOR>REMARKS * potentials is -2150.6833 kcal/mol. 
 COOR>REMARKS 
 COOR>ATOM      1 OH2  WAT     1       2.531   0.596  -2.477        0.000 
 COOR>ATOM      2 H1   WAT     1       2.620   1.540  -2.609        0.000 
 CNSsolve>      do (segid=W000) (segid "    ") 
 Assuming literal string "W000"
 SELRPN:    648 atoms have been selected out of   6218
 CNSsolve>      coor sele=(segid W000) translate vector = ($xtrans $ytrans $ztrans) end 
 SELRPN:    648 atoms have been selected out of   6218
 COOR: using atom subset.
 COOR: translation vector =(    21.034000  -18.879000    6.070000 )
 COOR: selected coordinates translated
 CNSsolve> 
 CNSsolve>      ! all new water oxygens 
 CNSsolve>      ident (store1) (segid W000 and name oh2) 
 SELRPN:    216 atoms have been selected out of   6218
 CNSsolve>      ! all new water oxygens close to a protein heavy atom 
 CNSsolve>      ident (store2) (store1 and (not (resn WAT or resn HOH or resn TIP* or resn ANI or resn DAN or resn XAN or resn DUM or resn SHA or hydro)) around $pw_dist) 
 SELRPN:     35 atoms have been selected out of   6218
 CNSsolve>      ! all new water oxygens close to old water oxygens 
 CNSsolve>      ident (store3) (store1 and (segid wat# and not hydro) around $water_diam) 
 SELRPN:      0 atoms have been selected out of   6218
 CNSsolve>      ! all new water oxygens further than thickness away from a protein heavy atom 
 CNSsolve>      ident (store4) (store1 and not (not (resn WAT or resn HOH or resn TIP* or resn ANI or resn DAN or resn XAN or resn DUM or resn SHA or hydro)) around $thickness) 
 SELRPN:     90 atoms have been selected out of   6218
 CNSsolve>      delete sele= (byres (store2 or store3 or store4)) end 
 SELRPN:    375 atoms have been selected out of   6218
 Status of internal molecular topology database:
 -> NATOM=       5843(MAXA=     1000000)  NBOND=       4561(MAXB=     1000000)
 -> NTHETA=      4574(MAXT=     2000000)  NGRP=        1926(MAXGRP=   1000000)
 -> NPHI=          22(MAXP=     2000000)  NIMPHI=      1110(MAXIMP=   1000000)
 -> NNB=          150(MAXNB=    1000000) 
 CNSsolve> 
 CNSsolve> 
 CNSsolve>      ! give waters unique segid name 
 CNSsolve>      eval ($segid= "W" 
 Expression=             + encode($xcount) + encode($ycount) + encode($zcount)) 
 EVALUATE: symbol $SEGID set to "W412" (string)
 CNSsolve>      do (segid = $segid) (segid W000) 
 SELRPN:    273 atoms have been selected out of   5843
 CNSsolve> 
 CNSsolve>    end loop wat3 
 CNSsolve>    while ($ztrans < $zmtran) loop wat3 
 NEXTCD: condition evaluated as true
 CNSsolve>      eval ($zcount=$zcount+1) 
 EVALUATE: symbol $ZCOUNT set to    3.00000     (real)
 CNSsolve>      eval ($ztrans = $ztrans + $boxlength) 
 EVALUATE: symbol $ZTRANS set to    24.9260     (real)
 CNSsolve> 
 CNSsolve> 
 CNSsolve>      segment 
 SEGMENT>        name="    " 
 SEGMENT>        chain 
 CHAIN>          coordinates @@RUN:protocols/boxtyp20.pdb 
 ASSFIL: file boxtyp20.pdb opened.
 COOR>REMARKS *****  CHARMM water box from Charlie Brooks. ******** 
 COOR>REMARKS * This is a box of 216 3-site water molecules in the experimental 
 COOR>REMARKS * geometry.  It was constructed from an equilibrated 
 COOR>REMARKS * configuration of TIP3P (3-site water model of Jorgenson) 
 COOR>REMARKS * waters at 1 atm pressure and a density of 0.0334 molecules/A**-3. 
 COOR>REMARKS * The box edgelength is 18.856 A.  The minimum image periodic 
 COOR>REMARKS * boundary energy for this configuration using the TIP3P 
 COOR>REMARKS * potentials is -2150.6833 kcal/mol. 
 COOR>REMARKS 
 COOR>ATOM      1 OH2  WAT     1       2.531   0.596  -2.477        0.000 
 SEGMNT-info: chain termination due to END keyword.   216 residues were inserted into segid "    "
 CHAIN>        end 
 SEGMENT>      end 
 Status of internal molecular topology database:
 -> NATOM=       6491(MAXA=     1000000)  NBOND=       4993(MAXB=     1000000)
 -> NTHETA=      4790(MAXT=     2000000)  NGRP=        2142(MAXGRP=   1000000)
 -> NPHI=          22(MAXP=     2000000)  NIMPHI=      1110(MAXIMP=   1000000)
 -> NNB=          150(MAXNB=    1000000) 
 CNSsolve>      coor @@RUN:protocols/boxtyp20.pdb 
 ASSFIL: file boxtyp20.pdb opened.
 COOR>REMARKS *****  CHARMM water box from Charlie Brooks. ******** 
 COOR>REMARKS * This is a box of 216 3-site water molecules in the experimental 
 COOR>REMARKS * geometry.  It was constructed from an equilibrated 
 COOR>REMARKS * configuration of TIP3P (3-site water model of Jorgenson) 
 COOR>REMARKS * waters at 1 atm pressure and a density of 0.0334 molecules/A**-3. 
 COOR>REMARKS * The box edgelength is 18.856 A.  The minimum image periodic 
 COOR>REMARKS * boundary energy for this configuration using the TIP3P 
 COOR>REMARKS * potentials is -2150.6833 kcal/mol. 
 COOR>REMARKS 
 COOR>ATOM      1 OH2  WAT     1       2.531   0.596  -2.477        0.000 
 COOR>ATOM      2 H1   WAT     1       2.620   1.540  -2.609        0.000 
 CNSsolve>      do (segid=W000) (segid "    ") 
 Assuming literal string "W000"
 SELRPN:    648 atoms have been selected out of   6491
 CNSsolve>      coor sele=(segid W000) translate vector = ($xtrans $ytrans $ztrans) end 
 SELRPN:    648 atoms have been selected out of   6491
 COOR: using atom subset.
 COOR: translation vector =(    21.034000  -18.879000   24.926000 )
 COOR: selected coordinates translated
 CNSsolve> 
 CNSsolve>      ! all new water oxygens 
 CNSsolve>      ident (store1) (segid W000 and name oh2) 
 SELRPN:    216 atoms have been selected out of   6491
 CNSsolve>      ! all new water oxygens close to a protein heavy atom 
 CNSsolve>      ident (store2) (store1 and (not (resn WAT or resn HOH or resn TIP* or resn ANI or resn DAN or resn XAN or resn DUM or resn SHA or hydro)) around $pw_dist) 
 SELRPN:      0 atoms have been selected out of   6491
 CNSsolve>      ! all new water oxygens close to old water oxygens 
 CNSsolve>      ident (store3) (store1 and (segid wat# and not hydro) around $water_diam) 
 SELRPN:      0 atoms have been selected out of   6491
 CNSsolve>      ! all new water oxygens further than thickness away from a protein heavy atom 
 CNSsolve>      ident (store4) (store1 and not (not (resn WAT or resn HOH or resn TIP* or resn ANI or resn DAN or resn XAN or resn DUM or resn SHA or hydro)) around $thickness) 
 SELRPN:    215 atoms have been selected out of   6491
 CNSsolve>      delete sele= (byres (store2 or store3 or store4)) end 
 SELRPN:    645 atoms have been selected out of   6491
 Status of internal molecular topology database:
 -> NATOM=       5846(MAXA=     1000000)  NBOND=       4563(MAXB=     1000000)
 -> NTHETA=      4575(MAXT=     2000000)  NGRP=        1927(MAXGRP=   1000000)
 -> NPHI=          22(MAXP=     2000000)  NIMPHI=      1110(MAXIMP=   1000000)
 -> NNB=          150(MAXNB=    1000000) 
 CNSsolve> 
 CNSsolve> 
 CNSsolve>      ! give waters unique segid name 
 CNSsolve>      eval ($segid= "W" 
 Expression=             + encode($xcount) + encode($ycount) + encode($zcount)) 
 EVALUATE: symbol $SEGID set to "W413" (string)
 CNSsolve>      do (segid = $segid) (segid W000) 
 SELRPN:      3 atoms have been selected out of   5846
 CNSsolve> 
 CNSsolve>    end loop wat3 
 CNSsolve>    while ($ztrans < $zmtran) loop wat3 
 NEXTCD: condition evaluated as false
 CNSsolve>      eval ($zcount=$zcount+1) 
 CNSsolve>      eval ($ztrans = $ztrans + $boxlength) 
 CNSsolve> 
 CNSsolve> 
 CNSsolve>      segment 
 CNSsolve>        name="    " 
 CNSsolve>        chain 
 CNSsolve>          coordinates @@RUN:protocols/boxtyp20.pdb 
 CNSsolve>        end 
 CNSsolve>      end 
 CNSsolve>      coor @@RUN:protocols/boxtyp20.pdb 
 CNSsolve>      do (segid=W000) (segid "    ") 
 CNSsolve>      coor sele=(segid W000) translate vector = ($xtrans $ytrans $ztrans) end 
 CNSsolve> 
 CNSsolve>      ! all new water oxygens 
 CNSsolve>      ident (store1) (segid W000 and name oh2) 
 CNSsolve>      ! all new water oxygens close to a protein heavy atom 
 CNSsolve>      ident (store2) (store1 and (not (resn WAT or resn HOH or resn TIP* or resn ANI or resn DAN or resn XAN or resn DUM or resn SHA or hydro)) around $pw_dist) 
 CNSsolve>      ! all new water oxygens close to old water oxygens 
 CNSsolve>      ident (store3) (store1 and (segid wat# and not hydro) around $water_diam) 
 CNSsolve>      ! all new water oxygens further than thickness away from a protein heavy atom 
 CNSsolve>      ident (store4) (store1 and not (not (resn WAT or resn HOH or resn TIP* or resn ANI or resn DAN or resn XAN or resn DUM or resn SHA or hydro)) around $thickness) 
 CNSsolve>      delete sele= (byres (store2 or store3 or store4)) end 
 CNSsolve> 
 CNSsolve> 
 CNSsolve>      ! give waters unique segid name 
 CNSsolve>      eval ($segid= "W" 
 CNSsolve>             + encode($xcount) + encode($ycount) + encode($zcount)) 
 CNSsolve>      do (segid = $segid) (segid W000) 
 CNSsolve> 
 CNSsolve>    end loop wat3 
 CNSsolve>  end loop wat2 
 CNSsolve>  while ($ytrans < $ymtran) loop wat2 
 NEXTCD: condition evaluated as true
 CNSsolve>    eval ($ycount=$ycount+1) 
 EVALUATE: symbol $YCOUNT set to    2.00000     (real)
 CNSsolve>    eval ($ytrans = $ytrans + $boxlength) 
 EVALUATE: symbol $YTRANS set to  -0.230000E-01 (real)
 CNSsolve> 
 CNSsolve>    eval ($zcount=0) 
 EVALUATE: symbol $ZCOUNT set to    0.00000     (real)
 CNSsolve>    eval ($ztrans = $zmin - $thickness - $water_diam - $boxlength/2 ) 
 EVALUATE: symbol $ZTRANS set to   -31.6420     (real)
 CNSsolve>    while ($ztrans < $zmtran) loop wat3 
 NEXTCD: condition evaluated as true
 CNSsolve>      eval ($zcount=$zcount+1) 
 EVALUATE: symbol $ZCOUNT set to    1.00000     (real)
 CNSsolve>      eval ($ztrans = $ztrans + $boxlength) 
 EVALUATE: symbol $ZTRANS set to   -12.7860     (real)
 CNSsolve> 
 CNSsolve> 
 CNSsolve>      segment 
 SEGMENT>        name="    " 
 SEGMENT>        chain 
 CHAIN>          coordinates @@RUN:protocols/boxtyp20.pdb 
 ASSFIL: file boxtyp20.pdb opened.
 COOR>REMARKS *****  CHARMM water box from Charlie Brooks. ******** 
 COOR>REMARKS * This is a box of 216 3-site water molecules in the experimental 
 COOR>REMARKS * geometry.  It was constructed from an equilibrated 
 COOR>REMARKS * configuration of TIP3P (3-site water model of Jorgenson) 
 COOR>REMARKS * waters at 1 atm pressure and a density of 0.0334 molecules/A**-3. 
 COOR>REMARKS * The box edgelength is 18.856 A.  The minimum image periodic 
 COOR>REMARKS * boundary energy for this configuration using the TIP3P 
 COOR>REMARKS * potentials is -2150.6833 kcal/mol. 
 COOR>REMARKS 
 COOR>ATOM      1 OH2  WAT     1       2.531   0.596  -2.477        0.000 
 SEGMNT-info: chain termination due to END keyword.   216 residues were inserted into segid "    "
 CHAIN>        end 
 SEGMENT>      end 
 Status of internal molecular topology database:
 -> NATOM=       6494(MAXA=     1000000)  NBOND=       4995(MAXB=     1000000)
 -> NTHETA=      4791(MAXT=     2000000)  NGRP=        2143(MAXGRP=   1000000)
 -> NPHI=          22(MAXP=     2000000)  NIMPHI=      1110(MAXIMP=   1000000)
 -> NNB=          150(MAXNB=    1000000) 
 CNSsolve>      coor @@RUN:protocols/boxtyp20.pdb 
 ASSFIL: file boxtyp20.pdb opened.
 COOR>REMARKS *****  CHARMM water box from Charlie Brooks. ******** 
 COOR>REMARKS * This is a box of 216 3-site water molecules in the experimental 
 COOR>REMARKS * geometry.  It was constructed from an equilibrated 
 COOR>REMARKS * configuration of TIP3P (3-site water model of Jorgenson) 
 COOR>REMARKS * waters at 1 atm pressure and a density of 0.0334 molecules/A**-3. 
 COOR>REMARKS * The box edgelength is 18.856 A.  The minimum image periodic 
 COOR>REMARKS * boundary energy for this configuration using the TIP3P 
 COOR>REMARKS * potentials is -2150.6833 kcal/mol. 
 COOR>REMARKS 
 COOR>ATOM      1 OH2  WAT     1       2.531   0.596  -2.477        0.000 
 COOR>ATOM      2 H1   WAT     1       2.620   1.540  -2.609        0.000 
 CNSsolve>      do (segid=W000) (segid "    ") 
 Assuming literal string "W000"
 SELRPN:    648 atoms have been selected out of   6494
 CNSsolve>      coor sele=(segid W000) translate vector = ($xtrans $ytrans $ztrans) end 
 SELRPN:    648 atoms have been selected out of   6494
 COOR: using atom subset.
 COOR: translation vector =(    21.034000   -0.023000  -12.786000 )
 COOR: selected coordinates translated
 CNSsolve> 
 CNSsolve>      ! all new water oxygens 
 CNSsolve>      ident (store1) (segid W000 and name oh2) 
 SELRPN:    216 atoms have been selected out of   6494
 CNSsolve>      ! all new water oxygens close to a protein heavy atom 
 CNSsolve>      ident (store2) (store1 and (not (resn WAT or resn HOH or resn TIP* or resn ANI or resn DAN or resn XAN or resn DUM or resn SHA or hydro)) around $pw_dist) 
 SELRPN:     28 atoms have been selected out of   6494
 CNSsolve>      ! all new water oxygens close to old water oxygens 
 CNSsolve>      ident (store3) (store1 and (segid wat# and not hydro) around $water_diam) 
 SELRPN:      0 atoms have been selected out of   6494
 CNSsolve>      ! all new water oxygens further than thickness away from a protein heavy atom 
 CNSsolve>      ident (store4) (store1 and not (not (resn WAT or resn HOH or resn TIP* or resn ANI or resn DAN or resn XAN or resn DUM or resn SHA or hydro)) around $thickness) 
 SELRPN:     84 atoms have been selected out of   6494
 CNSsolve>      delete sele= (byres (store2 or store3 or store4)) end 
 SELRPN:    336 atoms have been selected out of   6494
 Status of internal molecular topology database:
 -> NATOM=       6158(MAXA=     1000000)  NBOND=       4771(MAXB=     1000000)
 -> NTHETA=      4679(MAXT=     2000000)  NGRP=        2031(MAXGRP=   1000000)
 -> NPHI=          22(MAXP=     2000000)  NIMPHI=      1110(MAXIMP=   1000000)
 -> NNB=          150(MAXNB=    1000000) 
 CNSsolve> 
 CNSsolve> 
 CNSsolve>      ! give waters unique segid name 
 CNSsolve>      eval ($segid= "W" 
 Expression=             + encode($xcount) + encode($ycount) + encode($zcount)) 
 EVALUATE: symbol $SEGID set to "W421" (string)
 CNSsolve>      do (segid = $segid) (segid W000) 
 SELRPN:    312 atoms have been selected out of   6158
 CNSsolve> 
 CNSsolve>    end loop wat3 
 CNSsolve>    while ($ztrans < $zmtran) loop wat3 
 NEXTCD: condition evaluated as true
 CNSsolve>      eval ($zcount=$zcount+1) 
 EVALUATE: symbol $ZCOUNT set to    2.00000     (real)
 CNSsolve>      eval ($ztrans = $ztrans + $boxlength) 
 EVALUATE: symbol $ZTRANS set to    6.07000     (real)
 CNSsolve> 
 CNSsolve> 
 CNSsolve>      segment 
 SEGMENT>        name="    " 
 SEGMENT>        chain 
 CHAIN>          coordinates @@RUN:protocols/boxtyp20.pdb 
 ASSFIL: file boxtyp20.pdb opened.
 COOR>REMARKS *****  CHARMM water box from Charlie Brooks. ******** 
 COOR>REMARKS * This is a box of 216 3-site water molecules in the experimental 
 COOR>REMARKS * geometry.  It was constructed from an equilibrated 
 COOR>REMARKS * configuration of TIP3P (3-site water model of Jorgenson) 
 COOR>REMARKS * waters at 1 atm pressure and a density of 0.0334 molecules/A**-3. 
 COOR>REMARKS * The box edgelength is 18.856 A.  The minimum image periodic 
 COOR>REMARKS * boundary energy for this configuration using the TIP3P 
 COOR>REMARKS * potentials is -2150.6833 kcal/mol. 
 COOR>REMARKS 
 COOR>ATOM      1 OH2  WAT     1       2.531   0.596  -2.477        0.000 
 SEGMNT-info: chain termination due to END keyword.   216 residues were inserted into segid "    "
 CHAIN>        end 
 SEGMENT>      end 
 Status of internal molecular topology database:
 -> NATOM=       6806(MAXA=     1000000)  NBOND=       5203(MAXB=     1000000)
 -> NTHETA=      4895(MAXT=     2000000)  NGRP=        2247(MAXGRP=   1000000)
 -> NPHI=          22(MAXP=     2000000)  NIMPHI=      1110(MAXIMP=   1000000)
 -> NNB=          150(MAXNB=    1000000) 
 CNSsolve>      coor @@RUN:protocols/boxtyp20.pdb 
 ASSFIL: file boxtyp20.pdb opened.
 COOR>REMARKS *****  CHARMM water box from Charlie Brooks. ******** 
 COOR>REMARKS * This is a box of 216 3-site water molecules in the experimental 
 COOR>REMARKS * geometry.  It was constructed from an equilibrated 
 COOR>REMARKS * configuration of TIP3P (3-site water model of Jorgenson) 
 COOR>REMARKS * waters at 1 atm pressure and a density of 0.0334 molecules/A**-3. 
 COOR>REMARKS * The box edgelength is 18.856 A.  The minimum image periodic 
 COOR>REMARKS * boundary energy for this configuration using the TIP3P 
 COOR>REMARKS * potentials is -2150.6833 kcal/mol. 
 COOR>REMARKS 
 COOR>ATOM      1 OH2  WAT     1       2.531   0.596  -2.477        0.000 
 COOR>ATOM      2 H1   WAT     1       2.620   1.540  -2.609        0.000 
 CNSsolve>      do (segid=W000) (segid "    ") 
 Assuming literal string "W000"
 SELRPN:    648 atoms have been selected out of   6806
 CNSsolve>      coor sele=(segid W000) translate vector = ($xtrans $ytrans $ztrans) end 
 SELRPN:    648 atoms have been selected out of   6806
 COOR: using atom subset.
 COOR: translation vector =(    21.034000   -0.023000    6.070000 )
 COOR: selected coordinates translated
 CNSsolve> 
 CNSsolve>      ! all new water oxygens 
 CNSsolve>      ident (store1) (segid W000 and name oh2) 
 SELRPN:    216 atoms have been selected out of   6806
 CNSsolve>      ! all new water oxygens close to a protein heavy atom 
 CNSsolve>      ident (store2) (store1 and (not (resn WAT or resn HOH or resn TIP* or resn ANI or resn DAN or resn XAN or resn DUM or resn SHA or hydro)) around $pw_dist) 
 SELRPN:     81 atoms have been selected out of   6806
 CNSsolve>      ! all new water oxygens close to old water oxygens 
 CNSsolve>      ident (store3) (store1 and (segid wat# and not hydro) around $water_diam) 
 SELRPN:      0 atoms have been selected out of   6806
 CNSsolve>      ! all new water oxygens further than thickness away from a protein heavy atom 
 CNSsolve>      ident (store4) (store1 and not (not (resn WAT or resn HOH or resn TIP* or resn ANI or resn DAN or resn XAN or resn DUM or resn SHA or hydro)) around $thickness) 
 SELRPN:     16 atoms have been selected out of   6806
 CNSsolve>      delete sele= (byres (store2 or store3 or store4)) end 
 SELRPN:    291 atoms have been selected out of   6806
 Status of internal molecular topology database:
 -> NATOM=       6515(MAXA=     1000000)  NBOND=       5009(MAXB=     1000000)
 -> NTHETA=      4798(MAXT=     2000000)  NGRP=        2150(MAXGRP=   1000000)
 -> NPHI=          22(MAXP=     2000000)  NIMPHI=      1110(MAXIMP=   1000000)
 -> NNB=          150(MAXNB=    1000000) 
 CNSsolve> 
 CNSsolve> 
 CNSsolve>      ! give waters unique segid name 
 CNSsolve>      eval ($segid= "W" 
 Expression=             + encode($xcount) + encode($ycount) + encode($zcount)) 
 EVALUATE: symbol $SEGID set to "W422" (string)
 CNSsolve>      do (segid = $segid) (segid W000) 
 SELRPN:    357 atoms have been selected out of   6515
 CNSsolve> 
 CNSsolve>    end loop wat3 
 CNSsolve>    while ($ztrans < $zmtran) loop wat3 
 NEXTCD: condition evaluated as true
 CNSsolve>      eval ($zcount=$zcount+1) 
 EVALUATE: symbol $ZCOUNT set to    3.00000     (real)
 CNSsolve>      eval ($ztrans = $ztrans + $boxlength) 
 EVALUATE: symbol $ZTRANS set to    24.9260     (real)
 CNSsolve> 
 CNSsolve> 
 CNSsolve>      segment 
 SEGMENT>        name="    " 
 SEGMENT>        chain 
 CHAIN>          coordinates @@RUN:protocols/boxtyp20.pdb 
 ASSFIL: file boxtyp20.pdb opened.
 COOR>REMARKS *****  CHARMM water box from Charlie Brooks. ******** 
 COOR>REMARKS * This is a box of 216 3-site water molecules in the experimental 
 COOR>REMARKS * geometry.  It was constructed from an equilibrated 
 COOR>REMARKS * configuration of TIP3P (3-site water model of Jorgenson) 
 COOR>REMARKS * waters at 1 atm pressure and a density of 0.0334 molecules/A**-3. 
 COOR>REMARKS * The box edgelength is 18.856 A.  The minimum image periodic 
 COOR>REMARKS * boundary energy for this configuration using the TIP3P 
 COOR>REMARKS * potentials is -2150.6833 kcal/mol. 
 COOR>REMARKS 
 COOR>ATOM      1 OH2  WAT     1       2.531   0.596  -2.477        0.000 
 SEGMNT-info: chain termination due to END keyword.   216 residues were inserted into segid "    "
 CHAIN>        end 
 SEGMENT>      end 
 Status of internal molecular topology database:
 -> NATOM=       7163(MAXA=     1000000)  NBOND=       5441(MAXB=     1000000)
 -> NTHETA=      5014(MAXT=     2000000)  NGRP=        2366(MAXGRP=   1000000)
 -> NPHI=          22(MAXP=     2000000)  NIMPHI=      1110(MAXIMP=   1000000)
 -> NNB=          150(MAXNB=    1000000) 
 CNSsolve>      coor @@RUN:protocols/boxtyp20.pdb 
 ASSFIL: file boxtyp20.pdb opened.
 COOR>REMARKS *****  CHARMM water box from Charlie Brooks. ******** 
 COOR>REMARKS * This is a box of 216 3-site water molecules in the experimental 
 COOR>REMARKS * geometry.  It was constructed from an equilibrated 
 COOR>REMARKS * configuration of TIP3P (3-site water model of Jorgenson) 
 COOR>REMARKS * waters at 1 atm pressure and a density of 0.0334 molecules/A**-3. 
 COOR>REMARKS * The box edgelength is 18.856 A.  The minimum image periodic 
 COOR>REMARKS * boundary energy for this configuration using the TIP3P 
 COOR>REMARKS * potentials is -2150.6833 kcal/mol. 
 COOR>REMARKS 
 COOR>ATOM      1 OH2  WAT     1       2.531   0.596  -2.477        0.000 
 COOR>ATOM      2 H1   WAT     1       2.620   1.540  -2.609        0.000 
 CNSsolve>      do (segid=W000) (segid "    ") 
 Assuming literal string "W000"
 SELRPN:    648 atoms have been selected out of   7163
 CNSsolve>      coor sele=(segid W000) translate vector = ($xtrans $ytrans $ztrans) end 
 SELRPN:    648 atoms have been selected out of   7163
 COOR: using atom subset.
 COOR: translation vector =(    21.034000   -0.023000   24.926000 )
 COOR: selected coordinates translated
 CNSsolve> 
 CNSsolve>      ! all new water oxygens 
 CNSsolve>      ident (store1) (segid W000 and name oh2) 
 SELRPN:    216 atoms have been selected out of   7163
 CNSsolve>      ! all new water oxygens close to a protein heavy atom 
 CNSsolve>      ident (store2) (store1 and (not (resn WAT or resn HOH or resn TIP* or resn ANI or resn DAN or resn XAN or resn DUM or resn SHA or hydro)) around $pw_dist) 
 SELRPN:      0 atoms have been selected out of   7163
 CNSsolve>      ! all new water oxygens close to old water oxygens 
 CNSsolve>      ident (store3) (store1 and (segid wat# and not hydro) around $water_diam) 
 SELRPN:      0 atoms have been selected out of   7163
 CNSsolve>      ! all new water oxygens further than thickness away from a protein heavy atom 
 CNSsolve>      ident (store4) (store1 and not (not (resn WAT or resn HOH or resn TIP* or resn ANI or resn DAN or resn XAN or resn DUM or resn SHA or hydro)) around $thickness) 
 SELRPN:    204 atoms have been selected out of   7163
 CNSsolve>      delete sele= (byres (store2 or store3 or store4)) end 
 SELRPN:    612 atoms have been selected out of   7163
 Status of internal molecular topology database:
 -> NATOM=       6551(MAXA=     1000000)  NBOND=       5033(MAXB=     1000000)
 -> NTHETA=      4810(MAXT=     2000000)  NGRP=        2162(MAXGRP=   1000000)
 -> NPHI=          22(MAXP=     2000000)  NIMPHI=      1110(MAXIMP=   1000000)
 -> NNB=          150(MAXNB=    1000000) 
 CNSsolve> 
 CNSsolve> 
 CNSsolve>      ! give waters unique segid name 
 CNSsolve>      eval ($segid= "W" 
 Expression=             + encode($xcount) + encode($ycount) + encode($zcount)) 
 EVALUATE: symbol $SEGID set to "W423" (string)
 CNSsolve>      do (segid = $segid) (segid W000) 
 SELRPN:     36 atoms have been selected out of   6551
 CNSsolve> 
 CNSsolve>    end loop wat3 
 CNSsolve>    while ($ztrans < $zmtran) loop wat3 
 NEXTCD: condition evaluated as false
 CNSsolve>      eval ($zcount=$zcount+1) 
 CNSsolve>      eval ($ztrans = $ztrans + $boxlength) 
 CNSsolve> 
 CNSsolve> 
 CNSsolve>      segment 
 CNSsolve>        name="    " 
 CNSsolve>        chain 
 CNSsolve>          coordinates @@RUN:protocols/boxtyp20.pdb 
 CNSsolve>        end 
 CNSsolve>      end 
 CNSsolve>      coor @@RUN:protocols/boxtyp20.pdb 
 CNSsolve>      do (segid=W000) (segid "    ") 
 CNSsolve>      coor sele=(segid W000) translate vector = ($xtrans $ytrans $ztrans) end 
 CNSsolve> 
 CNSsolve>      ! all new water oxygens 
 CNSsolve>      ident (store1) (segid W000 and name oh2) 
 CNSsolve>      ! all new water oxygens close to a protein heavy atom 
 CNSsolve>      ident (store2) (store1 and (not (resn WAT or resn HOH or resn TIP* or resn ANI or resn DAN or resn XAN or resn DUM or resn SHA or hydro)) around $pw_dist) 
 CNSsolve>      ! all new water oxygens close to old water oxygens 
 CNSsolve>      ident (store3) (store1 and (segid wat# and not hydro) around $water_diam) 
 CNSsolve>      ! all new water oxygens further than thickness away from a protein heavy atom 
 CNSsolve>      ident (store4) (store1 and not (not (resn WAT or resn HOH or resn TIP* or resn ANI or resn DAN or resn XAN or resn DUM or resn SHA or hydro)) around $thickness) 
 CNSsolve>      delete sele= (byres (store2 or store3 or store4)) end 
 CNSsolve> 
 CNSsolve> 
 CNSsolve>      ! give waters unique segid name 
 CNSsolve>      eval ($segid= "W" 
 CNSsolve>             + encode($xcount) + encode($ycount) + encode($zcount)) 
 CNSsolve>      do (segid = $segid) (segid W000) 
 CNSsolve> 
 CNSsolve>    end loop wat3 
 CNSsolve>  end loop wat2 
 CNSsolve>  while ($ytrans < $ymtran) loop wat2 
 NEXTCD: condition evaluated as true
 CNSsolve>    eval ($ycount=$ycount+1) 
 EVALUATE: symbol $YCOUNT set to    3.00000     (real)
 CNSsolve>    eval ($ytrans = $ytrans + $boxlength) 
 EVALUATE: symbol $YTRANS set to    18.8330     (real)
 CNSsolve> 
 CNSsolve>    eval ($zcount=0) 
 EVALUATE: symbol $ZCOUNT set to    0.00000     (real)
 CNSsolve>    eval ($ztrans = $zmin - $thickness - $water_diam - $boxlength/2 ) 
 EVALUATE: symbol $ZTRANS set to   -31.6420     (real)
 CNSsolve>    while ($ztrans < $zmtran) loop wat3 
 NEXTCD: condition evaluated as true
 CNSsolve>      eval ($zcount=$zcount+1) 
 EVALUATE: symbol $ZCOUNT set to    1.00000     (real)
 CNSsolve>      eval ($ztrans = $ztrans + $boxlength) 
 EVALUATE: symbol $ZTRANS set to   -12.7860     (real)
 CNSsolve> 
 CNSsolve> 
 CNSsolve>      segment 
 SEGMENT>        name="    " 
 SEGMENT>        chain 
 CHAIN>          coordinates @@RUN:protocols/boxtyp20.pdb 
 ASSFIL: file boxtyp20.pdb opened.
 COOR>REMARKS *****  CHARMM water box from Charlie Brooks. ******** 
 COOR>REMARKS * This is a box of 216 3-site water molecules in the experimental 
 COOR>REMARKS * geometry.  It was constructed from an equilibrated 
 COOR>REMARKS * configuration of TIP3P (3-site water model of Jorgenson) 
 COOR>REMARKS * waters at 1 atm pressure and a density of 0.0334 molecules/A**-3. 
 COOR>REMARKS * The box edgelength is 18.856 A.  The minimum image periodic 
 COOR>REMARKS * boundary energy for this configuration using the TIP3P 
 COOR>REMARKS * potentials is -2150.6833 kcal/mol. 
 COOR>REMARKS 
 COOR>ATOM      1 OH2  WAT     1       2.531   0.596  -2.477        0.000 
 SEGMNT-info: chain termination due to END keyword.   216 residues were inserted into segid "    "
 CHAIN>        end 
 SEGMENT>      end 
 Status of internal molecular topology database:
 -> NATOM=       7199(MAXA=     1000000)  NBOND=       5465(MAXB=     1000000)
 -> NTHETA=      5026(MAXT=     2000000)  NGRP=        2378(MAXGRP=   1000000)
 -> NPHI=          22(MAXP=     2000000)  NIMPHI=      1110(MAXIMP=   1000000)
 -> NNB=          150(MAXNB=    1000000) 
 CNSsolve>      coor @@RUN:protocols/boxtyp20.pdb 
 ASSFIL: file boxtyp20.pdb opened.
 COOR>REMARKS *****  CHARMM water box from Charlie Brooks. ******** 
 COOR>REMARKS * This is a box of 216 3-site water molecules in the experimental 
 COOR>REMARKS * geometry.  It was constructed from an equilibrated 
 COOR>REMARKS * configuration of TIP3P (3-site water model of Jorgenson) 
 COOR>REMARKS * waters at 1 atm pressure and a density of 0.0334 molecules/A**-3. 
 COOR>REMARKS * The box edgelength is 18.856 A.  The minimum image periodic 
 COOR>REMARKS * boundary energy for this configuration using the TIP3P 
 COOR>REMARKS * potentials is -2150.6833 kcal/mol. 
 COOR>REMARKS 
 COOR>ATOM      1 OH2  WAT     1       2.531   0.596  -2.477        0.000 
 COOR>ATOM      2 H1   WAT     1       2.620   1.540  -2.609        0.000 
 CNSsolve>      do (segid=W000) (segid "    ") 
 Assuming literal string "W000"
 SELRPN:    648 atoms have been selected out of   7199
 CNSsolve>      coor sele=(segid W000) translate vector = ($xtrans $ytrans $ztrans) end 
 SELRPN:    648 atoms have been selected out of   7199
 COOR: using atom subset.
 COOR: translation vector =(    21.034000   18.833000  -12.786000 )
 COOR: selected coordinates translated
 CNSsolve> 
 CNSsolve>      ! all new water oxygens 
 CNSsolve>      ident (store1) (segid W000 and name oh2) 
 SELRPN:    216 atoms have been selected out of   7199
 CNSsolve>      ! all new water oxygens close to a protein heavy atom 
 CNSsolve>      ident (store2) (store1 and (not (resn WAT or resn HOH or resn TIP* or resn ANI or resn DAN or resn XAN or resn DUM or resn SHA or hydro)) around $pw_dist) 
 SELRPN:      3 atoms have been selected out of   7199
 CNSsolve>      ! all new water oxygens close to old water oxygens 
 CNSsolve>      ident (store3) (store1 and (segid wat# and not hydro) around $water_diam) 
 SELRPN:      0 atoms have been selected out of   7199
 CNSsolve>      ! all new water oxygens further than thickness away from a protein heavy atom 
 CNSsolve>      ident (store4) (store1 and not (not (resn WAT or resn HOH or resn TIP* or resn ANI or resn DAN or resn XAN or resn DUM or resn SHA or hydro)) around $thickness) 
 SELRPN:    174 atoms have been selected out of   7199
 CNSsolve>      delete sele= (byres (store2 or store3 or store4)) end 
 SELRPN:    531 atoms have been selected out of   7199
 Status of internal molecular topology database:
 -> NATOM=       6668(MAXA=     1000000)  NBOND=       5111(MAXB=     1000000)
 -> NTHETA=      4849(MAXT=     2000000)  NGRP=        2201(MAXGRP=   1000000)
 -> NPHI=          22(MAXP=     2000000)  NIMPHI=      1110(MAXIMP=   1000000)
 -> NNB=          150(MAXNB=    1000000) 
 CNSsolve> 
 CNSsolve> 
 CNSsolve>      ! give waters unique segid name 
 CNSsolve>      eval ($segid= "W" 
 Expression=             + encode($xcount) + encode($ycount) + encode($zcount)) 
 EVALUATE: symbol $SEGID set to "W431" (string)
 CNSsolve>      do (segid = $segid) (segid W000) 
 SELRPN:    117 atoms have been selected out of   6668
 CNSsolve> 
 CNSsolve>    end loop wat3 
 CNSsolve>    while ($ztrans < $zmtran) loop wat3 
 NEXTCD: condition evaluated as true
 CNSsolve>      eval ($zcount=$zcount+1) 
 EVALUATE: symbol $ZCOUNT set to    2.00000     (real)
 CNSsolve>      eval ($ztrans = $ztrans + $boxlength) 
 EVALUATE: symbol $ZTRANS set to    6.07000     (real)
 CNSsolve> 
 CNSsolve> 
 CNSsolve>      segment 
 SEGMENT>        name="    " 
 SEGMENT>        chain 
 CHAIN>          coordinates @@RUN:protocols/boxtyp20.pdb 
 ASSFIL: file boxtyp20.pdb opened.
 COOR>REMARKS *****  CHARMM water box from Charlie Brooks. ******** 
 COOR>REMARKS * This is a box of 216 3-site water molecules in the experimental 
 COOR>REMARKS * geometry.  It was constructed from an equilibrated 
 COOR>REMARKS * configuration of TIP3P (3-site water model of Jorgenson) 
 COOR>REMARKS * waters at 1 atm pressure and a density of 0.0334 molecules/A**-3. 
 COOR>REMARKS * The box edgelength is 18.856 A.  The minimum image periodic 
 COOR>REMARKS * boundary energy for this configuration using the TIP3P 
 COOR>REMARKS * potentials is -2150.6833 kcal/mol. 
 COOR>REMARKS 
 COOR>ATOM      1 OH2  WAT     1       2.531   0.596  -2.477        0.000 
 SEGMNT-info: chain termination due to END keyword.   216 residues were inserted into segid "    "
 CHAIN>        end 
 SEGMENT>      end 
 Status of internal molecular topology database:
 -> NATOM=       7316(MAXA=     1000000)  NBOND=       5543(MAXB=     1000000)
 -> NTHETA=      5065(MAXT=     2000000)  NGRP=        2417(MAXGRP=   1000000)
 -> NPHI=          22(MAXP=     2000000)  NIMPHI=      1110(MAXIMP=   1000000)
 -> NNB=          150(MAXNB=    1000000) 
 CNSsolve>      coor @@RUN:protocols/boxtyp20.pdb 
 ASSFIL: file boxtyp20.pdb opened.
 COOR>REMARKS *****  CHARMM water box from Charlie Brooks. ******** 
 COOR>REMARKS * This is a box of 216 3-site water molecules in the experimental 
 COOR>REMARKS * geometry.  It was constructed from an equilibrated 
 COOR>REMARKS * configuration of TIP3P (3-site water model of Jorgenson) 
 COOR>REMARKS * waters at 1 atm pressure and a density of 0.0334 molecules/A**-3. 
 COOR>REMARKS * The box edgelength is 18.856 A.  The minimum image periodic 
 COOR>REMARKS * boundary energy for this configuration using the TIP3P 
 COOR>REMARKS * potentials is -2150.6833 kcal/mol. 
 COOR>REMARKS 
 COOR>ATOM      1 OH2  WAT     1       2.531   0.596  -2.477        0.000 
 COOR>ATOM      2 H1   WAT     1       2.620   1.540  -2.609        0.000 
 CNSsolve>      do (segid=W000) (segid "    ") 
 Assuming literal string "W000"
 SELRPN:    648 atoms have been selected out of   7316
 CNSsolve>      coor sele=(segid W000) translate vector = ($xtrans $ytrans $ztrans) end 
 SELRPN:    648 atoms have been selected out of   7316
 COOR: using atom subset.
 COOR: translation vector =(    21.034000   18.833000    6.070000 )
 COOR: selected coordinates translated
 CNSsolve> 
 CNSsolve>      ! all new water oxygens 
 CNSsolve>      ident (store1) (segid W000 and name oh2) 
 SELRPN:    216 atoms have been selected out of   7316
 CNSsolve>      ! all new water oxygens close to a protein heavy atom 
 CNSsolve>      ident (store2) (store1 and (not (resn WAT or resn HOH or resn TIP* or resn ANI or resn DAN or resn XAN or resn DUM or resn SHA or hydro)) around $pw_dist) 
 SELRPN:      5 atoms have been selected out of   7316
 CNSsolve>      ! all new water oxygens close to old water oxygens 
 CNSsolve>      ident (store3) (store1 and (segid wat# and not hydro) around $water_diam) 
 SELRPN:      0 atoms have been selected out of   7316
 CNSsolve>      ! all new water oxygens further than thickness away from a protein heavy atom 
 CNSsolve>      ident (store4) (store1 and not (not (resn WAT or resn HOH or resn TIP* or resn ANI or resn DAN or resn XAN or resn DUM or resn SHA or hydro)) around $thickness) 
 SELRPN:    130 atoms have been selected out of   7316
 CNSsolve>      delete sele= (byres (store2 or store3 or store4)) end 
 SELRPN:    405 atoms have been selected out of   7316
 Status of internal molecular topology database:
 -> NATOM=       6911(MAXA=     1000000)  NBOND=       5273(MAXB=     1000000)
 -> NTHETA=      4930(MAXT=     2000000)  NGRP=        2282(MAXGRP=   1000000)
 -> NPHI=          22(MAXP=     2000000)  NIMPHI=      1110(MAXIMP=   1000000)
 -> NNB=          150(MAXNB=    1000000) 
 CNSsolve> 
 CNSsolve> 
 CNSsolve>      ! give waters unique segid name 
 CNSsolve>      eval ($segid= "W" 
 Expression=             + encode($xcount) + encode($ycount) + encode($zcount)) 
 EVALUATE: symbol $SEGID set to "W432" (string)
 CNSsolve>      do (segid = $segid) (segid W000) 
 SELRPN:    243 atoms have been selected out of   6911
 CNSsolve> 
 CNSsolve>    end loop wat3 
 CNSsolve>    while ($ztrans < $zmtran) loop wat3 
 NEXTCD: condition evaluated as true
 CNSsolve>      eval ($zcount=$zcount+1) 
 EVALUATE: symbol $ZCOUNT set to    3.00000     (real)
 CNSsolve>      eval ($ztrans = $ztrans + $boxlength) 
 EVALUATE: symbol $ZTRANS set to    24.9260     (real)
 CNSsolve> 
 CNSsolve> 
 CNSsolve>      segment 
 SEGMENT>        name="    " 
 SEGMENT>        chain 
 CHAIN>          coordinates @@RUN:protocols/boxtyp20.pdb 
 ASSFIL: file boxtyp20.pdb opened.
 COOR>REMARKS *****  CHARMM water box from Charlie Brooks. ******** 
 COOR>REMARKS * This is a box of 216 3-site water molecules in the experimental 
 COOR>REMARKS * geometry.  It was constructed from an equilibrated 
 COOR>REMARKS * configuration of TIP3P (3-site water model of Jorgenson) 
 COOR>REMARKS * waters at 1 atm pressure and a density of 0.0334 molecules/A**-3. 
 COOR>REMARKS * The box edgelength is 18.856 A.  The minimum image periodic 
 COOR>REMARKS * boundary energy for this configuration using the TIP3P 
 COOR>REMARKS * potentials is -2150.6833 kcal/mol. 
 COOR>REMARKS 
 COOR>ATOM      1 OH2  WAT     1       2.531   0.596  -2.477        0.000 
 SEGMNT-info: chain termination due to END keyword.   216 residues were inserted into segid "    "
 CHAIN>        end 
 SEGMENT>      end 
 Status of internal molecular topology database:
 -> NATOM=       7559(MAXA=     1000000)  NBOND=       5705(MAXB=     1000000)
 -> NTHETA=      5146(MAXT=     2000000)  NGRP=        2498(MAXGRP=   1000000)
 -> NPHI=          22(MAXP=     2000000)  NIMPHI=      1110(MAXIMP=   1000000)
 -> NNB=          150(MAXNB=    1000000) 
 CNSsolve>      coor @@RUN:protocols/boxtyp20.pdb 
 ASSFIL: file boxtyp20.pdb opened.
 COOR>REMARKS *****  CHARMM water box from Charlie Brooks. ******** 
 COOR>REMARKS * This is a box of 216 3-site water molecules in the experimental 
 COOR>REMARKS * geometry.  It was constructed from an equilibrated 
 COOR>REMARKS * configuration of TIP3P (3-site water model of Jorgenson) 
 COOR>REMARKS * waters at 1 atm pressure and a density of 0.0334 molecules/A**-3. 
 COOR>REMARKS * The box edgelength is 18.856 A.  The minimum image periodic 
 COOR>REMARKS * boundary energy for this configuration using the TIP3P 
 COOR>REMARKS * potentials is -2150.6833 kcal/mol. 
 COOR>REMARKS 
 COOR>ATOM      1 OH2  WAT     1       2.531   0.596  -2.477        0.000 
 COOR>ATOM      2 H1   WAT     1       2.620   1.540  -2.609        0.000 
 CNSsolve>      do (segid=W000) (segid "    ") 
 Assuming literal string "W000"
 SELRPN:    648 atoms have been selected out of   7559
 CNSsolve>      coor sele=(segid W000) translate vector = ($xtrans $ytrans $ztrans) end 
 SELRPN:    648 atoms have been selected out of   7559
 COOR: using atom subset.
 COOR: translation vector =(    21.034000   18.833000   24.926000 )
 COOR: selected coordinates translated
 CNSsolve> 
 CNSsolve>      ! all new water oxygens 
 CNSsolve>      ident (store1) (segid W000 and name oh2) 
 SELRPN:    216 atoms have been selected out of   7559
 CNSsolve>      ! all new water oxygens close to a protein heavy atom 
 CNSsolve>      ident (store2) (store1 and (not (resn WAT or resn HOH or resn TIP* or resn ANI or resn DAN or resn XAN or resn DUM or resn SHA or hydro)) around $pw_dist) 
 SELRPN:      0 atoms have been selected out of   7559
 CNSsolve>      ! all new water oxygens close to old water oxygens 
 CNSsolve>      ident (store3) (store1 and (segid wat# and not hydro) around $water_diam) 
 SELRPN:      0 atoms have been selected out of   7559
 CNSsolve>      ! all new water oxygens further than thickness away from a protein heavy atom 
 CNSsolve>      ident (store4) (store1 and not (not (resn WAT or resn HOH or resn TIP* or resn ANI or resn DAN or resn XAN or resn DUM or resn SHA or hydro)) around $thickness) 
 SELRPN:    214 atoms have been selected out of   7559
 CNSsolve>      delete sele= (byres (store2 or store3 or store4)) end 
 SELRPN:    642 atoms have been selected out of   7559
 Status of internal molecular topology database:
 -> NATOM=       6917(MAXA=     1000000)  NBOND=       5277(MAXB=     1000000)
 -> NTHETA=      4932(MAXT=     2000000)  NGRP=        2284(MAXGRP=   1000000)
 -> NPHI=          22(MAXP=     2000000)  NIMPHI=      1110(MAXIMP=   1000000)
 -> NNB=          150(MAXNB=    1000000) 
 CNSsolve> 
 CNSsolve> 
 CNSsolve>      ! give waters unique segid name 
 CNSsolve>      eval ($segid= "W" 
 Expression=             + encode($xcount) + encode($ycount) + encode($zcount)) 
 EVALUATE: symbol $SEGID set to "W433" (string)
 CNSsolve>      do (segid = $segid) (segid W000) 
 SELRPN:      6 atoms have been selected out of   6917
 CNSsolve> 
 CNSsolve>    end loop wat3 
 CNSsolve>    while ($ztrans < $zmtran) loop wat3 
 NEXTCD: condition evaluated as false
 CNSsolve>      eval ($zcount=$zcount+1) 
 CNSsolve>      eval ($ztrans = $ztrans + $boxlength) 
 CNSsolve> 
 CNSsolve> 
 CNSsolve>      segment 
 CNSsolve>        name="    " 
 CNSsolve>        chain 
 CNSsolve>          coordinates @@RUN:protocols/boxtyp20.pdb 
 CNSsolve>        end 
 CNSsolve>      end 
 CNSsolve>      coor @@RUN:protocols/boxtyp20.pdb 
 CNSsolve>      do (segid=W000) (segid "    ") 
 CNSsolve>      coor sele=(segid W000) translate vector = ($xtrans $ytrans $ztrans) end 
 CNSsolve> 
 CNSsolve>      ! all new water oxygens 
 CNSsolve>      ident (store1) (segid W000 and name oh2) 
 CNSsolve>      ! all new water oxygens close to a protein heavy atom 
 CNSsolve>      ident (store2) (store1 and (not (resn WAT or resn HOH or resn TIP* or resn ANI or resn DAN or resn XAN or resn DUM or resn SHA or hydro)) around $pw_dist) 
 CNSsolve>      ! all new water oxygens close to old water oxygens 
 CNSsolve>      ident (store3) (store1 and (segid wat# and not hydro) around $water_diam) 
 CNSsolve>      ! all new water oxygens further than thickness away from a protein heavy atom 
 CNSsolve>      ident (store4) (store1 and not (not (resn WAT or resn HOH or resn TIP* or resn ANI or resn DAN or resn XAN or resn DUM or resn SHA or hydro)) around $thickness) 
 CNSsolve>      delete sele= (byres (store2 or store3 or store4)) end 
 CNSsolve> 
 CNSsolve> 
 CNSsolve>      ! give waters unique segid name 
 CNSsolve>      eval ($segid= "W" 
 CNSsolve>             + encode($xcount) + encode($ycount) + encode($zcount)) 
 CNSsolve>      do (segid = $segid) (segid W000) 
 CNSsolve> 
 CNSsolve>    end loop wat3 
 CNSsolve>  end loop wat2 
 CNSsolve>  while ($ytrans < $ymtran) loop wat2 
 NEXTCD: condition evaluated as true
 CNSsolve>    eval ($ycount=$ycount+1) 
 EVALUATE: symbol $YCOUNT set to    4.00000     (real)
 CNSsolve>    eval ($ytrans = $ytrans + $boxlength) 
 EVALUATE: symbol $YTRANS set to    37.6890     (real)
 CNSsolve> 
 CNSsolve>    eval ($zcount=0) 
 EVALUATE: symbol $ZCOUNT set to    0.00000     (real)
 CNSsolve>    eval ($ztrans = $zmin - $thickness - $water_diam - $boxlength/2 ) 
 EVALUATE: symbol $ZTRANS set to   -31.6420     (real)
 CNSsolve>    while ($ztrans < $zmtran) loop wat3 
 NEXTCD: condition evaluated as true
 CNSsolve>      eval ($zcount=$zcount+1) 
 EVALUATE: symbol $ZCOUNT set to    1.00000     (real)
 CNSsolve>      eval ($ztrans = $ztrans + $boxlength) 
 EVALUATE: symbol $ZTRANS set to   -12.7860     (real)
 CNSsolve> 
 CNSsolve> 
 CNSsolve>      segment 
 SEGMENT>        name="    " 
 SEGMENT>        chain 
 CHAIN>          coordinates @@RUN:protocols/boxtyp20.pdb 
 ASSFIL: file boxtyp20.pdb opened.
 COOR>REMARKS *****  CHARMM water box from Charlie Brooks. ******** 
 COOR>REMARKS * This is a box of 216 3-site water molecules in the experimental 
 COOR>REMARKS * geometry.  It was constructed from an equilibrated 
 COOR>REMARKS * configuration of TIP3P (3-site water model of Jorgenson) 
 COOR>REMARKS * waters at 1 atm pressure and a density of 0.0334 molecules/A**-3. 
 COOR>REMARKS * The box edgelength is 18.856 A.  The minimum image periodic 
 COOR>REMARKS * boundary energy for this configuration using the TIP3P 
 COOR>REMARKS * potentials is -2150.6833 kcal/mol. 
 COOR>REMARKS 
 COOR>ATOM      1 OH2  WAT     1       2.531   0.596  -2.477        0.000 
 SEGMNT-info: chain termination due to END keyword.   216 residues were inserted into segid "    "
 CHAIN>        end 
 SEGMENT>      end 
 Status of internal molecular topology database:
 -> NATOM=       7565(MAXA=     1000000)  NBOND=       5709(MAXB=     1000000)
 -> NTHETA=      5148(MAXT=     2000000)  NGRP=        2500(MAXGRP=   1000000)
 -> NPHI=          22(MAXP=     2000000)  NIMPHI=      1110(MAXIMP=   1000000)
 -> NNB=          150(MAXNB=    1000000) 
 CNSsolve>      coor @@RUN:protocols/boxtyp20.pdb 
 ASSFIL: file boxtyp20.pdb opened.
 COOR>REMARKS *****  CHARMM water box from Charlie Brooks. ******** 
 COOR>REMARKS * This is a box of 216 3-site water molecules in the experimental 
 COOR>REMARKS * geometry.  It was constructed from an equilibrated 
 COOR>REMARKS * configuration of TIP3P (3-site water model of Jorgenson) 
 COOR>REMARKS * waters at 1 atm pressure and a density of 0.0334 molecules/A**-3. 
 COOR>REMARKS * The box edgelength is 18.856 A.  The minimum image periodic 
 COOR>REMARKS * boundary energy for this configuration using the TIP3P 
 COOR>REMARKS * potentials is -2150.6833 kcal/mol. 
 COOR>REMARKS 
 COOR>ATOM      1 OH2  WAT     1       2.531   0.596  -2.477        0.000 
 COOR>ATOM      2 H1   WAT     1       2.620   1.540  -2.609        0.000 
 CNSsolve>      do (segid=W000) (segid "    ") 
 Assuming literal string "W000"
 SELRPN:    648 atoms have been selected out of   7565
 CNSsolve>      coor sele=(segid W000) translate vector = ($xtrans $ytrans $ztrans) end 
 SELRPN:    648 atoms have been selected out of   7565
 COOR: using atom subset.
 COOR: translation vector =(    21.034000   37.689000  -12.786000 )
 COOR: selected coordinates translated
 CNSsolve> 
 CNSsolve>      ! all new water oxygens 
 CNSsolve>      ident (store1) (segid W000 and name oh2) 
 SELRPN:    216 atoms have been selected out of   7565
 CNSsolve>      ! all new water oxygens close to a protein heavy atom 
 CNSsolve>      ident (store2) (store1 and (not (resn WAT or resn HOH or resn TIP* or resn ANI or resn DAN or resn XAN or resn DUM or resn SHA or hydro)) around $pw_dist) 
 SELRPN:      0 atoms have been selected out of   7565
 CNSsolve>      ! all new water oxygens close to old water oxygens 
 CNSsolve>      ident (store3) (store1 and (segid wat# and not hydro) around $water_diam) 
 SELRPN:      0 atoms have been selected out of   7565
 CNSsolve>      ! all new water oxygens further than thickness away from a protein heavy atom 
 CNSsolve>      ident (store4) (store1 and not (not (resn WAT or resn HOH or resn TIP* or resn ANI or resn DAN or resn XAN or resn DUM or resn SHA or hydro)) around $thickness) 
 SELRPN:    216 atoms have been selected out of   7565
 CNSsolve>      delete sele= (byres (store2 or store3 or store4)) end 
 SELRPN:    648 atoms have been selected out of   7565
 Status of internal molecular topology database:
 -> NATOM=       6917(MAXA=     1000000)  NBOND=       5277(MAXB=     1000000)
 -> NTHETA=      4932(MAXT=     2000000)  NGRP=        2284(MAXGRP=   1000000)
 -> NPHI=          22(MAXP=     2000000)  NIMPHI=      1110(MAXIMP=   1000000)
 -> NNB=          150(MAXNB=    1000000) 
 CNSsolve> 
 CNSsolve> 
 CNSsolve>      ! give waters unique segid name 
 CNSsolve>      eval ($segid= "W" 
 Expression=             + encode($xcount) + encode($ycount) + encode($zcount)) 
 EVALUATE: symbol $SEGID set to "W441" (string)
 CNSsolve>      do (segid = $segid) (segid W000) 
 SELRPN:      0 atoms have been selected out of   6917
 CNSsolve> 
 CNSsolve>    end loop wat3 
 CNSsolve>    while ($ztrans < $zmtran) loop wat3 
 NEXTCD: condition evaluated as true
 CNSsolve>      eval ($zcount=$zcount+1) 
 EVALUATE: symbol $ZCOUNT set to    2.00000     (real)
 CNSsolve>      eval ($ztrans = $ztrans + $boxlength) 
 EVALUATE: symbol $ZTRANS set to    6.07000     (real)
 CNSsolve> 
 CNSsolve> 
 CNSsolve>      segment 
 SEGMENT>        name="    " 
 SEGMENT>        chain 
 CHAIN>          coordinates @@RUN:protocols/boxtyp20.pdb 
 ASSFIL: file boxtyp20.pdb opened.
 COOR>REMARKS *****  CHARMM water box from Charlie Brooks. ******** 
 COOR>REMARKS * This is a box of 216 3-site water molecules in the experimental 
 COOR>REMARKS * geometry.  It was constructed from an equilibrated 
 COOR>REMARKS * configuration of TIP3P (3-site water model of Jorgenson) 
 COOR>REMARKS * waters at 1 atm pressure and a density of 0.0334 molecules/A**-3. 
 COOR>REMARKS * The box edgelength is 18.856 A.  The minimum image periodic 
 COOR>REMARKS * boundary energy for this configuration using the TIP3P 
 COOR>REMARKS * potentials is -2150.6833 kcal/mol. 
 COOR>REMARKS 
 COOR>ATOM      1 OH2  WAT     1       2.531   0.596  -2.477        0.000 
 SEGMNT-info: chain termination due to END keyword.   216 residues were inserted into segid "    "
 CHAIN>        end 
 SEGMENT>      end 
 Status of internal molecular topology database:
 -> NATOM=       7565(MAXA=     1000000)  NBOND=       5709(MAXB=     1000000)
 -> NTHETA=      5148(MAXT=     2000000)  NGRP=        2500(MAXGRP=   1000000)
 -> NPHI=          22(MAXP=     2000000)  NIMPHI=      1110(MAXIMP=   1000000)
 -> NNB=          150(MAXNB=    1000000) 
 CNSsolve>      coor @@RUN:protocols/boxtyp20.pdb 
 ASSFIL: file boxtyp20.pdb opened.
 COOR>REMARKS *****  CHARMM water box from Charlie Brooks. ******** 
 COOR>REMARKS * This is a box of 216 3-site water molecules in the experimental 
 COOR>REMARKS * geometry.  It was constructed from an equilibrated 
 COOR>REMARKS * configuration of TIP3P (3-site water model of Jorgenson) 
 COOR>REMARKS * waters at 1 atm pressure and a density of 0.0334 molecules/A**-3. 
 COOR>REMARKS * The box edgelength is 18.856 A.  The minimum image periodic 
 COOR>REMARKS * boundary energy for this configuration using the TIP3P 
 COOR>REMARKS * potentials is -2150.6833 kcal/mol. 
 COOR>REMARKS 
 COOR>ATOM      1 OH2  WAT     1       2.531   0.596  -2.477        0.000 
 COOR>ATOM      2 H1   WAT     1       2.620   1.540  -2.609        0.000 
 CNSsolve>      do (segid=W000) (segid "    ") 
 Assuming literal string "W000"
 SELRPN:    648 atoms have been selected out of   7565
 CNSsolve>      coor sele=(segid W000) translate vector = ($xtrans $ytrans $ztrans) end 
 SELRPN:    648 atoms have been selected out of   7565
 COOR: using atom subset.
 COOR: translation vector =(    21.034000   37.689000    6.070000 )
 COOR: selected coordinates translated
 CNSsolve> 
 CNSsolve>      ! all new water oxygens 
 CNSsolve>      ident (store1) (segid W000 and name oh2) 
 SELRPN:    216 atoms have been selected out of   7565
 CNSsolve>      ! all new water oxygens close to a protein heavy atom 
 CNSsolve>      ident (store2) (store1 and (not (resn WAT or resn HOH or resn TIP* or resn ANI or resn DAN or resn XAN or resn DUM or resn SHA or hydro)) around $pw_dist) 
 SELRPN:      0 atoms have been selected out of   7565
 CNSsolve>      ! all new water oxygens close to old water oxygens 
 CNSsolve>      ident (store3) (store1 and (segid wat# and not hydro) around $water_diam) 
 SELRPN:      0 atoms have been selected out of   7565
 CNSsolve>      ! all new water oxygens further than thickness away from a protein heavy atom 
 CNSsolve>      ident (store4) (store1 and not (not (resn WAT or resn HOH or resn TIP* or resn ANI or resn DAN or resn XAN or resn DUM or resn SHA or hydro)) around $thickness) 
 SELRPN:    214 atoms have been selected out of   7565
 CNSsolve>      delete sele= (byres (store2 or store3 or store4)) end 
 SELRPN:    642 atoms have been selected out of   7565
 Status of internal molecular topology database:
 -> NATOM=       6923(MAXA=     1000000)  NBOND=       5281(MAXB=     1000000)
 -> NTHETA=      4934(MAXT=     2000000)  NGRP=        2286(MAXGRP=   1000000)
 -> NPHI=          22(MAXP=     2000000)  NIMPHI=      1110(MAXIMP=   1000000)
 -> NNB=          150(MAXNB=    1000000) 
 CNSsolve> 
 CNSsolve> 
 CNSsolve>      ! give waters unique segid name 
 CNSsolve>      eval ($segid= "W" 
 Expression=             + encode($xcount) + encode($ycount) + encode($zcount)) 
 EVALUATE: symbol $SEGID set to "W442" (string)
 CNSsolve>      do (segid = $segid) (segid W000) 
 SELRPN:      6 atoms have been selected out of   6923
 CNSsolve> 
 CNSsolve>    end loop wat3 
 CNSsolve>    while ($ztrans < $zmtran) loop wat3 
 NEXTCD: condition evaluated as true
 CNSsolve>      eval ($zcount=$zcount+1) 
 EVALUATE: symbol $ZCOUNT set to    3.00000     (real)
 CNSsolve>      eval ($ztrans = $ztrans + $boxlength) 
 EVALUATE: symbol $ZTRANS set to    24.9260     (real)
 CNSsolve> 
 CNSsolve> 
 CNSsolve>      segment 
 SEGMENT>        name="    " 
 SEGMENT>        chain 
 CHAIN>          coordinates @@RUN:protocols/boxtyp20.pdb 
 ASSFIL: file boxtyp20.pdb opened.
 COOR>REMARKS *****  CHARMM water box from Charlie Brooks. ******** 
 COOR>REMARKS * This is a box of 216 3-site water molecules in the experimental 
 COOR>REMARKS * geometry.  It was constructed from an equilibrated 
 COOR>REMARKS * configuration of TIP3P (3-site water model of Jorgenson) 
 COOR>REMARKS * waters at 1 atm pressure and a density of 0.0334 molecules/A**-3. 
 COOR>REMARKS * The box edgelength is 18.856 A.  The minimum image periodic 
 COOR>REMARKS * boundary energy for this configuration using the TIP3P 
 COOR>REMARKS * potentials is -2150.6833 kcal/mol. 
 COOR>REMARKS 
 COOR>ATOM      1 OH2  WAT     1       2.531   0.596  -2.477        0.000 
 SEGMNT-info: chain termination due to END keyword.   216 residues were inserted into segid "    "
 CHAIN>        end 
 SEGMENT>      end 
 Status of internal molecular topology database:
 -> NATOM=       7571(MAXA=     1000000)  NBOND=       5713(MAXB=     1000000)
 -> NTHETA=      5150(MAXT=     2000000)  NGRP=        2502(MAXGRP=   1000000)
 -> NPHI=          22(MAXP=     2000000)  NIMPHI=      1110(MAXIMP=   1000000)
 -> NNB=          150(MAXNB=    1000000) 
 CNSsolve>      coor @@RUN:protocols/boxtyp20.pdb 
 ASSFIL: file boxtyp20.pdb opened.
 COOR>REMARKS *****  CHARMM water box from Charlie Brooks. ******** 
 COOR>REMARKS * This is a box of 216 3-site water molecules in the experimental 
 COOR>REMARKS * geometry.  It was constructed from an equilibrated 
 COOR>REMARKS * configuration of TIP3P (3-site water model of Jorgenson) 
 COOR>REMARKS * waters at 1 atm pressure and a density of 0.0334 molecules/A**-3. 
 COOR>REMARKS * The box edgelength is 18.856 A.  The minimum image periodic 
 COOR>REMARKS * boundary energy for this configuration using the TIP3P 
 COOR>REMARKS * potentials is -2150.6833 kcal/mol. 
 COOR>REMARKS 
 COOR>ATOM      1 OH2  WAT     1       2.531   0.596  -2.477        0.000 
 COOR>ATOM      2 H1   WAT     1       2.620   1.540  -2.609        0.000 
 CNSsolve>      do (segid=W000) (segid "    ") 
 Assuming literal string "W000"
 SELRPN:    648 atoms have been selected out of   7571
 CNSsolve>      coor sele=(segid W000) translate vector = ($xtrans $ytrans $ztrans) end 
 SELRPN:    648 atoms have been selected out of   7571
 COOR: using atom subset.
 COOR: translation vector =(    21.034000   37.689000   24.926000 )
 COOR: selected coordinates translated
 CNSsolve> 
 CNSsolve>      ! all new water oxygens 
 CNSsolve>      ident (store1) (segid W000 and name oh2) 
 SELRPN:    216 atoms have been selected out of   7571
 CNSsolve>      ! all new water oxygens close to a protein heavy atom 
 CNSsolve>      ident (store2) (store1 and (not (resn WAT or resn HOH or resn TIP* or resn ANI or resn DAN or resn XAN or resn DUM or resn SHA or hydro)) around $pw_dist) 
 SELRPN:      0 atoms have been selected out of   7571
 CNSsolve>      ! all new water oxygens close to old water oxygens 
 CNSsolve>      ident (store3) (store1 and (segid wat# and not hydro) around $water_diam) 
 SELRPN:      0 atoms have been selected out of   7571
 CNSsolve>      ! all new water oxygens further than thickness away from a protein heavy atom 
 CNSsolve>      ident (store4) (store1 and not (not (resn WAT or resn HOH or resn TIP* or resn ANI or resn DAN or resn XAN or resn DUM or resn SHA or hydro)) around $thickness) 
 SELRPN:    216 atoms have been selected out of   7571
 CNSsolve>      delete sele= (byres (store2 or store3 or store4)) end 
 SELRPN:    648 atoms have been selected out of   7571
 Status of internal molecular topology database:
 -> NATOM=       6923(MAXA=     1000000)  NBOND=       5281(MAXB=     1000000)
 -> NTHETA=      4934(MAXT=     2000000)  NGRP=        2286(MAXGRP=   1000000)
 -> NPHI=          22(MAXP=     2000000)  NIMPHI=      1110(MAXIMP=   1000000)
 -> NNB=          150(MAXNB=    1000000) 
 CNSsolve> 
 CNSsolve> 
 CNSsolve>      ! give waters unique segid name 
 CNSsolve>      eval ($segid= "W" 
 Expression=             + encode($xcount) + encode($ycount) + encode($zcount)) 
 EVALUATE: symbol $SEGID set to "W443" (string)
 CNSsolve>      do (segid = $segid) (segid W000) 
 SELRPN:      0 atoms have been selected out of   6923
 CNSsolve> 
 CNSsolve>    end loop wat3 
 CNSsolve>    while ($ztrans < $zmtran) loop wat3 
 NEXTCD: condition evaluated as false
 CNSsolve>      eval ($zcount=$zcount+1) 
 CNSsolve>      eval ($ztrans = $ztrans + $boxlength) 
 CNSsolve> 
 CNSsolve> 
 CNSsolve>      segment 
 CNSsolve>        name="    " 
 CNSsolve>        chain 
 CNSsolve>          coordinates @@RUN:protocols/boxtyp20.pdb 
 CNSsolve>        end 
 CNSsolve>      end 
 CNSsolve>      coor @@RUN:protocols/boxtyp20.pdb 
 CNSsolve>      do (segid=W000) (segid "    ") 
 CNSsolve>      coor sele=(segid W000) translate vector = ($xtrans $ytrans $ztrans) end 
 CNSsolve> 
 CNSsolve>      ! all new water oxygens 
 CNSsolve>      ident (store1) (segid W000 and name oh2) 
 CNSsolve>      ! all new water oxygens close to a protein heavy atom 
 CNSsolve>      ident (store2) (store1 and (not (resn WAT or resn HOH or resn TIP* or resn ANI or resn DAN or resn XAN or resn DUM or resn SHA or hydro)) around $pw_dist) 
 CNSsolve>      ! all new water oxygens close to old water oxygens 
 CNSsolve>      ident (store3) (store1 and (segid wat# and not hydro) around $water_diam) 
 CNSsolve>      ! all new water oxygens further than thickness away from a protein heavy atom 
 CNSsolve>      ident (store4) (store1 and not (not (resn WAT or resn HOH or resn TIP* or resn ANI or resn DAN or resn XAN or resn DUM or resn SHA or hydro)) around $thickness) 
 CNSsolve>      delete sele= (byres (store2 or store3 or store4)) end 
 CNSsolve> 
 CNSsolve> 
 CNSsolve>      ! give waters unique segid name 
 CNSsolve>      eval ($segid= "W" 
 CNSsolve>             + encode($xcount) + encode($ycount) + encode($zcount)) 
 CNSsolve>      do (segid = $segid) (segid W000) 
 CNSsolve> 
 CNSsolve>    end loop wat3 
 CNSsolve>  end loop wat2 
 CNSsolve>  while ($ytrans < $ymtran) loop wat2 
 NEXTCD: condition evaluated as false
 CNSsolve>    eval ($ycount=$ycount+1) 
 CNSsolve>    eval ($ytrans = $ytrans + $boxlength) 
 CNSsolve> 
 CNSsolve>    eval ($zcount=0) 
 CNSsolve>    eval ($ztrans = $zmin - $thickness - $water_diam - $boxlength/2 ) 
 CNSsolve>    while ($ztrans < $zmtran) loop wat3 
 CNSsolve>      eval ($zcount=$zcount+1) 
 CNSsolve>      eval ($ztrans = $ztrans + $boxlength) 
 CNSsolve> 
 CNSsolve> 
 CNSsolve>      segment 
 CNSsolve>        name="    " 
 CNSsolve>        chain 
 CNSsolve>          coordinates @@RUN:protocols/boxtyp20.pdb 
 CNSsolve>        end 
 CNSsolve>      end 
 CNSsolve>      coor @@RUN:protocols/boxtyp20.pdb 
 CNSsolve>      do (segid=W000) (segid "    ") 
 CNSsolve>      coor sele=(segid W000) translate vector = ($xtrans $ytrans $ztrans) end 
 CNSsolve> 
 CNSsolve>      ! all new water oxygens 
 CNSsolve>      ident (store1) (segid W000 and name oh2) 
 CNSsolve>      ! all new water oxygens close to a protein heavy atom 
 CNSsolve>      ident (store2) (store1 and (not (resn WAT or resn HOH or resn TIP* or resn ANI or resn DAN or resn XAN or resn DUM or resn SHA or hydro)) around $pw_dist) 
 CNSsolve>      ! all new water oxygens close to old water oxygens 
 CNSsolve>      ident (store3) (store1 and (segid wat# and not hydro) around $water_diam) 
 CNSsolve>      ! all new water oxygens further than thickness away from a protein heavy atom 
 CNSsolve>      ident (store4) (store1 and not (not (resn WAT or resn HOH or resn TIP* or resn ANI or resn DAN or resn XAN or resn DUM or resn SHA or hydro)) around $thickness) 
 CNSsolve>      delete sele= (byres (store2 or store3 or store4)) end 
 CNSsolve> 
 CNSsolve> 
 CNSsolve>      ! give waters unique segid name 
 CNSsolve>      eval ($segid= "W" 
 CNSsolve>             + encode($xcount) + encode($ycount) + encode($zcount)) 
 CNSsolve>      do (segid = $segid) (segid W000) 
 CNSsolve> 
 CNSsolve>    end loop wat3 
 CNSsolve>  end loop wat2 
 CNSsolve>end loop wat1 
 CNSsolve>while ($xtrans < $xmtran) loop wat1 
 NEXTCD: condition evaluated as true
 CNSsolve>  eval ($xcount=$xcount+1) 
 EVALUATE: symbol $XCOUNT set to    5.00000     (real)
 CNSsolve>  eval ($xtrans = $xtrans + $boxlength) 
 EVALUATE: symbol $XTRANS set to    39.8900     (real)
 CNSsolve> 
 CNSsolve>  eval ($ycount=0) 
 EVALUATE: symbol $YCOUNT set to    0.00000     (real)
 CNSsolve>  eval ($ytrans = $ymin - $thickness - $water_diam - $boxlength/2 ) 
 EVALUATE: symbol $YTRANS set to   -37.7350     (real)
 CNSsolve>  while ($ytrans < $ymtran) loop wat2 
 NEXTCD: condition evaluated as true
 CNSsolve>    eval ($ycount=$ycount+1) 
 EVALUATE: symbol $YCOUNT set to    1.00000     (real)
 CNSsolve>    eval ($ytrans = $ytrans + $boxlength) 
 EVALUATE: symbol $YTRANS set to   -18.8790     (real)
 CNSsolve> 
 CNSsolve>    eval ($zcount=0) 
 EVALUATE: symbol $ZCOUNT set to    0.00000     (real)
 CNSsolve>    eval ($ztrans = $zmin - $thickness - $water_diam - $boxlength/2 ) 
 EVALUATE: symbol $ZTRANS set to   -31.6420     (real)
 CNSsolve>    while ($ztrans < $zmtran) loop wat3 
 NEXTCD: condition evaluated as true
 CNSsolve>      eval ($zcount=$zcount+1) 
 EVALUATE: symbol $ZCOUNT set to    1.00000     (real)
 CNSsolve>      eval ($ztrans = $ztrans + $boxlength) 
 EVALUATE: symbol $ZTRANS set to   -12.7860     (real)
 CNSsolve> 
 CNSsolve> 
 CNSsolve>      segment 
 SEGMENT>        name="    " 
 SEGMENT>        chain 
 CHAIN>          coordinates @@RUN:protocols/boxtyp20.pdb 
 ASSFIL: file boxtyp20.pdb opened.
 COOR>REMARKS *****  CHARMM water box from Charlie Brooks. ******** 
 COOR>REMARKS * This is a box of 216 3-site water molecules in the experimental 
 COOR>REMARKS * geometry.  It was constructed from an equilibrated 
 COOR>REMARKS * configuration of TIP3P (3-site water model of Jorgenson) 
 COOR>REMARKS * waters at 1 atm pressure and a density of 0.0334 molecules/A**-3. 
 COOR>REMARKS * The box edgelength is 18.856 A.  The minimum image periodic 
 COOR>REMARKS * boundary energy for this configuration using the TIP3P 
 COOR>REMARKS * potentials is -2150.6833 kcal/mol. 
 COOR>REMARKS 
 COOR>ATOM      1 OH2  WAT     1       2.531   0.596  -2.477        0.000 
 SEGMNT-info: chain termination due to END keyword.   216 residues were inserted into segid "    "
 CHAIN>        end 
 SEGMENT>      end 
 Status of internal molecular topology database:
 -> NATOM=       7571(MAXA=     1000000)  NBOND=       5713(MAXB=     1000000)
 -> NTHETA=      5150(MAXT=     2000000)  NGRP=        2502(MAXGRP=   1000000)
 -> NPHI=          22(MAXP=     2000000)  NIMPHI=      1110(MAXIMP=   1000000)
 -> NNB=          150(MAXNB=    1000000) 
 CNSsolve>      coor @@RUN:protocols/boxtyp20.pdb 
 ASSFIL: file boxtyp20.pdb opened.
 COOR>REMARKS *****  CHARMM water box from Charlie Brooks. ******** 
 COOR>REMARKS * This is a box of 216 3-site water molecules in the experimental 
 COOR>REMARKS * geometry.  It was constructed from an equilibrated 
 COOR>REMARKS * configuration of TIP3P (3-site water model of Jorgenson) 
 COOR>REMARKS * waters at 1 atm pressure and a density of 0.0334 molecules/A**-3. 
 COOR>REMARKS * The box edgelength is 18.856 A.  The minimum image periodic 
 COOR>REMARKS * boundary energy for this configuration using the TIP3P 
 COOR>REMARKS * potentials is -2150.6833 kcal/mol. 
 COOR>REMARKS 
 COOR>ATOM      1 OH2  WAT     1       2.531   0.596  -2.477        0.000 
 COOR>ATOM      2 H1   WAT     1       2.620   1.540  -2.609        0.000 
 CNSsolve>      do (segid=W000) (segid "    ") 
 Assuming literal string "W000"
 SELRPN:    648 atoms have been selected out of   7571
 CNSsolve>      coor sele=(segid W000) translate vector = ($xtrans $ytrans $ztrans) end 
 SELRPN:    648 atoms have been selected out of   7571
 COOR: using atom subset.
 COOR: translation vector =(    39.890000  -18.879000  -12.786000 )
 COOR: selected coordinates translated
 CNSsolve> 
 CNSsolve>      ! all new water oxygens 
 CNSsolve>      ident (store1) (segid W000 and name oh2) 
 SELRPN:    216 atoms have been selected out of   7571
 CNSsolve>      ! all new water oxygens close to a protein heavy atom 
 CNSsolve>      ident (store2) (store1 and (not (resn WAT or resn HOH or resn TIP* or resn ANI or resn DAN or resn XAN or resn DUM or resn SHA or hydro)) around $pw_dist) 
 SELRPN:      1 atoms have been selected out of   7571
 CNSsolve>      ! all new water oxygens close to old water oxygens 
 CNSsolve>      ident (store3) (store1 and (segid wat# and not hydro) around $water_diam) 
 SELRPN:      0 atoms have been selected out of   7571
 CNSsolve>      ! all new water oxygens further than thickness away from a protein heavy atom 
 CNSsolve>      ident (store4) (store1 and not (not (resn WAT or resn HOH or resn TIP* or resn ANI or resn DAN or resn XAN or resn DUM or resn SHA or hydro)) around $thickness) 
 SELRPN:    197 atoms have been selected out of   7571
 CNSsolve>      delete sele= (byres (store2 or store3 or store4)) end 
 SELRPN:    594 atoms have been selected out of   7571
 Status of internal molecular topology database:
 -> NATOM=       6977(MAXA=     1000000)  NBOND=       5317(MAXB=     1000000)
 -> NTHETA=      4952(MAXT=     2000000)  NGRP=        2304(MAXGRP=   1000000)
 -> NPHI=          22(MAXP=     2000000)  NIMPHI=      1110(MAXIMP=   1000000)
 -> NNB=          150(MAXNB=    1000000) 
 CNSsolve> 
 CNSsolve> 
 CNSsolve>      ! give waters unique segid name 
 CNSsolve>      eval ($segid= "W" 
 Expression=             + encode($xcount) + encode($ycount) + encode($zcount)) 
 EVALUATE: symbol $SEGID set to "W511" (string)
 CNSsolve>      do (segid = $segid) (segid W000) 
 SELRPN:     54 atoms have been selected out of   6977
 CNSsolve> 
 CNSsolve>    end loop wat3 
 CNSsolve>    while ($ztrans < $zmtran) loop wat3 
 NEXTCD: condition evaluated as true
 CNSsolve>      eval ($zcount=$zcount+1) 
 EVALUATE: symbol $ZCOUNT set to    2.00000     (real)
 CNSsolve>      eval ($ztrans = $ztrans + $boxlength) 
 EVALUATE: symbol $ZTRANS set to    6.07000     (real)
 CNSsolve> 
 CNSsolve> 
 CNSsolve>      segment 
 SEGMENT>        name="    " 
 SEGMENT>        chain 
 CHAIN>          coordinates @@RUN:protocols/boxtyp20.pdb 
 ASSFIL: file boxtyp20.pdb opened.
 COOR>REMARKS *****  CHARMM water box from Charlie Brooks. ******** 
 COOR>REMARKS * This is a box of 216 3-site water molecules in the experimental 
 COOR>REMARKS * geometry.  It was constructed from an equilibrated 
 COOR>REMARKS * configuration of TIP3P (3-site water model of Jorgenson) 
 COOR>REMARKS * waters at 1 atm pressure and a density of 0.0334 molecules/A**-3. 
 COOR>REMARKS * The box edgelength is 18.856 A.  The minimum image periodic 
 COOR>REMARKS * boundary energy for this configuration using the TIP3P 
 COOR>REMARKS * potentials is -2150.6833 kcal/mol. 
 COOR>REMARKS 
 COOR>ATOM      1 OH2  WAT     1       2.531   0.596  -2.477        0.000 
 SEGMNT-info: chain termination due to END keyword.   216 residues were inserted into segid "    "
 CHAIN>        end 
 SEGMENT>      end 
 Status of internal molecular topology database:
 -> NATOM=       7625(MAXA=     1000000)  NBOND=       5749(MAXB=     1000000)
 -> NTHETA=      5168(MAXT=     2000000)  NGRP=        2520(MAXGRP=   1000000)
 -> NPHI=          22(MAXP=     2000000)  NIMPHI=      1110(MAXIMP=   1000000)
 -> NNB=          150(MAXNB=    1000000) 
 CNSsolve>      coor @@RUN:protocols/boxtyp20.pdb 
 ASSFIL: file boxtyp20.pdb opened.
 COOR>REMARKS *****  CHARMM water box from Charlie Brooks. ******** 
 COOR>REMARKS * This is a box of 216 3-site water molecules in the experimental 
 COOR>REMARKS * geometry.  It was constructed from an equilibrated 
 COOR>REMARKS * configuration of TIP3P (3-site water model of Jorgenson) 
 COOR>REMARKS * waters at 1 atm pressure and a density of 0.0334 molecules/A**-3. 
 COOR>REMARKS * The box edgelength is 18.856 A.  The minimum image periodic 
 COOR>REMARKS * boundary energy for this configuration using the TIP3P 
 COOR>REMARKS * potentials is -2150.6833 kcal/mol. 
 COOR>REMARKS 
 COOR>ATOM      1 OH2  WAT     1       2.531   0.596  -2.477        0.000 
 COOR>ATOM      2 H1   WAT     1       2.620   1.540  -2.609        0.000 
 CNSsolve>      do (segid=W000) (segid "    ") 
 Assuming literal string "W000"
 SELRPN:    648 atoms have been selected out of   7625
 CNSsolve>      coor sele=(segid W000) translate vector = ($xtrans $ytrans $ztrans) end 
 SELRPN:    648 atoms have been selected out of   7625
 COOR: using atom subset.
 COOR: translation vector =(    39.890000  -18.879000    6.070000 )
 COOR: selected coordinates translated
 CNSsolve> 
 CNSsolve>      ! all new water oxygens 
 CNSsolve>      ident (store1) (segid W000 and name oh2) 
 SELRPN:    216 atoms have been selected out of   7625
 CNSsolve>      ! all new water oxygens close to a protein heavy atom 
 CNSsolve>      ident (store2) (store1 and (not (resn WAT or resn HOH or resn TIP* or resn ANI or resn DAN or resn XAN or resn DUM or resn SHA or hydro)) around $pw_dist) 
 SELRPN:      0 atoms have been selected out of   7625
 CNSsolve>      ! all new water oxygens close to old water oxygens 
 CNSsolve>      ident (store3) (store1 and (segid wat# and not hydro) around $water_diam) 
 SELRPN:      0 atoms have been selected out of   7625
 CNSsolve>      ! all new water oxygens further than thickness away from a protein heavy atom 
 CNSsolve>      ident (store4) (store1 and not (not (resn WAT or resn HOH or resn TIP* or resn ANI or resn DAN or resn XAN or resn DUM or resn SHA or hydro)) around $thickness) 
 SELRPN:    200 atoms have been selected out of   7625
 CNSsolve>      delete sele= (byres (store2 or store3 or store4)) end 
 SELRPN:    600 atoms have been selected out of   7625
 Status of internal molecular topology database:
 -> NATOM=       7025(MAXA=     1000000)  NBOND=       5349(MAXB=     1000000)
 -> NTHETA=      4968(MAXT=     2000000)  NGRP=        2320(MAXGRP=   1000000)
 -> NPHI=          22(MAXP=     2000000)  NIMPHI=      1110(MAXIMP=   1000000)
 -> NNB=          150(MAXNB=    1000000) 
 CNSsolve> 
 CNSsolve> 
 CNSsolve>      ! give waters unique segid name 
 CNSsolve>      eval ($segid= "W" 
 Expression=             + encode($xcount) + encode($ycount) + encode($zcount)) 
 EVALUATE: symbol $SEGID set to "W512" (string)
 CNSsolve>      do (segid = $segid) (segid W000) 
 SELRPN:     48 atoms have been selected out of   7025
 CNSsolve> 
 CNSsolve>    end loop wat3 
 CNSsolve>    while ($ztrans < $zmtran) loop wat3 
 NEXTCD: condition evaluated as true
 CNSsolve>      eval ($zcount=$zcount+1) 
 EVALUATE: symbol $ZCOUNT set to    3.00000     (real)
 CNSsolve>      eval ($ztrans = $ztrans + $boxlength) 
 EVALUATE: symbol $ZTRANS set to    24.9260     (real)
 CNSsolve> 
 CNSsolve> 
 CNSsolve>      segment 
 SEGMENT>        name="    " 
 SEGMENT>        chain 
 CHAIN>          coordinates @@RUN:protocols/boxtyp20.pdb 
 ASSFIL: file boxtyp20.pdb opened.
 COOR>REMARKS *****  CHARMM water box from Charlie Brooks. ******** 
 COOR>REMARKS * This is a box of 216 3-site water molecules in the experimental 
 COOR>REMARKS * geometry.  It was constructed from an equilibrated 
 COOR>REMARKS * configuration of TIP3P (3-site water model of Jorgenson) 
 COOR>REMARKS * waters at 1 atm pressure and a density of 0.0334 molecules/A**-3. 
 COOR>REMARKS * The box edgelength is 18.856 A.  The minimum image periodic 
 COOR>REMARKS * boundary energy for this configuration using the TIP3P 
 COOR>REMARKS * potentials is -2150.6833 kcal/mol. 
 COOR>REMARKS 
 COOR>ATOM      1 OH2  WAT     1       2.531   0.596  -2.477        0.000 
 SEGMNT-info: chain termination due to END keyword.   216 residues were inserted into segid "    "
 CHAIN>        end 
 SEGMENT>      end 
 Status of internal molecular topology database:
 -> NATOM=       7673(MAXA=     1000000)  NBOND=       5781(MAXB=     1000000)
 -> NTHETA=      5184(MAXT=     2000000)  NGRP=        2536(MAXGRP=   1000000)
 -> NPHI=          22(MAXP=     2000000)  NIMPHI=      1110(MAXIMP=   1000000)
 -> NNB=          150(MAXNB=    1000000) 
 CNSsolve>      coor @@RUN:protocols/boxtyp20.pdb 
 ASSFIL: file boxtyp20.pdb opened.
 COOR>REMARKS *****  CHARMM water box from Charlie Brooks. ******** 
 COOR>REMARKS * This is a box of 216 3-site water molecules in the experimental 
 COOR>REMARKS * geometry.  It was constructed from an equilibrated 
 COOR>REMARKS * configuration of TIP3P (3-site water model of Jorgenson) 
 COOR>REMARKS * waters at 1 atm pressure and a density of 0.0334 molecules/A**-3. 
 COOR>REMARKS * The box edgelength is 18.856 A.  The minimum image periodic 
 COOR>REMARKS * boundary energy for this configuration using the TIP3P 
 COOR>REMARKS * potentials is -2150.6833 kcal/mol. 
 COOR>REMARKS 
 COOR>ATOM      1 OH2  WAT     1       2.531   0.596  -2.477        0.000 
 COOR>ATOM      2 H1   WAT     1       2.620   1.540  -2.609        0.000 
 CNSsolve>      do (segid=W000) (segid "    ") 
 Assuming literal string "W000"
 SELRPN:    648 atoms have been selected out of   7673
 CNSsolve>      coor sele=(segid W000) translate vector = ($xtrans $ytrans $ztrans) end 
 SELRPN:    648 atoms have been selected out of   7673
 COOR: using atom subset.
 COOR: translation vector =(    39.890000  -18.879000   24.926000 )
 COOR: selected coordinates translated
 CNSsolve> 
 CNSsolve>      ! all new water oxygens 
 CNSsolve>      ident (store1) (segid W000 and name oh2) 
 SELRPN:    216 atoms have been selected out of   7673
 CNSsolve>      ! all new water oxygens close to a protein heavy atom 
 CNSsolve>      ident (store2) (store1 and (not (resn WAT or resn HOH or resn TIP* or resn ANI or resn DAN or resn XAN or resn DUM or resn SHA or hydro)) around $pw_dist) 
 SELRPN:      0 atoms have been selected out of   7673
 CNSsolve>      ! all new water oxygens close to old water oxygens 
 CNSsolve>      ident (store3) (store1 and (segid wat# and not hydro) around $water_diam) 
 SELRPN:      0 atoms have been selected out of   7673
 CNSsolve>      ! all new water oxygens further than thickness away from a protein heavy atom 
 CNSsolve>      ident (store4) (store1 and not (not (resn WAT or resn HOH or resn TIP* or resn ANI or resn DAN or resn XAN or resn DUM or resn SHA or hydro)) around $thickness) 
 SELRPN:    216 atoms have been selected out of   7673
 CNSsolve>      delete sele= (byres (store2 or store3 or store4)) end 
 SELRPN:    648 atoms have been selected out of   7673
 Status of internal molecular topology database:
 -> NATOM=       7025(MAXA=     1000000)  NBOND=       5349(MAXB=     1000000)
 -> NTHETA=      4968(MAXT=     2000000)  NGRP=        2320(MAXGRP=   1000000)
 -> NPHI=          22(MAXP=     2000000)  NIMPHI=      1110(MAXIMP=   1000000)
 -> NNB=          150(MAXNB=    1000000) 
 CNSsolve> 
 CNSsolve> 
 CNSsolve>      ! give waters unique segid name 
 CNSsolve>      eval ($segid= "W" 
 Expression=             + encode($xcount) + encode($ycount) + encode($zcount)) 
 EVALUATE: symbol $SEGID set to "W513" (string)
 CNSsolve>      do (segid = $segid) (segid W000) 
 SELRPN:      0 atoms have been selected out of   7025
 CNSsolve> 
 CNSsolve>    end loop wat3 
 CNSsolve>    while ($ztrans < $zmtran) loop wat3 
 NEXTCD: condition evaluated as false
 CNSsolve>      eval ($zcount=$zcount+1) 
 CNSsolve>      eval ($ztrans = $ztrans + $boxlength) 
 CNSsolve> 
 CNSsolve> 
 CNSsolve>      segment 
 CNSsolve>        name="    " 
 CNSsolve>        chain 
 CNSsolve>          coordinates @@RUN:protocols/boxtyp20.pdb 
 CNSsolve>        end 
 CNSsolve>      end 
 CNSsolve>      coor @@RUN:protocols/boxtyp20.pdb 
 CNSsolve>      do (segid=W000) (segid "    ") 
 CNSsolve>      coor sele=(segid W000) translate vector = ($xtrans $ytrans $ztrans) end 
 CNSsolve> 
 CNSsolve>      ! all new water oxygens 
 CNSsolve>      ident (store1) (segid W000 and name oh2) 
 CNSsolve>      ! all new water oxygens close to a protein heavy atom 
 CNSsolve>      ident (store2) (store1 and (not (resn WAT or resn HOH or resn TIP* or resn ANI or resn DAN or resn XAN or resn DUM or resn SHA or hydro)) around $pw_dist) 
 CNSsolve>      ! all new water oxygens close to old water oxygens 
 CNSsolve>      ident (store3) (store1 and (segid wat# and not hydro) around $water_diam) 
 CNSsolve>      ! all new water oxygens further than thickness away from a protein heavy atom 
 CNSsolve>      ident (store4) (store1 and not (not (resn WAT or resn HOH or resn TIP* or resn ANI or resn DAN or resn XAN or resn DUM or resn SHA or hydro)) around $thickness) 
 CNSsolve>      delete sele= (byres (store2 or store3 or store4)) end 
 CNSsolve> 
 CNSsolve> 
 CNSsolve>      ! give waters unique segid name 
 CNSsolve>      eval ($segid= "W" 
 CNSsolve>             + encode($xcount) + encode($ycount) + encode($zcount)) 
 CNSsolve>      do (segid = $segid) (segid W000) 
 CNSsolve> 
 CNSsolve>    end loop wat3 
 CNSsolve>  end loop wat2 
 CNSsolve>  while ($ytrans < $ymtran) loop wat2 
 NEXTCD: condition evaluated as true
 CNSsolve>    eval ($ycount=$ycount+1) 
 EVALUATE: symbol $YCOUNT set to    2.00000     (real)
 CNSsolve>    eval ($ytrans = $ytrans + $boxlength) 
 EVALUATE: symbol $YTRANS set to  -0.230000E-01 (real)
 CNSsolve> 
 CNSsolve>    eval ($zcount=0) 
 EVALUATE: symbol $ZCOUNT set to    0.00000     (real)
 CNSsolve>    eval ($ztrans = $zmin - $thickness - $water_diam - $boxlength/2 ) 
 EVALUATE: symbol $ZTRANS set to   -31.6420     (real)
 CNSsolve>    while ($ztrans < $zmtran) loop wat3 
 NEXTCD: condition evaluated as true
 CNSsolve>      eval ($zcount=$zcount+1) 
 EVALUATE: symbol $ZCOUNT set to    1.00000     (real)
 CNSsolve>      eval ($ztrans = $ztrans + $boxlength) 
 EVALUATE: symbol $ZTRANS set to   -12.7860     (real)
 CNSsolve> 
 CNSsolve> 
 CNSsolve>      segment 
 SEGMENT>        name="    " 
 SEGMENT>        chain 
 CHAIN>          coordinates @@RUN:protocols/boxtyp20.pdb 
 ASSFIL: file boxtyp20.pdb opened.
 COOR>REMARKS *****  CHARMM water box from Charlie Brooks. ******** 
 COOR>REMARKS * This is a box of 216 3-site water molecules in the experimental 
 COOR>REMARKS * geometry.  It was constructed from an equilibrated 
 COOR>REMARKS * configuration of TIP3P (3-site water model of Jorgenson) 
 COOR>REMARKS * waters at 1 atm pressure and a density of 0.0334 molecules/A**-3. 
 COOR>REMARKS * The box edgelength is 18.856 A.  The minimum image periodic 
 COOR>REMARKS * boundary energy for this configuration using the TIP3P 
 COOR>REMARKS * potentials is -2150.6833 kcal/mol. 
 COOR>REMARKS 
 COOR>ATOM      1 OH2  WAT     1       2.531   0.596  -2.477        0.000 
 SEGMNT-info: chain termination due to END keyword.   216 residues were inserted into segid "    "
 CHAIN>        end 
 SEGMENT>      end 
 Status of internal molecular topology database:
 -> NATOM=       7673(MAXA=     1000000)  NBOND=       5781(MAXB=     1000000)
 -> NTHETA=      5184(MAXT=     2000000)  NGRP=        2536(MAXGRP=   1000000)
 -> NPHI=          22(MAXP=     2000000)  NIMPHI=      1110(MAXIMP=   1000000)
 -> NNB=          150(MAXNB=    1000000) 
 CNSsolve>      coor @@RUN:protocols/boxtyp20.pdb 
 ASSFIL: file boxtyp20.pdb opened.
 COOR>REMARKS *****  CHARMM water box from Charlie Brooks. ******** 
 COOR>REMARKS * This is a box of 216 3-site water molecules in the experimental 
 COOR>REMARKS * geometry.  It was constructed from an equilibrated 
 COOR>REMARKS * configuration of TIP3P (3-site water model of Jorgenson) 
 COOR>REMARKS * waters at 1 atm pressure and a density of 0.0334 molecules/A**-3. 
 COOR>REMARKS * The box edgelength is 18.856 A.  The minimum image periodic 
 COOR>REMARKS * boundary energy for this configuration using the TIP3P 
 COOR>REMARKS * potentials is -2150.6833 kcal/mol. 
 COOR>REMARKS 
 COOR>ATOM      1 OH2  WAT     1       2.531   0.596  -2.477        0.000 
 COOR>ATOM      2 H1   WAT     1       2.620   1.540  -2.609        0.000 
 CNSsolve>      do (segid=W000) (segid "    ") 
 Assuming literal string "W000"
 SELRPN:    648 atoms have been selected out of   7673
 CNSsolve>      coor sele=(segid W000) translate vector = ($xtrans $ytrans $ztrans) end 
 SELRPN:    648 atoms have been selected out of   7673
 COOR: using atom subset.
 COOR: translation vector =(    39.890000   -0.023000  -12.786000 )
 COOR: selected coordinates translated
 CNSsolve> 
 CNSsolve>      ! all new water oxygens 
 CNSsolve>      ident (store1) (segid W000 and name oh2) 
 SELRPN:    216 atoms have been selected out of   7673
 CNSsolve>      ! all new water oxygens close to a protein heavy atom 
 CNSsolve>      ident (store2) (store1 and (not (resn WAT or resn HOH or resn TIP* or resn ANI or resn DAN or resn XAN or resn DUM or resn SHA or hydro)) around $pw_dist) 
 SELRPN:      0 atoms have been selected out of   7673
 CNSsolve>      ! all new water oxygens close to old water oxygens 
 CNSsolve>      ident (store3) (store1 and (segid wat# and not hydro) around $water_diam) 
 SELRPN:      0 atoms have been selected out of   7673
 CNSsolve>      ! all new water oxygens further than thickness away from a protein heavy atom 
 CNSsolve>      ident (store4) (store1 and not (not (resn WAT or resn HOH or resn TIP* or resn ANI or resn DAN or resn XAN or resn DUM or resn SHA or hydro)) around $thickness) 
 SELRPN:    200 atoms have been selected out of   7673
 CNSsolve>      delete sele= (byres (store2 or store3 or store4)) end 
 SELRPN:    600 atoms have been selected out of   7673
 Status of internal molecular topology database:
 -> NATOM=       7073(MAXA=     1000000)  NBOND=       5381(MAXB=     1000000)
 -> NTHETA=      4984(MAXT=     2000000)  NGRP=        2336(MAXGRP=   1000000)
 -> NPHI=          22(MAXP=     2000000)  NIMPHI=      1110(MAXIMP=   1000000)
 -> NNB=          150(MAXNB=    1000000) 
 CNSsolve> 
 CNSsolve> 
 CNSsolve>      ! give waters unique segid name 
 CNSsolve>      eval ($segid= "W" 
 Expression=             + encode($xcount) + encode($ycount) + encode($zcount)) 
 EVALUATE: symbol $SEGID set to "W521" (string)
 CNSsolve>      do (segid = $segid) (segid W000) 
 SELRPN:     48 atoms have been selected out of   7073
 CNSsolve> 
 CNSsolve>    end loop wat3 
 CNSsolve>    while ($ztrans < $zmtran) loop wat3 
 NEXTCD: condition evaluated as true
 CNSsolve>      eval ($zcount=$zcount+1) 
 EVALUATE: symbol $ZCOUNT set to    2.00000     (real)
 CNSsolve>      eval ($ztrans = $ztrans + $boxlength) 
 EVALUATE: symbol $ZTRANS set to    6.07000     (real)
 CNSsolve> 
 CNSsolve> 
 CNSsolve>      segment 
 SEGMENT>        name="    " 
 SEGMENT>        chain 
 CHAIN>          coordinates @@RUN:protocols/boxtyp20.pdb 
 ASSFIL: file boxtyp20.pdb opened.
 COOR>REMARKS *****  CHARMM water box from Charlie Brooks. ******** 
 COOR>REMARKS * This is a box of 216 3-site water molecules in the experimental 
 COOR>REMARKS * geometry.  It was constructed from an equilibrated 
 COOR>REMARKS * configuration of TIP3P (3-site water model of Jorgenson) 
 COOR>REMARKS * waters at 1 atm pressure and a density of 0.0334 molecules/A**-3. 
 COOR>REMARKS * The box edgelength is 18.856 A.  The minimum image periodic 
 COOR>REMARKS * boundary energy for this configuration using the TIP3P 
 COOR>REMARKS * potentials is -2150.6833 kcal/mol. 
 COOR>REMARKS 
 COOR>ATOM      1 OH2  WAT     1       2.531   0.596  -2.477        0.000 
 SEGMNT-info: chain termination due to END keyword.   216 residues were inserted into segid "    "
 CHAIN>        end 
 SEGMENT>      end 
 Status of internal molecular topology database:
 -> NATOM=       7721(MAXA=     1000000)  NBOND=       5813(MAXB=     1000000)
 -> NTHETA=      5200(MAXT=     2000000)  NGRP=        2552(MAXGRP=   1000000)
 -> NPHI=          22(MAXP=     2000000)  NIMPHI=      1110(MAXIMP=   1000000)
 -> NNB=          150(MAXNB=    1000000) 
 CNSsolve>      coor @@RUN:protocols/boxtyp20.pdb 
 ASSFIL: file boxtyp20.pdb opened.
 COOR>REMARKS *****  CHARMM water box from Charlie Brooks. ******** 
 COOR>REMARKS * This is a box of 216 3-site water molecules in the experimental 
 COOR>REMARKS * geometry.  It was constructed from an equilibrated 
 COOR>REMARKS * configuration of TIP3P (3-site water model of Jorgenson) 
 COOR>REMARKS * waters at 1 atm pressure and a density of 0.0334 molecules/A**-3. 
 COOR>REMARKS * The box edgelength is 18.856 A.  The minimum image periodic 
 COOR>REMARKS * boundary energy for this configuration using the TIP3P 
 COOR>REMARKS * potentials is -2150.6833 kcal/mol. 
 COOR>REMARKS 
 COOR>ATOM      1 OH2  WAT     1       2.531   0.596  -2.477        0.000 
 COOR>ATOM      2 H1   WAT     1       2.620   1.540  -2.609        0.000 
 CNSsolve>      do (segid=W000) (segid "    ") 
 Assuming literal string "W000"
 SELRPN:    648 atoms have been selected out of   7721
 CNSsolve>      coor sele=(segid W000) translate vector = ($xtrans $ytrans $ztrans) end 
 SELRPN:    648 atoms have been selected out of   7721
 COOR: using atom subset.
 COOR: translation vector =(    39.890000   -0.023000    6.070000 )
 COOR: selected coordinates translated
 CNSsolve> 
 CNSsolve>      ! all new water oxygens 
 CNSsolve>      ident (store1) (segid W000 and name oh2) 
 SELRPN:    216 atoms have been selected out of   7721
 CNSsolve>      ! all new water oxygens close to a protein heavy atom 
 CNSsolve>      ident (store2) (store1 and (not (resn WAT or resn HOH or resn TIP* or resn ANI or resn DAN or resn XAN or resn DUM or resn SHA or hydro)) around $pw_dist) 
 SELRPN:      0 atoms have been selected out of   7721
 CNSsolve>      ! all new water oxygens close to old water oxygens 
 CNSsolve>      ident (store3) (store1 and (segid wat# and not hydro) around $water_diam) 
 SELRPN:      0 atoms have been selected out of   7721
 CNSsolve>      ! all new water oxygens further than thickness away from a protein heavy atom 
 CNSsolve>      ident (store4) (store1 and not (not (resn WAT or resn HOH or resn TIP* or resn ANI or resn DAN or resn XAN or resn DUM or resn SHA or hydro)) around $thickness) 
 SELRPN:    182 atoms have been selected out of   7721
 CNSsolve>      delete sele= (byres (store2 or store3 or store4)) end 
 SELRPN:    546 atoms have been selected out of   7721
 Status of internal molecular topology database:
 -> NATOM=       7175(MAXA=     1000000)  NBOND=       5449(MAXB=     1000000)
 -> NTHETA=      5018(MAXT=     2000000)  NGRP=        2370(MAXGRP=   1000000)
 -> NPHI=          22(MAXP=     2000000)  NIMPHI=      1110(MAXIMP=   1000000)
 -> NNB=          150(MAXNB=    1000000) 
 CNSsolve> 
 CNSsolve> 
 CNSsolve>      ! give waters unique segid name 
 CNSsolve>      eval ($segid= "W" 
 Expression=             + encode($xcount) + encode($ycount) + encode($zcount)) 
 EVALUATE: symbol $SEGID set to "W522" (string)
 CNSsolve>      do (segid = $segid) (segid W000) 
 SELRPN:    102 atoms have been selected out of   7175
 CNSsolve> 
 CNSsolve>    end loop wat3 
 CNSsolve>    while ($ztrans < $zmtran) loop wat3 
 NEXTCD: condition evaluated as true
 CNSsolve>      eval ($zcount=$zcount+1) 
 EVALUATE: symbol $ZCOUNT set to    3.00000     (real)
 CNSsolve>      eval ($ztrans = $ztrans + $boxlength) 
 EVALUATE: symbol $ZTRANS set to    24.9260     (real)
 CNSsolve> 
 CNSsolve> 
 CNSsolve>      segment 
 SEGMENT>        name="    " 
 SEGMENT>        chain 
 CHAIN>          coordinates @@RUN:protocols/boxtyp20.pdb 
 ASSFIL: file boxtyp20.pdb opened.
 COOR>REMARKS *****  CHARMM water box from Charlie Brooks. ******** 
 COOR>REMARKS * This is a box of 216 3-site water molecules in the experimental 
 COOR>REMARKS * geometry.  It was constructed from an equilibrated 
 COOR>REMARKS * configuration of TIP3P (3-site water model of Jorgenson) 
 COOR>REMARKS * waters at 1 atm pressure and a density of 0.0334 molecules/A**-3. 
 COOR>REMARKS * The box edgelength is 18.856 A.  The minimum image periodic 
 COOR>REMARKS * boundary energy for this configuration using the TIP3P 
 COOR>REMARKS * potentials is -2150.6833 kcal/mol. 
 COOR>REMARKS 
 COOR>ATOM      1 OH2  WAT     1       2.531   0.596  -2.477        0.000 
 SEGMNT-info: chain termination due to END keyword.   216 residues were inserted into segid "    "
 CHAIN>        end 
 SEGMENT>      end 
 Status of internal molecular topology database:
 -> NATOM=       7823(MAXA=     1000000)  NBOND=       5881(MAXB=     1000000)
 -> NTHETA=      5234(MAXT=     2000000)  NGRP=        2586(MAXGRP=   1000000)
 -> NPHI=          22(MAXP=     2000000)  NIMPHI=      1110(MAXIMP=   1000000)
 -> NNB=          150(MAXNB=    1000000) 
 CNSsolve>      coor @@RUN:protocols/boxtyp20.pdb 
 ASSFIL: file boxtyp20.pdb opened.
 COOR>REMARKS *****  CHARMM water box from Charlie Brooks. ******** 
 COOR>REMARKS * This is a box of 216 3-site water molecules in the experimental 
 COOR>REMARKS * geometry.  It was constructed from an equilibrated 
 COOR>REMARKS * configuration of TIP3P (3-site water model of Jorgenson) 
 COOR>REMARKS * waters at 1 atm pressure and a density of 0.0334 molecules/A**-3. 
 COOR>REMARKS * The box edgelength is 18.856 A.  The minimum image periodic 
 COOR>REMARKS * boundary energy for this configuration using the TIP3P 
 COOR>REMARKS * potentials is -2150.6833 kcal/mol. 
 COOR>REMARKS 
 COOR>ATOM      1 OH2  WAT     1       2.531   0.596  -2.477        0.000 
 COOR>ATOM      2 H1   WAT     1       2.620   1.540  -2.609        0.000 
 CNSsolve>      do (segid=W000) (segid "    ") 
 Assuming literal string "W000"
 SELRPN:    648 atoms have been selected out of   7823
 CNSsolve>      coor sele=(segid W000) translate vector = ($xtrans $ytrans $ztrans) end 
 SELRPN:    648 atoms have been selected out of   7823
 COOR: using atom subset.
 COOR: translation vector =(    39.890000   -0.023000   24.926000 )
 COOR: selected coordinates translated
 CNSsolve> 
 CNSsolve>      ! all new water oxygens 
 CNSsolve>      ident (store1) (segid W000 and name oh2) 
 SELRPN:    216 atoms have been selected out of   7823
 CNSsolve>      ! all new water oxygens close to a protein heavy atom 
 CNSsolve>      ident (store2) (store1 and (not (resn WAT or resn HOH or resn TIP* or resn ANI or resn DAN or resn XAN or resn DUM or resn SHA or hydro)) around $pw_dist) 
 SELRPN:      0 atoms have been selected out of   7823
 CNSsolve>      ! all new water oxygens close to old water oxygens 
 CNSsolve>      ident (store3) (store1 and (segid wat# and not hydro) around $water_diam) 
 SELRPN:      0 atoms have been selected out of   7823
 CNSsolve>      ! all new water oxygens further than thickness away from a protein heavy atom 
 CNSsolve>      ident (store4) (store1 and not (not (resn WAT or resn HOH or resn TIP* or resn ANI or resn DAN or resn XAN or resn DUM or resn SHA or hydro)) around $thickness) 
 SELRPN:    216 atoms have been selected out of   7823
 CNSsolve>      delete sele= (byres (store2 or store3 or store4)) end 
 SELRPN:    648 atoms have been selected out of   7823
 Status of internal molecular topology database:
 -> NATOM=       7175(MAXA=     1000000)  NBOND=       5449(MAXB=     1000000)
 -> NTHETA=      5018(MAXT=     2000000)  NGRP=        2370(MAXGRP=   1000000)
 -> NPHI=          22(MAXP=     2000000)  NIMPHI=      1110(MAXIMP=   1000000)
 -> NNB=          150(MAXNB=    1000000) 
 CNSsolve> 
 CNSsolve> 
 CNSsolve>      ! give waters unique segid name 
 CNSsolve>      eval ($segid= "W" 
 Expression=             + encode($xcount) + encode($ycount) + encode($zcount)) 
 EVALUATE: symbol $SEGID set to "W523" (string)
 CNSsolve>      do (segid = $segid) (segid W000) 
 SELRPN:      0 atoms have been selected out of   7175
 CNSsolve> 
 CNSsolve>    end loop wat3 
 CNSsolve>    while ($ztrans < $zmtran) loop wat3 
 NEXTCD: condition evaluated as false
 CNSsolve>      eval ($zcount=$zcount+1) 
 CNSsolve>      eval ($ztrans = $ztrans + $boxlength) 
 CNSsolve> 
 CNSsolve> 
 CNSsolve>      segment 
 CNSsolve>        name="    " 
 CNSsolve>        chain 
 CNSsolve>          coordinates @@RUN:protocols/boxtyp20.pdb 
 CNSsolve>        end 
 CNSsolve>      end 
 CNSsolve>      coor @@RUN:protocols/boxtyp20.pdb 
 CNSsolve>      do (segid=W000) (segid "    ") 
 CNSsolve>      coor sele=(segid W000) translate vector = ($xtrans $ytrans $ztrans) end 
 CNSsolve> 
 CNSsolve>      ! all new water oxygens 
 CNSsolve>      ident (store1) (segid W000 and name oh2) 
 CNSsolve>      ! all new water oxygens close to a protein heavy atom 
 CNSsolve>      ident (store2) (store1 and (not (resn WAT or resn HOH or resn TIP* or resn ANI or resn DAN or resn XAN or resn DUM or resn SHA or hydro)) around $pw_dist) 
 CNSsolve>      ! all new water oxygens close to old water oxygens 
 CNSsolve>      ident (store3) (store1 and (segid wat# and not hydro) around $water_diam) 
 CNSsolve>      ! all new water oxygens further than thickness away from a protein heavy atom 
 CNSsolve>      ident (store4) (store1 and not (not (resn WAT or resn HOH or resn TIP* or resn ANI or resn DAN or resn XAN or resn DUM or resn SHA or hydro)) around $thickness) 
 CNSsolve>      delete sele= (byres (store2 or store3 or store4)) end 
 CNSsolve> 
 CNSsolve> 
 CNSsolve>      ! give waters unique segid name 
 CNSsolve>      eval ($segid= "W" 
 CNSsolve>             + encode($xcount) + encode($ycount) + encode($zcount)) 
 CNSsolve>      do (segid = $segid) (segid W000) 
 CNSsolve> 
 CNSsolve>    end loop wat3 
 CNSsolve>  end loop wat2 
 CNSsolve>  while ($ytrans < $ymtran) loop wat2 
 NEXTCD: condition evaluated as true
 CNSsolve>    eval ($ycount=$ycount+1) 
 EVALUATE: symbol $YCOUNT set to    3.00000     (real)
 CNSsolve>    eval ($ytrans = $ytrans + $boxlength) 
 EVALUATE: symbol $YTRANS set to    18.8330     (real)
 CNSsolve> 
 CNSsolve>    eval ($zcount=0) 
 EVALUATE: symbol $ZCOUNT set to    0.00000     (real)
 CNSsolve>    eval ($ztrans = $zmin - $thickness - $water_diam - $boxlength/2 ) 
 EVALUATE: symbol $ZTRANS set to   -31.6420     (real)
 CNSsolve>    while ($ztrans < $zmtran) loop wat3 
 NEXTCD: condition evaluated as true
 CNSsolve>      eval ($zcount=$zcount+1) 
 EVALUATE: symbol $ZCOUNT set to    1.00000     (real)
 CNSsolve>      eval ($ztrans = $ztrans + $boxlength) 
 EVALUATE: symbol $ZTRANS set to   -12.7860     (real)
 CNSsolve> 
 CNSsolve> 
 CNSsolve>      segment 
 SEGMENT>        name="    " 
 SEGMENT>        chain 
 CHAIN>          coordinates @@RUN:protocols/boxtyp20.pdb 
 ASSFIL: file boxtyp20.pdb opened.
 COOR>REMARKS *****  CHARMM water box from Charlie Brooks. ******** 
 COOR>REMARKS * This is a box of 216 3-site water molecules in the experimental 
 COOR>REMARKS * geometry.  It was constructed from an equilibrated 
 COOR>REMARKS * configuration of TIP3P (3-site water model of Jorgenson) 
 COOR>REMARKS * waters at 1 atm pressure and a density of 0.0334 molecules/A**-3. 
 COOR>REMARKS * The box edgelength is 18.856 A.  The minimum image periodic 
 COOR>REMARKS * boundary energy for this configuration using the TIP3P 
 COOR>REMARKS * potentials is -2150.6833 kcal/mol. 
 COOR>REMARKS 
 COOR>ATOM      1 OH2  WAT     1       2.531   0.596  -2.477        0.000 
 SEGMNT-info: chain termination due to END keyword.   216 residues were inserted into segid "    "
 CHAIN>        end 
 SEGMENT>      end 
 Status of internal molecular topology database:
 -> NATOM=       7823(MAXA=     1000000)  NBOND=       5881(MAXB=     1000000)
 -> NTHETA=      5234(MAXT=     2000000)  NGRP=        2586(MAXGRP=   1000000)
 -> NPHI=          22(MAXP=     2000000)  NIMPHI=      1110(MAXIMP=   1000000)
 -> NNB=          150(MAXNB=    1000000) 
 CNSsolve>      coor @@RUN:protocols/boxtyp20.pdb 
 ASSFIL: file boxtyp20.pdb opened.
 COOR>REMARKS *****  CHARMM water box from Charlie Brooks. ******** 
 COOR>REMARKS * This is a box of 216 3-site water molecules in the experimental 
 COOR>REMARKS * geometry.  It was constructed from an equilibrated 
 COOR>REMARKS * configuration of TIP3P (3-site water model of Jorgenson) 
 COOR>REMARKS * waters at 1 atm pressure and a density of 0.0334 molecules/A**-3. 
 COOR>REMARKS * The box edgelength is 18.856 A.  The minimum image periodic 
 COOR>REMARKS * boundary energy for this configuration using the TIP3P 
 COOR>REMARKS * potentials is -2150.6833 kcal/mol. 
 COOR>REMARKS 
 COOR>ATOM      1 OH2  WAT     1       2.531   0.596  -2.477        0.000 
 COOR>ATOM      2 H1   WAT     1       2.620   1.540  -2.609        0.000 
 CNSsolve>      do (segid=W000) (segid "    ") 
 Assuming literal string "W000"
 SELRPN:    648 atoms have been selected out of   7823
 CNSsolve>      coor sele=(segid W000) translate vector = ($xtrans $ytrans $ztrans) end 
 SELRPN:    648 atoms have been selected out of   7823
 COOR: using atom subset.
 COOR: translation vector =(    39.890000   18.833000  -12.786000 )
 COOR: selected coordinates translated
 CNSsolve> 
 CNSsolve>      ! all new water oxygens 
 CNSsolve>      ident (store1) (segid W000 and name oh2) 
 SELRPN:    216 atoms have been selected out of   7823
 CNSsolve>      ! all new water oxygens close to a protein heavy atom 
 CNSsolve>      ident (store2) (store1 and (not (resn WAT or resn HOH or resn TIP* or resn ANI or resn DAN or resn XAN or resn DUM or resn SHA or hydro)) around $pw_dist) 
 SELRPN:      0 atoms have been selected out of   7823
 CNSsolve>      ! all new water oxygens close to old water oxygens 
 CNSsolve>      ident (store3) (store1 and (segid wat# and not hydro) around $water_diam) 
 SELRPN:      0 atoms have been selected out of   7823
 CNSsolve>      ! all new water oxygens further than thickness away from a protein heavy atom 
 CNSsolve>      ident (store4) (store1 and not (not (resn WAT or resn HOH or resn TIP* or resn ANI or resn DAN or resn XAN or resn DUM or resn SHA or hydro)) around $thickness) 
 SELRPN:    216 atoms have been selected out of   7823
 CNSsolve>      delete sele= (byres (store2 or store3 or store4)) end 
 SELRPN:    648 atoms have been selected out of   7823
 Status of internal molecular topology database:
 -> NATOM=       7175(MAXA=     1000000)  NBOND=       5449(MAXB=     1000000)
 -> NTHETA=      5018(MAXT=     2000000)  NGRP=        2370(MAXGRP=   1000000)
 -> NPHI=          22(MAXP=     2000000)  NIMPHI=      1110(MAXIMP=   1000000)
 -> NNB=          150(MAXNB=    1000000) 
 CNSsolve> 
 CNSsolve> 
 CNSsolve>      ! give waters unique segid name 
 CNSsolve>      eval ($segid= "W" 
 Expression=             + encode($xcount) + encode($ycount) + encode($zcount)) 
 EVALUATE: symbol $SEGID set to "W531" (string)
 CNSsolve>      do (segid = $segid) (segid W000) 
 SELRPN:      0 atoms have been selected out of   7175
 CNSsolve> 
 CNSsolve>    end loop wat3 
 CNSsolve>    while ($ztrans < $zmtran) loop wat3 
 NEXTCD: condition evaluated as true
 CNSsolve>      eval ($zcount=$zcount+1) 
 EVALUATE: symbol $ZCOUNT set to    2.00000     (real)
 CNSsolve>      eval ($ztrans = $ztrans + $boxlength) 
 EVALUATE: symbol $ZTRANS set to    6.07000     (real)
 CNSsolve> 
 CNSsolve> 
 CNSsolve>      segment 
 SEGMENT>        name="    " 
 SEGMENT>        chain 
 CHAIN>          coordinates @@RUN:protocols/boxtyp20.pdb 
 ASSFIL: file boxtyp20.pdb opened.
 COOR>REMARKS *****  CHARMM water box from Charlie Brooks. ******** 
 COOR>REMARKS * This is a box of 216 3-site water molecules in the experimental 
 COOR>REMARKS * geometry.  It was constructed from an equilibrated 
 COOR>REMARKS * configuration of TIP3P (3-site water model of Jorgenson) 
 COOR>REMARKS * waters at 1 atm pressure and a density of 0.0334 molecules/A**-3. 
 COOR>REMARKS * The box edgelength is 18.856 A.  The minimum image periodic 
 COOR>REMARKS * boundary energy for this configuration using the TIP3P 
 COOR>REMARKS * potentials is -2150.6833 kcal/mol. 
 COOR>REMARKS 
 COOR>ATOM      1 OH2  WAT     1       2.531   0.596  -2.477        0.000 
 SEGMNT-info: chain termination due to END keyword.   216 residues were inserted into segid "    "
 CHAIN>        end 
 SEGMENT>      end 
 Status of internal molecular topology database:
 -> NATOM=       7823(MAXA=     1000000)  NBOND=       5881(MAXB=     1000000)
 -> NTHETA=      5234(MAXT=     2000000)  NGRP=        2586(MAXGRP=   1000000)
 -> NPHI=          22(MAXP=     2000000)  NIMPHI=      1110(MAXIMP=   1000000)
 -> NNB=          150(MAXNB=    1000000) 
 CNSsolve>      coor @@RUN:protocols/boxtyp20.pdb 
 ASSFIL: file boxtyp20.pdb opened.
 COOR>REMARKS *****  CHARMM water box from Charlie Brooks. ******** 
 COOR>REMARKS * This is a box of 216 3-site water molecules in the experimental 
 COOR>REMARKS * geometry.  It was constructed from an equilibrated 
 COOR>REMARKS * configuration of TIP3P (3-site water model of Jorgenson) 
 COOR>REMARKS * waters at 1 atm pressure and a density of 0.0334 molecules/A**-3. 
 COOR>REMARKS * The box edgelength is 18.856 A.  The minimum image periodic 
 COOR>REMARKS * boundary energy for this configuration using the TIP3P 
 COOR>REMARKS * potentials is -2150.6833 kcal/mol. 
 COOR>REMARKS 
 COOR>ATOM      1 OH2  WAT     1       2.531   0.596  -2.477        0.000 
 COOR>ATOM      2 H1   WAT     1       2.620   1.540  -2.609        0.000 
 CNSsolve>      do (segid=W000) (segid "    ") 
 Assuming literal string "W000"
 SELRPN:    648 atoms have been selected out of   7823
 CNSsolve>      coor sele=(segid W000) translate vector = ($xtrans $ytrans $ztrans) end 
 SELRPN:    648 atoms have been selected out of   7823
 COOR: using atom subset.
 COOR: translation vector =(    39.890000   18.833000    6.070000 )
 COOR: selected coordinates translated
 CNSsolve> 
 CNSsolve>      ! all new water oxygens 
 CNSsolve>      ident (store1) (segid W000 and name oh2) 
 SELRPN:    216 atoms have been selected out of   7823
 CNSsolve>      ! all new water oxygens close to a protein heavy atom 
 CNSsolve>      ident (store2) (store1 and (not (resn WAT or resn HOH or resn TIP* or resn ANI or resn DAN or resn XAN or resn DUM or resn SHA or hydro)) around $pw_dist) 
 SELRPN:      0 atoms have been selected out of   7823
 CNSsolve>      ! all new water oxygens close to old water oxygens 
 CNSsolve>      ident (store3) (store1 and (segid wat# and not hydro) around $water_diam) 
 SELRPN:      0 atoms have been selected out of   7823
 CNSsolve>      ! all new water oxygens further than thickness away from a protein heavy atom 
 CNSsolve>      ident (store4) (store1 and not (not (resn WAT or resn HOH or resn TIP* or resn ANI or resn DAN or resn XAN or resn DUM or resn SHA or hydro)) around $thickness) 
 SELRPN:    216 atoms have been selected out of   7823
 CNSsolve>      delete sele= (byres (store2 or store3 or store4)) end 
 SELRPN:    648 atoms have been selected out of   7823
 Status of internal molecular topology database:
 -> NATOM=       7175(MAXA=     1000000)  NBOND=       5449(MAXB=     1000000)
 -> NTHETA=      5018(MAXT=     2000000)  NGRP=        2370(MAXGRP=   1000000)
 -> NPHI=          22(MAXP=     2000000)  NIMPHI=      1110(MAXIMP=   1000000)
 -> NNB=          150(MAXNB=    1000000) 
 CNSsolve> 
 CNSsolve> 
 CNSsolve>      ! give waters unique segid name 
 CNSsolve>      eval ($segid= "W" 
 Expression=             + encode($xcount) + encode($ycount) + encode($zcount)) 
 EVALUATE: symbol $SEGID set to "W532" (string)
 CNSsolve>      do (segid = $segid) (segid W000) 
 SELRPN:      0 atoms have been selected out of   7175
 CNSsolve> 
 CNSsolve>    end loop wat3 
 CNSsolve>    while ($ztrans < $zmtran) loop wat3 
 NEXTCD: condition evaluated as true
 CNSsolve>      eval ($zcount=$zcount+1) 
 EVALUATE: symbol $ZCOUNT set to    3.00000     (real)
 CNSsolve>      eval ($ztrans = $ztrans + $boxlength) 
 EVALUATE: symbol $ZTRANS set to    24.9260     (real)
 CNSsolve> 
 CNSsolve> 
 CNSsolve>      segment 
 SEGMENT>        name="    " 
 SEGMENT>        chain 
 CHAIN>          coordinates @@RUN:protocols/boxtyp20.pdb 
 ASSFIL: file boxtyp20.pdb opened.
 COOR>REMARKS *****  CHARMM water box from Charlie Brooks. ******** 
 COOR>REMARKS * This is a box of 216 3-site water molecules in the experimental 
 COOR>REMARKS * geometry.  It was constructed from an equilibrated 
 COOR>REMARKS * configuration of TIP3P (3-site water model of Jorgenson) 
 COOR>REMARKS * waters at 1 atm pressure and a density of 0.0334 molecules/A**-3. 
 COOR>REMARKS * The box edgelength is 18.856 A.  The minimum image periodic 
 COOR>REMARKS * boundary energy for this configuration using the TIP3P 
 COOR>REMARKS * potentials is -2150.6833 kcal/mol. 
 COOR>REMARKS 
 COOR>ATOM      1 OH2  WAT     1       2.531   0.596  -2.477        0.000 
 SEGMNT-info: chain termination due to END keyword.   216 residues were inserted into segid "    "
 CHAIN>        end 
 SEGMENT>      end 
 Status of internal molecular topology database:
 -> NATOM=       7823(MAXA=     1000000)  NBOND=       5881(MAXB=     1000000)
 -> NTHETA=      5234(MAXT=     2000000)  NGRP=        2586(MAXGRP=   1000000)
 -> NPHI=          22(MAXP=     2000000)  NIMPHI=      1110(MAXIMP=   1000000)
 -> NNB=          150(MAXNB=    1000000) 
 CNSsolve>      coor @@RUN:protocols/boxtyp20.pdb 
 ASSFIL: file boxtyp20.pdb opened.
 COOR>REMARKS *****  CHARMM water box from Charlie Brooks. ******** 
 COOR>REMARKS * This is a box of 216 3-site water molecules in the experimental 
 COOR>REMARKS * geometry.  It was constructed from an equilibrated 
 COOR>REMARKS * configuration of TIP3P (3-site water model of Jorgenson) 
 COOR>REMARKS * waters at 1 atm pressure and a density of 0.0334 molecules/A**-3. 
 COOR>REMARKS * The box edgelength is 18.856 A.  The minimum image periodic 
 COOR>REMARKS * boundary energy for this configuration using the TIP3P 
 COOR>REMARKS * potentials is -2150.6833 kcal/mol. 
 COOR>REMARKS 
 COOR>ATOM      1 OH2  WAT     1       2.531   0.596  -2.477        0.000 
 COOR>ATOM      2 H1   WAT     1       2.620   1.540  -2.609        0.000 
 CNSsolve>      do (segid=W000) (segid "    ") 
 Assuming literal string "W000"
 SELRPN:    648 atoms have been selected out of   7823
 CNSsolve>      coor sele=(segid W000) translate vector = ($xtrans $ytrans $ztrans) end 
 SELRPN:    648 atoms have been selected out of   7823
 COOR: using atom subset.
 COOR: translation vector =(    39.890000   18.833000   24.926000 )
 COOR: selected coordinates translated
 CNSsolve> 
 CNSsolve>      ! all new water oxygens 
 CNSsolve>      ident (store1) (segid W000 and name oh2) 
 SELRPN:    216 atoms have been selected out of   7823
 CNSsolve>      ! all new water oxygens close to a protein heavy atom 
 CNSsolve>      ident (store2) (store1 and (not (resn WAT or resn HOH or resn TIP* or resn ANI or resn DAN or resn XAN or resn DUM or resn SHA or hydro)) around $pw_dist) 
 SELRPN:      0 atoms have been selected out of   7823
 CNSsolve>      ! all new water oxygens close to old water oxygens 
 CNSsolve>      ident (store3) (store1 and (segid wat# and not hydro) around $water_diam) 
 SELRPN:      0 atoms have been selected out of   7823
 CNSsolve>      ! all new water oxygens further than thickness away from a protein heavy atom 
 CNSsolve>      ident (store4) (store1 and not (not (resn WAT or resn HOH or resn TIP* or resn ANI or resn DAN or resn XAN or resn DUM or resn SHA or hydro)) around $thickness) 
 SELRPN:    216 atoms have been selected out of   7823
 CNSsolve>      delete sele= (byres (store2 or store3 or store4)) end 
 SELRPN:    648 atoms have been selected out of   7823
 Status of internal molecular topology database:
 -> NATOM=       7175(MAXA=     1000000)  NBOND=       5449(MAXB=     1000000)
 -> NTHETA=      5018(MAXT=     2000000)  NGRP=        2370(MAXGRP=   1000000)
 -> NPHI=          22(MAXP=     2000000)  NIMPHI=      1110(MAXIMP=   1000000)
 -> NNB=          150(MAXNB=    1000000) 
 CNSsolve> 
 CNSsolve> 
 CNSsolve>      ! give waters unique segid name 
 CNSsolve>      eval ($segid= "W" 
 Expression=             + encode($xcount) + encode($ycount) + encode($zcount)) 
 EVALUATE: symbol $SEGID set to "W533" (string)
 CNSsolve>      do (segid = $segid) (segid W000) 
 SELRPN:      0 atoms have been selected out of   7175
 CNSsolve> 
 CNSsolve>    end loop wat3 
 CNSsolve>    while ($ztrans < $zmtran) loop wat3 
 NEXTCD: condition evaluated as false
 CNSsolve>      eval ($zcount=$zcount+1) 
 CNSsolve>      eval ($ztrans = $ztrans + $boxlength) 
 CNSsolve> 
 CNSsolve> 
 CNSsolve>      segment 
 CNSsolve>        name="    " 
 CNSsolve>        chain 
 CNSsolve>          coordinates @@RUN:protocols/boxtyp20.pdb 
 CNSsolve>        end 
 CNSsolve>      end 
 CNSsolve>      coor @@RUN:protocols/boxtyp20.pdb 
 CNSsolve>      do (segid=W000) (segid "    ") 
 CNSsolve>      coor sele=(segid W000) translate vector = ($xtrans $ytrans $ztrans) end 
 CNSsolve> 
 CNSsolve>      ! all new water oxygens 
 CNSsolve>      ident (store1) (segid W000 and name oh2) 
 CNSsolve>      ! all new water oxygens close to a protein heavy atom 
 CNSsolve>      ident (store2) (store1 and (not (resn WAT or resn HOH or resn TIP* or resn ANI or resn DAN or resn XAN or resn DUM or resn SHA or hydro)) around $pw_dist) 
 CNSsolve>      ! all new water oxygens close to old water oxygens 
 CNSsolve>      ident (store3) (store1 and (segid wat# and not hydro) around $water_diam) 
 CNSsolve>      ! all new water oxygens further than thickness away from a protein heavy atom 
 CNSsolve>      ident (store4) (store1 and not (not (resn WAT or resn HOH or resn TIP* or resn ANI or resn DAN or resn XAN or resn DUM or resn SHA or hydro)) around $thickness) 
 CNSsolve>      delete sele= (byres (store2 or store3 or store4)) end 
 CNSsolve> 
 CNSsolve> 
 CNSsolve>      ! give waters unique segid name 
 CNSsolve>      eval ($segid= "W" 
 CNSsolve>             + encode($xcount) + encode($ycount) + encode($zcount)) 
 CNSsolve>      do (segid = $segid) (segid W000) 
 CNSsolve> 
 CNSsolve>    end loop wat3 
 CNSsolve>  end loop wat2 
 CNSsolve>  while ($ytrans < $ymtran) loop wat2 
 NEXTCD: condition evaluated as true
 CNSsolve>    eval ($ycount=$ycount+1) 
 EVALUATE: symbol $YCOUNT set to    4.00000     (real)
 CNSsolve>    eval ($ytrans = $ytrans + $boxlength) 
 EVALUATE: symbol $YTRANS set to    37.6890     (real)
 CNSsolve> 
 CNSsolve>    eval ($zcount=0) 
 EVALUATE: symbol $ZCOUNT set to    0.00000     (real)
 CNSsolve>    eval ($ztrans = $zmin - $thickness - $water_diam - $boxlength/2 ) 
 EVALUATE: symbol $ZTRANS set to   -31.6420     (real)
 CNSsolve>    while ($ztrans < $zmtran) loop wat3 
 NEXTCD: condition evaluated as true
 CNSsolve>      eval ($zcount=$zcount+1) 
 EVALUATE: symbol $ZCOUNT set to    1.00000     (real)
 CNSsolve>      eval ($ztrans = $ztrans + $boxlength) 
 EVALUATE: symbol $ZTRANS set to   -12.7860     (real)
 CNSsolve> 
 CNSsolve> 
 CNSsolve>      segment 
 SEGMENT>        name="    " 
 SEGMENT>        chain 
 CHAIN>          coordinates @@RUN:protocols/boxtyp20.pdb 
 ASSFIL: file boxtyp20.pdb opened.
 COOR>REMARKS *****  CHARMM water box from Charlie Brooks. ******** 
 COOR>REMARKS * This is a box of 216 3-site water molecules in the experimental 
 COOR>REMARKS * geometry.  It was constructed from an equilibrated 
 COOR>REMARKS * configuration of TIP3P (3-site water model of Jorgenson) 
 COOR>REMARKS * waters at 1 atm pressure and a density of 0.0334 molecules/A**-3. 
 COOR>REMARKS * The box edgelength is 18.856 A.  The minimum image periodic 
 COOR>REMARKS * boundary energy for this configuration using the TIP3P 
 COOR>REMARKS * potentials is -2150.6833 kcal/mol. 
 COOR>REMARKS 
 COOR>ATOM      1 OH2  WAT     1       2.531   0.596  -2.477        0.000 
 SEGMNT-info: chain termination due to END keyword.   216 residues were inserted into segid "    "
 CHAIN>        end 
 SEGMENT>      end 
 Status of internal molecular topology database:
 -> NATOM=       7823(MAXA=     1000000)  NBOND=       5881(MAXB=     1000000)
 -> NTHETA=      5234(MAXT=     2000000)  NGRP=        2586(MAXGRP=   1000000)
 -> NPHI=          22(MAXP=     2000000)  NIMPHI=      1110(MAXIMP=   1000000)
 -> NNB=          150(MAXNB=    1000000) 
 CNSsolve>      coor @@RUN:protocols/boxtyp20.pdb 
 ASSFIL: file boxtyp20.pdb opened.
 COOR>REMARKS *****  CHARMM water box from Charlie Brooks. ******** 
 COOR>REMARKS * This is a box of 216 3-site water molecules in the experimental 
 COOR>REMARKS * geometry.  It was constructed from an equilibrated 
 COOR>REMARKS * configuration of TIP3P (3-site water model of Jorgenson) 
 COOR>REMARKS * waters at 1 atm pressure and a density of 0.0334 molecules/A**-3. 
 COOR>REMARKS * The box edgelength is 18.856 A.  The minimum image periodic 
 COOR>REMARKS * boundary energy for this configuration using the TIP3P 
 COOR>REMARKS * potentials is -2150.6833 kcal/mol. 
 COOR>REMARKS 
 COOR>ATOM      1 OH2  WAT     1       2.531   0.596  -2.477        0.000 
 COOR>ATOM      2 H1   WAT     1       2.620   1.540  -2.609        0.000 
 CNSsolve>      do (segid=W000) (segid "    ") 
 Assuming literal string "W000"
 SELRPN:    648 atoms have been selected out of   7823
 CNSsolve>      coor sele=(segid W000) translate vector = ($xtrans $ytrans $ztrans) end 
 SELRPN:    648 atoms have been selected out of   7823
 COOR: using atom subset.
 COOR: translation vector =(    39.890000   37.689000  -12.786000 )
 COOR: selected coordinates translated
 CNSsolve> 
 CNSsolve>      ! all new water oxygens 
 CNSsolve>      ident (store1) (segid W000 and name oh2) 
 SELRPN:    216 atoms have been selected out of   7823
 CNSsolve>      ! all new water oxygens close to a protein heavy atom 
 CNSsolve>      ident (store2) (store1 and (not (resn WAT or resn HOH or resn TIP* or resn ANI or resn DAN or resn XAN or resn DUM or resn SHA or hydro)) around $pw_dist) 
 SELRPN:      0 atoms have been selected out of   7823
 CNSsolve>      ! all new water oxygens close to old water oxygens 
 CNSsolve>      ident (store3) (store1 and (segid wat# and not hydro) around $water_diam) 
 SELRPN:      0 atoms have been selected out of   7823
 CNSsolve>      ! all new water oxygens further than thickness away from a protein heavy atom 
 CNSsolve>      ident (store4) (store1 and not (not (resn WAT or resn HOH or resn TIP* or resn ANI or resn DAN or resn XAN or resn DUM or resn SHA or hydro)) around $thickness) 
 SELRPN:    216 atoms have been selected out of   7823
 CNSsolve>      delete sele= (byres (store2 or store3 or store4)) end 
 SELRPN:    648 atoms have been selected out of   7823
 Status of internal molecular topology database:
 -> NATOM=       7175(MAXA=     1000000)  NBOND=       5449(MAXB=     1000000)
 -> NTHETA=      5018(MAXT=     2000000)  NGRP=        2370(MAXGRP=   1000000)
 -> NPHI=          22(MAXP=     2000000)  NIMPHI=      1110(MAXIMP=   1000000)
 -> NNB=          150(MAXNB=    1000000) 
 CNSsolve> 
 CNSsolve> 
 CNSsolve>      ! give waters unique segid name 
 CNSsolve>      eval ($segid= "W" 
 Expression=             + encode($xcount) + encode($ycount) + encode($zcount)) 
 EVALUATE: symbol $SEGID set to "W541" (string)
 CNSsolve>      do (segid = $segid) (segid W000) 
 SELRPN:      0 atoms have been selected out of   7175
 CNSsolve> 
 CNSsolve>    end loop wat3 
 CNSsolve>    while ($ztrans < $zmtran) loop wat3 
 NEXTCD: condition evaluated as true
 CNSsolve>      eval ($zcount=$zcount+1) 
 EVALUATE: symbol $ZCOUNT set to    2.00000     (real)
 CNSsolve>      eval ($ztrans = $ztrans + $boxlength) 
 EVALUATE: symbol $ZTRANS set to    6.07000     (real)
 CNSsolve> 
 CNSsolve> 
 CNSsolve>      segment 
 SEGMENT>        name="    " 
 SEGMENT>        chain 
 CHAIN>          coordinates @@RUN:protocols/boxtyp20.pdb 
 ASSFIL: file boxtyp20.pdb opened.
 COOR>REMARKS *****  CHARMM water box from Charlie Brooks. ******** 
 COOR>REMARKS * This is a box of 216 3-site water molecules in the experimental 
 COOR>REMARKS * geometry.  It was constructed from an equilibrated 
 COOR>REMARKS * configuration of TIP3P (3-site water model of Jorgenson) 
 COOR>REMARKS * waters at 1 atm pressure and a density of 0.0334 molecules/A**-3. 
 COOR>REMARKS * The box edgelength is 18.856 A.  The minimum image periodic 
 COOR>REMARKS * boundary energy for this configuration using the TIP3P 
 COOR>REMARKS * potentials is -2150.6833 kcal/mol. 
 COOR>REMARKS 
 COOR>ATOM      1 OH2  WAT     1       2.531   0.596  -2.477        0.000 
 SEGMNT-info: chain termination due to END keyword.   216 residues were inserted into segid "    "
 CHAIN>        end 
 SEGMENT>      end 
 Status of internal molecular topology database:
 -> NATOM=       7823(MAXA=     1000000)  NBOND=       5881(MAXB=     1000000)
 -> NTHETA=      5234(MAXT=     2000000)  NGRP=        2586(MAXGRP=   1000000)
 -> NPHI=          22(MAXP=     2000000)  NIMPHI=      1110(MAXIMP=   1000000)
 -> NNB=          150(MAXNB=    1000000) 
 CNSsolve>      coor @@RUN:protocols/boxtyp20.pdb 
 ASSFIL: file boxtyp20.pdb opened.
 COOR>REMARKS *****  CHARMM water box from Charlie Brooks. ******** 
 COOR>REMARKS * This is a box of 216 3-site water molecules in the experimental 
 COOR>REMARKS * geometry.  It was constructed from an equilibrated 
 COOR>REMARKS * configuration of TIP3P (3-site water model of Jorgenson) 
 COOR>REMARKS * waters at 1 atm pressure and a density of 0.0334 molecules/A**-3. 
 COOR>REMARKS * The box edgelength is 18.856 A.  The minimum image periodic 
 COOR>REMARKS * boundary energy for this configuration using the TIP3P 
 COOR>REMARKS * potentials is -2150.6833 kcal/mol. 
 COOR>REMARKS 
 COOR>ATOM      1 OH2  WAT     1       2.531   0.596  -2.477        0.000 
 COOR>ATOM      2 H1   WAT     1       2.620   1.540  -2.609        0.000 
 CNSsolve>      do (segid=W000) (segid "    ") 
 Assuming literal string "W000"
 SELRPN:    648 atoms have been selected out of   7823
 CNSsolve>      coor sele=(segid W000) translate vector = ($xtrans $ytrans $ztrans) end 
 SELRPN:    648 atoms have been selected out of   7823
 COOR: using atom subset.
 COOR: translation vector =(    39.890000   37.689000    6.070000 )
 COOR: selected coordinates translated
 CNSsolve> 
 CNSsolve>      ! all new water oxygens 
 CNSsolve>      ident (store1) (segid W000 and name oh2) 
 SELRPN:    216 atoms have been selected out of   7823
 CNSsolve>      ! all new water oxygens close to a protein heavy atom 
 CNSsolve>      ident (store2) (store1 and (not (resn WAT or resn HOH or resn TIP* or resn ANI or resn DAN or resn XAN or resn DUM or resn SHA or hydro)) around $pw_dist) 
 SELRPN:      0 atoms have been selected out of   7823
 CNSsolve>      ! all new water oxygens close to old water oxygens 
 CNSsolve>      ident (store3) (store1 and (segid wat# and not hydro) around $water_diam) 
 SELRPN:      0 atoms have been selected out of   7823
 CNSsolve>      ! all new water oxygens further than thickness away from a protein heavy atom 
 CNSsolve>      ident (store4) (store1 and not (not (resn WAT or resn HOH or resn TIP* or resn ANI or resn DAN or resn XAN or resn DUM or resn SHA or hydro)) around $thickness) 
 SELRPN:    216 atoms have been selected out of   7823
 CNSsolve>      delete sele= (byres (store2 or store3 or store4)) end 
 SELRPN:    648 atoms have been selected out of   7823
 Status of internal molecular topology database:
 -> NATOM=       7175(MAXA=     1000000)  NBOND=       5449(MAXB=     1000000)
 -> NTHETA=      5018(MAXT=     2000000)  NGRP=        2370(MAXGRP=   1000000)
 -> NPHI=          22(MAXP=     2000000)  NIMPHI=      1110(MAXIMP=   1000000)
 -> NNB=          150(MAXNB=    1000000) 
 CNSsolve> 
 CNSsolve> 
 CNSsolve>      ! give waters unique segid name 
 CNSsolve>      eval ($segid= "W" 
 Expression=             + encode($xcount) + encode($ycount) + encode($zcount)) 
 EVALUATE: symbol $SEGID set to "W542" (string)
 CNSsolve>      do (segid = $segid) (segid W000) 
 SELRPN:      0 atoms have been selected out of   7175
 CNSsolve> 
 CNSsolve>    end loop wat3 
 CNSsolve>    while ($ztrans < $zmtran) loop wat3 
 NEXTCD: condition evaluated as true
 CNSsolve>      eval ($zcount=$zcount+1) 
 EVALUATE: symbol $ZCOUNT set to    3.00000     (real)
 CNSsolve>      eval ($ztrans = $ztrans + $boxlength) 
 EVALUATE: symbol $ZTRANS set to    24.9260     (real)
 CNSsolve> 
 CNSsolve> 
 CNSsolve>      segment 
 SEGMENT>        name="    " 
 SEGMENT>        chain 
 CHAIN>          coordinates @@RUN:protocols/boxtyp20.pdb 
 ASSFIL: file boxtyp20.pdb opened.
 COOR>REMARKS *****  CHARMM water box from Charlie Brooks. ******** 
 COOR>REMARKS * This is a box of 216 3-site water molecules in the experimental 
 COOR>REMARKS * geometry.  It was constructed from an equilibrated 
 COOR>REMARKS * configuration of TIP3P (3-site water model of Jorgenson) 
 COOR>REMARKS * waters at 1 atm pressure and a density of 0.0334 molecules/A**-3. 
 COOR>REMARKS * The box edgelength is 18.856 A.  The minimum image periodic 
 COOR>REMARKS * boundary energy for this configuration using the TIP3P 
 COOR>REMARKS * potentials is -2150.6833 kcal/mol. 
 COOR>REMARKS 
 COOR>ATOM      1 OH2  WAT     1       2.531   0.596  -2.477        0.000 
 SEGMNT-info: chain termination due to END keyword.   216 residues were inserted into segid "    "
 CHAIN>        end 
 SEGMENT>      end 
 Status of internal molecular topology database:
 -> NATOM=       7823(MAXA=     1000000)  NBOND=       5881(MAXB=     1000000)
 -> NTHETA=      5234(MAXT=     2000000)  NGRP=        2586(MAXGRP=   1000000)
 -> NPHI=          22(MAXP=     2000000)  NIMPHI=      1110(MAXIMP=   1000000)
 -> NNB=          150(MAXNB=    1000000) 
 CNSsolve>      coor @@RUN:protocols/boxtyp20.pdb 
 ASSFIL: file boxtyp20.pdb opened.
 COOR>REMARKS *****  CHARMM water box from Charlie Brooks. ******** 
 COOR>REMARKS * This is a box of 216 3-site water molecules in the experimental 
 COOR>REMARKS * geometry.  It was constructed from an equilibrated 
 COOR>REMARKS * configuration of TIP3P (3-site water model of Jorgenson) 
 COOR>REMARKS * waters at 1 atm pressure and a density of 0.0334 molecules/A**-3. 
 COOR>REMARKS * The box edgelength is 18.856 A.  The minimum image periodic 
 COOR>REMARKS * boundary energy for this configuration using the TIP3P 
 COOR>REMARKS * potentials is -2150.6833 kcal/mol. 
 COOR>REMARKS 
 COOR>ATOM      1 OH2  WAT     1       2.531   0.596  -2.477        0.000 
 COOR>ATOM      2 H1   WAT     1       2.620   1.540  -2.609        0.000 
 CNSsolve>      do (segid=W000) (segid "    ") 
 Assuming literal string "W000"
 SELRPN:    648 atoms have been selected out of   7823
 CNSsolve>      coor sele=(segid W000) translate vector = ($xtrans $ytrans $ztrans) end 
 SELRPN:    648 atoms have been selected out of   7823
 COOR: using atom subset.
 COOR: translation vector =(    39.890000   37.689000   24.926000 )
 COOR: selected coordinates translated
 CNSsolve> 
 CNSsolve>      ! all new water oxygens 
 CNSsolve>      ident (store1) (segid W000 and name oh2) 
 SELRPN:    216 atoms have been selected out of   7823
 CNSsolve>      ! all new water oxygens close to a protein heavy atom 
 CNSsolve>      ident (store2) (store1 and (not (resn WAT or resn HOH or resn TIP* or resn ANI or resn DAN or resn XAN or resn DUM or resn SHA or hydro)) around $pw_dist) 
 SELRPN:      0 atoms have been selected out of   7823
 CNSsolve>      ! all new water oxygens close to old water oxygens 
 CNSsolve>      ident (store3) (store1 and (segid wat# and not hydro) around $water_diam) 
 SELRPN:      0 atoms have been selected out of   7823
 CNSsolve>      ! all new water oxygens further than thickness away from a protein heavy atom 
 CNSsolve>      ident (store4) (store1 and not (not (resn WAT or resn HOH or resn TIP* or resn ANI or resn DAN or resn XAN or resn DUM or resn SHA or hydro)) around $thickness) 
 SELRPN:    216 atoms have been selected out of   7823
 CNSsolve>      delete sele= (byres (store2 or store3 or store4)) end 
 SELRPN:    648 atoms have been selected out of   7823
 Status of internal molecular topology database:
 -> NATOM=       7175(MAXA=     1000000)  NBOND=       5449(MAXB=     1000000)
 -> NTHETA=      5018(MAXT=     2000000)  NGRP=        2370(MAXGRP=   1000000)
 -> NPHI=          22(MAXP=     2000000)  NIMPHI=      1110(MAXIMP=   1000000)
 -> NNB=          150(MAXNB=    1000000) 
 CNSsolve> 
 CNSsolve> 
 CNSsolve>      ! give waters unique segid name 
 CNSsolve>      eval ($segid= "W" 
 Expression=             + encode($xcount) + encode($ycount) + encode($zcount)) 
 EVALUATE: symbol $SEGID set to "W543" (string)
 CNSsolve>      do (segid = $segid) (segid W000) 
 SELRPN:      0 atoms have been selected out of   7175
 CNSsolve> 
 CNSsolve>    end loop wat3 
 CNSsolve>    while ($ztrans < $zmtran) loop wat3 
 NEXTCD: condition evaluated as false
 CNSsolve>      eval ($zcount=$zcount+1) 
 CNSsolve>      eval ($ztrans = $ztrans + $boxlength) 
 CNSsolve> 
 CNSsolve> 
 CNSsolve>      segment 
 CNSsolve>        name="    " 
 CNSsolve>        chain 
 CNSsolve>          coordinates @@RUN:protocols/boxtyp20.pdb 
 CNSsolve>        end 
 CNSsolve>      end 
 CNSsolve>      coor @@RUN:protocols/boxtyp20.pdb 
 CNSsolve>      do (segid=W000) (segid "    ") 
 CNSsolve>      coor sele=(segid W000) translate vector = ($xtrans $ytrans $ztrans) end 
 CNSsolve> 
 CNSsolve>      ! all new water oxygens 
 CNSsolve>      ident (store1) (segid W000 and name oh2) 
 CNSsolve>      ! all new water oxygens close to a protein heavy atom 
 CNSsolve>      ident (store2) (store1 and (not (resn WAT or resn HOH or resn TIP* or resn ANI or resn DAN or resn XAN or resn DUM or resn SHA or hydro)) around $pw_dist) 
 CNSsolve>      ! all new water oxygens close to old water oxygens 
 CNSsolve>      ident (store3) (store1 and (segid wat# and not hydro) around $water_diam) 
 CNSsolve>      ! all new water oxygens further than thickness away from a protein heavy atom 
 CNSsolve>      ident (store4) (store1 and not (not (resn WAT or resn HOH or resn TIP* or resn ANI or resn DAN or resn XAN or resn DUM or resn SHA or hydro)) around $thickness) 
 CNSsolve>      delete sele= (byres (store2 or store3 or store4)) end 
 CNSsolve> 
 CNSsolve> 
 CNSsolve>      ! give waters unique segid name 
 CNSsolve>      eval ($segid= "W" 
 CNSsolve>             + encode($xcount) + encode($ycount) + encode($zcount)) 
 CNSsolve>      do (segid = $segid) (segid W000) 
 CNSsolve> 
 CNSsolve>    end loop wat3 
 CNSsolve>  end loop wat2 
 CNSsolve>  while ($ytrans < $ymtran) loop wat2 
 NEXTCD: condition evaluated as false
 CNSsolve>    eval ($ycount=$ycount+1) 
 CNSsolve>    eval ($ytrans = $ytrans + $boxlength) 
 CNSsolve> 
 CNSsolve>    eval ($zcount=0) 
 CNSsolve>    eval ($ztrans = $zmin - $thickness - $water_diam - $boxlength/2 ) 
 CNSsolve>    while ($ztrans < $zmtran) loop wat3 
 CNSsolve>      eval ($zcount=$zcount+1) 
 CNSsolve>      eval ($ztrans = $ztrans + $boxlength) 
 CNSsolve> 
 CNSsolve> 
 CNSsolve>      segment 
 CNSsolve>        name="    " 
 CNSsolve>        chain 
 CNSsolve>          coordinates @@RUN:protocols/boxtyp20.pdb 
 CNSsolve>        end 
 CNSsolve>      end 
 CNSsolve>      coor @@RUN:protocols/boxtyp20.pdb 
 CNSsolve>      do (segid=W000) (segid "    ") 
 CNSsolve>      coor sele=(segid W000) translate vector = ($xtrans $ytrans $ztrans) end 
 CNSsolve> 
 CNSsolve>      ! all new water oxygens 
 CNSsolve>      ident (store1) (segid W000 and name oh2) 
 CNSsolve>      ! all new water oxygens close to a protein heavy atom 
 CNSsolve>      ident (store2) (store1 and (not (resn WAT or resn HOH or resn TIP* or resn ANI or resn DAN or resn XAN or resn DUM or resn SHA or hydro)) around $pw_dist) 
 CNSsolve>      ! all new water oxygens close to old water oxygens 
 CNSsolve>      ident (store3) (store1 and (segid wat# and not hydro) around $water_diam) 
 CNSsolve>      ! all new water oxygens further than thickness away from a protein heavy atom 
 CNSsolve>      ident (store4) (store1 and not (not (resn WAT or resn HOH or resn TIP* or resn ANI or resn DAN or resn XAN or resn DUM or resn SHA or hydro)) around $thickness) 
 CNSsolve>      delete sele= (byres (store2 or store3 or store4)) end 
 CNSsolve> 
 CNSsolve> 
 CNSsolve>      ! give waters unique segid name 
 CNSsolve>      eval ($segid= "W" 
 CNSsolve>             + encode($xcount) + encode($ycount) + encode($zcount)) 
 CNSsolve>      do (segid = $segid) (segid W000) 
 CNSsolve> 
 CNSsolve>    end loop wat3 
 CNSsolve>  end loop wat2 
 CNSsolve>end loop wat1 
 CNSsolve>while ($xtrans < $xmtran) loop wat1 
 NEXTCD: condition evaluated as false
 CNSsolve>  eval ($xcount=$xcount+1) 
 CNSsolve>  eval ($xtrans = $xtrans + $boxlength) 
 CNSsolve> 
 CNSsolve>  eval ($ycount=0) 
 CNSsolve>  eval ($ytrans = $ymin - $thickness - $water_diam - $boxlength/2 ) 
 CNSsolve>  while ($ytrans < $ymtran) loop wat2 
 CNSsolve>    eval ($ycount=$ycount+1) 
 CNSsolve>    eval ($ytrans = $ytrans + $boxlength) 
 CNSsolve> 
 CNSsolve>    eval ($zcount=0) 
 CNSsolve>    eval ($ztrans = $zmin - $thickness - $water_diam - $boxlength/2 ) 
 CNSsolve>    while ($ztrans < $zmtran) loop wat3 
 CNSsolve>      eval ($zcount=$zcount+1) 
 CNSsolve>      eval ($ztrans = $ztrans + $boxlength) 
 CNSsolve> 
 CNSsolve> 
 CNSsolve>      segment 
 CNSsolve>        name="    " 
 CNSsolve>        chain 
 CNSsolve>          coordinates @@RUN:protocols/boxtyp20.pdb 
 CNSsolve>        end 
 CNSsolve>      end 
 CNSsolve>      coor @@RUN:protocols/boxtyp20.pdb 
 CNSsolve>      do (segid=W000) (segid "    ") 
 CNSsolve>      coor sele=(segid W000) translate vector = ($xtrans $ytrans $ztrans) end 
 CNSsolve> 
 CNSsolve>      ! all new water oxygens 
 CNSsolve>      ident (store1) (segid W000 and name oh2) 
 CNSsolve>      ! all new water oxygens close to a protein heavy atom 
 CNSsolve>      ident (store2) (store1 and (not (resn WAT or resn HOH or resn TIP* or resn ANI or resn DAN or resn XAN or resn DUM or resn SHA or hydro)) around $pw_dist) 
 CNSsolve>      ! all new water oxygens close to old water oxygens 
 CNSsolve>      ident (store3) (store1 and (segid wat# and not hydro) around $water_diam) 
 CNSsolve>      ! all new water oxygens further than thickness away from a protein heavy atom 
 CNSsolve>      ident (store4) (store1 and not (not (resn WAT or resn HOH or resn TIP* or resn ANI or resn DAN or resn XAN or resn DUM or resn SHA or hydro)) around $thickness) 
 CNSsolve>      delete sele= (byres (store2 or store3 or store4)) end 
 CNSsolve> 
 CNSsolve> 
 CNSsolve>      ! give waters unique segid name 
 CNSsolve>      eval ($segid= "W" 
 CNSsolve>             + encode($xcount) + encode($ycount) + encode($zcount)) 
 CNSsolve>      do (segid = $segid) (segid W000) 
 CNSsolve> 
 CNSsolve>    end loop wat3 
 CNSsolve>  end loop wat2 
 CNSsolve>end loop wat1 
 CNSsolve> 
 CNSsolve>! now, give waters a unique resid so that we get the segid to play around with 
 CNSsolve>ident (store1) (all) 
 SELRPN:   7175 atoms have been selected out of   7175
 CNSsolve>show min (store1) (segid w*) 
 SELRPN:   5553 atoms have been selected out of   7175
 SHOW: minimum of selected elements =    1623.000000
 CNSsolve>do (store1 = store1 - $result + 1) (segid w*) 
 SELRPN:   5553 atoms have been selected out of   7175
 CNSsolve>do (resid = encode(int(store1/3 -0.1) +1)) (segid w* and not segid wat#) 
 SELRPN:   5553 atoms have been selected out of   7175
 CNSsolve>do (segid = $water) (segid w* and not segid wat#) 
 SELRPN:   5553 atoms have been selected out of   7175
 CNSsolve> 
 CNSsolve>! shave off any waters that left 
 CNSsolve>delete sele= (byres (name oh2 and segid W* and not (not (resn WAT or resn HOH or resn TIP* or resn ANI or resn DAN or resn XAN or resn DUM or resn SHA or hydro)) around $thickness)) end 
 SELRPN:      0 atoms have been selected out of   7175
 SCRATC-warning: STORe selections erased.
 Status of internal molecular topology database:
 -> NATOM=       7175(MAXA=     1000000)  NBOND=       5449(MAXB=     1000000)
 -> NTHETA=      5018(MAXT=     2000000)  NGRP=        2370(MAXGRP=   1000000)
 -> NPHI=          22(MAXP=     2000000)  NIMPHI=      1110(MAXIMP=   1000000)
 -> NNB=          150(MAXNB=    1000000) 
 CNSsolve> 
 CNSsolve>{* write out initial coordinates just for testing *} 
 CNSsolve>!   evaluate ($filename=$Filenames.fileroot+ encode($count)+ "wini.pdb") 
 CNSsolve>!   write coordinates format=pdbo sele= (all) output =$filename end 
 CNSsolve> 
 CNSsolve>      do (segid = "    ") (segid "PROT") 
 SELRPN:      0 atoms have been selected out of   7175
 CNSsolve>    end if 
 CNSsolve>  else 
 CNSsolve>    parameter nbonds eps=$Data.epsilon1 end end 
 CNSsolve>  end if 
 CNSsolve>end if 
 CNSsolve> 
 CNSsolve>set seed $seed end 
 CNSsolve>set message=normal echo=on end 
 CNSsolve>inline @RUN:protocols/read_data.cns 
 ASSFIL: file read_data.cns opened.
 CNSsolve>! read_data.cns 
 CNSsolve>!    Read the various restraints data 
 CNSsolve>! 
 CNSsolve>! *********************************************************************** 
 CNSsolve>! * Copyright 2003-2018 Alexandre Bonvin, Utrecht University.           * 
 CNSsolve>! * Originally adapted from Aria 1.2 from Nilges and Linge, EMBL.       * 
 CNSsolve>! * All rights reserved.                                                * 
 CNSsolve>! * This code is part of the HADDOCK software and governed by its       * 
 CNSsolve>! * license. Please see the LICENSE file that should have been included * 
 CNSsolve>! * as part of this package.                                            * 
 CNSsolve>! *********************************************************************** 
 CNSsolve>! 
 CNSsolve> 
 CNSsolve>!module(Iteration; Data; count;) 
 CNSsolve> 
 CNSsolve>!NOEs, hbonds 
 CNSsolve>noe 
 NOE>  reset 
 NOE>  nrestraints = 12000000     ! allocate space for NOEs 
 NOE: allocating space for ******* restraints.
 NOE>  ceiling 1000 
 NOE>end 
 CNSsolve> 
 CNSsolve>if ($Data.amb_lastit ge $Iteration) then 
 NEXTCD: condition evaluated as true
 CNSsolve>  if ($Data.amb_firstit le $Iteration)   then 
 NEXTCD: condition evaluated as true
 CNSsolve>     evaluate ($filenam0 = "NEWIT:ambig.tbl_" + encode($count)) 
 EVALUATE: symbol $FILENAM0 set to "NEWIT:ambig.tbl_1" (string)
 CNSsolve>     fileexist $filenam0 end 
 MISCOM: file does not exist
 CNSsolve>     if ($result eq false) then 
 NEXTCD: condition evaluated as true
 CNSsolve>       evaluate ($filenam0 = "NEWIT:ambig.tbl") 
 EVALUATE: symbol $FILENAM0 set to "NEWIT:ambig.tbl" (string)
 CNSsolve>     end if 
 CNSsolve>     noe class ambi @@$filenam0 end 
 ASSFIL: file ambig.tbl opened.
 NOE>! HADDOCK AIR restraints for 1st partner 
 NOE>! 
 NOE>assign ( resid 16  and segid A) 
 SELRPN:     32 atoms have been selected out of   7175
 SELRPN>       ( 
 SELRPN>        ( resid 1  and segid B) 
 SELRPN>       )  2.0 2.0 0.0 
 SELRPN:     32 atoms have been selected out of   7175
 NOE>! 
 NOE>assign ( resid 17  and segid A) 
 SELRPN:     30 atoms have been selected out of   7175
 SELRPN>       ( 
 SELRPN>        ( resid 1  and segid B) 
 SELRPN>       )  2.0 2.0 0.0 
 SELRPN:     32 atoms have been selected out of   7175
 NOE>! 
 NOE>assign ( resid 18  and segid A) 
 SELRPN:     33 atoms have been selected out of   7175
 SELRPN>       ( 
 SELRPN>        ( resid 1  and segid B) 
 SELRPN>       )  2.0 2.0 0.0 
 SELRPN:     32 atoms have been selected out of   7175
 NOE>! 
 NOE>assign ( resid 19  and segid A) 
 SELRPN:     30 atoms have been selected out of   7175
 SELRPN>       ( 
 SELRPN>        ( resid 1  and segid B) 
 SELRPN>       )  2.0 2.0 0.0 
 SELRPN:     32 atoms have been selected out of   7175
 NOE>! 
 NOE>assign ( resid 20  and segid A) 
 SELRPN:     32 atoms have been selected out of   7175
 SELRPN>       ( 
 SELRPN>        ( resid 1  and segid B) 
 SELRPN>       )  2.0 2.0 0.0 
 SELRPN:     32 atoms have been selected out of   7175
 NOE>! 
 NOE>assign ( resid 21  and segid A) 
 SELRPN:     32 atoms have been selected out of   7175
 SELRPN>       ( 
 SELRPN>        ( resid 1  and segid B) 
 SELRPN>       )  2.0 2.0 0.0 
 SELRPN:     32 atoms have been selected out of   7175
 NOE>! 
 NOE>assign ( resid 22  and segid A) 
 SELRPN:     30 atoms have been selected out of   7175
 SELRPN>       ( 
 SELRPN>        ( resid 1  and segid B) 
 SELRPN>       )  2.0 2.0 0.0 
 SELRPN:     32 atoms have been selected out of   7175
 NOE>! 
 NOE>assign ( resid 23  and segid A) 
 SELRPN:     30 atoms have been selected out of   7175
 SELRPN>       ( 
 SELRPN>        ( resid 1  and segid B) 
 SELRPN>       )  2.0 2.0 0.0 
 SELRPN:     32 atoms have been selected out of   7175
 NOE>! 
 NOE>assign ( resid 24  and segid A) 
 SELRPN:     30 atoms have been selected out of   7175
 SELRPN>       ( 
 SELRPN>        ( resid 1  and segid B) 
 SELRPN>       )  2.0 2.0 0.0 
 SELRPN:     32 atoms have been selected out of   7175
 NOE>! 
 NOE>assign ( resid 25  and segid A) 
 SELRPN:     33 atoms have been selected out of   7175
 SELRPN>       ( 
 SELRPN>        ( resid 1  and segid B) 
 SELRPN>       )  2.0 2.0 0.0 
 SELRPN:     32 atoms have been selected out of   7175
 NOE>! 
 NOE>assign ( resid 26  and segid A) 
 SELRPN:     32 atoms have been selected out of   7175
 SELRPN>       ( 
 SELRPN>        ( resid 1  and segid B) 
 SELRPN>       )  2.0 2.0 0.0 
 SELRPN:     32 atoms have been selected out of   7175
 NOE>! 
 NOE>assign ( resid 27  and segid A) 
 SELRPN:     33 atoms have been selected out of   7175
 SELRPN>       ( 
 SELRPN>        ( resid 1  and segid B) 
 SELRPN>       )  2.0 2.0 0.0 
 SELRPN:     32 atoms have been selected out of   7175
 NOE>! 
 NOE>assign ( resid 28  and segid A) 
 SELRPN:     33 atoms have been selected out of   7175
 SELRPN>       ( 
 SELRPN>        ( resid 1  and segid B) 
 SELRPN>       )  2.0 2.0 0.0 
 SELRPN:     32 atoms have been selected out of   7175
 NOE>! 
 NOE>assign ( resid 29  and segid A) 
 SELRPN:     32 atoms have been selected out of   7175
 SELRPN>       ( 
 SELRPN>        ( resid 1  and segid B) 
 SELRPN>       )  2.0 2.0 0.0 
 SELRPN:     32 atoms have been selected out of   7175
 NOE>! 
 NOE>assign ( resid 30  and segid A) 
 SELRPN:     32 atoms have been selected out of   7175
 SELRPN>       ( 
 SELRPN>        ( resid 1  and segid B) 
 SELRPN>       )  2.0 2.0 0.0 
 SELRPN:     32 atoms have been selected out of   7175
 NOE>! 
 NOE>! HADDOCK AIR restraints for 2nd partner 
 NOE>! 
 NOE>assign ( resid 1  and segid B) 
 SELRPN:     32 atoms have been selected out of   7175
 SELRPN>       ( 
 SELRPN>        ( resid 16  and segid A) 
 SELRPN>     or 
 SELRPN>        ( resid 17  and segid A) 
 SELRPN>     or 
 SELRPN>        ( resid 18  and segid A) 
 SELRPN>     or 
 SELRPN>        ( resid 19  and segid A) 
 SELRPN>     or 
 SELRPN>        ( resid 20  and segid A) 
 SELRPN>     or 
 SELRPN>        ( resid 21  and segid A) 
 SELRPN>     or 
 SELRPN>        ( resid 22  and segid A) 
 SELRPN>     or 
 SELRPN>        ( resid 23  and segid A) 
 SELRPN>     or 
 SELRPN>        ( resid 24  and segid A) 
 SELRPN>     or 
 SELRPN>        ( resid 25  and segid A) 
 SELRPN>     or 
 SELRPN>        ( resid 26  and segid A) 
 SELRPN>     or 
 SELRPN>        ( resid 27  and segid A) 
 SELRPN>     or 
 SELRPN>        ( resid 28  and segid A) 
 SELRPN>     or 
 SELRPN>        ( resid 29  and segid A) 
 SELRPN>     or 
 SELRPN>        ( resid 30  and segid A) 
 SELRPN>     or 
 SELRPN>        ( resid 7  and segid A) 
 SELRPN>     or 
 SELRPN>        ( resid 8  and segid A) 
 SELRPN>     or 
 SELRPN>        ( resid 9  and segid A) 
 SELRPN>     or 
 SELRPN>        ( resid 10  and segid A) 
 SELRPN>     or 
 SELRPN>        ( resid 11  and segid A) 
 SELRPN>     or 
 SELRPN>        ( resid 12  and segid A) 
 SELRPN>     or 
 SELRPN>        ( resid 13  and segid A) 
 SELRPN>     or 
 SELRPN>        ( resid 14  and segid A) 
 SELRPN>     or 
 SELRPN>        ( resid 15  and segid A) 
 SELRPN>     or 
 SELRPN>        ( resid 31  and segid A) 
 SELRPN>     or 
 SELRPN>        ( resid 32  and segid A) 
 SELRPN>     or 
 SELRPN>        ( resid 33  and segid A) 
 SELRPN>     or 
 SELRPN>        ( resid 39  and segid A) 
 SELRPN>     or 
 SELRPN>        ( resid 40  and segid A) 
 SELRPN>     or 
 SELRPN>        ( resid 41  and segid A) 
 SELRPN>     or 
 SELRPN>        ( resid 42  and segid A) 
 SELRPN>       )  2.0 2.0 0.0 
 SELRPN:    989 atoms have been selected out of   7175
 NOE> 
 NOE> end 
 CNSsolve>     if ($Data.noecv eq true) then 
 NEXTCD: condition evaluated as true
 CNSsolve>       noe part $Data.ncvpart end 
 For set   1 there are    11 distance restraints.
 For set   2 there are     5 distance restraints.
 CNSsolve>     end if 
 CNSsolve>  end if 
 CNSsolve>end if 
 CNSsolve> 
 CNSsolve>if ($Data.unamb_lastit ge $Iteration) then 
 NEXTCD: condition evaluated as true
 CNSsolve>  if ($Data.unamb_firstit le $Iteration) then 
 NEXTCD: condition evaluated as true
 CNSsolve>     noe class dist @@NEWIT:unambig.tbl end 
 ASSFIL: file unambig.tbl opened.
 CNSsolve>  end if 
 CNSsolve>end if 
 CNSsolve> 
 CNSsolve>if ($Data.hbond_lastit ge $Iteration) then 
 NEXTCD: condition evaluated as true
 CNSsolve>  if ($Data.hbond_firstit le $Iteration) then 
 NEXTCD: condition evaluated as true
 CNSsolve>    if ($Data.hbonds_on eq true) then 
 NEXTCD: condition evaluated as false
 CNSsolve>      noe class hbon @@RUN:data/hbonds/hbonds.tbl end 
 CNSsolve>    end if 
 CNSsolve>  end if 
 CNSsolve>end if 
 CNSsolve> 
 CNSsolve>noe 
 NOE>  averaging  * sum 
 NOE>  potential  * soft 
 NOE>  scale      * 1.0 
 NOE>  sqconstant * 1.0 
 NOE>  sqexponent * 2 
 NOE>  soexponent * 1 
 NOE>  rswitch    * 1.0 
 NOE>  sqoffset   * 0.0 
 NOE>  asymptote  * 2.0 
 NOE>  msoexponent * 1 
 NOE>  masymptote  * -0.1 
 NOE>  mrswitch    * 1.0 
 NOE>end 
 CNSsolve> 
 CNSsolve> 
 CNSsolve>!!!!!!!!!!!!!!!!!!!!!!!!!!!!!!!!!!!!!!!!!!!!!!!!!!!!!!!!!!!!!!!!!!!!!!!!!!!!!!! 
 CNSsolve>!dihedral restraints: 
 CNSsolve>restraints dihedral 
 DIHEDRAL>   reset 
 DIHEDRAL>   nassign 50000 
 RSTDIH: allocating space for   50000 assignments.
 DIHEDRAL>end 
 CNSsolve>if ($Data.cdih.on eq true) then 
 NEXTCD: condition evaluated as false
 CNSsolve>  restraints dihedral 
 CNSsolve>    @@RUN:data/dihedrals/dihedrals.tbl 
 CNSsolve>  end 
 CNSsolve>end if 
 CNSsolve> 
 CNSsolve>restraints dihedral ? end 
 Total number of dihedral angle restraints=     0
  overall scale =    1.0000
 Number of dihedral angle restraints=    0
 RMS deviation=   0.000
 CNSsolve> 
 CNSsolve>!!!!!!!!!!!!!!!!!!!!!!!!!!!!!!!!!!!!!!!!!!!!!!!!!!!!!!!!!!!!!!!!!!!!!!!!!!!!!!! 
 CNSsolve>!residual dipolar couplings: 
 CNSsolve> 
 CNSsolve>evaluate ($Data.flags.sani = false) 
 EVALUATE: symbol $DATA.FLAGS.SANI set to FALSE (logical)
 CNSsolve>evaluate ($Data.flags.xrdc = false) 
 EVALUATE: symbol $DATA.FLAGS.XRDC set to FALSE (logical)
 CNSsolve>evaluate ($Data.flags.xpcs = false) 
 EVALUATE: symbol $DATA.FLAGS.XPCS set to FALSE (logical)
 CNSsolve>evaluate ($Data.flags.dani = false) 
 EVALUATE: symbol $DATA.FLAGS.DANI set to FALSE (logical)
 CNSsolve>evaluate ($Data.flags.vean = false) 
 EVALUATE: symbol $DATA.FLAGS.VEAN set to FALSE (logical)
 CNSsolve>evaluate ($inisani=0) 
 EVALUATE: symbol $INISANI set to    0.00000     (real)
 CNSsolve>evaluate ($inixrdc=0) 
 EVALUATE: symbol $INIXRDC set to    0.00000     (real)
 CNSsolve>evaluate ($inixpcs=0) 
 EVALUATE: symbol $INIXPCS set to    0.00000     (real)
 CNSsolve>evaluate ($inidani=0) 
 EVALUATE: symbol $INIDANI set to    0.00000     (real)
 CNSsolve>evaluate ($inivean = 0) 
 EVALUATE: symbol $INIVEAN set to    0.00000     (real)
 CNSsolve> 
 CNSsolve>sani reset nres=5000 end 
SANI: Allocating space for    5000
number of constraints 
 CNSsolve>vean reset nres=10000 end 
 CNSsolve>xrdc reset nres=5000 end 
XDIPO_RDC: Allocating space for    5000number of restraints.
 CNSsolve>evaluate ($nrdc=1) 
 EVALUATE: symbol $NRDC set to    1.00000     (real)
 CNSsolve>while ($nrdc <= $Data.numrdc) loop rdc 
 NEXTCD: condition evaluated as false
 CNSsolve>  evaluate ($cln="rd"+encode($nrdc)) 
 CNSsolve>  if ($Data.rdc_lastit_$nrdc ge $Iteration) then 
 CNSsolve>    if ($Data.rdc_firstit_$nrdc le $Iteration) then 
 CNSsolve>      if ($Data.rdc_choice_$nrdc eq "SANI") then 
 CNSsolve>        evaluate ($Data.flags.sani = true) 
 CNSsolve>	evaluate ($restfile="RUN:data/rdcs/rdc"+encode($nrdc)+".tbl") 
 CNSsolve>        evaluate ($inisani=1) 
 CNSsolve>        sani 
 CNSsolve>          class $cln 
 CNSsolve>          force 0.0 
 CNSsolve>          potential square 
 CNSsolve>          @@$restfile 
 CNSsolve>        end 
 CNSsolve>      end if 
 CNSsolve>      if ($Data.rdc_choice_$nrdc eq "XRDC") then 
 CNSsolve>        evaluate ($Data.flags.xrdc = true) 
 CNSsolve>	evaluate ($restfile="RUN:data/rdcs/rdc"+encode($nrdc)+".tbl") 
 CNSsolve>        evaluate ($inixrdc=1) 
 CNSsolve>        xrdc 
 CNSsolve>          class $cln 
 CNSsolve>          force 0.0 
 CNSsolve>          @@$restfile 
 CNSsolve>        end 
 CNSsolve>      end if 
 CNSsolve>      if ($Data.rdc_choice_$nrdc eq "VANGLE") then 
 CNSsolve>        evaluate ($Data.flags.vean = true) 
 CNSsolve>	evaluate ($restfile="RUN:data/rdcs/rdc"+encode($nrdc)+".tbl") 
 CNSsolve>        evaluate ($inivean = 1) 
 CNSsolve>        if ($Data.rdc_firstIt_$nrdc le $Iteration) then 
 CNSsolve>          vean 
 CNSsolve>            class $cln 
 CNSsolve>            force 0.0 0.0 
 CNSsolve>            @@$restfile 
 CNSsolve>          end 
 CNSsolve>        end if 
 CNSsolve>      end if 
 CNSsolve>    end if 
 CNSsolve>  end if 
 CNSsolve>  evaluate ($nrdc = $nrdc + 1) 
 CNSsolve>end loop rdc 
 CNSsolve> 
 CNSsolve>evaluate ($tensread = false) 
 EVALUATE: symbol $TENSREAD set to FALSE (logical)
 CNSsolve>if ($Data.flags.xrdc = true) then 
 NEXTCD: condition evaluated as false
 CNSsolve>  noe 
 CNSsolve>    class tens 
 CNSsolve>    @@RUN:data/tensor/tensor.tbl 
 CNSsolve>    potential tens square 
 CNSsolve>    scale     tens 500.0 
 CNSsolve>  end 
 CNSsolve>  evaluate ($tensread = true) 
 CNSsolve>end if 
 CNSsolve> 
 CNSsolve>!!!!!!!!!!!!!!!!!!!!!!!!!!!!!!!!!!!!!!!!!!!!!!!!!!!!!!!!!!!!!!!!!!!!!!!!!!!!!!! 
 CNSsolve>!PCS restraints: 
 CNSsolve>xpcs reset nres=5000 end 
XDIPO_PCS: Allocating space for    5000number of restraints.
 CNSsolve>evaluate ($npcs=1) 
 EVALUATE: symbol $NPCS set to    1.00000     (real)
 CNSsolve>while ($npcs <= $Data.numpcs) loop pcs 
 NEXTCD: condition evaluated as false
 CNSsolve>  if ($Data.pcs_lastit_$npcs ge $Iteration) then 
 CNSsolve>    if ($Data.pcs_firstit_$npcs le $Iteration) then 
 CNSsolve>      if ($Data.pcs_choice_$npcs eq "XPCS") then 
 CNSsolve>        evaluate ($Data.flags.xpcs = true) 
 CNSsolve>	evaluate ($restfile="RUN:data/pcs/pcs"+encode($npcs)+".tbl") 
 CNSsolve>	evaluate ($cln="pc"+encode($npcs)) 
 CNSsolve>        evaluate ($inixpcs=1) 
 CNSsolve>        xpcs 
 CNSsolve>          class $cln 
 CNSsolve>          force 0.0 
 CNSsolve>          @@$restfile 
 CNSsolve>        end 
 CNSsolve>      end if 
 CNSsolve>    end if 
 CNSsolve>  end if 
 CNSsolve>  evaluate ($npcs= $npcs + 1) 
 CNSsolve>end loop pcs 
 CNSsolve> 
 CNSsolve>if ($Data.flags.xpcs = true) then 
 NEXTCD: condition evaluated as false
 CNSsolve>  if ($tensread eq FALSE) then 
 CNSsolve>    noe 
 CNSsolve>      class tens 
 CNSsolve>      @@RUN:data/tensor/tensor.tbl 
 CNSsolve>      potential tens square 
 CNSsolve>      scale     tens 500.0 
 CNSsolve>    end 
 CNSsolve>  end if 
 CNSsolve>end if 
 CNSsolve> 
 CNSsolve>!!!!!!!!!!!!!!!!!!!!!!!!!!!!!!!!!!!!!!!!!!!!!!!!!!!!!!!!!!!!!!!!!!!!!!!!!!!!!!! 
 CNSsolve>!DANI restraints: 
 CNSsolve> 
 CNSsolve>evaluate ($ndani=1) 
 EVALUATE: symbol $NDANI set to    1.00000     (real)
 CNSsolve>dani reset nres=5000 end 
DANI: Allocating space for    5000
number of constraints 
 CNSsolve>while ($ndani <= $Data.numdani) loop dani 
 NEXTCD: condition evaluated as false
 CNSsolve>  if ($Data.dan_lastit_$ndani ge $Iteration) then 
 CNSsolve>    if ($Data.dan_firstit_$ndani le $Iteration) then 
 CNSsolve>      if ($Data.dan_choice_$ndani eq "DANI") then 
 CNSsolve>        evaluate ($Data.flags.dani = true) 
 CNSsolve>	evaluate ($restfile="RUN:data/dani/dani"+encode($ndani)+".tbl") 
 CNSsolve>	evaluate ($cln="da"+encode($ndani)) 
 CNSsolve>        evaluate ($inidani=1) 
 CNSsolve>        dani 
 CNSsolve>          class $cln 
 CNSsolve>          force 0.0 
 CNSsolve>          potential square 
 CNSsolve>          @@$restfile 
 CNSsolve>        end 
 CNSsolve>      end if 
 CNSsolve>    end if 
 CNSsolve>  end if 
 CNSsolve>  evaluate ($ndani = $ndani + 1) 
 CNSsolve>end loop dani 
 CNSsolve> 
 CNSsolve>! read EM-data 
 CNSsolve>if ($data.flags.em = true) then 
 NEXTCD: condition evaluated as false
 CNSsolve>    @RUN:protocols/em_read_data.cns(data=$data;) 
 ASSFIL: file em_read_data.cns opened.
 CNSsolve>module (Data;) 
 CNSsolve>    {* 
 CNSsolve>    Module reads in the cryoEM data, supposed to be the CryoEM map. Since CNS 
 CNSsolve>    is mainly build for X-ray Crystallography and thus reciprocal space, 
 CNSsolve>    working in real space is a bit cumbersome. Therefor we first determine the 
 CNSsolve>    map size and such befor reading it in. The unit cell is determined first 
 CNSsolve>    and the resolution cutoff.  After that the FFT parameters can be determined 
 CNSsolve>    and space is generated for the reflections. 
 CNSsolve> 
 CNSsolve>    It follows with reading in the form factors for all the atoms. The arrays 
 CNSsolve>    FOBS, FCALC, FPART and MAP are allocated. The CryoEM map is read and the 
 CNSsolve>    target function is set, which is here the so called vector potential. The 
 CNSsolve>    vector potential is the reciprocal space variant of the cross correlation 
 CNSsolve>    between two maps. 
 CNSsolve> 
 CNSsolve>    Parameters 
 CNSsolve>    ---------- 
 CNSsolve>    Data : Data object 
 CNSsolve>        The Data object holds all the parameter for the CryoEM functionality 
 CNSsolve> 
 CNSsolve>    Notes 
 CNSsolve>    ----- 
 CNSsolve>    After the call of this module one is able to use the XREF energy flag at will. 
 CNSsolve> 
 CNSsolve>    Examples 
 CNSsolve>    -------- 
 CNSsolve>    >>> ! Use the XREF energy term 
 CNSsolve>    >>> @RUN:protocols/em_read_data.cns(Data=&Data;) 
 CNSsolve>    >>> flags include XREF end 
 CNSsolve>    *} 
 CNSsolve> 
 CNSsolve>    xray 
 CNSsolve>        ! Set unit cell parameters. The angles are implicitely assumed to be 90' 
 CNSsolve>        symmetry=(x, y, z) 
 CNSsolve>        a=&Data.em.xlength 
 CNSsolve>        b=&Data.em.ylength 
 CNSsolve>        c=&Data.em.zlength 
 CNSsolve> 
 CNSsolve>        ! set target resolution 
 CNSsolve>        mapresolution &Data.em.resolution 
 CNSsolve> 
 CNSsolve>        ! set up FFT 
 CNSsolve>        method=FFT 
 CNSsolve>        evaluate($voxelspacing = &Data.em.xlength / &Data.em.nx) 
 CNSsolve>        evaluate($gridsize = $voxelspacing/&Data.em.resolution) 
 CNSsolve>        fft 
 CNSsolve>            automemory=true 
 CNSsolve>            gridsize=$gridsize 
 CNSsolve>            bscale=100 
 CNSsolve>            elimit=9 
 CNSsolve>            prime=5 
 CNSsolve>        end 
 CNSsolve> 
 CNSsolve>        ! allocate space for the reflections. 
 CNSsolve>        generate 100000 &Data.em.resolution 
 CNSsolve>    end 
 CNSsolve> 
 CNSsolve>    xray 
 CNSsolve>        ! read in atomic form factors 
 CNSsolve>        @RUN:toppar/scatter.lib 
 ASSFIL: file scatter.lib opened.
 CNSsolve>! file libraries/xray/scatter.lib 
 CNSsolve>! Atomic scattering factors without anomalous contribution 
 CNSsolve>! Library for CNS 
 CNSsolve> 
 CNSsolve>! Authors: Paul Adams, Joe Jaeger, and Axel T. Brunger 
 CNSsolve> 
 CNSsolve>!BEWARE: 
 CNSsolve>!(1) element Cf (Californium) has to be referred to as Cff 
 CNSsolve>!(2) element Sm (Samarium) has to be referred to as Smm 
 CNSsolve>!(3) element Np (Neptunium) has to be referred to as Npp 
 CNSsolve>!(3) types of elements with ionic state (i.e., +/-) specifications have 
 CNSsolve>!    to be put in double quotes in selection statements. 
 CNSsolve> 
 CNSsolve>set message ? end 
 CNSsolve>evaluate ($message_old_sclib=$result) 
 CNSsolve>set echo ? end 
 CNSsolve>evaluate ($echo_old_sclib=$result) 
 CNSsolve>set echo=off message=off end 
 CNSsolve> 
 CNSsolve> checkversion 1.3 
 CNSsolve> 
 CNSsolve> 
 CNSsolve>SCATter ( chemical H* and not ( 
 CNSsolve>          chemical "He" or chemical "HE" or 
 CNSsolve>          chemical "Ho" or chemical "HO" or 
 CNSsolve>          chemical "Ho+3" or chemical "HO+3" or 
 CNSsolve>          chemical "Hf" or chemical "HF" or 
 CNSsolve>          chemical "Hf+4" or chemical "HF+4" or 
 CNSsolve>          chemical "Hg" or chemical "HG" or 
 CNSsolve>          chemical "Hg+1" or chemical "HG+1" or 
 CNSsolve>          chemical "Hg+2" or chemical "HG+2" )) 
 CNSsolve>  0.489918 20.6593 0.262003 7.74039 0.196767 49.5519 0.049879 2.20159 0.001305 
 CNSsolve>SCATter ( chemical "He" or chemical "HE" ) 
 CNSsolve>  0.8734 9.1037 0.6309 3.3568 0.3112 22.9276 0.178 0.9821 0.0064 
 CNSsolve>SCATter ( chemical "Li" or chemical "LI" ) 
 CNSsolve>  1.1282 3.9546 0.7508 1.0524 0.6175 85.3905 0.4653 168.261 0.0377 
 CNSsolve>SCATter ( chemical "Li+1" or chemical "LI+1" ) 
 CNSsolve>  0.6968 4.6237 0.7888 1.9557 0.3414 0.6316 0.1563 10.0953 0.0167 
 CNSsolve>SCATter ( chemical "Be" or chemical "BE" ) 
 CNSsolve>  1.5919 43.6427 1.1278 1.8623 0.5391 103.483 0.7029 0.542 0.0385 
 CNSsolve>SCATter ( chemical "Be+2" or chemical "BE+2" ) 
 CNSsolve>  6.2603 0.0027 0.8849 0.8313 0.7993 2.2758 0.1647 5.1146 -6.1092 
 CNSsolve>SCATter ( chemical "B" ) 
 CNSsolve>  2.0545 23.2185 1.3326 1.021 1.0979 60.3498 0.7068 0.1403 -0.1932 
 CNSsolve>SCATter ( chemical C* and not 
 CNSsolve>        ( chem "Ca" or chem "CA" or chem "Ca+2" or chem "CA+2" or 
 CNSsolve>          chem "Ce" or chem "CE" or chem "Ce+3" or chem "CE+3" or chem "Ce+4" or chem "CE+4" or 
 CNSsolve>          chem "Co" or chem "CO" or chem "Co+2" or chem "CO+2" or chem "Co+3" or chem "CO+3" or 
 CNSsolve>          chem "Cr" or chem "CR" or chem "Cr+2" or chem "CR+2" or chem "Cr+3" or chem "CR+3" or 
 CNSsolve>          chem "Cu" or chem "CU" or chem "Cu+1" or chem "CU+1" or chem "Cu+2" or chem "CU+2" or 
 CNSsolve>          chem "Cd" or chem "CD" or chem "Cd+2" or chem "CD+2" or 
 CNSsolve>          chem "Cs" or chem "CS" or chem "Cs+1" or chem "CS+1" or 
 CNSsolve>          chem "Cm" or chem "CM" or 
 CNSsolve>          chem "Cl" or chem "CL" or chem "Cl-1" or chem "CL-1" or 
 CNSsolve>          chem "Cff" or chem "CFF" or chem "Cval" or chem "CVAL" )) 
 CNSsolve>  2.31 20.8439 1.02 10.2075 1.5886 0.5687 0.865 51.6512 0.2156 
 CNSsolve>SCATter ( chemical "Cval" or chemical "CVAL" ) 
 CNSsolve>  2.26069 22.6907 1.56165 0.656665 1.05075 9.75618 0.839259 55.5949 0.286977 
 CNSsolve>SCATter ( chemical N* and not 
 CNSsolve>        ( chem "Ne" or chem "NE" or 
 CNSsolve>          chem "Na" or chem "NA" or chem "Na+1" or chem "NA+1" or 
 CNSsolve>          chem "Ni" or chem "NI" or chem "Ni+2" or chem "NI+2" or chem "Ni+3" or chem "NI+3" or 
 CNSsolve>          chem "Nb" or chem "NB" or chem "Nb+3" or chem "NB+3" or chem "Nb+5" or chem "NB+5" or 
 CNSsolve>          chem "Nd" or chem "ND" or chem "Nd+3" or chem "ND+3" or 
 CNSsolve>          chem "Npp" or chem "NPP" or chem "Np+3" or chem "NP+3" or chem "Np+4" or chem "NP+4" or 
 CNSsolve>          chem "Np+6" or chem "NP+6" )) 
 CNSsolve>  12.2126 0.0057 3.1322 9.8933 2.0125 28.9975 1.1663 0.5826 -11.529 
 CNSsolve>SCATter ( chemical O* and not ( chem "O-1" or chem "Os" or chem "OS" or chem "Os+4" or chem "OS+4" ) ) 
 CNSsolve>  3.0485 13.2771 2.2868 5.7011 1.5463 0.3239 0.867 32.9089 0.2508 
 CNSsolve>SCATter ( chemical "O-1" ) 
 CNSsolve>  4.1916 12.8573 1.63969 4.17236 1.52673 47.0179 -20.307 -0.01404 21.9412 
 CNSsolve>SCATter ( chemical "F" ) 
 CNSsolve>  3.5392 10.2825 2.6412 4.2944 1.517 0.2615 1.0243 26.1476 0.2776 
 CNSsolve>SCATter ( chemical "F-1" ) 
 CNSsolve>  3.6322 5.27756 3.51057 14.7353 1.26064 0.442258 0.940706 47.3437 0.653396 
 CNSsolve>SCATter ( chemical "Ne" or chemical "NE" ) 
 CNSsolve>  3.9553 8.4042 3.1125 3.4262 1.4546 0.2306 1.1251 21.7184 0.3515 
 CNSsolve>SCATter ( chemical "Na" or chemical "NA" ) 
 CNSsolve>  4.7626 3.285 3.1736 8.8422 1.2674 0.3136 1.1128 129.424 0.676 
 CNSsolve>SCATter ( chemical "Na+1" or chemical "NA+1" ) 
 CNSsolve>  3.2565 2.6671 3.9362 6.1153 1.3998 0.2001 1.0032 14.039 0.404 
 CNSsolve>SCATter ( chemical "Mg" or chemical "MG" ) 
 CNSsolve>  5.4204 2.8275 2.1735 79.2611 1.2269 0.3808 2.3073 7.1937 0.8584 
 CNSsolve>SCATter ( chemical "Mg+2" or chemical "MG+2" ) 
 CNSsolve>  3.4988 2.1676 3.8378 4.7542 1.3284 0.185 0.8497 10.1411 0.4853 
 CNSsolve>SCATter ( chemical "Al" or chemical "AL" ) 
 CNSsolve>  6.4202 3.0387 1.9002 0.7426 1.5936 31.5472 1.9646 85.0886 1.1151 
 CNSsolve>SCATter ( chemical "Al+3" or chemical "AL+3" ) 
 CNSsolve>  4.17448 1.93816 3.3876 4.14553 1.20296 0.228753 0.528137 8.28524 0.706786 
 CNSsolve>SCATter ( chemical "Si" or chemical "SI" ) 
 CNSsolve>  6.2915 2.4386 3.0353 32.3337 1.9891 0.6785 1.541 81.6937 1.1407 
 CNSsolve>SCATter ( chemical "Siv" or chemical "SIV" ) 
 CNSsolve>  5.66269 2.6652 3.07164 38.6634 2.62446 0.916946 1.3932 93.5458 1.24707 
 CNSsolve>SCATter ( chemical "Si+4" or chemical "SI+4" ) 
 CNSsolve>  4.43918 1.64167 3.20345 3.43757 1.19453 0.2149 0.41653 6.65365 0.746297 
 CNSsolve>SCATter ( chemical P* and not ( 
 CNSsolve>          chem "Pd" or chem "Pr" or chem "Pm" or chem "Pt" or 
 CNSsolve>          chem "Pb" or chem "Po" or chem "Pa" or chem "Pu" or 
 CNSsolve>          chem "PD" or chem "PR" or chem "PM" or chem "PT" or 
 CNSsolve>          chem "PB" or chem "PO" or chem "PA" or chem "PU" or 
 CNSsolve>          chem "Pr+3" or chem "PR+3" or 
 CNSsolve>          chem "Pr+4" or chem "PR+4" or 
 CNSsolve>          chem "Pm+3" or chem "PM+3" or 
 CNSsolve>          chem "Pt+2" or chem "PT+2" or 
 CNSsolve>          chem "Pt+4" or chem "PT+4" or 
 CNSsolve>          chem "Pb+2" or chem "PB+2" or 
 CNSsolve>          chem "Pb+4" or chem "PB+4" or 
 CNSsolve>          chem "Pu+3" or chem "PU+3" or 
 CNSsolve>          chem "Pu+4" or chem "PU+4" or 
 CNSsolve>          chem "Pu+6" or chem "PU+6" )) 
 CNSsolve>  6.4345 1.9067 4.1791 27.157 1.78 0.526 1.4908 68.1645 1.1149 
 CNSsolve>SCATter ( chemical S* and not ( 
 CNSsolve>          chem "Sc" or chem "SC" or chem "Sc+3" or chem "SC+3" or 
 CNSsolve>          chem "Se" or chem "SE" or 
 CNSsolve>          chem "Sr" or chem "SR" or chem "Sr+2" or chem "SR+2" or 
 CNSsolve>          chem "Sn" or chem "SN" or chem "Sn+2" or chem "SN+2" or chem "Sn+4" or chem "SN+4" or 
 CNSsolve>          chem "Sb" or chem "SB" or chem "Sb+3" or chem "SB+3" or chem "Sb+5" or chem "SB+5" or 
 CNSsolve>          chem "Smm" or chem "SMM" or chem "Sm+3" or chem "SM+3" or 
 CNSsolve>          chem "Si" or chem "SI" or chem "Si+4" or chem "SI+4"  )) 
 CNSsolve>  6.9053 1.4679 5.2034 22.2151 1.4379 0.2536 1.5863 56.172 0.8669 
 CNSsolve>SCATter ( chemical "Cl" or chemical "CL" ) 
 CNSsolve>  11.4604 0.0104 7.1964 1.1662 6.2556 18.5194 1.6455 47.7784 -9.5574 
 CNSsolve>SCATter ( chemical "Cl-1" or chemical "CL-1" ) 
 CNSsolve>  18.2915 0.0066 7.2084 1.1717 6.5337 19.5424 2.3386 60.4486 -16.378 
 CNSsolve>SCATter ( chemical "Ar" or chemical "AR" ) 
 CNSsolve>  7.4845 0.9072 6.7723 14.8407 0.6539 43.8983 1.6442 33.3929 1.4445 
 CNSsolve>SCATter ( chemical "K" ) 
 CNSsolve>  8.2186 12.7949 7.4398 0.7748 1.0519 213.187 0.8659 41.6841 1.4228 
 CNSsolve>SCATter ( chemical "K+1" ) 
 CNSsolve>  7.9578 12.6331 7.4917 0.7674 6.359 -0.002 1.1915 31.9128 -4.9978 
 CNSsolve>SCATter ( chemical "Ca" or chemical "CA" ) 
 CNSsolve>  8.6266 10.4421 7.3873 0.6599 1.5899 85.7484 1.0211 178.437 1.3751 
 CNSsolve>SCATter ( chemical "Ca+2" or chemical "CA+2" ) 
 CNSsolve>  15.6348 -0.0074 7.9518 0.6089 8.4372 10.3116 0.8537 25.9905 -14.875 
 CNSsolve>SCATter ( chemical "Sc" or chemical "SC" ) 
 CNSsolve>  9.189 9.0213 7.3679 0.5729 1.6409 136.108 1.468 51.3531 1.3329 
 CNSsolve>SCATter ( chemical "Sc+3" or chemical "SC+3" ) 
 CNSsolve>  13.4008 0.29854 8.0273 7.9629 1.65943 -0.28604 1.57936 16.0662 -6.6667 
 CNSsolve>SCATter ( chemical "Ti" or chemical "TI" ) 
 CNSsolve>  9.7595 7.8508 7.3558 0.5 1.6991 35.6338 1.9021 116.105 1.2807 
 CNSsolve>SCATter ( chemical "Ti+2" or chemical "TI+2" ) 
 CNSsolve>  9.11423 7.5243 7.62174 0.457585 2.2793 19.5361 0.087899 61.6558 0.897155 
 CNSsolve>SCATter ( chemical "Ti+3" or chemical "TI+3" ) 
 CNSsolve>  17.7344 0.22061 8.73816 7.04716 5.25691 -0.15762 1.92134 15.9768 -14.652 
 CNSsolve>SCATter ( chemical "Ti+4" or chemical "TI+4" ) 
 CNSsolve>  19.5114 0.178847 8.23473 6.67018 2.01341 -0.29263 1.5208 12.9464 -13.28 
 CNSsolve>SCATter ( chemical "V" ) 
 CNSsolve>  10.2971 6.8657 7.3511 0.4385 2.0703 26.8938 2.0571 102.478 1.2199 
 CNSsolve>SCATter ( chemical "V+2" ) 
 CNSsolve>  10.106 6.8818 7.3541 0.4409 2.2884 20.3004 0.0223 115.122 1.2298 
 CNSsolve>SCATter ( chemical "V+3" ) 
 CNSsolve>  9.43141 6.39535 7.7419 0.383349 2.15343 15.1908 0.016865 63.969 0.656565 
 CNSsolve>SCATter ( chemical "V+5" ) 
 CNSsolve>  15.6887 0.679003 8.14208 5.40135 2.03081 9.97278 -9.576 0.940464 1.7143 
 CNSsolve>SCATter ( chemical "Cr" or chemical "CR" ) 
 CNSsolve>  10.6406 6.1038 7.3537 0.392 3.324 20.2626 1.4922 98.7399 1.1832 
 CNSsolve>SCATter ( chemical "Cr+2" or chemical "CR+2" ) 
 CNSsolve>  9.54034 5.66078 7.7509 0.344261 3.58274 13.3075 0.509107 32.4224 0.616898 
 CNSsolve>SCATter ( chemical "Cr+3" or chemical "CR+3" ) 
 CNSsolve>  9.6809 5.59463 7.81136 0.334393 2.87603 12.8288 0.113575 32.8761 0.518275 
 CNSsolve>SCATter ( chemical "Mn" or chemical "MN" ) 
 CNSsolve>  11.2819 5.3409 7.3573 0.3432 3.0193 17.8674 2.2441 83.7543 1.0896 
 CNSsolve>SCATter ( chemical "Mn+2" or chemical "MN+2" ) 
 CNSsolve>  10.8061 5.2796 7.362 0.3435 3.5268 14.343 0.2184 41.3235 1.0874 
 CNSsolve>SCATter ( chemical "Mn+3" or chemical "MN+3" ) 
 CNSsolve>  9.84521 4.91797 7.87194 0.294393 3.56531 10.8171 0.323613 24.1281 0.393974 
 CNSsolve>SCATter ( chemical "Mn+4" or chemical "MN+4" ) 
 CNSsolve>  9.96253 4.8485 7.97057 0.283303 2.76067 10.4852 0.054447 27.573 0.251877 
 CNSsolve>SCATter ( chemical "Fe" or chemical "FE" ) 
 CNSsolve>  11.7695 4.7611 7.3573 0.3072 3.5222 15.3535 2.3045 76.8805 1.0369 
 CNSsolve>SCATter ( chemical "Fe+2" or chemical "FE+2" ) 
 CNSsolve>  11.0424 4.6538 7.374 0.3053 4.1346 12.0546 0.4399 31.2809 1.0097 
 CNSsolve>SCATter ( chemical "Fe+3" or chemical "FE+3" ) 
 CNSsolve>  11.1764 4.6147 7.3863 0.3005 3.3948 11.6729 0.0724 38.5566 0.9707 
 CNSsolve>SCATter ( chemical "Co" or chemical "CO" ) 
 CNSsolve>  12.2841 4.2791 7.3409 0.2784 4.0034 13.5359 2.3488 71.1692 1.0118 
 CNSsolve>SCATter ( chemical "Co+2" or chemical "CO+2" ) 
 CNSsolve>  11.2296 4.1231 7.3883 0.2726 4.7393 10.2443 0.7108 25.6466 0.9324 
 CNSsolve>SCATter ( chemical "Co+3" or chemical "CO+3" ) 
 CNSsolve>  10.338 3.90969 7.88173 0.238668 4.76795 8.35583 0.725591 18.3491 0.286667 
 CNSsolve>SCATter ( chemical "Ni" or chemical "NI" ) 
 CNSsolve>  12.8376 3.8785 7.292 0.2565 4.4438 12.1763 2.38 66.3421 1.0341 
 CNSsolve>SCATter ( chemical "Ni+2" or chemical "NI+2" ) 
 CNSsolve>  11.4166 3.6766 7.4005 0.2449 5.3442 8.873 0.9773 22.1626 0.8614 
 CNSsolve>SCATter ( chemical "Ni+3" or chemical "NI+3" ) 
 CNSsolve>  10.7806 3.5477 7.75868 0.22314 5.22746 7.64468 0.847114 16.9673 0.386044 
 CNSsolve>SCATter ( chemical "Cu" or chemical "CU" ) 
 CNSsolve>  13.338 3.5828 7.1676 0.247 5.6158 11.3966 1.6735 64.8126 1.191 
 CNSsolve>SCATter ( chemical "Cu+1" or chemical "CU+1" ) 
 CNSsolve>  11.9475 3.3669 7.3573 0.2274 6.2455 8.6625 1.5578 25.8487 0.89 
 CNSsolve>SCATter ( chemical "Cu+2" or chemical "CU+2" ) 
 CNSsolve>  11.8168 3.37484 7.11181 0.244078 5.78135 7.9876 1.14523 19.897 1.14431 
 CNSsolve>SCATter ( chemical "Zn" or chemical "ZN" ) 
 CNSsolve>  14.0743 3.2655 7.0318 0.2333 5.1652 10.3163 2.41 58.7097 1.3041 
 CNSsolve>SCATter ( chemical "Zn+2" or chemical "ZN+2" ) 
 CNSsolve>  11.9719 2.9946 7.3862 0.2031 6.4668 7.0826 1.394 18.0995 0.7807 
 CNSsolve>SCATter ( chemical "Ga" or chemical "GA" ) 
 CNSsolve>  15.2354 3.0669 6.7006 0.2412 4.3591 10.7805 2.9623 61.4135 1.7189 
 CNSsolve>SCATter ( chemical "Ga+3" or chemical "GA+3" ) 
 CNSsolve>  12.692 2.81262 6.69883 0.22789 6.06692 6.36441 1.0066 14.4122 1.53545 
 CNSsolve>SCATter ( chemical "Ge" or chemical "GE" ) 
 CNSsolve>  16.0816 2.8509 6.3747 0.2516 3.7068 11.4468 3.683 54.7625 2.1313 
 CNSsolve>SCATter ( chemical "Ge+4" or chemical "GE+4" ) 
 CNSsolve>  12.9172 2.53718 6.70003 0.205855 6.06791 5.47913 0.859041 11.603 1.45572 
 CNSsolve>SCATter ( chemical "As" or chemical "AS" ) 
 CNSsolve>  16.6723 2.6345 6.0701 0.2647 3.4313 12.9479 4.2779 47.7972 2.531 
 CNSsolve>SCATter ( chemical "Se" or chemical "SE" ) 
 CNSsolve>  17.0006 2.4098 5.8196 0.2726 3.9731 15.2372 4.3543 43.8163 2.8409 
 CNSsolve>SCATter ( chemical "Br" or chemical "BR" ) 
 CNSsolve>  17.1789 2.1723 5.2358 16.5796 5.6377 0.2609 3.9851 41.4328 2.9557 
 CNSsolve>SCATter ( chemical "Br-1" or chemical "BR-1" ) 
 CNSsolve>  17.1718 2.2059 6.3338 19.3345 5.5754 0.2871 3.7272 58.1535 3.1776 
 CNSsolve>SCATter ( chemical "Kr" or chemical "KR" ) 
 CNSsolve>  17.3555 1.9384 6.7286 16.5623 5.5493 0.2261 3.5375 39.3972 2.825 
 CNSsolve>SCATter ( chemical "Rb" or chemical "RB" ) 
 CNSsolve>  17.1784 1.7888 9.6435 17.3151 5.1399 0.2748 1.5292 164.934 3.4873 
 CNSsolve>SCATter ( chemical "Rb+1" or chemical "RB+1" ) 
 CNSsolve>  17.5816 1.7139 7.6598 14.7957 5.8981 0.1603 2.7817 31.2087 2.0782 
 CNSsolve>SCATter ( chemical "Sr" or chemical "SR" ) 
 CNSsolve>  17.5663 1.5564 9.8184 14.0988 5.422 0.1664 2.6694 132.376 2.5064 
 CNSsolve>SCATter ( chemical "Sr+2" or chemical "SR+2" ) 
 CNSsolve>  18.0874 1.4907 8.1373 12.6963 2.5654 24.5651 -34.193 -0.0138 41.4025 
 CNSsolve>SCATter ( chemical "Y" ) 
 CNSsolve>  17.776 1.4029 10.2946 12.8006 5.72629 0.125599 3.26588 104.354 1.91213 
 CNSsolve>SCATter ( chemical "Y+3" ) 
 CNSsolve>  17.9268 1.35417 9.1531 11.2145 1.76795 22.6599 -33.108 -0.01319 40.2602 
 CNSsolve>SCATter ( chemical "Zr" or chemical "ZR" ) 
 CNSsolve>  17.8765 1.27618 10.948 11.916 5.41732 0.117622 3.65721 87.6627 2.06929 
 CNSsolve>SCATter ( chemical "Zr+4" or chemical "ZR+4" ) 
 CNSsolve>  18.1668 1.2148 10.0562 10.1483 1.01118 21.6054 -2.6479 -0.10276 9.41454 
 CNSsolve>SCATter ( chemical "Nb" or chemical "NB" ) 
 CNSsolve>  17.6142 1.18865 12.0144 11.766 4.04183 0.204785 3.53346 69.7957 3.75591 
 CNSsolve>SCATter ( chemical "Nb+3" or chemical "NB+3" ) 
 CNSsolve>  19.8812 0.019175 18.0653 1.13305 11.0177 10.1621 1.94715 28.3389 -12.912 
 CNSsolve>SCATter ( chemical "Nb+5" or chemical "NB+5" ) 
 CNSsolve>  17.9163 1.12446 13.3417 0.028781 10.799 9.28206 0.337905 25.7228 -6.3934 
 CNSsolve>SCATter ( chemical "Mo" or chemical "MO" ) 
 CNSsolve>  3.7025 0.2772 17.2356 1.0958 12.8876 11.004 3.7429 61.6584 4.3875 
 CNSsolve>SCATter ( chemical "Mo+3" or chemical "MO+3" ) 
 CNSsolve>  21.1664 0.014734 18.2017 1.03031 11.7423 9.53659 2.30951 26.6307 -14.421 
 CNSsolve>SCATter ( chemical "Mo+5" or chemical "MO+5" ) 
 CNSsolve>  21.0149 0.014345 18.0992 1.02238 11.4632 8.78809 0.740625 23.3452 -14.316 
 CNSsolve>SCATter ( chemical "Mo+6" or chemical "MO+6" ) 
 CNSsolve>  17.8871 1.03649 11.175 8.48061 6.57891 0.058881 0 0 0.344941 
 CNSsolve>SCATter ( chemical "Tc" or chemical "TC" ) 
 CNSsolve>  19.1301 0.864132 11.0948 8.14487 4.64901 21.5707 2.71263 86.8472 5.40428 
 CNSsolve>SCATter ( chemical "Ru" or chemical "RU" ) 
 CNSsolve>  19.2674 0.80852 12.9182 8.43467 4.86337 24.7997 1.56756 94.2928 5.37874 
 CNSsolve>SCATter ( chemical "Ru+3" or chemical "RU+3" ) 
 CNSsolve>  18.5638 0.847329 13.2885 8.37164 9.32602 0.017662 3.00964 22.887 -3.1892 
 CNSsolve>SCATter ( chemical "Ru+4" or chemical "RU+4" ) 
 CNSsolve>  18.5003 0.844582 13.1787 8.12534 4.71304 0.36495 2.18535 20.8504 1.42357 
 CNSsolve>SCATter ( chemical "Rh" or chemical "RH" ) 
 CNSsolve>  19.2957 0.751536 14.3501 8.21758 4.73425 25.8749 1.28918 98.6062 5.328 
 CNSsolve>SCATter ( chemical "Rh+3" or chemical "RH+3" ) 
 CNSsolve>  18.8785 0.764252 14.1259 7.84438 3.32515 21.2487 -6.1989 -0.01036 11.8678 
 CNSsolve>SCATter ( chemical "Rh+4" or chemical "RH+4" ) 
 CNSsolve>  18.8545 0.760825 13.9806 7.62436 2.53464 19.3317 -5.6526 -0.0102 11.2835 
 CNSsolve>SCATter ( chemical "Pd" or chemical "PD" ) 
 CNSsolve>  19.3319 0.698655 15.5017 7.98929 5.29537 25.2052 0.605844 76.8986 5.26593 
 CNSsolve>SCATter ( chemical "Pd+2" or chemical "PD+2" ) 
 CNSsolve>  19.1701 0.696219 15.2096 7.55573 4.32234 22.5057 0 0 5.2916 
 CNSsolve>SCATter ( chemical "Pd+4" or chemical "PD+4" ) 
 CNSsolve>  19.2493 0.683839 14.79 7.14833 2.89289 17.9144 -7.9492 0.005127 13.0174 
 CNSsolve>SCATter ( chemical "Ag" or chemical "AG" ) 
 CNSsolve>  19.2808 0.6446 16.6885 7.4726 4.8045 24.6605 1.0463 99.8156 5.179 
 CNSsolve>SCATter ( chemical "Ag+1" or chemical "AG+1" ) 
 CNSsolve>  19.1812 0.646179 15.9719 7.19123 5.27475 21.7326 0.357534 66.1147 5.21572 
 CNSsolve>SCATter ( chemical "Ag+2" or chemical "AG+2" ) 
 CNSsolve>  19.1643 0.645643 16.2456 7.18544 4.3709 21.4072 0 0 5.21404 
 CNSsolve>SCATter ( chemical "Cd" or chemical "CD" ) 
 CNSsolve>  19.2214 0.5946 17.6444 6.9089 4.461 24.7008 1.6029 87.4825 5.0694 
 CNSsolve>SCATter ( chemical "Cd+2" or chemical "CD+2" ) 
 CNSsolve>  19.1514 0.597922 17.2535 6.80639 4.47128 20.2521 0 0 5.11937 
 CNSsolve>SCATter ( chemical "In" or chemical "IN" ) 
 CNSsolve>  19.1624 0.5476 18.5596 6.3776 4.2948 25.8499 2.0396 92.8029 4.9391 
 CNSsolve>SCATter ( chemical "In+3" or chemical "IN+3" ) 
 CNSsolve>  19.1045 0.551522 18.1108 6.3247 3.78897 17.3595 0 0 4.99635 
 CNSsolve>SCATter ( chemical "Sn" or chemical "SN" ) 
 CNSsolve>  19.1889 5.8303 19.1005 0.5031 4.4585 26.8909 2.4663 83.9571 4.7821 
 CNSsolve>SCATter ( chemical "Sn+2" or chemical "SN+2" ) 
 CNSsolve>  19.1094 0.5036 19.0548 5.8378 4.5648 23.3752 0.487 62.2061 4.7861 
 CNSsolve>SCATter ( chemical "Sn+4" or chemical "SN+4" ) 
 CNSsolve>  18.9333 5.764 19.7131 0.4655 3.4182 14.0049 0.0193 -0.7583 3.9182 
 CNSsolve>SCATter ( chemical "Sb" or chemical "SB" ) 
 CNSsolve>  19.6418 5.3034 19.0455 0.4607 5.0371 27.9074 2.6827 75.2825 4.5909 
 CNSsolve>SCATter ( chemical "Sb+3" or chemical "SB+3" ) 
 CNSsolve>  18.9755 0.467196 18.933 5.22126 5.10789 19.5902 0.288753 55.5113 4.69626 
 CNSsolve>SCATter ( chemical "Sb+5" or chemical "SB+5" ) 
 CNSsolve>  19.8685 5.44853 19.0302 0.467973 2.41253 14.1259 0 0 4.69263 
 CNSsolve>SCATter ( chemical "Te" or chemical "TE" ) 
 CNSsolve>  19.9644 4.81742 19.0138 0.420885 6.14487 28.5284 2.5239 70.8403 4.352 
 CNSsolve>SCATter ( chemical "I" or chemical "I5U" ) 
 CNSsolve>  20.1472 4.347 18.9949 0.3814 7.5138 27.766 2.2735 66.8776 4.0712 
 CNSsolve>SCATter ( chemical "I-1" ) 
 CNSsolve>  20.2332 4.3579 18.997 0.3815 7.8069 29.5259 2.8868 84.9304 4.0714 
 CNSsolve>SCATter ( chemical "Xe" or chemical "XE" ) 
 CNSsolve>  20.2933 3.9282 19.0298 0.344 8.9767 26.4659 1.99 64.2658 3.7118 
 CNSsolve>SCATter ( chemical "Cs" or chemical "CS" ) 
 CNSsolve>  20.3892 3.569 19.1062 0.3107 10.662 24.3879 1.4953 213.904 3.3352 
 CNSsolve>SCATter ( chemical "Cs+1" or chemical "CS+1" ) 
 CNSsolve>  20.3524 3.552 19.1278 0.3086 10.2821 23.7128 0.9615 59.4565 3.2791 
 CNSsolve>SCATter ( chemical "Ba" or chemical "BA" ) 
 CNSsolve>  20.3361 3.216 19.297 0.2756 10.888 20.2073 2.6959 167.202 2.7731 
 CNSsolve>SCATter ( chemical "Ba+2" or chemical "BA+2" ) 
 CNSsolve>  20.1807 3.21367 19.1136 0.28331 10.9054 20.0558 0.77634 51.746 3.02902 
 CNSsolve>SCATter ( chemical "La" or chemical "LA" ) 
 CNSsolve>  20.578 2.94817 19.599 0.244475 11.3727 18.7726 3.28719 133.124 2.14678 
 CNSsolve>SCATter ( chemical "La+3" or chemical "LA+3" ) 
 CNSsolve>  20.2489 2.9207 19.3763 0.250698 11.6323 17.8211 0.336048 54.9453 2.4086 
 CNSsolve>SCATter ( chemical "Ce" or chemical "CE" ) 
 CNSsolve>  21.1671 2.81219 19.7695 0.226836 11.8513 17.6083 3.33049 127.113 1.86264 
 CNSsolve>SCATter ( chemical "Ce+3" or chemical "CE+3" ) 
 CNSsolve>  20.8036 2.77691 19.559 0.23154 11.9369 16.5408 0.612376 43.1692 2.09013 
 CNSsolve>SCATter ( chemical "Ce+4" or chemical "CE+4" ) 
 CNSsolve>  20.3235 2.65941 19.8186 0.21885 12.1233 15.7992 0.144583 62.2355 1.5918 
 CNSsolve>SCATter ( chemical "Pr" or chemical "PR" ) 
 CNSsolve>  22.044 2.77393 19.6697 0.222087 12.3856 16.7669 2.82428 143.644 2.0583 
 CNSsolve>SCATter ( chemical "Pr+3" or chemical "PR+3" ) 
 CNSsolve>  21.3727 2.6452 19.7491 0.214299 12.1329 15.323 0.97518 36.4065 1.77132 
 CNSsolve>SCATter ( chemical "Pr+4" or chemical "PR+4" ) 
 CNSsolve>  20.9413 2.54467 20.0539 0.202481 12.4668 14.8137 0.296689 45.4643 1.24285 
 CNSsolve>SCATter ( chemical "Nd" or chemical "ND" ) 
 CNSsolve>  22.6845 2.66248 19.6847 0.210628 12.774 15.885 2.85137 137.903 1.98486 
 CNSsolve>SCATter ( chemical "Nd+3" or chemical "ND+3" ) 
 CNSsolve>  21.961 2.52722 19.9339 0.199237 12.12 14.1783 1.51031 30.8717 1.47588 
 CNSsolve>SCATter ( chemical "Pm" or chemical "PM" ) 
 CNSsolve>  23.3405 2.5627 19.6095 0.202088 13.1235 15.1009 2.87516 132.721 2.02876 
 CNSsolve>SCATter ( chemical "Pm+3" or chemical "PM+3" ) 
 CNSsolve>  22.5527 2.4174 20.1108 0.185769 12.0671 13.1275 2.07492 27.4491 1.19499 
 CNSsolve>SCATter ( chemical "Smm" or chemical "SMM" ) 
 CNSsolve>  24.0042 2.47274 19.4258 0.196451 13.4396 14.3996 2.89604 128.007 2.20963 
 CNSsolve>SCATter ( chemical "Sm+3" or chemical "SM+3" ) 
 CNSsolve>  23.1504 2.31641 20.2599 0.174081 11.9202 12.1571 2.71488 24.8242 0.954586 
 CNSsolve>SCATter ( chemical "Eu" or chemical "EU" ) 
 CNSsolve>  24.6274 2.3879 19.0886 0.1942 13.7603 13.7546 2.9227 123.174 2.5745 
 CNSsolve>SCATter ( chemical "Eu+2" or chemical "EU+2" ) 
 CNSsolve>  24.0063 2.27783 19.9504 0.17353 11.8034 11.6096 3.87243 26.5156 1.36389 
 CNSsolve>SCATter ( chemical "Eu+3" or chemical "EU+3" ) 
 CNSsolve>  23.7497 2.22258 20.3745 0.16394 11.8509 11.311 3.26503 22.9966 0.759344 
 CNSsolve>SCATter ( chemical "Gd" or chemical "GD" ) 
 CNSsolve>  25.0709 2.25341 19.0798 0.181951 13.8518 12.9331 3.54545 101.398 2.4196 
 CNSsolve>SCATter ( chemical "Gd+3" or chemical "GD+3" ) 
 CNSsolve>  24.3466 2.13553 20.4208 0.155525 11.8708 10.5782 3.7149 21.7029 0.645089 
 CNSsolve>SCATter ( chemical "Tb" or chemical "TB" ) 
 CNSsolve>  25.8976 2.24256 18.2185 0.196143 14.3167 12.6648 2.95354 115.362 3.58324 
 CNSsolve>SCATter ( chemical "Tb+3" or chemical "TB+3" ) 
 CNSsolve>  24.9559 2.05601 20.3271 0.149525 12.2471 10.0499 3.773 21.2773 0.691967 
 CNSsolve>SCATter ( chemical "Dy" or chemical "DY" ) 
 CNSsolve>  26.507 2.1802 17.6383 0.202172 14.5596 12.1899 2.96577 111.874 4.29728 
 CNSsolve>SCATter ( chemical "Dy+3" or chemical "DY+3" ) 
 CNSsolve>  25.5395 1.9804 20.2861 0.143384 11.9812 9.34972 4.50073 19.581 0.68969 
 CNSsolve>SCATter ( chemical "Ho" or chemical "HO" ) 
 CNSsolve>  26.9049 2.07051 17.294 0.19794 14.5583 11.4407 3.63837 92.6566 4.56796 
 CNSsolve>SCATter ( chemical "Ho+3" or chemical "HO+3" ) 
 CNSsolve>  26.1296 1.91072 20.0994 0.139358 11.9788 8.80018 4.93676 18.5908 0.852795 
 CNSsolve>SCATter ( chemical "Er" or chemical "ER" ) 
 CNSsolve>  27.6563 2.07356 16.4285 0.223545 14.9779 11.3604 2.98233 105.703 5.92046 
 CNSsolve>SCATter ( chemical "Er+3" or chemical "ER+3" ) 
 CNSsolve>  26.722 1.84659 19.7748 0.13729 12.1506 8.36225 5.17379 17.8974 1.17613 
 CNSsolve>SCATter ( chemical "Tm" or chemical "TM" ) 
 CNSsolve>  28.1819 2.02859 15.8851 0.238849 15.1542 10.9975 2.98706 102.961 6.75621 
 CNSsolve>SCATter ( chemical "Tm+3" or chemical "TM+3" ) 
 CNSsolve>  27.3083 1.78711 19.332 0.136974 12.3339 7.96778 5.38348 17.2922 1.63929 
 CNSsolve>SCATter ( chemical "Yb" or chemical "YB" ) 
 CNSsolve>  28.6641 1.9889 15.4345 0.257119 15.3087 10.6647 2.98963 100.417 7.56672 
 CNSsolve>SCATter ( chemical "Yb+2" or chemical "YB+2" ) 
 CNSsolve>  28.1209 1.78503 17.6817 0.15997 13.3335 8.18304 5.14657 20.39 3.70983 
 CNSsolve>SCATter ( chemical "Yb+3" or chemical "YB+3" ) 
 CNSsolve>  27.8917 1.73272 18.7614 0.13879 12.6072 7.64412 5.47647 16.8153 2.26001 
 CNSsolve>SCATter ( chemical "Lu" or chemical "LU" ) 
 CNSsolve>  28.9476 1.90182 15.2208 9.98519 15.1 0.261033 3.71601 84.3298 7.97628 
 CNSsolve>SCATter ( chemical "Lu+3" or chemical "LU+3" ) 
 CNSsolve>  28.4628 1.68216 18.121 0.142292 12.8429 7.33727 5.59415 16.3535 2.97573 
 CNSsolve>SCATter ( chemical "Hf" or chemical "HF" ) 
 CNSsolve>  29.144 1.83262 15.1726 9.5999 14.7586 0.275116 4.30013 72.029 8.58154 
 CNSsolve>SCATter ( chemical "Hf+4" or chemical "HF+4" ) 
 CNSsolve>  28.8131 1.59136 18.4601 0.128903 12.7285 6.76232 5.59927 14.0366 2.39699 
 CNSsolve>SCATter ( chemical "Ta" or chemical "TA" ) 
 CNSsolve>  29.2024 1.77333 15.2293 9.37046 14.5135 0.295977 4.76492 63.3644 9.24354 
 CNSsolve>SCATter ( chemical "Ta+5" or chemical "TA+5" ) 
 CNSsolve>  29.1587 1.50711 18.8407 0.116741 12.8268 6.31524 5.38695 12.4244 1.78555 
 CNSsolve>SCATter ( chemical "W" ) 
 CNSsolve>  29.0818 1.72029 15.43 9.2259 14.4327 0.321703 5.11982 57.056 9.8875 
 CNSsolve>SCATter ( chemical "W+6" ) 
 CNSsolve>  29.4936 1.42755 19.3763 0.104621 13.0544 5.93667 5.06412 11.1972 1.01074 
 CNSsolve>SCATter ( chemical "Re" or chemical "RE" ) 
 CNSsolve>  28.7621 1.67191 15.7189 9.09227 14.5564 0.3505 5.44174 52.0861 10.472 
 CNSsolve>SCATter ( chemical "Os" or chemical "OS" ) 
 CNSsolve>  28.1894 1.62903 16.155 8.97948 14.9305 0.382661 5.67589 48.1647 11.0005 
 CNSsolve>SCATter ( chemical "Os+4" or chemical "OS+4" ) 
 CNSsolve>  30.419 1.37113 15.2637 6.84706 14.7458 0.165191 5.06795 18.003 6.49804 
 CNSsolve>SCATter ( chemical "Ir" or chemical "IR" ) 
 CNSsolve>  27.3049 1.59279 16.7296 8.86553 15.6115 0.417916 5.83377 45.0011 11.4722 
 CNSsolve>SCATter ( chemical "Ir+3" or chemical "IR+3" ) 
 CNSsolve>  30.4156 1.34323 15.862 7.10909 13.6145 0.204633 5.82008 20.3254 8.27903 
 CNSsolve>SCATter ( chemical "Ir+4" or chemical "IR+4" ) 
 CNSsolve>  30.7058 1.30923 15.5512 6.71983 14.2326 0.167252 5.53672 17.4911 6.96824 
 CNSsolve>SCATter ( chemical "Pt" or chemical "PT" ) 
 CNSsolve>  27.0059 1.51293 17.7639 8.81174 15.7131 0.424593 5.7837 38.6103 11.6883 
 CNSsolve>SCATter ( chemical "Pt+2" or chemical "PT+2" ) 
 CNSsolve>  29.8429 1.32927 16.7224 7.38979 13.2153 0.263297 6.35234 22.9426 9.85329 
 CNSsolve>SCATter ( chemical "Pt+4" or chemical "PT+4" ) 
 CNSsolve>  30.9612 1.24813 15.9829 6.60834 13.7348 0.16864 5.92034 16.9392 7.39534 
 CNSsolve>SCATter ( chemical "Au" or chemical "AU" ) 
 CNSsolve>  16.8819 0.4611 18.5913 8.6216 25.5582 1.4826 5.86 36.3956 12.0658 
 CNSsolve>SCATter ( chemical "Au+1" or chemical "AU+1" ) 
 CNSsolve>  28.0109 1.35321 17.8204 7.7395 14.3359 0.356752 6.58077 26.4043 11.2299 
 CNSsolve>SCATter ( chemical "Au+3" or chemical "AU+3" ) 
 CNSsolve>  30.6886 1.2199 16.9029 6.82872 12.7801 0.212867 6.52354 18.659 9.0968 
 CNSsolve>SCATter ( chemical "Hg" or chemical "HG" ) 
 CNSsolve>  20.6809 0.545 19.0417 8.4484 21.6575 1.5729 5.9676 38.3246 12.6089 
 CNSsolve>SCATter ( chemical "Hg+1" or chemical "HG+1" ) 
 CNSsolve>  25.0853 1.39507 18.4973 7.65105 16.8883 0.443378 6.48216 28.2262 12.0205 
 CNSsolve>SCATter ( chemical "Hg+2" or chemical "HG+2" ) 
 CNSsolve>  29.5641 1.21152 18.06 7.05639 12.8374 0.284738 6.89912 20.7482 10.6268 
 CNSsolve>SCATter ( chemical "Tl" or chemical "TL" ) 
 CNSsolve>  27.5446 0.65515 19.1584 8.70751 15.538 1.96347 5.52593 45.8149 13.1746 
 CNSsolve>SCATter ( chemical "Tl+1" or chemical "TL+1" ) 
 CNSsolve>  21.3985 1.4711 20.4723 0.517394 18.7478 7.43463 6.82847 28.8482 12.5258 
 CNSsolve>SCATter ( chemical "Tl+3" or chemical "TL+3" ) 
 CNSsolve>  30.8695 1.1008 18.3841 6.53852 11.9328 0.219074 7.00574 17.2114 9.8027 
 CNSsolve>SCATter ( chemical "Pb" or chemical "PB" ) 
 CNSsolve>  31.0617 0.6902 13.0637 2.3576 18.442 8.618 5.9696 47.2579 13.4118 
 CNSsolve>SCATter ( chemical "Pb+2" or chemical "PB+2" ) 
 CNSsolve>  21.7886 1.3366 19.5682 0.488383 19.1406 6.7727 7.01107 23.8132 12.4734 
 CNSsolve>SCATter ( chemical "Pb+4" or chemical "PB+4" ) 
 CNSsolve>  32.1244 1.00566 18.8003 6.10926 12.0175 0.147041 6.96886 14.714 8.08428 
 CNSsolve>SCATter ( chemical "Bi" or chemical "BI" ) 
 CNSsolve>  33.3689 0.704 12.951 2.9238 16.5877 8.7937 6.4692 48.0093 13.5782 
 CNSsolve>SCATter ( chemical "Bi+3" or chemical "BI+3" ) 
 CNSsolve>  21.8053 1.2356 19.5026 6.24149 19.1053 0.469999 7.10295 20.3185 12.4711 
 CNSsolve>SCATter ( chemical "Bi+5" or chemical "BI+5" ) 
 CNSsolve>  33.5364 0.91654 25.0946 0.39042 19.2497 5.71414 6.91555 12.8285 -6.7994 
 CNSsolve>SCATter ( chemical "Po" or chemical "PO" ) 
 CNSsolve>  34.6726 0.700999 15.4733 3.55078 13.1138 9.55642 7.02588 47.0045 13.677 
 CNSsolve>SCATter ( chemical "At" or chemical "AT" ) 
 CNSsolve>  35.3163 0.68587 19.0211 3.97458 9.49887 11.3824 7.42518 45.4715 13.7108 
 CNSsolve>SCATter ( chemical "Rn" or chemical "RN" ) 
 CNSsolve>  35.5631 0.6631 21.2816 4.0691 8.0037 14.0422 7.4433 44.2473 13.6905 
 CNSsolve>SCATter ( chemical "Fr" or chemical "FR" ) 
 CNSsolve>  35.9299 0.646453 23.0547 4.17619 12.1439 23.1052 2.11253 150.645 13.7247 
 CNSsolve>SCATter ( chemical "Ra" or chemical "RA" ) 
 CNSsolve>  35.763 0.616341 22.9064 3.87135 12.4739 19.9887 3.21097 142.325 13.6211 
 CNSsolve>SCATter ( chemical "Ra+2" or chemical "RA+2" ) 
 CNSsolve>  35.215 0.604909 21.67 3.5767 7.91342 12.601 7.65078 29.8436 13.5431 
 CNSsolve>SCATter ( chemical "Ac" or chemical "AC" ) 
 CNSsolve>  35.6597 0.589092 23.1032 3.65155 12.5977 18.599 4.08655 117.02 13.5266 
 CNSsolve>SCATter ( chemical "Ac+3" or chemical "AC+3" ) 
 CNSsolve>  35.1736 0.579689 22.1112 3.41437 8.19216 12.9187 7.05545 25.9443 13.4637 
 CNSsolve>SCATter ( chemical "Th" or chemical "TH" ) 
 CNSsolve>  35.5645 0.563359 23.4219 3.46204 12.7473 17.8309 4.80703 99.1722 13.4314 
 CNSsolve>SCATter ( chemical "Th+4" or chemical "TH+4" ) 
 CNSsolve>  35.1007 0.555054 22.4418 3.24498 9.78554 13.4661 5.29444 23.9533 13.376 
 CNSsolve>SCATter ( chemical "Pa" or chemical "PA" ) 
 CNSsolve>  35.8847 0.547751 23.2948 3.41519 14.1891 16.9235 4.17287 105.251 13.4287 
 CNSsolve>SCATter ( chemical "U" ) 
 CNSsolve>  36.0228 0.5293 23.4128 3.3253 14.9491 16.0927 4.188 100.613 13.3966 
 CNSsolve>SCATter ( chemical "U+3" ) 
 CNSsolve>  35.5747 0.52048 22.5259 3.12293 12.2165 12.7148 5.37073 26.3394 13.3092 
 CNSsolve>SCATter ( chemical "U+4" ) 
 CNSsolve>  35.3715 0.516598 22.5326 3.05053 12.0291 12.5723 4.7984 23.4582 13.2671 
 CNSsolve>SCATter ( chemical "U+6" ) 
 CNSsolve>  34.8509 0.507079 22.7584 2.8903 14.0099 13.1767 1.21457 25.2017 13.1665 
 CNSsolve>SCATter ( chemical "Npp" or chemical "NPP" ) 
 CNSsolve>  36.1874 0.511929 23.5964 3.25396 15.6402 15.3622 4.1855 97.4908 13.3573 
 CNSsolve>SCATter ( chemical "Np+3" or chemical "NP+3" ) 
 CNSsolve>  35.7074 0.502322 22.613 3.03807 12.9898 12.1449 5.43227 25.4928 13.2544 
 CNSsolve>SCATter ( chemical "Np+4" or chemical "NP+4" ) 
 CNSsolve>  35.5103 0.498626 22.5787 2.96627 12.7766 11.9484 4.92159 22.7502 13.2116 
 CNSsolve>SCATter ( chemical "Np+6" or chemical "NP+6" ) 
 CNSsolve>  35.0136 0.48981 22.7286 2.81099 14.3884 12.33 1.75669 22.6581 13.113 
 CNSsolve>SCATter ( chemical "Pu" or chemical "PU" ) 
 CNSsolve>  36.5254 0.499384 23.8083 3.26371 16.7707 14.9455 3.47947 105.98 13.3812 
 CNSsolve>SCATter ( chemical "Pu+3" or chemical "PU+3" ) 
 CNSsolve>  35.84 0.484938 22.7169 2.96118 13.5807 11.5331 5.66016 24.3992 13.1991 
 CNSsolve>SCATter ( chemical "Pu+4" or chemical "PU+4" ) 
 CNSsolve>  35.6493 0.481422 22.646 2.8902 13.3595 11.316 5.18831 21.8301 13.1555 
 CNSsolve>SCATter ( chemical "Pu+6" or chemical "PU+6" ) 
 CNSsolve>  35.1736 0.473204 22.7181 2.73848 14.7635 11.553 2.28678 20.9303 13.0582 
 CNSsolve>SCATter ( chemical "Am" or chemical "AM" ) 
 CNSsolve>  36.6706 0.483629 24.0992 3.20647 17.3415 14.3136 3.49331 102.273 13.3592 
 CNSsolve>SCATter ( chemical "Cm" or chemical "CM" ) 
 CNSsolve>  36.6488 0.465154 24.4096 3.08997 17.399 13.4346 4.21665 88.4834 13.2887 
 CNSsolve>SCATter ( chemical "Bk" or chemical "BK" ) 
 CNSsolve>  36.7881 0.451018 24.7736 3.04619 17.8919 12.8946 4.23284 86.003 13.2754 
 CNSsolve>SCATter ( chemical "Cff" or chemical "CFF" ) 
 CNSsolve>  36.9185 0.437533 25.1995 3.00775 18.3317 12.4044 4.24391 83.7881 13.2674 
 CNSsolve> 
 CNSsolve>set message=$message_old_sclib echo=$echo_old_sclib end 
 CNSsolve> 
 CNSsolve>        ! reciprocal space complex arrays 
 CNSsolve>        declare name=fobs  domain=reciprocal type=complex end 
 CNSsolve>        declare name=fcalc domain=reciprocal type=complex end 
 CNSsolve>        declare name=fpart domain=reciprocal type=complex end 
 CNSsolve> 
 CNSsolve>        ! real space arrays 
 CNSsolve>        declare name=map domain=real end 
 CNSsolve> 
 CNSsolve>        ! only calculate structure factors for protein and DNA 
 CNSsolve>        associate fcalc (not (name H* or resn HOH or resn TIP3 or resn DAN or resn XAN or resn DUM)) 
 CNSsolve> 
 CNSsolve>        ! read in map 
 CNSsolve>        read map 
 CNSsolve>            to=map 
 CNSsolve>            input=RUN:data/cryo-em/cryo-em.xplor 
 CNSsolve>            formatted=True 
 CNSsolve>        end 
 CNSsolve> 
 CNSsolve>        ! set initial values 
 CNSsolve>        do (fobs = ft(map)) (all) 
 CNSsolve>        do (fcalc = 0) (all) 
 CNSsolve>        do (fpart = 0) (all) 
 CNSsolve> 
 CNSsolve>        ! set which Fourier coefficients are used for XREF term and which 
 CNSsolve>        ! are used for cross-validation 
 CNSsolve>        tselection=(all) 
 CNSsolve>        cvselection=(not all) 
 CNSsolve> 
 CNSsolve>        ! set target function and target derivative function for XREF energy 
 CNSsolve>        target =( vector(combine(amplitude(fobs),phase(fobs)), (fcalc), 1)) 
 CNSsolve>        dtarget=(dvector(combine(amplitude(fobs),phase(fobs)), (fcalc), 1)) 
 CNSsolve> 
 CNSsolve>        ! set weight of target function 
 CNSsolve>        wa=&Data.em.kscale 
 CNSsolve> 
 CNSsolve>        ! set tolerance level for recomputing structure factors. This 
 CNSsolve>        ! should maybe be higher during the refinement stage. 
 CNSsolve>        tolerance=0.0 
 CNSsolve>    end 
 CNSsolve>    if ($data.em.itw = true) then 
 CNSsolve>        flags include xref end 
 CNSsolve>    end if 
 CNSsolve>end if 
 CNSsolve> 
 CNSsolve>if ($refine.solvshell eq true) then 
 NEXTCD: condition evaluated as true
 CNSsolve>  inline @RUN:protocols/water_rest.cns 
 ASSFIL: file water_rest.cns opened.
 CNSsolve>! water_rest.cns 
 CNSsolve>!    Define restraints between interfacial water molecules and highly solvated 
 CNSsolve>!    amino-acids 
 CNSsolve>! 
 CNSsolve>! *********************************************************************** 
 CNSsolve>! * Copyright 2003-2018 Alexandre Bonvin, Utrecht University.           * 
 CNSsolve>! * All rights reserved.                                                * 
 CNSsolve>! * This code is part of the HADDOCK software and governed by its       * 
 CNSsolve>! * license. Please see the LICENSE file that should have been included * 
 CNSsolve>! * as part of this package.                                            * 
 CNSsolve>! *********************************************************************** 
 CNSsolve>! 
 CNSsolve>! This script define distance restraints between water molecule and amino-acids 
 CNSsolve>! often found to be involved in water-mediated contacts 
 CNSsolve>! See van Dijk and Bonvin, Bioinformatics 2006 
 CNSsolve>! 
 CNSsolve> 
 CNSsolve>evaluate ($nchain=0) 
 EVALUATE: symbol $NCHAIN set to    0.00000     (real)
 CNSsolve>while ($nchain < $data.ncomponents) loop nloop1 
 NEXTCD: condition evaluated as true
 CNSsolve>  evaluate ($nchain = $nchain + 1) 
 EVALUATE: symbol $NCHAIN set to    1.00000     (real)
 CNSsolve>  evaluate ($watersegname_$nchain="WA" + encode($nchain)) 
 EVALUATE: symbol $WATERSEGNAME_1 set to "WA1" (string)
 CNSsolve>end loop nloop1 
 CNSsolve>while ($nchain < $data.ncomponents) loop nloop1 
 NEXTCD: condition evaluated as true
 CNSsolve>  evaluate ($nchain = $nchain + 1) 
 EVALUATE: symbol $NCHAIN set to    2.00000     (real)
 CNSsolve>  evaluate ($watersegname_$nchain="WA" + encode($nchain)) 
 EVALUATE: symbol $WATERSEGNAME_2 set to "WA2" (string)
 CNSsolve>end loop nloop1 
 CNSsolve>while ($nchain < $data.ncomponents) loop nloop1 
 NEXTCD: condition evaluated as false
 CNSsolve>  evaluate ($nchain = $nchain + 1) 
 CNSsolve>  evaluate ($watersegname_$nchain="WA" + encode($nchain)) 
 CNSsolve>end loop nloop1 
 CNSsolve> 
 CNSsolve> 
 CNSsolve>if ($data.waterdock eq true) then 
 NEXTCD: condition evaluated as false
 CNSsolve> 
 CNSsolve>  if ($data.solvate_method eq "restraints") then 
 CNSsolve>    evaluate ($nchain=0) 
 CNSsolve>    while ($nchain < $data.ncomponents) loop nloop2 
 CNSsolve>      evaluate ($nchain = $nchain + 1) 
 CNSsolve>      noe class amwa end 
 CNSsolve>      for $atom_id in id ((resn WAT or resn HOH) and name OH2 and segid $watersegname_$nchain and not store5) loop waterrestraint 
 CNSsolve>        noe 
 CNSsolve>          assi (segid $toppar.prot_segid_$nchain and 
 CNSsolve>	        (resn arg or resn asn or resn asp or resn gln or resn glu or resn his* 
 CNSsolve>		 or resn lys or resn pro or resn ser or resn thr or resn tyr) 
 CNSsolve>	        and ((id $atom_id) around $data.water_restraint_cutoff)) 
 CNSsolve>               (id $atom_id) $data.water_restraint_cutoff $data.water_restraint_cutoff 0.0 
 CNSsolve>        end 
 CNSsolve>      end loop waterrestraint 
 CNSsolve>    end loop nloop2 
 CNSsolve>    evaluate($amwa_scale = $data.water_restraint_scale) 
 CNSsolve>    noe scale amwa $amwa_scale end 
 CNSsolve>  end if 
 CNSsolve> 
 CNSsolve>end if 
 CNSsolve>end if 
 CNSsolve> 
 CNSsolve>if ($Data.ranair eq true) then 
 NEXTCD: condition evaluated as false
 CNSsolve>  if ($Data.ncomponents > 2) then 
 CNSsolve>    display ========= Unsupported option =========== 
 CNSsolve>    display Random definition of AIRs with more than 
 CNSsolve>    display two molecules currently unsupported 
 CNSsolve>    display ======================================== 
 CNSsolve>    stop 
 CNSsolve>  end if 
 CNSsolve>  evaluate ($Data.noecv = false) 
 CNSsolve>  noe 
 CNSsolve>    reset 
 CNSsolve>    nrestraints = 100000     ! allocate space for NOEs 
 CNSsolve>    ceiling 1000 
 CNSsolve>  end 
 CNSsolve>!  @RUN:protocols/contactairs.cns 
 CNSsolve> 
 CNSsolve>  !Read back in hbond data 
 CNSsolve>  if (&data.hbond_lastit ge &iteration) then 
 CNSsolve>      if (&data.hbond_firstit le &iteration) then 
 CNSsolve>        if (&data.hbonds_on eq true) then 
 CNSsolve>          noe class hbon @@RUN:data/hbonds/hbonds.tbl end 
 CNSsolve>        end if 
 CNSsolve>      end if 
 CNSsolve>  end if 
 CNSsolve> 
 CNSsolve>  noe 
 CNSsolve>    averaging  * sum 
 CNSsolve>    potential  * soft 
 CNSsolve>    scale      * 1.0 
 CNSsolve>    sqconstant * 1.0 
 CNSsolve>    sqexponent * 2 
 CNSsolve>    soexponent * 1 
 CNSsolve>    rswitch    * 1.0 
 CNSsolve>    sqoffset   * 0.0 
 CNSsolve>    asymptote  * 2.0 
 CNSsolve>    msoexponent * 1 
 CNSsolve>    masymptote  * -0.1 
 CNSsolve>    mrswitch    * 1.0 
 CNSsolve>  end 
 CNSsolve>  inline @RUN:protocols/water_rest.cns 
 ASSFIL: file water_rest.cns opened.
 CNSsolve>! water_rest.cns 
 CNSsolve>!    Define restraints between interfacial water molecules and highly solvated 
 CNSsolve>!    amino-acids 
 CNSsolve>! 
 CNSsolve>! *********************************************************************** 
 CNSsolve>! * Copyright 2003-2018 Alexandre Bonvin, Utrecht University.           * 
 CNSsolve>! * All rights reserved.                                                * 
 CNSsolve>! * This code is part of the HADDOCK software and governed by its       * 
 CNSsolve>! * license. Please see the LICENSE file that should have been included * 
 CNSsolve>! * as part of this package.                                            * 
 CNSsolve>! *********************************************************************** 
 CNSsolve>! 
 CNSsolve>! This script define distance restraints between water molecule and amino-acids 
 CNSsolve>! often found to be involved in water-mediated contacts 
 CNSsolve>! See van Dijk and Bonvin, Bioinformatics 2006 
 CNSsolve>! 
 CNSsolve> 
 CNSsolve>evaluate ($nchain=0) 
 CNSsolve>while ($nchain < $data.ncomponents) loop nloop1 
 CNSsolve>  evaluate ($nchain = $nchain + 1) 
 CNSsolve>  evaluate ($watersegname_$nchain="WA" + encode($nchain)) 
 CNSsolve>end loop nloop1 
 CNSsolve> 
 CNSsolve> 
 CNSsolve>if ($data.waterdock eq true) then 
 CNSsolve> 
 CNSsolve>  if ($data.solvate_method eq "restraints") then 
 CNSsolve>    evaluate ($nchain=0) 
 CNSsolve>    while ($nchain < $data.ncomponents) loop nloop2 
 CNSsolve>      evaluate ($nchain = $nchain + 1) 
 CNSsolve>      noe class amwa end 
 CNSsolve>      for $atom_id in id ((resn WAT or resn HOH) and name OH2 and segid $watersegname_$nchain and not store5) loop waterrestraint 
 CNSsolve>        noe 
 CNSsolve>          assi (segid $toppar.prot_segid_$nchain and 
 CNSsolve>	        (resn arg or resn asn or resn asp or resn gln or resn glu or resn his* 
 CNSsolve>		 or resn lys or resn pro or resn ser or resn thr or resn tyr) 
 CNSsolve>	        and ((id $atom_id) around $data.water_restraint_cutoff)) 
 CNSsolve>               (id $atom_id) $data.water_restraint_cutoff $data.water_restraint_cutoff 0.0 
 CNSsolve>        end 
 CNSsolve>      end loop waterrestraint 
 CNSsolve>    end loop nloop2 
 CNSsolve>    evaluate($amwa_scale = $data.water_restraint_scale) 
 CNSsolve>    noe scale amwa $amwa_scale end 
 CNSsolve>  end if 
 CNSsolve> 
 CNSsolve>end if 
 CNSsolve>end if 
 CNSsolve> 
 CNSsolve>{* random removal of restaints ================================== *} 
 CNSsolve>!Make sure that at least as many distance restraints are successfully 
 CNSsolve>!read as the number of partitions for cross-validation 
 CNSsolve>evaluate ($numnoe = 999) 
 EVALUATE: symbol $NUMNOE set to    999.000     (real)
 CNSsolve>noe ? end 
 NOE: total number of restraints:    16 partitioned into      2 classes
 NOE: ceiling=    1000.000 current allocation=12000000
 CNSsolve>if ($NUMNOE = 0) then 
 NEXTCD: condition evaluated as false
 CNSsolve>  evaluate ($Data.ncvpart = 1) 
 CNSsolve>  evaluate ($Data.noecv = FALSE) 
 CNSsolve>end if 
 CNSsolve> 
 CNSsolve>if ($NUMNOE lt $Data.ncvpart) then 
 NEXTCD: condition evaluated as false
 CNSsolve>  noe part=1 end 
 CNSsolve>  evaluate ($Data.ncvpart = 1) 
 CNSsolve>  evaluate ($Data.noecv = FALSE) 
 CNSsolve>end if 
 CNSsolve> 
 CNSsolve>if ($Data.noecv eq true) then 
 NEXTCD: condition evaluated as true
 CNSsolve>  set message=on echo=on end 
 CNSsolve>  noe cv $npart ? end 
 NOE: total number of restraints:    16 partitioned into      2 classes
 NOE: ceiling=    1000.000 current allocation=12000000
 NOE: data are partitioned into working set and test set.
 NOE: test set number=     1
 CNSsolve>else 
 CNSsolve>  evaluate ($npart = 0) 
 CNSsolve>end if 
 CNSsolve> 
 CNSsolve>if ( $log_level = verbose ) then 
 NEXTCD: condition evaluated as false
 CNSsolve>   set message=normal echo=on end 
 CNSsolve>else 
 CNSsolve>   set message=off echo=off end 
 MISCOM: file exists
 NBONDS: generating intra-molecular exclusion list with mode= 5
 MAKINB: mode   5 found  10617 exclusions and   3933 interactions(1-4)
 NBONDS: found   891954 intra-atom interactions
 --------------- cycle=     1 --------------------------------------------------
 | Etotal =0.88E+07   grad(E)=437062.905 E(BOND)=1179.355   E(ANGL)=6341.984   |
 | E(DIHE)=120.727    E(IMPR)=1329.895   E(VDW )=0.88E+07   E(ELEC)=-18819.620 |
 | E(CDIH)=0.000      E(NOE )=0.000                                            |
 -------------------------------------------------------------------------------
 %PARRDR-info: duplication of bond C    OC  
 %PARRDR-info: duplication of bond CH1E OAS 
 %PARRDR-info: duplication of bond HN   N3T 
 %PARRDR-info: duplication of angle CH2E C    NH1 
 %PARRDR-info: duplication of angle CR1E CR1E CY2 
 %PARRDR-info: duplication of angle OC   C    OC  
 %PARRDR-info: duplication of nonbonded entry OH  
 %PARRDR-info: duplication of nonbonded entry P   
 %PARRDR-info: duplication of nonbonded entry HO  
 %PARRDR-info: duplication of nonbonded entry HN  
 %PARRDR-info: duplication of nonbonded entry H   
 %PARRDR-info: duplication of nonbonded entry HA  
 %PARRDR-info: duplication of nonbonded entry HC  
 %PARRDR-info: duplication of nonbonded entry OP1 
 %PARRDR-info: duplication of nonbonded entry HO  
 %PARRDR-info: duplication of nonbonded entry HO  
 %PARRDR-info: duplication of nonbonded entry HA  
 %PARRDR-info: duplication of nonbonded entry HA  
 %PARRDR-info: duplication of nonbonded entry OC  
 %PARRDR-info: duplication of nonbonded entry C   
 POWELL: number of degrees of freedom= 21525
 --------------- cycle=     1 ------ stepsize=    0.0000 -----------------------
 | Etotal =0.88E+07   grad(E)=437062.905 E(BOND)=1179.699   E(ANGL)=6342.341   |
 | E(DIHE)=120.727    E(IMPR)=1329.895   E(VDW )=0.88E+07   E(ELEC)=-18819.620 |
 | E(CDIH)=0.000      E(NOE )=0.000                                            |
 -------------------------------------------------------------------------------
 --------------- cycle=     2 ------ stepsize=    0.0000 -----------------------
 | Etotal =0.87E+07   grad(E)=435931.346 E(BOND)=1179.384   E(ANGL)=6341.031   |
 | E(DIHE)=120.727    E(IMPR)=1328.341   E(VDW )=0.87E+07   E(ELEC)=-18819.373 |
 | E(CDIH)=0.000      E(NOE )=0.000                                            |
 -------------------------------------------------------------------------------
 --------------- cycle=     3 ------ stepsize=    0.0000 -----------------------
 | Etotal =0.74E+07   grad(E)=390254.048 E(BOND)=1183.230   E(ANGL)=6331.972   |
 | E(DIHE)=120.727    E(IMPR)=1321.448   E(VDW )=0.74E+07   E(ELEC)=-18811.656 |
 | E(CDIH)=0.000      E(NOE )=0.000                                            |
 -------------------------------------------------------------------------------
 --------------- cycle=     4 ------ stepsize=    0.0000 -----------------------
 | Etotal =500700.320 grad(E)=20657.022  E(BOND)=1847.564   E(ANGL)=6526.939   |
 | E(DIHE)=120.726    E(IMPR)=1835.822   E(VDW )=509172.450 E(ELEC)=-18803.181 |
 | E(CDIH)=0.000      E(NOE )=0.000                                            |
 -------------------------------------------------------------------------------
 NBONDS: found   891839 intra-atom interactions
 --------------- cycle=     5 ------ stepsize=    0.0000 -----------------------
 | Etotal =153799.444 grad(E)=788.153    E(BOND)=80620.564  E(ANGL)=24591.231  |
 | E(DIHE)=120.725    E(IMPR)=48347.590  E(VDW )=19034.003  E(ELEC)=-18914.669 |
 | E(CDIH)=0.000      E(NOE )=0.000                                            |
 -------------------------------------------------------------------------------
 --------------- cycle=     6 ------ stepsize=    0.0000 -----------------------
 | Etotal =152546.282 grad(E)=733.116    E(BOND)=80545.235  E(ANGL)=24561.354  |
 | E(DIHE)=120.724    E(IMPR)=48210.957  E(VDW )=18023.159  E(ELEC)=-18915.148 |
 | E(CDIH)=0.000      E(NOE )=0.000                                            |
 -------------------------------------------------------------------------------
 --------------- cycle=     7 ------ stepsize=    0.0000 -----------------------
 | Etotal =144584.604 grad(E)=493.740    E(BOND)=79883.180  E(ANGL)=24317.519  |
 | E(DIHE)=120.713    E(IMPR)=47003.039  E(VDW )=12179.403  E(ELEC)=-18919.255 |
 | E(CDIH)=0.004      E(NOE )=0.000                                            |
 -------------------------------------------------------------------------------
 --------------- cycle=     8 ------ stepsize=    0.0000 -----------------------
 | Etotal =137134.136 grad(E)=421.168    E(BOND)=78782.526  E(ANGL)=24004.038  |
 | E(DIHE)=120.694    E(IMPR)=44967.404  E(VDW )=8185.225   E(ELEC)=-18925.778 |
 | E(CDIH)=0.026      E(NOE )=0.000                                            |
 -------------------------------------------------------------------------------
 --------------- cycle=     9 ------ stepsize=    0.0000 -----------------------
 | Etotal =128854.948 grad(E)=395.572    E(BOND)=76792.199  E(ANGL)=23906.798  |
 | E(DIHE)=120.656    E(IMPR)=41218.890  E(VDW )=5753.374   E(ELEC)=-18937.097 |
 | E(CDIH)=0.128      E(NOE )=0.000                                            |
 -------------------------------------------------------------------------------
 --------------- cycle=    10 ------ stepsize=    0.0000 -----------------------
 | Etotal =108844.248 grad(E)=352.771    E(BOND)=66446.860  E(ANGL)=21356.678  |
 | E(DIHE)=120.604    E(IMPR)=35023.094  E(VDW )=4846.611   E(ELEC)=-18949.988 |
 | E(CDIH)=0.388      E(NOE )=0.000                                            |
 -------------------------------------------------------------------------------
 NBONDS: found   891856 intra-atom interactions
 --------------- cycle=    11 ------ stepsize=    0.0000 -----------------------
 | Etotal =42654.116  grad(E)=214.745    E(BOND)=22165.974  E(ANGL)=15200.152  |
 | E(DIHE)=120.250    E(IMPR)=20731.668  E(VDW )=3470.528   E(ELEC)=-19040.465 |
 | E(CDIH)=6.009      E(NOE )=0.000                                            |
 -------------------------------------------------------------------------------
 NBONDS: found   891881 intra-atom interactions
 --------------- cycle=    12 ------ stepsize=    0.0000 -----------------------
 | Etotal =18438.554  grad(E)=160.708    E(BOND)=7293.308   E(ANGL)=11893.284  |
 | E(DIHE)=120.351    E(IMPR)=15713.273  E(VDW )=2548.290   E(ELEC)=-19132.224 |
 | E(CDIH)=2.271      E(NOE )=0.000                                            |
 -------------------------------------------------------------------------------
 --------------- cycle=    13 ------ stepsize=   -0.0000 -----------------------
 | Etotal =18408.230  grad(E)=157.936    E(BOND)=7514.276   E(ANGL)=11918.545  |
 | E(DIHE)=120.348    E(IMPR)=15427.213  E(VDW )=2555.249   E(ELEC)=-19129.546 |
 | E(CDIH)=2.145      E(NOE )=0.000                                            |
 -------------------------------------------------------------------------------
 --------------- cycle=    14 ------ stepsize=    0.0000 -----------------------
 | Etotal =3881.271   grad(E)=84.200     E(BOND)=3802.420   E(ANGL)=9381.622   |
 | E(DIHE)=119.250    E(IMPR)=7549.519   E(VDW )=2293.806   E(ELEC)=-19268.106 |
 | E(CDIH)=2.761      E(NOE )=0.000                                            |
 -------------------------------------------------------------------------------
 --------------- cycle=    15 ------ stepsize=    0.0000 -----------------------
 | Etotal =3647.641   grad(E)=92.419     E(BOND)=3897.223   E(ANGL)=9159.429   |
 | E(DIHE)=119.098    E(IMPR)=7477.696   E(VDW )=2279.327   E(ELEC)=-19288.469 |
 | E(CDIH)=3.336      E(NOE )=0.000                                            |
 -------------------------------------------------------------------------------
 NBONDS: found   891855 intra-atom interactions
 --------------- cycle=    16 ------ stepsize=    0.0001 -----------------------
 | Etotal =-1025.371  grad(E)=107.186    E(BOND)=4240.667   E(ANGL)=7554.961   |
 | E(DIHE)=124.281    E(IMPR)=4235.177   E(VDW )=2222.902   E(ELEC)=-19407.154 |
 | E(CDIH)=3.795      E(NOE )=0.000                                            |
 -------------------------------------------------------------------------------
 --------------- cycle=    17 ------ stepsize=   -0.0000 -----------------------
 | Etotal =-1039.766  grad(E)=101.629    E(BOND)=4112.792   E(ANGL)=7587.012   |
 | E(DIHE)=123.981    E(IMPR)=4314.168   E(VDW )=2219.760   E(ELEC)=-19401.057 |
 | E(CDIH)=3.578      E(NOE )=0.000                                            |
 -------------------------------------------------------------------------------
 --------------- cycle=    18 ------ stepsize=    0.0000 -----------------------
 | Etotal =2110.572   grad(E)=223.229    E(BOND)=7644.282   E(ANGL)=7708.879   |
 | E(DIHE)=110.154    E(IMPR)=3779.082   E(VDW )=2399.969   E(ELEC)=-19537.580 |
 | E(CDIH)=5.787      E(NOE )=0.000                                            |
 -------------------------------------------------------------------------------
 --------------- cycle=    19 ------ stepsize=    0.0000 -----------------------
 | Etotal =-2749.606  grad(E)=57.626     E(BOND)=3368.359   E(ANGL)=7255.315   |
 | E(DIHE)=118.350    E(IMPR)=3713.648   E(VDW )=2242.800   E(ELEC)=-19452.240 |
 | E(CDIH)=4.163      E(NOE )=0.000                                            |
 -------------------------------------------------------------------------------
 --------------- cycle=    20 ------ stepsize=    0.0000 -----------------------
 | Etotal =-3664.751  grad(E)=46.191     E(BOND)=3007.777   E(ANGL)=7097.561   |
 | E(DIHE)=118.763    E(IMPR)=3354.107   E(VDW )=2230.391   E(ELEC)=-19476.785 |
 | E(CDIH)=3.435      E(NOE )=0.000                                            |
 -------------------------------------------------------------------------------
 --------------- cycle=    21 ------ stepsize=    0.0000 -----------------------
 | Etotal =-4512.728  grad(E)=70.165     E(BOND)=2784.483   E(ANGL)=6977.507   |
 | E(DIHE)=120.028    E(IMPR)=2905.886   E(VDW )=2228.420   E(ELEC)=-19533.010 |
 | E(CDIH)=3.959      E(NOE )=0.000                                            |
 -------------------------------------------------------------------------------
 --------------- cycle=    22 ------ stepsize=    0.0000 -----------------------
 | Etotal =-4892.466  grad(E)=96.355     E(BOND)=2768.937   E(ANGL)=7046.744   |
 | E(DIHE)=120.738    E(IMPR)=2482.595   E(VDW )=2312.712   E(ELEC)=-19629.510 |
 | E(CDIH)=5.317      E(NOE )=0.000                                            |
 -------------------------------------------------------------------------------
 --------------- cycle=    23 ------ stepsize=   -0.0000 -----------------------
 | Etotal =-5523.942  grad(E)=49.009     E(BOND)=2216.958   E(ANGL)=6926.522   |
 | E(DIHE)=119.996    E(IMPR)=2544.313   E(VDW )=2251.554   E(ELEC)=-19587.734 |
 | E(CDIH)=4.450      E(NOE )=0.000                                            |
 -------------------------------------------------------------------------------
 --------------- cycle=    24 ------ stepsize=    0.0000 -----------------------
 | Etotal =-6238.943  grad(E)=33.235     E(BOND)=1973.345   E(ANGL)=6757.798   |
 | E(DIHE)=118.416    E(IMPR)=2266.467   E(VDW )=2259.233   E(ELEC)=-19618.130 |
 | E(CDIH)=3.928      E(NOE )=0.000                                            |
 -------------------------------------------------------------------------------
 --------------- cycle=    25 ------ stepsize=    0.0000 -----------------------
 | Etotal =-6406.039  grad(E)=41.884     E(BOND)=1909.942   E(ANGL)=6672.973   |
 | E(DIHE)=117.249    E(IMPR)=2256.356   E(VDW )=2274.589   E(ELEC)=-19641.725 |
 | E(CDIH)=4.576      E(NOE )=0.000                                            |
 -------------------------------------------------------------------------------
 --------------- cycle=    26 ------ stepsize=    0.0000 -----------------------
 | Etotal =-6893.758  grad(E)=44.222     E(BOND)=1874.944   E(ANGL)=6515.663   |
 | E(DIHE)=122.043    E(IMPR)=2023.499   E(VDW )=2256.471   E(ELEC)=-19691.194 |
 | E(CDIH)=4.817      E(NOE )=0.000                                            |
 -------------------------------------------------------------------------------
 --------------- cycle=    27 ------ stepsize=   -0.0000 -----------------------
 | Etotal =-6902.275  grad(E)=39.887     E(BOND)=1845.126   E(ANGL)=6522.657   |
 | E(DIHE)=121.411    E(IMPR)=2033.120   E(VDW )=2256.136   E(ELEC)=-19685.460 |
 | E(CDIH)=4.733      E(NOE )=0.000                                            |
 -------------------------------------------------------------------------------
 NBONDS: found   891834 intra-atom interactions
 --------------- cycle=    28 ------ stepsize=    0.0000 -----------------------
 | Etotal =-7376.325  grad(E)=34.399     E(BOND)=1757.589   E(ANGL)=6421.735   |
 | E(DIHE)=118.408    E(IMPR)=1893.575   E(VDW )=2154.242   E(ELEC)=-19726.527 |
 | E(CDIH)=4.653      E(NOE )=0.000                                            |
 -------------------------------------------------------------------------------
 --------------- cycle=    29 ------ stepsize=   -0.0000 -----------------------
 | Etotal =-7376.917  grad(E)=33.210     E(BOND)=1752.745   E(ANGL)=6423.141   |
 | E(DIHE)=118.504    E(IMPR)=1891.742   E(VDW )=2157.445   E(ELEC)=-19725.125 |
 | E(CDIH)=4.630      E(NOE )=0.000                                            |
 -------------------------------------------------------------------------------
 --------------- cycle=    30 ------ stepsize=    0.0000 -----------------------
 | Etotal =-7784.445  grad(E)=26.579     E(BOND)=1676.230   E(ANGL)=6365.944   |
 | E(DIHE)=117.478    E(IMPR)=1752.282   E(VDW )=2058.951   E(ELEC)=-19760.032 |
 | E(CDIH)=4.703      E(NOE )=0.000                                            |
 -------------------------------------------------------------------------------
 --------------- cycle=    31 ------ stepsize=    0.0000 -----------------------
 | Etotal =-7810.645  grad(E)=33.499     E(BOND)=1710.330   E(ANGL)=6361.250   |
 | E(DIHE)=117.174    E(IMPR)=1736.021   E(VDW )=2031.065   E(ELEC)=-19771.370 |
 | E(CDIH)=4.885      E(NOE )=0.000                                            |
 -------------------------------------------------------------------------------
 --------------- cycle=    32 ------ stepsize=    0.0000 -----------------------
 | Etotal =-8064.376  grad(E)=40.583     E(BOND)=1762.453   E(ANGL)=6324.976   |
 | E(DIHE)=121.948    E(IMPR)=1630.782   E(VDW )=1924.268   E(ELEC)=-19834.872 |
 | E(CDIH)=6.070      E(NOE )=0.000                                            |
 -------------------------------------------------------------------------------
 --------------- cycle=    33 ------ stepsize=   -0.0000 -----------------------
 | Etotal =-8117.659  grad(E)=26.821     E(BOND)=1674.629   E(ANGL)=6325.379   |
 | E(DIHE)=120.426    E(IMPR)=1619.457   E(VDW )=1953.127   E(ELEC)=-19816.231 |
 | E(CDIH)=5.553      E(NOE )=0.000                                            |
 -------------------------------------------------------------------------------
 --------------- cycle=    34 ------ stepsize=    0.0000 -----------------------
 | Etotal =-8358.471  grad(E)=20.133     E(BOND)=1657.307   E(ANGL)=6297.029   |
 | E(DIHE)=118.865    E(IMPR)=1527.557   E(VDW )=1891.466   E(ELEC)=-19856.532 |
 | E(CDIH)=5.837      E(NOE )=0.000                                            |
 -------------------------------------------------------------------------------
 --------------- cycle=    35 ------ stepsize=    0.0000 -----------------------
 | Etotal =-8371.800  grad(E)=24.865     E(BOND)=1681.382   E(ANGL)=6296.477   |
 | E(DIHE)=118.424    E(IMPR)=1519.564   E(VDW )=1874.802   E(ELEC)=-19868.463 |
 | E(CDIH)=6.013      E(NOE )=0.000                                            |
 -------------------------------------------------------------------------------
 --------------- cycle=    36 ------ stepsize=    0.0000 -----------------------
 | Etotal =-8542.936  grad(E)=28.616     E(BOND)=1661.906   E(ANGL)=6306.926   |
 | E(DIHE)=117.277    E(IMPR)=1485.810   E(VDW )=1808.592   E(ELEC)=-19929.266 |
 | E(CDIH)=5.819      E(NOE )=0.000                                            |
 -------------------------------------------------------------------------------
 --------------- cycle=    37 ------ stepsize=   -0.0000 -----------------------
 | Etotal =-8551.486  grad(E)=23.020     E(BOND)=1641.722   E(ANGL)=6299.605   |
 | E(DIHE)=117.465    E(IMPR)=1482.603   E(VDW )=1819.713   E(ELEC)=-19918.394 |
 | E(CDIH)=5.799      E(NOE )=0.000                                            |
 -------------------------------------------------------------------------------
 --------------- cycle=    38 ------ stepsize=    0.0000 -----------------------
 | Etotal =-8784.420  grad(E)=19.848     E(BOND)=1593.732   E(ANGL)=6310.162   |
 | E(DIHE)=119.254    E(IMPR)=1387.181   E(VDW )=1776.687   E(ELEC)=-19976.811 |
 | E(CDIH)=5.375      E(NOE )=0.000                                            |
 -------------------------------------------------------------------------------
 --------------- cycle=    39 ------ stepsize=    0.0000 -----------------------
 | Etotal =-8875.078  grad(E)=33.086     E(BOND)=1623.127   E(ANGL)=6354.462   |
 | E(DIHE)=121.399    E(IMPR)=1329.456   E(VDW )=1732.989   E(ELEC)=-20041.938 |
 | E(CDIH)=5.427      E(NOE )=0.000                                            |
 -------------------------------------------------------------------------------
 --------------- cycle=    40 ------ stepsize=    0.0000 -----------------------
 | Etotal =-9287.819  grad(E)=26.915     E(BOND)=1538.827   E(ANGL)=6444.987   |
 | E(DIHE)=118.558    E(IMPR)=1133.771   E(VDW )=1654.046   E(ELEC)=-20184.096 |
 | E(CDIH)=6.087      E(NOE )=0.002                                            |
 -------------------------------------------------------------------------------
 POWELL: STEP number limit. Normal termination
 POWELL: Current coordinates set to last minimum
 CNSsolve> 
 CNSsolve>@RUN:protocols/restrain-ions.cns 
 ASSFIL: file restrain-ions.cns opened.
 CNSsolve>! restrain-ions.cns 
 CNSsolve>!    distance restraints between an ion and any coordinating atom within 5A 
 CNSsolve>!    to maintain the coordination topologu 
 CNSsolve>! 
 CNSsolve>! *********************************************************************** 
 CNSsolve>! * Copyright 2003-2020 Alexandre Bonvin, Utrecht University.           * 
 CNSsolve>! * All rights reserved.                                                * 
 CNSsolve>! * This code is part of the HADDOCK software and governed by its       * 
 CNSsolve>! * license. Please see the LICENSE file that should have been included * 
 CNSsolve>! * as part of this package.                                            * 
 CNSsolve>! *********************************************************************** 
 CNSsolve>! 
 CNSsolve>  noe class dist end 
 %NOESET error encountered: duplicate class name specified. 
   (CNS is in mode: SET ABORT=NORMal END)
 CNSsolve> 
 CNSsolve>  ! first deal with monoatomic ions 
 CNSsolve>  evaluate ($pcount = 0) 
 EVALUATE: symbol $PCOUNT set to    0.00000     (real)
 CNSsolve>  for $id1 in id ( name "LI+1" or name "F-1"  or name "NA+1" or name "MG+2" or name "AL+3" 
 SELRPN>                or name "CL-1" or name "K+1"  or name "CA+2" or name "V+2"  or name "V+3" 
 SELRPN>                or name "CR+2" or name "CR+3" or name "MN+2" or name "MN+3" or name "FE+2" 
 SELRPN>                or name "FE+3" or name "NI+2" or name "CO+2" or name "CO+3" or name "CU+1" 
 SELRPN>                or name "CU+2" or name "ZN+2" or name "BR-1" or name "SR+2" or name "MO+3" 
 SELRPN>                or name "AG+1" or name "CD+2" or name "I-1"  or name "CS+2" or name "HO+3" 
 SELRPN>                or name "YB+2" or name "YB+3" or name "OS+4" or name "IR+3" or name "PT+2" 
 SELRPN>                or name "AU+1" or name "AU+2" or name "HG+1" or name "HG+2" or name "PB+2" 
 SELRPN>                or name "U+3"  or name "U+4"  or name "ZN+1" or name "ZN"  ) loop sions 
 SELRPN:      0 atoms have been selected out of   7175
 CNSsolve> 
 CNSsolve>     show (segid) (id $id1) 
 CNSsolve>     evaluate ($segid1=$result) 
 CNSsolve>     show (resid) (id $id1) 
 CNSsolve>     evaluate ($resid1=$result) 
 CNSsolve>     show (resname) (id $id1) 
 CNSsolve>     evaluate ($resname1=$result) 
 CNSsolve>     show (name) (id $id1) 
 CNSsolve>     evaluate ($name1=$result) 
 CNSsolve> 
 CNSsolve>     evaluate ($mindis = 4.0) 
 CNSsolve>     for $id2 in id ( (name O* or name S* or name N*) and (id $id1) around $mindis and 
 FOR-clause=                      (resn ACE or resn ALA or resn ALY or resn ARG or resn ASN or resn ASH or resn ASP or 
 FOR-clause=                       resn CSP or resn CTN or resn CYC or resn CYF or resn CYM or resn CYS or resn DDZ or 
 FOR-clause=                       resn GLN or resn GLH or resn GLU or resn GLY or resn HIS or resn HY3 or resn HYP or 
 FOR-clause=                       resn ILE or resn LEU or resn LYS or resn M3L or resn MLY or resn MLZ or resn MET or 
 FOR-clause=                       resn MSE or resn NEP or resn NME or resn PHE or resn PNS or resn PRO or resn PTR or 
 FOR-clause=                       resn QSR or resn SEP or resn SER or resn THR or resn TOP or resn TRP or resn TYP or 
 FOR-clause=                       resn TYR or resn TYS or resn VAL or resn A   or resn C   or resn G   or resn T   or 
 FOR-clause=                       resn DA  or resn DC  or resn DG  or resn DT  or resn DJ )) loop search 
 CNSsolve> 
 CNSsolve>         pick bond (id $id1) (id $id2) geometry 
 CNSsolve>         evaluate ($upper = $result) 
 CNSsolve>         show (segid) (id $id2) 
 CNSsolve>         evaluate ($segid2=$result) 
 CNSsolve>         show (resid) (id $id2) 
 CNSsolve>         evaluate ($resid2=$result) 
 CNSsolve>         show (name) (id $id2) 
 CNSsolve>         evaluate ($name2=$result) 
 CNSsolve> 
 CNSsolve>         if ($segid1 eq $segid2) then 
 CNSsolve>             noe 
 CNSsolve>                 assign (resid $resid1 and segid $segid1 and name $name1) 
 CNSsolve>                        (resid $resid2 and segid $segid2 and name $name2) $upper 0.1 0.1 
 CNSsolve>             end 
 CNSsolve>         end if 
 CNSsolve> 
 CNSsolve>     end loop search 
 CNSsolve> 
 CNSsolve>   end loop sions 
 CNSsolve> 
 CNSsolve>  ! then deal with multiatomic mions 
 CNSsolve>  evaluate ($pcount = 0) 
 EVALUATE: symbol $PCOUNT set to    0.00000     (real)
 CNSsolve>  for $id1 in id ( (resn SO4 or resn PO4 or resn WO4) and name O* ) loop mions 
 SELRPN:      0 atoms have been selected out of   7175
 CNSsolve> 
 CNSsolve>     show (segid) (id $id1) 
 CNSsolve>     evaluate ($segid1=$result) 
 CNSsolve>     show (resid) (id $id1) 
 CNSsolve>     evaluate ($resid1=$result) 
 CNSsolve>     show (resname) (id $id1) 
 CNSsolve>     evaluate ($resname1=$result) 
 CNSsolve>     show (name) (id $id1) 
 CNSsolve>     evaluate ($name1=$result) 
 CNSsolve> 
 CNSsolve>     evaluate ($mindis = 4.0) 
 CNSsolve>     for $id2 in id ( (name O* or name S* or name N*) and (id $id1) around $mindis and 
 FOR-clause=                      (resn ACE or resn ALA or resn ALY or resn ARG or resn ASN or resn ASH or resn ASP or 
 FOR-clause=                       resn CSP or resn CTN or resn CYC or resn CYF or resn CYM or resn CYS or resn DDZ or 
 FOR-clause=                       resn GLN or resn GLH or resn GLU or resn GLY or resn HIS or resn HY3 or resn HYP or 
 FOR-clause=                       resn ILE or resn LEU or resn LYS or resn M3L or resn MLY or resn MLZ or resn MET or 
 FOR-clause=                       resn MSE or resn NEP or resn NME or resn PHE or resn PNS or resn PRO or resn PTR or 
 FOR-clause=                       resn QSR or resn SEP or resn SER or resn THR or resn TOP or resn TRP or resn TYP or 
 FOR-clause=                       resn TYR or resn TYS or resn VAL or resn A   or resn C   or resn G   or resn T   or 
 FOR-clause=                       resn DA  or resn DC  or resn DG  or resn DT  or resn DJ )) loop search 
 CNSsolve> 
 CNSsolve>         pick bond (id $id1) (id $id2) geometry 
 CNSsolve>         evaluate ($upper = $result) 
 CNSsolve>         show (segid) (id $id2) 
 CNSsolve>         evaluate ($segid2=$result) 
 CNSsolve>         show (resid) (id $id2) 
 CNSsolve>         evaluate ($resid2=$result) 
 CNSsolve>         show (name) (id $id2) 
 CNSsolve>         evaluate ($name2=$result) 
 CNSsolve> 
 CNSsolve>         if ($segid1 eq $segid2) then 
 CNSsolve>             noe 
 CNSsolve>                 assign (resid $resid1 and segid $segid1 and name $name1) 
 CNSsolve>                        (resid $resid2 and segid $segid2 and name $name2) $upper 0.1 0.1 
 CNSsolve>             end 
 CNSsolve>         end if 
 CNSsolve> 
 CNSsolve>     end loop search 
 CNSsolve> 
 CNSsolve>   end loop mions 
 CNSsolve> 
 CNSsolve>if ( $log_level = verbose ) then 
 NEXTCD: condition evaluated as false
 CNSsolve>  set message=normal echo=on end 
 CNSsolve>else 
 CNSsolve>  set message=off echo=off end 
 POWELL: number of degrees of freedom= 21525
 NBONDS: generating intra-molecular exclusion list with mode= 5
 MAKINB: mode   5 found  10617 exclusions and   3933 interactions(1-4)
 NBONDS: found   891861 intra-atom interactions
 --------------- cycle=     1 ------ stepsize=    0.0000 -----------------------
 | Etotal =-9287.819  grad(E)=26.915     E(BOND)=1538.827   E(ANGL)=6444.987   |
 | E(DIHE)=118.558    E(IMPR)=1133.771   E(VDW )=1654.046   E(ELEC)=-20184.096 |
 | E(HARM)=0.000      E(CDIH)=6.087      E(NOE )=0.002                         |
 -------------------------------------------------------------------------------
 --------------- cycle=     2 ------ stepsize=    0.0000 -----------------------
 | Etotal =-9314.113  grad(E)=25.719     E(BOND)=1530.091   E(ANGL)=6441.489   |
 | E(DIHE)=118.386    E(IMPR)=1121.219   E(VDW )=1653.452   E(ELEC)=-20184.875 |
 | E(HARM)=0.000      E(CDIH)=6.122      E(NOE )=0.002                         |
 -------------------------------------------------------------------------------
 --------------- cycle=     3 ------ stepsize=    0.0000 -----------------------
 | Etotal =-9494.890  grad(E)=21.049     E(BOND)=1477.504   E(ANGL)=6418.980   |
 | E(DIHE)=116.897    E(IMPR)=1028.288   E(VDW )=1648.482   E(ELEC)=-20191.890 |
 | E(HARM)=0.018      E(CDIH)=6.831      E(NOE )=0.002                         |
 -------------------------------------------------------------------------------
 --------------- cycle=     4 ------ stepsize=    0.0000 -----------------------
 | Etotal =-9579.332  grad(E)=33.129     E(BOND)=1479.741   E(ANGL)=6412.978   |
 | E(DIHE)=115.124    E(IMPR)=961.977    E(VDW )=1642.982   E(ELEC)=-20201.009 |
 | E(HARM)=0.083      E(CDIH)=8.790      E(NOE )=0.002                         |
 -------------------------------------------------------------------------------
 --------------- cycle=     5 ------ stepsize=    0.0000 -----------------------
 | Etotal =-10029.340 grad(E)=34.228     E(BOND)=1259.790   E(ANGL)=6476.282   |
 | E(DIHE)=117.355    E(IMPR)=699.179    E(VDW )=1631.661   E(ELEC)=-20227.781 |
 | E(HARM)=0.317      E(CDIH)=13.856     E(NOE )=0.002                         |
 -------------------------------------------------------------------------------
 --------------- cycle=     6 ------ stepsize=    0.0000 -----------------------
 | Etotal =-10088.113 grad(E)=47.991     E(BOND)=1223.860   E(ANGL)=6575.176   |
 | E(DIHE)=119.264    E(IMPR)=599.056    E(VDW )=1623.964   E(ELEC)=-20249.559 |
 | E(HARM)=0.657      E(CDIH)=19.467     E(NOE )=0.002                         |
 -------------------------------------------------------------------------------
 --------------- cycle=     7 ------ stepsize=   -0.0000 -----------------------
 | Etotal =-10113.891 grad(E)=42.687     E(BOND)=1220.273   E(ANGL)=6536.652   |
 | E(DIHE)=118.620    E(IMPR)=608.519    E(VDW )=1626.377   E(ELEC)=-20242.321 |
 | E(HARM)=0.529      E(CDIH)=17.456     E(NOE )=0.002                         |
 -------------------------------------------------------------------------------
 --------------- cycle=     8 ------ stepsize=    0.0000 -----------------------
 | Etotal =-9534.759  grad(E)=65.579     E(BOND)=960.694    E(ANGL)=6706.431   |
 | E(DIHE)=118.460    E(IMPR)=1346.011   E(VDW )=1607.070   E(ELEC)=-20291.763 |
 | E(HARM)=1.332      E(CDIH)=17.005     E(NOE )=0.002                         |
 -------------------------------------------------------------------------------
 --------------- cycle=     9 ------ stepsize=    0.0000 -----------------------
 | Etotal =-10286.879 grad(E)=36.992     E(BOND)=1098.627   E(ANGL)=6576.541   |
 | E(DIHE)=118.566    E(IMPR)=537.910    E(VDW )=1620.411   E(ELEC)=-20256.725 |
 | E(HARM)=0.715      E(CDIH)=17.074     E(NOE )=0.002                         |
 -------------------------------------------------------------------------------
 --------------- cycle=    10 ------ stepsize=    0.0000 -----------------------
 | Etotal =-10292.099 grad(E)=36.769     E(BOND)=1076.822   E(ANGL)=6585.925   |
 | E(DIHE)=118.556    E(IMPR)=549.511    E(VDW )=1619.152   E(ELEC)=-20259.846 |
 | E(HARM)=0.761      E(CDIH)=17.019     E(NOE )=0.002                         |
 -------------------------------------------------------------------------------
 --------------- cycle=    11 ------ stepsize=    0.0000 -----------------------
 | Etotal =-10499.668 grad(E)=26.976     E(BOND)=1001.636   E(ANGL)=6546.481   |
 | E(DIHE)=117.779    E(IMPR)=467.945    E(VDW )=1616.396   E(ELEC)=-20262.706 |
 | E(HARM)=0.688      E(CDIH)=12.109     E(NOE )=0.002                         |
 -------------------------------------------------------------------------------
 --------------- cycle=    12 ------ stepsize=    0.0000 -----------------------
 | Etotal =-10687.536 grad(E)=29.639     E(BOND)=934.078    E(ANGL)=6497.928   |
 | E(DIHE)=116.150    E(IMPR)=411.993    E(VDW )=1611.748   E(ELEC)=-20268.921 |
 | E(HARM)=0.591      E(CDIH)=8.895      E(NOE )=0.002                         |
 -------------------------------------------------------------------------------
 --------------- cycle=    13 ------ stepsize=    0.0000 -----------------------
 | Etotal =-10908.426 grad(E)=29.144     E(BOND)=731.886    E(ANGL)=6477.011   |
 | E(DIHE)=117.667    E(IMPR)=445.947    E(VDW )=1597.612   E(ELEC)=-20291.941 |
 | E(HARM)=0.635      E(CDIH)=12.755     E(NOE )=0.002                         |
 -------------------------------------------------------------------------------
 --------------- cycle=    14 ------ stepsize=   -0.0000 -----------------------
 | Etotal =-10912.918 grad(E)=25.179     E(BOND)=734.573    E(ANGL)=6474.255   |
 | E(DIHE)=117.475    E(IMPR)=438.120    E(VDW )=1599.266   E(ELEC)=-20289.093 |
 | E(HARM)=0.621      E(CDIH)=11.863     E(NOE )=0.002                         |
 -------------------------------------------------------------------------------
 --------------- cycle=    15 ------ stepsize=    0.0000 -----------------------
 | Etotal =-11104.548 grad(E)=17.893     E(BOND)=631.827    E(ANGL)=6460.089   |
 | E(DIHE)=117.828    E(IMPR)=396.475    E(VDW )=1586.197   E(ELEC)=-20307.620 |
 | E(HARM)=0.657      E(CDIH)=9.996      E(NOE )=0.003                         |
 -------------------------------------------------------------------------------
 --------------- cycle=    16 ------ stepsize=    0.0000 -----------------------
 | Etotal =-11122.246 grad(E)=21.165     E(BOND)=611.869    E(ANGL)=6467.746   |
 | E(DIHE)=117.979    E(IMPR)=403.552    E(VDW )=1581.187   E(ELEC)=-20315.210 |
 | E(HARM)=0.694      E(CDIH)=9.933      E(NOE )=0.003                         |
 -------------------------------------------------------------------------------
 NBONDS: found   891935 intra-atom interactions
 --------------- cycle=    17 ------ stepsize=    0.0000 -----------------------
 | Etotal =-11289.603 grad(E)=24.867     E(BOND)=581.440    E(ANGL)=6376.198   |
 | E(DIHE)=115.911    E(IMPR)=394.885    E(VDW )=1570.478   E(ELEC)=-20341.964 |
 | E(HARM)=0.847      E(CDIH)=12.600     E(NOE )=0.003                         |
 -------------------------------------------------------------------------------
 --------------- cycle=    18 ------ stepsize=    0.0000 -----------------------
 | Etotal =-11289.889 grad(E)=25.914     E(BOND)=584.662    E(ANGL)=6373.037   |
 | E(DIHE)=115.824    E(IMPR)=396.029    E(VDW )=1570.057   E(ELEC)=-20343.117 |
 | E(HARM)=0.856      E(CDIH)=12.760     E(NOE )=0.003                         |
 -------------------------------------------------------------------------------
 --------------- cycle=    19 ------ stepsize=    0.0000 -----------------------
 | Etotal =-2702.041  grad(E)=150.268    E(BOND)=512.874    E(ANGL)=6251.541   |
 | E(DIHE)=116.911    E(IMPR)=9221.624   E(VDW )=1556.338   E(ELEC)=-20382.042 |
 | E(HARM)=1.151      E(CDIH)=19.558     E(NOE )=0.003                         |
 -------------------------------------------------------------------------------
 --------------- cycle=    20 ------ stepsize=    0.0000 -----------------------
 | Etotal =-11293.086 grad(E)=25.770     E(BOND)=583.402    E(ANGL)=6371.618   |
 | E(DIHE)=115.835    E(IMPR)=395.963    E(VDW )=1569.911   E(ELEC)=-20343.490 |
 | E(HARM)=0.858      E(CDIH)=12.815     E(NOE )=0.003                         |
 -------------------------------------------------------------------------------
 --------------- cycle=    21 ------ stepsize=    0.0000 -----------------------
 | Etotal =-2948.581  grad(E)=189.805    E(BOND)=533.267    E(ANGL)=6304.877   |
 | E(DIHE)=116.368    E(IMPR)=8880.027   E(VDW )=1562.722   E(ELEC)=-20362.773 |
 | E(HARM)=0.990      E(CDIH)=15.938     E(NOE )=0.003                         |
 -------------------------------------------------------------------------------
 --------------- cycle=    22 ------ stepsize=    0.0000 -----------------------
 | Etotal =-11293.894 grad(E)=25.734     E(BOND)=583.083    E(ANGL)=6371.259   |
 | E(DIHE)=115.837    E(IMPR)=395.946    E(VDW )=1569.874   E(ELEC)=-20343.585 |
 | E(HARM)=0.858      E(CDIH)=12.829     E(NOE )=0.003                         |
 -------------------------------------------------------------------------------
 --------------- cycle=    23 ------ stepsize=    0.0000 -----------------------
 | Etotal =-3124.186  grad(E)=218.580    E(BOND)=554.516    E(ANGL)=6336.451   |
 | E(DIHE)=116.101    E(IMPR)=8640.475   E(VDW )=1566.210   E(ELEC)=-20353.180 |
 | E(HARM)=0.920      E(CDIH)=14.317     E(NOE )=0.003                         |
 -------------------------------------------------------------------------------
 --------------- cycle=    24 ------ stepsize=    0.0000 -----------------------
 | Etotal =-11294.099 grad(E)=25.724     E(BOND)=583.003    E(ANGL)=6371.168   |
 | E(DIHE)=115.838    E(IMPR)=395.942    E(VDW )=1569.865   E(ELEC)=-20343.609 |
 | E(HARM)=0.859      E(CDIH)=12.833     E(NOE )=0.003                         |
 -------------------------------------------------------------------------------
 --------------- cycle=    25 ------ stepsize=    0.0000 -----------------------
 | Etotal =-3235.855  grad(E)=236.347    E(BOND)=567.853    E(ANGL)=6353.413   |
 | E(DIHE)=115.969    E(IMPR)=8492.840   E(VDW )=1568.017   E(ELEC)=-20348.395 |
 | E(HARM)=0.889      E(CDIH)=13.558     E(NOE )=0.003                         |
 -------------------------------------------------------------------------------
 --------------- cycle=    26 ------ stepsize=    0.0000 -----------------------
 | Etotal =-11294.151 grad(E)=25.722     E(BOND)=582.983    E(ANGL)=6371.145   |
 | E(DIHE)=115.838    E(IMPR)=395.941    E(VDW )=1569.862   E(ELEC)=-20343.615 |
 | E(HARM)=0.859      E(CDIH)=12.834     E(NOE )=0.003                         |
 -------------------------------------------------------------------------------
 --------------- cycle=    27 ------ stepsize=    0.0000 -----------------------
 | Etotal =-3299.866  grad(E)=246.290    E(BOND)=575.192    E(ANGL)=6362.181   |
 | E(DIHE)=115.904    E(IMPR)=8409.861   E(VDW )=1568.934   E(ELEC)=-20346.005 |
 | E(HARM)=0.873      E(CDIH)=13.191     E(NOE )=0.003                         |
 -------------------------------------------------------------------------------
 --------------- cycle=    28 ------ stepsize=    0.0000 -----------------------
 | Etotal =-11294.164 grad(E)=25.721     E(BOND)=582.977    E(ANGL)=6371.139   |
 | E(DIHE)=115.838    E(IMPR)=395.941    E(VDW )=1569.862   E(ELEC)=-20343.616 |
 | E(HARM)=0.859      E(CDIH)=12.834     E(NOE )=0.003                         |
 -------------------------------------------------------------------------------
 --------------- cycle=    29 ------ stepsize=    0.0000 -----------------------
 | Etotal =-11304.253 grad(E)=25.266     E(BOND)=579.028    E(ANGL)=6366.635   |
 | E(DIHE)=115.871    E(IMPR)=395.746    E(VDW )=1569.397   E(ELEC)=-20344.811 |
 | E(HARM)=0.866      E(CDIH)=13.012     E(NOE )=0.003                         |
 -------------------------------------------------------------------------------
 --------------- cycle=    30 ------ stepsize=    0.0000 -----------------------
 | Etotal =-3316.858  grad(E)=248.899    E(BOND)=577.096    E(ANGL)=6364.402   |
 | E(DIHE)=115.887    E(IMPR)=8388.026   E(VDW )=1569.165   E(ELEC)=-20345.408 |
 | E(HARM)=0.870      E(CDIH)=13.101     E(NOE )=0.003                         |
 -------------------------------------------------------------------------------
 --------------- cycle=    31 ------ stepsize=    0.0000 -----------------------
 | Etotal =-11304.254 grad(E)=25.266     E(BOND)=579.028    E(ANGL)=6366.635   |
 | E(DIHE)=115.871    E(IMPR)=395.746    E(VDW )=1569.397   E(ELEC)=-20344.811 |
 | E(HARM)=0.866      E(CDIH)=13.012     E(NOE )=0.003                         |
 -------------------------------------------------------------------------------
 --------------- cycle=    32 ------ stepsize=    0.0000 -----------------------
 | Etotal =-3325.514  grad(E)=250.223    E(BOND)=578.058    E(ANGL)=6365.517   |
 | E(DIHE)=115.879    E(IMPR)=8376.934   E(VDW )=1569.281   E(ELEC)=-20345.109 |
 | E(HARM)=0.868      E(CDIH)=13.056     E(NOE )=0.003                         |
 -------------------------------------------------------------------------------
 --------------- cycle=    33 ------ stepsize=    0.0000 -----------------------
 | Etotal =-11304.254 grad(E)=25.266     E(BOND)=579.028    E(ANGL)=6366.635   |
 | E(DIHE)=115.871    E(IMPR)=395.746    E(VDW )=1569.397   E(ELEC)=-20344.811 |
 | E(HARM)=0.866      E(CDIH)=13.012     E(NOE )=0.003                         |
 -------------------------------------------------------------------------------
 --------------- cycle=    34 ------ stepsize=    0.0000 -----------------------
 | Etotal =-11305.502 grad(E)=25.210     E(BOND)=578.542    E(ANGL)=6366.076   |
 | E(DIHE)=115.875    E(IMPR)=395.723    E(VDW )=1569.339   E(ELEC)=-20344.960 |
 | E(HARM)=0.867      E(CDIH)=13.034     E(NOE )=0.003                         |
 -------------------------------------------------------------------------------
 --------------- cycle=    35 ------ stepsize=    0.0000 -----------------------
 | Etotal =-11306.125 grad(E)=25.181     E(BOND)=578.300    E(ANGL)=6365.796   |
 | E(DIHE)=115.877    E(IMPR)=395.712    E(VDW )=1569.310   E(ELEC)=-20345.035 |
 | E(HARM)=0.867      E(CDIH)=13.045     E(NOE )=0.003                         |
 -------------------------------------------------------------------------------
 --------------- cycle=    36 ------ stepsize=    0.0000 -----------------------
 | Etotal =-3326.603  grad(E)=250.389    E(BOND)=578.179    E(ANGL)=6365.657   |
 | E(DIHE)=115.878    E(IMPR)=8375.539   E(VDW )=1569.295   E(ELEC)=-20345.072 |
 | E(HARM)=0.868      E(CDIH)=13.051     E(NOE )=0.003                         |
 -------------------------------------------------------------------------------
 --------------- cycle=    37 ------ stepsize=    0.0000 -----------------------
 | Etotal =-11306.125 grad(E)=25.181     E(BOND)=578.300    E(ANGL)=6365.796   |
 | E(DIHE)=115.877    E(IMPR)=395.712    E(VDW )=1569.310   E(ELEC)=-20345.035 |
 | E(HARM)=0.867      E(CDIH)=13.045     E(NOE )=0.003                         |
 -------------------------------------------------------------------------------
 --------------- cycle=    38 ------ stepsize=    0.0000 -----------------------
 | Etotal =-11306.280 grad(E)=25.174     E(BOND)=578.240    E(ANGL)=6365.726   |
 | E(DIHE)=115.877    E(IMPR)=395.709    E(VDW )=1569.303   E(ELEC)=-20345.053 |
 | E(HARM)=0.867      E(CDIH)=13.048     E(NOE )=0.003                         |
 -------------------------------------------------------------------------------
 --------------- cycle=    39 ------ stepsize=    0.0000 -----------------------
 | Etotal =-3326.876  grad(E)=250.431    E(BOND)=578.209    E(ANGL)=6365.691   |
 | E(DIHE)=115.878    E(IMPR)=8375.190   E(VDW )=1569.299   E(ELEC)=-20345.063 |
 | E(HARM)=0.867      E(CDIH)=13.049     E(NOE )=0.003                         |
 -------------------------------------------------------------------------------
 --------------- cycle=    40 ------ stepsize=    0.0000 -----------------------
 | Etotal =-11306.280 grad(E)=25.174     E(BOND)=578.240    E(ANGL)=6365.726   |
 | E(DIHE)=115.877    E(IMPR)=395.709    E(VDW )=1569.303   E(ELEC)=-20345.053 |
 | E(HARM)=0.867      E(CDIH)=13.048     E(NOE )=0.003                         |
 -------------------------------------------------------------------------------
 POWELL: STEP number limit. Normal termination
 POWELL: Current coordinates set to last minimum
 POWELL: number of degrees of freedom= 21525
 --------------- cycle=     1 ------ stepsize=    0.0000 -----------------------
 | Etotal =-11306.280 grad(E)=25.174     E(BOND)=578.240    E(ANGL)=6365.726   |
 | E(DIHE)=115.877    E(IMPR)=395.709    E(VDW )=1569.303   E(ELEC)=-20345.053 |
 | E(HARM)=0.867      E(CDIH)=13.048     E(NOE )=0.003                         |
 -------------------------------------------------------------------------------
 --------------- cycle=     2 ------ stepsize=    0.0000 -----------------------
 | Etotal =-3324.664  grad(E)=249.108    E(BOND)=564.489    E(ANGL)=6359.815   |
 | E(DIHE)=116.113    E(IMPR)=8397.430   E(VDW )=1569.076   E(ELEC)=-20345.633 |
 | E(HARM)=0.868      E(CDIH)=13.176     E(NOE )=0.003                         |
 -------------------------------------------------------------------------------
 --------------- cycle=     3 ------ stepsize=    0.0000 -----------------------
 | Etotal =-11306.300 grad(E)=25.172     E(BOND)=578.228    E(ANGL)=6365.722   |
 | E(DIHE)=115.878    E(IMPR)=395.706    E(VDW )=1569.302   E(ELEC)=-20345.054 |
 | E(HARM)=0.867      E(CDIH)=13.048     E(NOE )=0.003                         |
 -------------------------------------------------------------------------------
 --------------- cycle=     4 ------ stepsize=    0.0000 -----------------------
 | Etotal =-3326.264  grad(E)=249.783    E(BOND)=571.036    E(ANGL)=6362.738   |
 | E(DIHE)=115.995    E(IMPR)=8386.141   E(VDW )=1569.189   E(ELEC)=-20345.343 |
 | E(HARM)=0.868      E(CDIH)=13.110     E(NOE )=0.003                         |
 -------------------------------------------------------------------------------
 --------------- cycle=     5 ------ stepsize=    0.0000 -----------------------
 | Etotal =-11306.305 grad(E)=25.171     E(BOND)=578.225    E(ANGL)=6365.720   |
 | E(DIHE)=115.878    E(IMPR)=395.705    E(VDW )=1569.302   E(ELEC)=-20345.054 |
 | E(HARM)=0.867      E(CDIH)=13.048     E(NOE )=0.003                         |
 -------------------------------------------------------------------------------
 --------------- cycle=     6 ------ stepsize=    0.0000 -----------------------
 | Etotal =-3326.795  grad(E)=250.125    E(BOND)=574.550    E(ANGL)=6364.222   |
 | E(DIHE)=115.936    E(IMPR)=8380.502   E(VDW )=1569.246   E(ELEC)=-20345.199 |
 | E(HARM)=0.867      E(CDIH)=13.078     E(NOE )=0.003                         |
 -------------------------------------------------------------------------------
 --------------- cycle=     7 ------ stepsize=    0.0000 -----------------------
 | Etotal =-11306.306 grad(E)=25.171     E(BOND)=578.224    E(ANGL)=6365.720   |
 | E(DIHE)=115.878    E(IMPR)=395.705    E(VDW )=1569.302   E(ELEC)=-20345.054 |
 | E(HARM)=0.867      E(CDIH)=13.048     E(NOE )=0.003                         |
 -------------------------------------------------------------------------------
 --------------- cycle=     8 ------ stepsize=    0.0000 -----------------------
 | Etotal =-3326.993  grad(E)=250.298    E(BOND)=576.367    E(ANGL)=6364.969   |
 | E(DIHE)=115.907    E(IMPR)=8377.683   E(VDW )=1569.274   E(ELEC)=-20345.126 |
 | E(HARM)=0.867      E(CDIH)=13.063     E(NOE )=0.003                         |
 -------------------------------------------------------------------------------
 --------------- cycle=     9 ------ stepsize=    0.0000 -----------------------
 | Etotal =-11306.307 grad(E)=25.171     E(BOND)=578.224    E(ANGL)=6365.720   |
 | E(DIHE)=115.878    E(IMPR)=395.705    E(VDW )=1569.302   E(ELEC)=-20345.054 |
 | E(HARM)=0.867      E(CDIH)=13.048     E(NOE )=0.003                         |
 -------------------------------------------------------------------------------
 --------------- cycle=    10 ------ stepsize=    0.0000 -----------------------
 | Etotal =-3327.076  grad(E)=250.384    E(BOND)=577.290    E(ANGL)=6365.344   |
 | E(DIHE)=115.892    E(IMPR)=8376.273   E(VDW )=1569.288   E(ELEC)=-20345.090 |
 | E(HARM)=0.867      E(CDIH)=13.056     E(NOE )=0.003                         |
 -------------------------------------------------------------------------------
 --------------- cycle=    11 ------ stepsize=    0.0000 -----------------------
 | Etotal =-11306.307 grad(E)=25.171     E(BOND)=578.224    E(ANGL)=6365.720   |
 | E(DIHE)=115.878    E(IMPR)=395.705    E(VDW )=1569.302   E(ELEC)=-20345.054 |
 | E(HARM)=0.867      E(CDIH)=13.048     E(NOE )=0.003                         |
 -------------------------------------------------------------------------------
 --------------- cycle=    12 ------ stepsize=    0.0000 -----------------------
 | Etotal =-3327.113  grad(E)=250.428    E(BOND)=577.756    E(ANGL)=6365.532   |
 | E(DIHE)=115.885    E(IMPR)=8375.569   E(VDW )=1569.295   E(ELEC)=-20345.072 |
 | E(HARM)=0.867      E(CDIH)=13.052     E(NOE )=0.003                         |
 -------------------------------------------------------------------------------
 --------------- cycle=    13 ------ stepsize=    0.0000 -----------------------
 | Etotal =-11306.307 grad(E)=25.171     E(BOND)=578.224    E(ANGL)=6365.720   |
 | E(DIHE)=115.878    E(IMPR)=395.705    E(VDW )=1569.302   E(ELEC)=-20345.054 |
 | E(HARM)=0.867      E(CDIH)=13.048     E(NOE )=0.003                         |
 -------------------------------------------------------------------------------
 --------------- cycle=    14 ------ stepsize=    0.0000 -----------------------
 | Etotal =-11306.699 grad(E)=25.122     E(BOND)=577.990    E(ANGL)=6365.626   |
 | E(DIHE)=115.881    E(IMPR)=395.648    E(VDW )=1569.299   E(ELEC)=-20345.063 |
 | E(HARM)=0.867      E(CDIH)=13.050     E(NOE )=0.003                         |
 -------------------------------------------------------------------------------
 --------------- cycle=    15 ------ stepsize=    0.0000 -----------------------
 | Etotal =-11306.895 grad(E)=25.098     E(BOND)=577.873    E(ANGL)=6365.579   |
 | E(DIHE)=115.883    E(IMPR)=395.620    E(VDW )=1569.297   E(ELEC)=-20345.068 |
 | E(HARM)=0.867      E(CDIH)=13.051     E(NOE )=0.003                         |
 -------------------------------------------------------------------------------
 --------------- cycle=    16 ------ stepsize=    0.0000 -----------------------
 | Etotal =-3327.117  grad(E)=250.433    E(BOND)=577.814    E(ANGL)=6365.556   |
 | E(DIHE)=115.884    E(IMPR)=8375.481   E(VDW )=1569.296   E(ELEC)=-20345.070 |
 | E(HARM)=0.867      E(CDIH)=13.051     E(NOE )=0.003                         |
 -------------------------------------------------------------------------------
 --------------- cycle=    17 ------ stepsize=    0.0000 -----------------------
 | Etotal =-11306.895 grad(E)=25.098     E(BOND)=577.873    E(ANGL)=6365.579   |
 | E(DIHE)=115.883    E(IMPR)=395.620    E(VDW )=1569.297   E(ELEC)=-20345.068 |
 | E(HARM)=0.867      E(CDIH)=13.051     E(NOE )=0.003                         |
 -------------------------------------------------------------------------------
 --------------- cycle=    18 ------ stepsize=    0.0000 -----------------------
 | Etotal =-11306.895 grad(E)=25.098     E(BOND)=577.872    E(ANGL)=6365.579   |
 | E(DIHE)=115.883    E(IMPR)=395.620    E(VDW )=1569.297   E(ELEC)=-20345.068 |
 | E(HARM)=0.867      E(CDIH)=13.051     E(NOE )=0.003                         |
 -------------------------------------------------------------------------------
 --------------- cycle=    19 ------ stepsize=    0.0000 -----------------------
 | Etotal =-3327.120  grad(E)=250.436    E(BOND)=577.843    E(ANGL)=6365.567   |
 | E(DIHE)=115.884    E(IMPR)=8375.437   E(VDW )=1569.297   E(ELEC)=-20345.069 |
 | E(HARM)=0.867      E(CDIH)=13.051     E(NOE )=0.003                         |
 -------------------------------------------------------------------------------
 --------------- cycle=    20 ------ stepsize=    0.0000 -----------------------
 | Etotal =-11306.895 grad(E)=25.098     E(BOND)=577.872    E(ANGL)=6365.579   |
 | E(DIHE)=115.883    E(IMPR)=395.620    E(VDW )=1569.297   E(ELEC)=-20345.068 |
 | E(HARM)=0.867      E(CDIH)=13.051     E(NOE )=0.003                         |
 -------------------------------------------------------------------------------
 --------------- cycle=    21 ------ stepsize=    0.0000 -----------------------
 | Etotal =-11306.895 grad(E)=25.098     E(BOND)=577.872    E(ANGL)=6365.579   |
 | E(DIHE)=115.883    E(IMPR)=395.620    E(VDW )=1569.297   E(ELEC)=-20345.068 |
 | E(HARM)=0.867      E(CDIH)=13.051     E(NOE )=0.003                         |
 -------------------------------------------------------------------------------
 --------------- cycle=    22 ------ stepsize=    0.0000 -----------------------
 | Etotal =-3327.121  grad(E)=250.437    E(BOND)=577.858    E(ANGL)=6365.573   |
 | E(DIHE)=115.883    E(IMPR)=8375.415   E(VDW )=1569.297   E(ELEC)=-20345.068 |
 | E(HARM)=0.867      E(CDIH)=13.051     E(NOE )=0.003                         |
 -------------------------------------------------------------------------------
 --------------- cycle=    23 ------ stepsize=    0.0000 -----------------------
 | Etotal =-11306.895 grad(E)=25.098     E(BOND)=577.872    E(ANGL)=6365.579   |
 | E(DIHE)=115.883    E(IMPR)=395.620    E(VDW )=1569.297   E(ELEC)=-20345.068 |
 | E(HARM)=0.867      E(CDIH)=13.051     E(NOE )=0.003                         |
 -------------------------------------------------------------------------------
 --------------- cycle=    24 ------ stepsize=    0.0000 -----------------------
 | Etotal =-11306.908 grad(E)=25.096     E(BOND)=577.865    E(ANGL)=6365.576   |
 | E(DIHE)=115.883    E(IMPR)=395.618    E(VDW )=1569.297   E(ELEC)=-20345.068 |
 | E(HARM)=0.867      E(CDIH)=13.051     E(NOE )=0.003                         |
 -------------------------------------------------------------------------------
 --------------- cycle=    25 ------ stepsize=    0.0000 -----------------------
 | Etotal =-11306.914 grad(E)=25.095     E(BOND)=577.861    E(ANGL)=6365.575   |
 | E(DIHE)=115.883    E(IMPR)=395.617    E(VDW )=1569.297   E(ELEC)=-20345.068 |
 | E(HARM)=0.867      E(CDIH)=13.051     E(NOE )=0.003                         |
 -------------------------------------------------------------------------------
 --------------- cycle=    26 ------ stepsize=    0.0000 -----------------------
 | Etotal =-3327.121  grad(E)=250.437    E(BOND)=577.860    E(ANGL)=6365.574   |
 | E(DIHE)=115.883    E(IMPR)=8375.412   E(VDW )=1569.297   E(ELEC)=-20345.068 |
 | E(HARM)=0.867      E(CDIH)=13.051     E(NOE )=0.003                         |
 -------------------------------------------------------------------------------
 --------------- cycle=    27 ------ stepsize=    0.0000 -----------------------
 | Etotal =-11306.914 grad(E)=25.095     E(BOND)=577.861    E(ANGL)=6365.575   |
 | E(DIHE)=115.883    E(IMPR)=395.617    E(VDW )=1569.297   E(ELEC)=-20345.068 |
 | E(HARM)=0.867      E(CDIH)=13.051     E(NOE )=0.003                         |
 -------------------------------------------------------------------------------
 --------------- cycle=    28 ------ stepsize=    0.0000 -----------------------
 | Etotal =-3327.121  grad(E)=250.437    E(BOND)=577.861    E(ANGL)=6365.574   |
 | E(DIHE)=115.883    E(IMPR)=8375.411   E(VDW )=1569.297   E(ELEC)=-20345.068 |
 | E(HARM)=0.867      E(CDIH)=13.051     E(NOE )=0.003                         |
 -------------------------------------------------------------------------------
 --------------- cycle=    29 ------ stepsize=    0.0000 -----------------------
 | Etotal =-11306.914 grad(E)=25.095     E(BOND)=577.861    E(ANGL)=6365.575   |
 | E(DIHE)=115.883    E(IMPR)=395.617    E(VDW )=1569.297   E(ELEC)=-20345.068 |
 | E(HARM)=0.867      E(CDIH)=13.051     E(NOE )=0.003                         |
 -------------------------------------------------------------------------------
 --------------- cycle=    30 ------ stepsize=    0.0000 -----------------------
 | Etotal =-3327.121  grad(E)=250.437    E(BOND)=577.861    E(ANGL)=6365.574   |
 | E(DIHE)=115.883    E(IMPR)=8375.410   E(VDW )=1569.297   E(ELEC)=-20345.068 |
 | E(HARM)=0.867      E(CDIH)=13.051     E(NOE )=0.003                         |
 -------------------------------------------------------------------------------
 --------------- cycle=    31 ------ stepsize=    0.0000 -----------------------
 | Etotal =-11306.914 grad(E)=25.095     E(BOND)=577.861    E(ANGL)=6365.575   |
 | E(DIHE)=115.883    E(IMPR)=395.617    E(VDW )=1569.297   E(ELEC)=-20345.068 |
 | E(HARM)=0.867      E(CDIH)=13.051     E(NOE )=0.003                         |
 -------------------------------------------------------------------------------
 --------------- cycle=    32 ------ stepsize=    0.0000 -----------------------
 | Etotal =-11306.914 grad(E)=25.095     E(BOND)=577.861    E(ANGL)=6365.574   |
 | E(DIHE)=115.883    E(IMPR)=395.617    E(VDW )=1569.297   E(ELEC)=-20345.068 |
 | E(HARM)=0.867      E(CDIH)=13.051     E(NOE )=0.003                         |
 -------------------------------------------------------------------------------
 --------------- cycle=    33 ------ stepsize=    0.0000 -----------------------
 | Etotal =-3327.121  grad(E)=250.437    E(BOND)=577.861    E(ANGL)=6365.574   |
 | E(DIHE)=115.883    E(IMPR)=8375.410   E(VDW )=1569.297   E(ELEC)=-20345.068 |
 | E(HARM)=0.867      E(CDIH)=13.051     E(NOE )=0.003                         |
 -------------------------------------------------------------------------------
 --------------- cycle=    34 ------ stepsize=    0.0000 -----------------------
 | Etotal =-11306.914 grad(E)=25.095     E(BOND)=577.861    E(ANGL)=6365.574   |
 | E(DIHE)=115.883    E(IMPR)=395.617    E(VDW )=1569.297   E(ELEC)=-20345.068 |
 | E(HARM)=0.867      E(CDIH)=13.051     E(NOE )=0.003                         |
 -------------------------------------------------------------------------------
 --------------- cycle=    35 ------ stepsize=    0.0000 -----------------------
 | Etotal =-3327.121  grad(E)=250.437    E(BOND)=577.861    E(ANGL)=6365.574   |
 | E(DIHE)=115.883    E(IMPR)=8375.410   E(VDW )=1569.297   E(ELEC)=-20345.068 |
 | E(HARM)=0.867      E(CDIH)=13.051     E(NOE )=0.003                         |
 -------------------------------------------------------------------------------
 --------------- cycle=    36 ------ stepsize=    0.0000 -----------------------
 | Etotal =-11306.914 grad(E)=25.095     E(BOND)=577.861    E(ANGL)=6365.574   |
 | E(DIHE)=115.883    E(IMPR)=395.617    E(VDW )=1569.297   E(ELEC)=-20345.068 |
 | E(HARM)=0.867      E(CDIH)=13.051     E(NOE )=0.003                         |
 -------------------------------------------------------------------------------
 --------------- cycle=    37 ------ stepsize=    0.0000 -----------------------
 | Etotal =-3327.121  grad(E)=250.437    E(BOND)=577.861    E(ANGL)=6365.574   |
 | E(DIHE)=115.883    E(IMPR)=8375.410   E(VDW )=1569.297   E(ELEC)=-20345.068 |
 | E(HARM)=0.867      E(CDIH)=13.051     E(NOE )=0.003                         |
 -------------------------------------------------------------------------------
 --------------- cycle=    38 ------ stepsize=    0.0000 -----------------------
 | Etotal =-11306.914 grad(E)=25.095     E(BOND)=577.861    E(ANGL)=6365.574   |
 | E(DIHE)=115.883    E(IMPR)=395.617    E(VDW )=1569.297   E(ELEC)=-20345.068 |
 | E(HARM)=0.867      E(CDIH)=13.051     E(NOE )=0.003                         |
 -------------------------------------------------------------------------------
 --------------- cycle=    39 ------ stepsize=    0.0000 -----------------------
 | Etotal =-11306.914 grad(E)=25.095     E(BOND)=577.861    E(ANGL)=6365.574   |
 | E(DIHE)=115.883    E(IMPR)=395.617    E(VDW )=1569.297   E(ELEC)=-20345.068 |
 | E(HARM)=0.867      E(CDIH)=13.051     E(NOE )=0.003                         |
 -------------------------------------------------------------------------------
 --------------- cycle=    40 ------ stepsize=    0.0000 -----------------------
 | Etotal =-3327.121  grad(E)=250.437    E(BOND)=577.861    E(ANGL)=6365.574   |
 | E(DIHE)=115.883    E(IMPR)=8375.410   E(VDW )=1569.297   E(ELEC)=-20345.068 |
 | E(HARM)=0.867      E(CDIH)=13.051     E(NOE )=0.003                         |
 -------------------------------------------------------------------------------
 POWELL: STEP number limit. Normal termination
 POWELL: Current coordinates set to last minimum
AUTOMATIC DEFINITION OF FLEXIBLE SEGMENTS BASED ON INTERMOLECULAR PROXIMITY FOR MOLECULE 1
THE FOLLOWING RESIDUES HAVE BEEN DEFINED AS FLEXIBLE for molecule 1
AUTOMATICALLY SELECTED SEGMENT: DG,1,A
AUTOMATICALLY SELECTED SEGMENT: DG,2,A
AUTOMATICALLY SELECTED SEGMENT: DC,3,A
AUTOMATICALLY SELECTED SEGMENT: DG,4,A
AUTOMATICALLY SELECTED SEGMENT: DG,5,A
AUTOMATICALLY SELECTED SEGMENT: DG,6,A
AUTOMATICALLY SELECTED SEGMENT: DT,7,A
AUTOMATICALLY SELECTED SEGMENT: DT,8,A
AUTOMATICALLY SELECTED SEGMENT: DT,9,A
AUTOMATICALLY SELECTED SEGMENT: DT,10,A
AUTOMATICALLY SELECTED SEGMENT: DG,11,A
AUTOMATICALLY SELECTED SEGMENT: DA,12,A
AUTOMATICALLY SELECTED SEGMENT: DG,13,A
AUTOMATICALLY SELECTED SEGMENT: DG,14,A
AUTOMATICALLY SELECTED SEGMENT: DG,15,A
AUTOMATICALLY SELECTED SEGMENT: DT,16,A
AUTOMATICALLY SELECTED SEGMENT: DC,17,A
AUTOMATICALLY SELECTED SEGMENT: DG,18,A
AUTOMATICALLY SELECTED SEGMENT: DC,19,A
AUTOMATICALLY SELECTED SEGMENT: DA,20,A
AUTOMATICALLY SELECTED SEGMENT: DT,21,A
AUTOMATICALLY SELECTED SEGMENT: DC,22,A
AUTOMATICALLY SELECTED SEGMENT: DC,23,A
AUTOMATICALLY SELECTED SEGMENT: DC,24,A
AUTOMATICALLY SELECTED SEGMENT: DG,25,A
AUTOMATICALLY SELECTED SEGMENT: DT,26,A
AUTOMATICALLY SELECTED SEGMENT: DG,27,A
AUTOMATICALLY SELECTED SEGMENT: DG,28,A
AUTOMATICALLY SELECTED SEGMENT: DA,29,A
AUTOMATICALLY SELECTED SEGMENT: DA,30,A
AUTOMATICALLY SELECTED SEGMENT: DA,31,A
AUTOMATICALLY SELECTED SEGMENT: DC,32,A
AUTOMATICALLY SELECTED SEGMENT: DA,33,A
AUTOMATICALLY SELECTED SEGMENT: DG,34,A
AUTOMATICALLY SELECTED SEGMENT: DG,35,A
AUTOMATICALLY SELECTED SEGMENT: DT,36,A
AUTOMATICALLY SELECTED SEGMENT: DT,37,A
AUTOMATICALLY SELECTED SEGMENT: DC,38,A
AUTOMATICALLY SELECTED SEGMENT: DA,39,A
AUTOMATICALLY SELECTED SEGMENT: DT,40,A
AUTOMATICALLY SELECTED SEGMENT: DT,41,A
AUTOMATICALLY SELECTED SEGMENT: DG,42,A
AUTOMATICALLY SELECTED SEGMENT: DT,43,A
AUTOMATICALLY SELECTED SEGMENT: DT,44,A
AUTOMATICALLY SELECTED SEGMENT: DC,45,A
AUTOMATICALLY SELECTED SEGMENT: DC,46,A
AUTOMATICALLY SELECTED SEGMENT: DC,47,A
AUTOMATICALLY SELECTED SEGMENT: DG,48,A
AUTOMATICALLY SELECTED SEGMENT: DC,49,A
AUTOMATICALLY SELECTED SEGMENT: DC,50,A
AUTOMATIC DEFINITION OF FLEXIBLE SEGMENTS BASED ON INTERMOLECULAR PROXIMITY FOR MOLECULE 2
THE FOLLOWING RESIDUES HAVE BEEN DEFINED AS FLEXIBLE for molecule 2
AUTOMATICALLY SELECTED SEGMENT: SAX,1,B
NO FULLY FLEXIBLE SEGMENTS for molecule 1
NO FULLY FLEXIBLE SEGMENTS for molecule 2
FLEXIBILITY STATISTIC FOR MOLECULE 1 : Nres=50 Nrigid=0 Nflex=50
FLEXIBILITY STATISTIC FOR MOLECULE 2 : Nres=1 Nrigid=0 Nflex=1
 DCART: temperature coupling (TCOUpling) enabled
 CENMAS: Information about center of free masses
         position [A]          :      0.56712      0.25926      0.22206
         velocity [A/ps]       :     -0.00111     -0.01149     -0.00943
         ang. mom. [amu A/ps]  :-116005.62632 201488.00271-224012.91759
         kin. ener. [Kcal/mol] :      0.19044
 ROTSTP: CM translation and rotation removed.
 CENMAS: Information about center of free masses
         position [A]          :      0.56712      0.25926      0.22206
         velocity [A/ps]       :      0.00000      0.00000      0.00000
         ang. mom. [amu A/ps]  :      0.00000      0.00000      0.00000
         kin. ener. [Kcal/mol] :      0.00000
 NBONDS: generating intra-molecular exclusion list with mode= 5
 MAKINB: mode   5 found  10617 exclusions and   3933 interactions(1-4)
 NBONDS: found   891934 intra-atom interactions
 -------------------------- Cartesian dynamics start ---------------------------
 | E(kin)+E(total)=-9162.164       E(kin)=2145.394      temperature=100.312    |
 | Etotal =-11307.558 grad(E)=25.095     E(BOND)=577.861    E(ANGL)=6365.574   |
 | E(DIHE)=115.883    E(IMPR)=395.617    E(VDW )=1569.297   E(ELEC)=-20345.068 |
 | E(HARM)=0.224      E(CDIH)=13.051     E(NOE )=0.003                         |
 -------------------------------------------------------------------------------
 NBONDS: found   891871 intra-atom interactions
 NBONDS: found   891890 intra-atom interactions
 NBONDS: found   891888 intra-atom interactions
 NBONDS: found   891858 intra-atom interactions
 NBONDS: found   891857 intra-atom interactions
 NBONDS: found   891860 intra-atom interactions
 NBONDS: found   891776 intra-atom interactions
 NBONDS: found   891782 intra-atom interactions
 NBONDS: found   891827 intra-atom interactions
 NBONDS: found   891774 intra-atom interactions
 NBONDS: found   891708 intra-atom interactions
 -------------------- step=       50 at      0.10000 ps ------------------------
 | E(kin)+E(total)=-12994.318      E(kin)=2459.335      temperature=114.991    |
 | Etotal =-15453.653 grad(E)=31.216     E(BOND)=786.661    E(ANGL)=4968.269   |
 | E(DIHE)=113.991    E(IMPR)=222.994    E(VDW )=1149.743   E(ELEC)=-22723.522 |
 | E(HARM)=14.888     E(CDIH)=7.242      E(NOE )=6.081                         |
 -------------------------------------------------------------------------------
 NBONDS: found   891674 intra-atom interactions
 NBONDS: found   891520 intra-atom interactions
 ----------------- final step=      100 at      0.20000 ps ---------------------
 | E(kin)+E(total)=-15455.024      E(kin)=2302.592      temperature=107.662    |
 | Etotal =-17757.616 grad(E)=22.858     E(BOND)=576.104    E(ANGL)=4633.704   |
 | E(DIHE)=117.884    E(IMPR)=147.694    E(VDW )=989.039    E(ELEC)=-24301.960 |
 | E(HARM)=42.994     E(CDIH)=32.742     E(NOE )=4.185                         |
 -------------------------------------------------------------------------------
 CENMAS: Information about center of free masses
         position [A]          :      0.56717      0.25929      0.22200
         velocity [A/ps]       :      0.00059      0.00016     -0.00048
         ang. mom. [amu A/ps]  :  -8473.32185  -2569.68861  -7099.03613
         kin. ener. [Kcal/mol] :      0.00052
 DCART: temperature coupling (TCOUpling) enabled
 CENMAS: Information about center of free masses
         position [A]          :      0.56717      0.25929      0.22200
         velocity [A/ps]       :      0.00375      0.00309     -0.00932
         ang. mom. [amu A/ps]  : 250344.30691 267984.21121 132354.97733
         kin. ener. [Kcal/mol] :      0.09468
 ROTSTP: CM translation and rotation removed.
 CENMAS: Information about center of free masses
         position [A]          :      0.56717      0.25929      0.22200
         velocity [A/ps]       :     -0.00000      0.00000      0.00000
         ang. mom. [amu A/ps]  :     -0.00000      0.00000     -0.00000
         kin. ener. [Kcal/mol] :      0.00000
 NBONDS: generating intra-molecular exclusion list with mode= 5
 MAKINB: mode   5 found  10617 exclusions and   3933 interactions(1-4)
 NBONDS: found   891525 intra-atom interactions
 -------------------------- Cartesian dynamics start ---------------------------
 | E(kin)+E(total)=-13470.581      E(kin)=4287.035      temperature=200.449    |
 | Etotal =-17757.616 grad(E)=22.858     E(BOND)=576.104    E(ANGL)=4633.704   |
 | E(DIHE)=117.884    E(IMPR)=147.694    E(VDW )=989.039    E(ELEC)=-24301.960 |
 | E(HARM)=42.994     E(CDIH)=32.742     E(NOE )=4.185                         |
 -------------------------------------------------------------------------------
 NBONDS: found   891699 intra-atom interactions
 -------------------- step=       50 at      0.10000 ps ------------------------
 | E(kin)+E(total)=-12083.261      E(kin)=4285.800      temperature=200.391    |
 | Etotal =-16369.062 grad(E)=35.067     E(BOND)=1122.054   E(ANGL)=4917.371   |
 | E(DIHE)=119.275    E(IMPR)=205.649    E(VDW )=1166.085   E(ELEC)=-23982.976 |
 | E(HARM)=48.950     E(CDIH)=32.042     E(NOE )=2.489                         |
 -------------------------------------------------------------------------------
 NBONDS: found   892358 intra-atom interactions
 NBONDS: found   892608 intra-atom interactions
 NBONDS: found   892900 intra-atom interactions
 ----------------- final step=      100 at      0.20000 ps ---------------------
 | E(kin)+E(total)=-12657.448      E(kin)=4376.350      temperature=204.625    |
 | Etotal =-17033.798 grad(E)=34.746     E(BOND)=932.881    E(ANGL)=4922.563   |
 | E(DIHE)=127.171    E(IMPR)=204.020    E(VDW )=1148.337   E(ELEC)=-24472.370 |
 | E(HARM)=72.449     E(CDIH)=27.633     E(NOE )=3.518                         |
 -------------------------------------------------------------------------------
 CENMAS: Information about center of free masses
         position [A]          :      0.56735      0.25934      0.22192
         velocity [A/ps]       :      0.00216      0.00097     -0.00096
         ang. mom. [amu A/ps]  : -12972.01128 -12535.68603 -28648.05817
         kin. ener. [Kcal/mol] :      0.00561
 DCART: temperature coupling (TCOUpling) enabled
 CENMAS: Information about center of free masses
         position [A]          :      0.56735      0.25934      0.22192
         velocity [A/ps]       :      0.00507     -0.01681     -0.01359
         ang. mom. [amu A/ps]  :-233775.87707-235289.45031-107549.04455
         kin. ener. [Kcal/mol] :      0.42257
 ROTSTP: CM translation and rotation removed.
 CENMAS: Information about center of free masses
         position [A]          :      0.56735      0.25934      0.22192
         velocity [A/ps]       :     -0.00000      0.00000     -0.00000
         ang. mom. [amu A/ps]  :      0.00000     -0.00000     -0.00000
         kin. ener. [Kcal/mol] :      0.00000
 NBONDS: generating intra-molecular exclusion list with mode= 5
 MAKINB: mode   5 found  10617 exclusions and   3933 interactions(1-4)
 NBONDS: found   892900 intra-atom interactions
 -------------------------- Cartesian dynamics start ---------------------------
 | E(kin)+E(total)=-10738.819      E(kin)=6294.979      temperature=294.335    |
 | Etotal =-17033.798 grad(E)=34.746     E(BOND)=932.881    E(ANGL)=4922.563   |
 | E(DIHE)=127.171    E(IMPR)=204.020    E(VDW )=1148.337   E(ELEC)=-24472.370 |
 | E(HARM)=72.449     E(CDIH)=27.633     E(NOE )=3.518                         |
 -------------------------------------------------------------------------------
 NBONDS: found   893006 intra-atom interactions
 -------------------- step=       50 at      0.10000 ps ------------------------
 | E(kin)+E(total)=-8962.692       E(kin)=6507.064      temperature=304.251    |
 | Etotal =-15469.756 grad(E)=43.833     E(BOND)=1514.577   E(ANGL)=5230.051   |
 | E(DIHE)=123.067    E(IMPR)=225.265    E(VDW )=1413.734   E(ELEC)=-24127.043 |
 | E(HARM)=83.795     E(CDIH)=61.023     E(NOE )=5.774                         |
 -------------------------------------------------------------------------------
 NBONDS: found   893150 intra-atom interactions
 ----------------- final step=      100 at      0.20000 ps ---------------------
 | E(kin)+E(total)=-9125.877       E(kin)=6578.587      temperature=307.595    |
 | Etotal =-15704.464 grad(E)=44.984     E(BOND)=1381.545   E(ANGL)=5280.006   |
 | E(DIHE)=122.766    E(IMPR)=248.941    E(VDW )=1125.400   E(ELEC)=-24073.245 |
 | E(HARM)=110.024    E(CDIH)=90.613     E(NOE )=9.485                         |
 -------------------------------------------------------------------------------
 CENMAS: Information about center of free masses
         position [A]          :      0.56769      0.25962      0.22180
         velocity [A/ps]       :      0.00345      0.00263     -0.00085
         ang. mom. [amu A/ps]  : -14772.20650 -15039.92043 -17317.66423
         kin. ener. [Kcal/mol] :      0.01675
AUTOMATIC DEFINITION OF FLEXIBLE SEGMENTS BASED ON INTERMOLECULAR PROXIMITY FOR MOLECULE 1
THE FOLLOWING RESIDUES HAVE BEEN DEFINED AS FLEXIBLE for molecule 1
AUTOMATICALLY SELECTED SEGMENT: DG,1,A
AUTOMATICALLY SELECTED SEGMENT: DG,2,A
AUTOMATICALLY SELECTED SEGMENT: DC,3,A
AUTOMATICALLY SELECTED SEGMENT: DG,4,A
AUTOMATICALLY SELECTED SEGMENT: DG,5,A
AUTOMATICALLY SELECTED SEGMENT: DG,6,A
AUTOMATICALLY SELECTED SEGMENT: DT,7,A
AUTOMATICALLY SELECTED SEGMENT: DT,8,A
AUTOMATICALLY SELECTED SEGMENT: DT,9,A
AUTOMATICALLY SELECTED SEGMENT: DT,10,A
AUTOMATICALLY SELECTED SEGMENT: DG,11,A
AUTOMATICALLY SELECTED SEGMENT: DA,12,A
AUTOMATICALLY SELECTED SEGMENT: DG,13,A
AUTOMATICALLY SELECTED SEGMENT: DG,14,A
AUTOMATICALLY SELECTED SEGMENT: DG,15,A
AUTOMATICALLY SELECTED SEGMENT: DT,16,A
AUTOMATICALLY SELECTED SEGMENT: DC,17,A
AUTOMATICALLY SELECTED SEGMENT: DG,18,A
AUTOMATICALLY SELECTED SEGMENT: DC,19,A
AUTOMATICALLY SELECTED SEGMENT: DA,20,A
AUTOMATICALLY SELECTED SEGMENT: DT,21,A
AUTOMATICALLY SELECTED SEGMENT: DC,22,A
AUTOMATICALLY SELECTED SEGMENT: DC,23,A
AUTOMATICALLY SELECTED SEGMENT: DC,24,A
AUTOMATICALLY SELECTED SEGMENT: DG,25,A
AUTOMATICALLY SELECTED SEGMENT: DT,26,A
AUTOMATICALLY SELECTED SEGMENT: DG,27,A
AUTOMATICALLY SELECTED SEGMENT: DG,28,A
AUTOMATICALLY SELECTED SEGMENT: DA,29,A
AUTOMATICALLY SELECTED SEGMENT: DA,30,A
AUTOMATICALLY SELECTED SEGMENT: DA,31,A
AUTOMATICALLY SELECTED SEGMENT: DC,32,A
AUTOMATICALLY SELECTED SEGMENT: DA,33,A
AUTOMATICALLY SELECTED SEGMENT: DG,34,A
AUTOMATICALLY SELECTED SEGMENT: DG,35,A
AUTOMATICALLY SELECTED SEGMENT: DT,36,A
AUTOMATICALLY SELECTED SEGMENT: DT,37,A
AUTOMATICALLY SELECTED SEGMENT: DC,38,A
AUTOMATICALLY SELECTED SEGMENT: DA,39,A
AUTOMATICALLY SELECTED SEGMENT: DT,40,A
AUTOMATICALLY SELECTED SEGMENT: DT,41,A
AUTOMATICALLY SELECTED SEGMENT: DG,42,A
AUTOMATICALLY SELECTED SEGMENT: DT,43,A
AUTOMATICALLY SELECTED SEGMENT: DT,44,A
AUTOMATICALLY SELECTED SEGMENT: DC,45,A
AUTOMATICALLY SELECTED SEGMENT: DC,46,A
AUTOMATICALLY SELECTED SEGMENT: DC,47,A
AUTOMATICALLY SELECTED SEGMENT: DG,48,A
AUTOMATICALLY SELECTED SEGMENT: DC,49,A
AUTOMATICALLY SELECTED SEGMENT: DC,50,A
AUTOMATIC DEFINITION OF FLEXIBLE SEGMENTS BASED ON INTERMOLECULAR PROXIMITY FOR MOLECULE 2
THE FOLLOWING RESIDUES HAVE BEEN DEFINED AS FLEXIBLE for molecule 2
AUTOMATICALLY SELECTED SEGMENT: SAX,1,B
NO FULLY FLEXIBLE SEGMENTS for molecule 1
NO FULLY FLEXIBLE SEGMENTS for molecule 2
FLEXIBILITY STATISTIC FOR MOLECULE 1 : Nres=50 Nrigid=0 Nflex=50
FLEXIBILITY STATISTIC FOR MOLECULE 2 : Nres=1 Nrigid=0 Nflex=1
 DCART: temperature coupling (TCOUpling) enabled
 CENMAS: Information about center of free masses
         position [A]          :      0.56769      0.25962      0.22180
         velocity [A/ps]       :      0.00345      0.00263     -0.00085
         ang. mom. [amu A/ps]  : -14772.20650 -15039.92043 -17317.66423
         kin. ener. [Kcal/mol] :      0.01675
 ROTSTP: CM translation and rotation removed.
 CENMAS: Information about center of free masses
         position [A]          :      0.56769      0.25962      0.22180
         velocity [A/ps]       :      0.00000      0.00000      0.00000
         ang. mom. [amu A/ps]  :      0.00000      0.00000     -0.00000
         kin. ener. [Kcal/mol] :      0.00000
 NBONDS: generating intra-molecular exclusion list with mode= 5
 MAKINB: mode   5 found  10617 exclusions and   3933 interactions(1-4)
 NBONDS: found   893091 intra-atom interactions
 -------------------------- Cartesian dynamics start ---------------------------
 | E(kin)+E(total)=-9268.406       E(kin)=6546.082      temperature=306.076    |
 | Etotal =-15814.488 grad(E)=44.979     E(BOND)=1381.545   E(ANGL)=5280.006   |
 | E(DIHE)=122.766    E(IMPR)=248.941    E(VDW )=1125.400   E(ELEC)=-24073.245 |
 | E(HARM)=0.000      E(CDIH)=90.613     E(NOE )=9.485                         |
 -------------------------------------------------------------------------------
 NBONDS: found   893413 intra-atom interactions
 -------------------- step=       50 at      0.10000 ps ------------------------
 | E(kin)+E(total)=-9692.586       E(kin)=6582.218      temperature=307.765    |
 | Etotal =-16274.804 grad(E)=43.041     E(BOND)=1343.580   E(ANGL)=5205.517   |
 | E(DIHE)=139.838    E(IMPR)=231.986    E(VDW )=965.571    E(ELEC)=-24231.365 |
 | E(HARM)=0.000      E(CDIH)=62.596     E(NOE )=7.473                         |
 -------------------------------------------------------------------------------
 NBONDS: found   894004 intra-atom interactions
 NBONDS: found   894482 intra-atom interactions
 -------------------- step=      100 at      0.20000 ps ------------------------
 | E(kin)+E(total)=-10072.195      E(kin)=6426.622      temperature=300.490    |
 | Etotal =-16498.817 grad(E)=44.362     E(BOND)=1475.088   E(ANGL)=5236.235   |
 | E(DIHE)=135.998    E(IMPR)=245.528    E(VDW )=921.534    E(ELEC)=-24582.383 |
 | E(HARM)=0.000      E(CDIH)=65.036     E(NOE )=4.146                         |
 -------------------------------------------------------------------------------
 NBONDS: found   895310 intra-atom interactions
 -------------------- step=      150 at      0.30000 ps ------------------------
 | E(kin)+E(total)=-10318.195      E(kin)=6568.235      temperature=307.111    |
 | Etotal =-16886.430 grad(E)=41.099     E(BOND)=1302.491   E(ANGL)=5178.233   |
 | E(DIHE)=148.124    E(IMPR)=223.295    E(VDW )=967.126    E(ELEC)=-24777.744 |
 | E(HARM)=0.000      E(CDIH)=64.941     E(NOE )=7.105                         |
 -------------------------------------------------------------------------------
 NBONDS: found   896094 intra-atom interactions
 NBONDS: found   896930 intra-atom interactions
 -------------------- step=      200 at      0.40000 ps ------------------------
 | E(kin)+E(total)=-10588.841      E(kin)=6362.489      temperature=297.491    |
 | Etotal =-16951.330 grad(E)=42.455     E(BOND)=1448.088   E(ANGL)=5236.154   |
 | E(DIHE)=132.498    E(IMPR)=237.390    E(VDW )=1002.496   E(ELEC)=-25072.368 |
 | E(HARM)=0.000      E(CDIH)=58.123     E(NOE )=6.288                         |
 -------------------------------------------------------------------------------
 NBONDS: found   898026 intra-atom interactions
 -------------------- step=      250 at      0.50000 ps ------------------------
 | E(kin)+E(total)=-10784.098      E(kin)=6376.426      temperature=298.143    |
 | Etotal =-17160.524 grad(E)=42.378     E(BOND)=1445.365   E(ANGL)=5221.905   |
 | E(DIHE)=138.478    E(IMPR)=196.928    E(VDW )=1068.492   E(ELEC)=-25321.380 |
 | E(HARM)=0.000      E(CDIH)=81.962     E(NOE )=7.725                         |
 -------------------------------------------------------------------------------
 NBONDS: found   899273 intra-atom interactions
 NBONDS: found   900600 intra-atom interactions
 -------------------- step=      300 at      0.60000 ps ------------------------
 | E(kin)+E(total)=-11014.584      E(kin)=6394.003      temperature=298.965    |
 | Etotal =-17408.587 grad(E)=41.529     E(BOND)=1325.649   E(ANGL)=5181.483   |
 | E(DIHE)=132.617    E(IMPR)=202.702    E(VDW )=1045.846   E(ELEC)=-25394.553 |
 | E(HARM)=0.000      E(CDIH)=89.771     E(NOE )=7.899                         |
 -------------------------------------------------------------------------------
 NBONDS: found   901961 intra-atom interactions
 -------------------- step=      350 at      0.70000 ps ------------------------
 | E(kin)+E(total)=-11192.516      E(kin)=6336.009      temperature=296.253    |
 | Etotal =-17528.525 grad(E)=41.848     E(BOND)=1415.737   E(ANGL)=5164.684   |
 | E(DIHE)=139.790    E(IMPR)=211.709    E(VDW )=1056.233   E(ELEC)=-25604.231 |
 | E(HARM)=0.000      E(CDIH)=76.923     E(NOE )=10.629                        |
 -------------------------------------------------------------------------------
 NBONDS: found   903004 intra-atom interactions
 NBONDS: found   903866 intra-atom interactions
 -------------------- step=      400 at      0.80000 ps ------------------------
 | E(kin)+E(total)=-11312.410      E(kin)=6344.833      temperature=296.666    |
 | Etotal =-17657.243 grad(E)=39.926     E(BOND)=1332.721   E(ANGL)=5176.707   |
 | E(DIHE)=131.503    E(IMPR)=220.792    E(VDW )=1019.239   E(ELEC)=-25618.370 |
 | E(HARM)=0.000      E(CDIH)=68.478     E(NOE )=11.687                        |
 -------------------------------------------------------------------------------
 NBONDS: found   905237 intra-atom interactions
 -------------------- step=      450 at      0.90000 ps ------------------------
 | E(kin)+E(total)=-11380.994      E(kin)=6399.342      temperature=299.214    |
 | Etotal =-17780.337 grad(E)=39.835     E(BOND)=1325.356   E(ANGL)=5147.203   |
 | E(DIHE)=127.758    E(IMPR)=229.028    E(VDW )=1076.320   E(ELEC)=-25745.542 |
 | E(HARM)=0.000      E(CDIH)=52.478     E(NOE )=7.062                         |
 -------------------------------------------------------------------------------
 NBONDS: found   907375 intra-atom interactions
 NBONDS: found   909147 intra-atom interactions
 -------------------- step=      500 at      1.00000 ps ------------------------
 | E(kin)+E(total)=-11457.299      E(kin)=6340.114      temperature=296.445    |
 | Etotal =-17797.413 grad(E)=41.160     E(BOND)=1334.875   E(ANGL)=5137.857   |
 | E(DIHE)=116.878    E(IMPR)=228.998    E(VDW )=1127.023   E(ELEC)=-25825.730 |
 | E(HARM)=0.000      E(CDIH)=68.675     E(NOE )=14.010                        |
 -------------------------------------------------------------------------------
 NBONDS: found   910704 intra-atom interactions
 -------------------- step=      550 at      1.10000 ps ------------------------
 | E(kin)+E(total)=-11501.162      E(kin)=6369.812      temperature=297.834    |
 | Etotal =-17870.974 grad(E)=40.049     E(BOND)=1314.087   E(ANGL)=5110.674   |
 | E(DIHE)=117.472    E(IMPR)=221.899    E(VDW )=1125.140   E(ELEC)=-25829.750 |
 | E(HARM)=0.000      E(CDIH)=62.046     E(NOE )=7.457                         |
 -------------------------------------------------------------------------------
 NBONDS: found   912032 intra-atom interactions
 NBONDS: found   913547 intra-atom interactions
 -------------------- step=      600 at      1.20000 ps ------------------------
 | E(kin)+E(total)=-11512.150      E(kin)=6372.631      temperature=297.965    |
 | Etotal =-17884.781 grad(E)=39.571     E(BOND)=1303.868   E(ANGL)=5138.741   |
 | E(DIHE)=129.970    E(IMPR)=227.976    E(VDW )=1085.991   E(ELEC)=-25830.155 |
 | E(HARM)=0.000      E(CDIH)=48.344     E(NOE )=10.483                        |
 -------------------------------------------------------------------------------
 NBONDS: found   914856 intra-atom interactions
 -------------------- step=      650 at      1.30000 ps ------------------------
 | E(kin)+E(total)=-11566.241      E(kin)=6424.201      temperature=300.377    |
 | Etotal =-17990.442 grad(E)=39.360     E(BOND)=1256.629   E(ANGL)=5112.975   |
 | E(DIHE)=133.803    E(IMPR)=228.410    E(VDW )=1172.679   E(ELEC)=-25968.143 |
 | E(HARM)=0.000      E(CDIH)=60.631     E(NOE )=12.575                        |
 -------------------------------------------------------------------------------
 NBONDS: found   916601 intra-atom interactions
 NBONDS: found   918247 intra-atom interactions
 -------------------- step=      700 at      1.40000 ps ------------------------
 | E(kin)+E(total)=-11691.187      E(kin)=6392.483      temperature=298.894    |
 | Etotal =-18083.670 grad(E)=39.928     E(BOND)=1256.653   E(ANGL)=5121.481   |
 | E(DIHE)=125.694    E(IMPR)=222.219    E(VDW )=1233.147   E(ELEC)=-26126.437 |
 | E(HARM)=0.000      E(CDIH)=76.799     E(NOE )=6.774                         |
 -------------------------------------------------------------------------------
 NBONDS: found   919959 intra-atom interactions
 -------------------- step=      750 at      1.50000 ps ------------------------
 | E(kin)+E(total)=-11742.227      E(kin)=6429.831      temperature=300.640    |
 | Etotal =-18172.058 grad(E)=41.074     E(BOND)=1228.842   E(ANGL)=5112.577   |
 | E(DIHE)=122.803    E(IMPR)=203.404    E(VDW )=1240.473   E(ELEC)=-26158.915 |
 | E(HARM)=0.000      E(CDIH)=67.332     E(NOE )=11.425                        |
 -------------------------------------------------------------------------------
 NBONDS: found   921734 intra-atom interactions
 -------------------- step=      800 at      1.60000 ps ------------------------
 | E(kin)+E(total)=-11780.436      E(kin)=6427.671      temperature=300.539    |
 | Etotal =-18208.107 grad(E)=39.111     E(BOND)=1262.191   E(ANGL)=5076.723   |
 | E(DIHE)=139.655    E(IMPR)=210.440    E(VDW )=1196.078   E(ELEC)=-26170.099 |
 | E(HARM)=0.000      E(CDIH)=65.159     E(NOE )=11.746                        |
 -------------------------------------------------------------------------------
 NBONDS: found   923263 intra-atom interactions
 NBONDS: found   925039 intra-atom interactions
 -------------------- step=      850 at      1.70000 ps ------------------------
 | E(kin)+E(total)=-11758.906      E(kin)=6474.978      temperature=302.751    |
 | Etotal =-18233.884 grad(E)=39.850     E(BOND)=1194.539   E(ANGL)=5078.492   |
 | E(DIHE)=141.919    E(IMPR)=210.564    E(VDW )=1204.898   E(ELEC)=-26132.133 |
 | E(HARM)=0.000      E(CDIH)=60.003     E(NOE )=7.835                         |
 -------------------------------------------------------------------------------
 NBONDS: found   926564 intra-atom interactions
 -------------------- step=      900 at      1.80000 ps ------------------------
 | E(kin)+E(total)=-11700.633      E(kin)=6425.944      temperature=300.458    |
 | Etotal =-18126.578 grad(E)=39.246     E(BOND)=1255.518   E(ANGL)=5122.073   |
 | E(DIHE)=123.304    E(IMPR)=209.939    E(VDW )=1183.183   E(ELEC)=-26092.606 |
 | E(HARM)=0.000      E(CDIH)=61.455     E(NOE )=10.557                        |
 -------------------------------------------------------------------------------
 NBONDS: found   928327 intra-atom interactions
 NBONDS: found   929953 intra-atom interactions
 -------------------- step=      950 at      1.90000 ps ------------------------
 | E(kin)+E(total)=-11738.543      E(kin)=6485.123      temperature=303.225    |
 | Etotal =-18223.666 grad(E)=39.614     E(BOND)=1194.182   E(ANGL)=5086.126   |
 | E(DIHE)=127.093    E(IMPR)=219.125    E(VDW )=1170.983   E(ELEC)=-26100.206 |
 | E(HARM)=0.000      E(CDIH)=64.236     E(NOE )=14.795                        |
 -------------------------------------------------------------------------------
 NBONDS: found   931522 intra-atom interactions
 -------------------- step=     1000 at      2.00000 ps ------------------------
 | E(kin)+E(total)=-11885.325      E(kin)=6430.460      temperature=300.669    |
 | Etotal =-18315.785 grad(E)=38.605     E(BOND)=1250.904   E(ANGL)=5052.669   |
 | E(DIHE)=136.528    E(IMPR)=221.975    E(VDW )=1171.882   E(ELEC)=-26214.762 |
 | E(HARM)=0.000      E(CDIH)=53.397     E(NOE )=11.623                        |
 -------------------------------------------------------------------------------
 NBONDS: found   932988 intra-atom interactions
 NBONDS: found   934185 intra-atom interactions
 -------------------- step=     1050 at      2.10000 ps ------------------------
 | E(kin)+E(total)=-11984.131      E(kin)=6455.351      temperature=301.833    |
 | Etotal =-18439.482 grad(E)=38.644     E(BOND)=1184.932   E(ANGL)=5080.877   |
 | E(DIHE)=132.922    E(IMPR)=211.542    E(VDW )=1144.044   E(ELEC)=-26252.173 |
 | E(HARM)=0.000      E(CDIH)=48.946     E(NOE )=9.429                         |
 -------------------------------------------------------------------------------
 NBONDS: found   935670 intra-atom interactions
 -------------------- step=     1100 at      2.20000 ps ------------------------
 | E(kin)+E(total)=-11986.414      E(kin)=6451.586      temperature=301.657    |
 | Etotal =-18438.000 grad(E)=39.216     E(BOND)=1226.411   E(ANGL)=5069.400   |
 | E(DIHE)=138.092    E(IMPR)=223.274    E(VDW )=1159.788   E(ELEC)=-26309.503 |
 | E(HARM)=0.000      E(CDIH)=45.004     E(NOE )=9.533                         |
 -------------------------------------------------------------------------------
 NBONDS: found   936735 intra-atom interactions
 NBONDS: found   937929 intra-atom interactions
 -------------------- step=     1150 at      2.30000 ps ------------------------
 | E(kin)+E(total)=-11969.276      E(kin)=6423.448      temperature=300.342    |
 | Etotal =-18392.724 grad(E)=40.330     E(BOND)=1219.817   E(ANGL)=5062.919   |
 | E(DIHE)=134.273    E(IMPR)=217.858    E(VDW )=1184.150   E(ELEC)=-26289.450 |
 | E(HARM)=0.000      E(CDIH)=68.220     E(NOE )=9.490                         |
 -------------------------------------------------------------------------------
 NBONDS: found   939099 intra-atom interactions
 -------------------- step=     1200 at      2.40000 ps ------------------------
 | E(kin)+E(total)=-12002.272      E(kin)=6429.720      temperature=300.635    |
 | Etotal =-18431.992 grad(E)=37.952     E(BOND)=1218.754   E(ANGL)=5121.357   |
 | E(DIHE)=120.528    E(IMPR)=211.124    E(VDW )=1163.799   E(ELEC)=-26328.432 |
 | E(HARM)=0.000      E(CDIH)=49.022     E(NOE )=11.856                        |
 -------------------------------------------------------------------------------
 NBONDS: found   940281 intra-atom interactions
 NBONDS: found   941314 intra-atom interactions
 ----------------- final step=     1250 at      2.50000 ps ---------------------
 | E(kin)+E(total)=-12002.677      E(kin)=6442.120      temperature=301.215    |
 | Etotal =-18444.797 grad(E)=39.239     E(BOND)=1214.642   E(ANGL)=5064.383   |
 | E(DIHE)=125.709    E(IMPR)=215.942    E(VDW )=961.847    E(ELEC)=-26103.538 |
 | E(HARM)=0.000      E(CDIH)=65.684     E(NOE )=10.535                        |
 -------------------------------------------------------------------------------
 CENMAS: Information about center of free masses
         position [A]          :      0.56769      0.25962      0.22180
         velocity [A/ps]       :      0.00000      0.00000      0.00000
         ang. mom. [amu A/ps]  :     -0.00000     -0.00000     -0.00000
         kin. ener. [Kcal/mol] :      0.00000
 DCART: temperature coupling (TCOUpling) enabled
 CENMAS: Information about center of free masses
         position [A]          :      0.56769      0.25962      0.22180
         velocity [A/ps]       :      0.00000      0.00000      0.00000
         ang. mom. [amu A/ps]  :     -0.00000     -0.00000     -0.00000
         kin. ener. [Kcal/mol] :      0.00000
 ROTSTP: CM translation and rotation removed.
 CENMAS: Information about center of free masses
         position [A]          :      0.56769      0.25962      0.22180
         velocity [A/ps]       :      0.00000      0.00000      0.00000
         ang. mom. [amu A/ps]  :      0.00000      0.00000     -0.00000
         kin. ener. [Kcal/mol] :      0.00000
 NBONDS: generating intra-molecular exclusion list with mode= 5
 MAKINB: mode   5 found  10617 exclusions and   3933 interactions(1-4)
 NBONDS: found   941425 intra-atom interactions
 -------------------------- Cartesian dynamics start ---------------------------
 | E(kin)+E(total)=-12007.872      E(kin)=6436.925      temperature=300.972    |
 | Etotal =-18444.797 grad(E)=39.239     E(BOND)=1214.642   E(ANGL)=5064.383   |
 | E(DIHE)=125.709    E(IMPR)=215.942    E(VDW )=961.847    E(ELEC)=-26103.538 |
 | E(HARM)=0.000      E(CDIH)=65.684     E(NOE )=10.535                        |
 -------------------------------------------------------------------------------
 NBONDS: found   942801 intra-atom interactions
 -------------------- step=       50 at      0.10000 ps ------------------------
 | E(kin)+E(total)=-11957.014      E(kin)=6467.063      temperature=302.381    |
 | Etotal =-18424.077 grad(E)=38.175     E(BOND)=1254.018   E(ANGL)=5055.980   |
 | E(DIHE)=121.354    E(IMPR)=220.802    E(VDW )=1038.877   E(ELEC)=-26173.464 |
 | E(HARM)=0.000      E(CDIH)=49.906     E(NOE )=8.451                         |
 -------------------------------------------------------------------------------
 NBONDS: found   943725 intra-atom interactions
 NBONDS: found   944639 intra-atom interactions
 -------------------- step=      100 at      0.20000 ps ------------------------
 | E(kin)+E(total)=-12008.006      E(kin)=6444.093      temperature=301.307    |
 | Etotal =-18452.099 grad(E)=39.729     E(BOND)=1216.392   E(ANGL)=5074.067   |
 | E(DIHE)=117.090    E(IMPR)=219.947    E(VDW )=1050.945   E(ELEC)=-26202.067 |
 | E(HARM)=0.000      E(CDIH)=57.667     E(NOE )=13.860                        |
 -------------------------------------------------------------------------------
 NBONDS: found   945540 intra-atom interactions
 -------------------- step=      150 at      0.30000 ps ------------------------
 | E(kin)+E(total)=-12011.998      E(kin)=6434.436      temperature=300.855    |
 | Etotal =-18446.434 grad(E)=38.506     E(BOND)=1258.012   E(ANGL)=5073.507   |
 | E(DIHE)=133.499    E(IMPR)=199.425    E(VDW )=1143.919   E(ELEC)=-26312.833 |
 | E(HARM)=0.000      E(CDIH)=44.439     E(NOE )=13.598                        |
 -------------------------------------------------------------------------------
 NBONDS: found   946699 intra-atom interactions
 NBONDS: found   947493 intra-atom interactions
 -------------------- step=      200 at      0.40000 ps ------------------------
 | E(kin)+E(total)=-12204.700      E(kin)=6377.865      temperature=298.210    |
 | Etotal =-18582.564 grad(E)=38.657     E(BOND)=1245.067   E(ANGL)=5081.487   |
 | E(DIHE)=117.838    E(IMPR)=206.213    E(VDW )=1157.852   E(ELEC)=-26465.144 |
 | E(HARM)=0.000      E(CDIH)=61.779     E(NOE )=12.344                        |
 -------------------------------------------------------------------------------
 NBONDS: found   948527 intra-atom interactions
 -------------------- step=      250 at      0.50000 ps ------------------------
 | E(kin)+E(total)=-12229.052      E(kin)=6421.418      temperature=300.247    |
 | Etotal =-18650.470 grad(E)=38.377     E(BOND)=1241.305   E(ANGL)=5063.923   |
 | E(DIHE)=120.168    E(IMPR)=231.120    E(VDW )=1126.035   E(ELEC)=-26487.336 |
 | E(HARM)=0.000      E(CDIH)=45.107     E(NOE )=9.209                         |
 -------------------------------------------------------------------------------
 NBONDS: found   949422 intra-atom interactions
 -------------------- step=      300 at      0.60000 ps ------------------------
 | E(kin)+E(total)=-12171.730      E(kin)=6359.894      temperature=297.370    |
 | Etotal =-18531.624 grad(E)=40.734     E(BOND)=1247.402   E(ANGL)=5105.664   |
 | E(DIHE)=120.195    E(IMPR)=209.354    E(VDW )=1175.725   E(ELEC)=-26462.920 |
 | E(HARM)=0.000      E(CDIH)=63.079     E(NOE )=9.876                         |
 -------------------------------------------------------------------------------
 NBONDS: found   950331 intra-atom interactions
 NBONDS: found   951268 intra-atom interactions
 -------------------- step=      350 at      0.70000 ps ------------------------
 | E(kin)+E(total)=-12267.132      E(kin)=6437.520      temperature=301.000    |
 | Etotal =-18704.651 grad(E)=38.765     E(BOND)=1217.837   E(ANGL)=5057.409   |
 | E(DIHE)=107.282    E(IMPR)=218.633    E(VDW )=1029.313   E(ELEC)=-26406.515 |
 | E(HARM)=0.000      E(CDIH)=59.218     E(NOE )=12.171                        |
 -------------------------------------------------------------------------------
 NBONDS: found   952207 intra-atom interactions
 -------------------- step=      400 at      0.80000 ps ------------------------
 | E(kin)+E(total)=-12293.368      E(kin)=6419.239      temperature=300.145    |
 | Etotal =-18712.606 grad(E)=38.049     E(BOND)=1215.481   E(ANGL)=5050.010   |
 | E(DIHE)=117.267    E(IMPR)=226.296    E(VDW )=1029.404   E(ELEC)=-26411.561 |
 | E(HARM)=0.000      E(CDIH)=43.962     E(NOE )=16.534                        |
 -------------------------------------------------------------------------------
 NBONDS: found   952942 intra-atom interactions
 NBONDS: found   954057 intra-atom interactions
 -------------------- step=      450 at      0.90000 ps ------------------------
 | E(kin)+E(total)=-12302.223      E(kin)=6413.616      temperature=299.882    |
 | Etotal =-18715.839 grad(E)=38.905     E(BOND)=1217.056   E(ANGL)=5081.128   |
 | E(DIHE)=112.507    E(IMPR)=212.237    E(VDW )=1199.693   E(ELEC)=-26618.216 |
 | E(HARM)=0.000      E(CDIH)=65.344     E(NOE )=14.412                        |
 -------------------------------------------------------------------------------
 NBONDS: found   955226 intra-atom interactions
 ----------------- final step=      500 at      1.00000 ps ---------------------
 | E(kin)+E(total)=-12239.957      E(kin)=6365.803      temperature=297.646    |
 | Etotal =-18605.761 grad(E)=39.041     E(BOND)=1251.105   E(ANGL)=5085.187   |
 | E(DIHE)=120.168    E(IMPR)=218.510    E(VDW )=1188.716   E(ELEC)=-26527.700 |
 | E(HARM)=0.000      E(CDIH)=49.706     E(NOE )=8.548                         |
 -------------------------------------------------------------------------------
 CENMAS: Information about center of free masses
         position [A]          :      0.56769      0.25962      0.22180
         velocity [A/ps]       :     -0.00000     -0.00000     -0.00000
         ang. mom. [amu A/ps]  :      0.00000     -0.00000     -0.00000
         kin. ener. [Kcal/mol] :      0.00000
 DCART: temperature coupling (TCOUpling) enabled
 CENMAS: Information about center of free masses
         position [A]          :      0.56769      0.25962      0.22180
         velocity [A/ps]       :     -0.00000     -0.00000     -0.00000
         ang. mom. [amu A/ps]  :      0.00000     -0.00000     -0.00000
         kin. ener. [Kcal/mol] :      0.00000
 ROTSTP: CM translation and rotation removed.
 CENMAS: Information about center of free masses
         position [A]          :      0.56769      0.25962      0.22180
         velocity [A/ps]       :     -0.00000     -0.00000     -0.00000
         ang. mom. [amu A/ps]  :      0.00000      0.00000      0.00000
         kin. ener. [Kcal/mol] :      0.00000
 NBONDS: generating intra-molecular exclusion list with mode= 5
 MAKINB: mode   5 found  10617 exclusions and   3933 interactions(1-4)
 NBONDS: found   955707 intra-atom interactions
 -------------------------- Cartesian dynamics start ---------------------------
 | E(kin)+E(total)=-12657.632      E(kin)=5948.128      temperature=278.117    |
 | Etotal =-18605.761 grad(E)=39.041     E(BOND)=1251.105   E(ANGL)=5085.187   |
 | E(DIHE)=120.168    E(IMPR)=218.510    E(VDW )=1188.716   E(ELEC)=-26527.700 |
 | E(HARM)=0.000      E(CDIH)=49.706     E(NOE )=8.548                         |
 -------------------------------------------------------------------------------
 NBONDS: found   956480 intra-atom interactions
 -------------------- step=       50 at      0.10000 ps ------------------------
 | E(kin)+E(total)=-15567.149      E(kin)=4321.348      temperature=202.054    |
 | Etotal =-19888.496 grad(E)=34.130     E(BOND)=963.632    E(ANGL)=4868.797   |
 | E(DIHE)=112.253    E(IMPR)=175.660    E(VDW )=893.524    E(ELEC)=-26962.800 |
 | E(HARM)=0.000      E(CDIH)=54.813     E(NOE )=5.625                         |
 -------------------------------------------------------------------------------
 NBONDS: found   956936 intra-atom interactions
 -------------------- step=      100 at      0.20000 ps ------------------------
 | E(kin)+E(total)=-16266.495      E(kin)=4318.035      temperature=201.899    |
 | Etotal =-20584.530 grad(E)=31.456     E(BOND)=910.413    E(ANGL)=4767.375   |
 | E(DIHE)=124.806    E(IMPR)=173.161    E(VDW )=876.716    E(ELEC)=-27483.530 |
 | E(HARM)=0.000      E(CDIH)=38.246     E(NOE )=8.284                         |
 -------------------------------------------------------------------------------
 NBONDS: found   957848 intra-atom interactions
 -------------------- step=      150 at      0.30000 ps ------------------------
 | E(kin)+E(total)=-16555.445      E(kin)=4319.503      temperature=201.967    |
 | Etotal =-20874.948 grad(E)=30.698     E(BOND)=874.274    E(ANGL)=4759.163   |
 | E(DIHE)=120.688    E(IMPR)=145.316    E(VDW )=1004.072   E(ELEC)=-27825.723 |
 | E(HARM)=0.000      E(CDIH)=37.277     E(NOE )=9.985                         |
 -------------------------------------------------------------------------------
 NBONDS: found   958555 intra-atom interactions
 -------------------- step=      200 at      0.40000 ps ------------------------
 | E(kin)+E(total)=-16744.060      E(kin)=4291.145      temperature=200.641    |
 | Etotal =-21035.205 grad(E)=30.643     E(BOND)=899.309    E(ANGL)=4757.399   |
 | E(DIHE)=122.997    E(IMPR)=150.252    E(VDW )=1132.279   E(ELEC)=-28147.119 |
 | E(HARM)=0.000      E(CDIH)=43.385     E(NOE )=6.294                         |
 -------------------------------------------------------------------------------
 NBONDS: found   959426 intra-atom interactions
 NBONDS: found   961031 intra-atom interactions
 -------------------- step=      250 at      0.50000 ps ------------------------
 | E(kin)+E(total)=-16882.001      E(kin)=4274.599      temperature=199.868    |
 | Etotal =-21156.600 grad(E)=31.082     E(BOND)=892.934    E(ANGL)=4756.516   |
 | E(DIHE)=113.747    E(IMPR)=157.249    E(VDW )=1198.838   E(ELEC)=-28315.536 |
 | E(HARM)=0.000      E(CDIH)=33.078     E(NOE )=6.573                         |
 -------------------------------------------------------------------------------
 NBONDS: found   962553 intra-atom interactions
 -------------------- step=      300 at      0.60000 ps ------------------------
 | E(kin)+E(total)=-17002.633      E(kin)=4293.230      temperature=200.739    |
 | Etotal =-21295.863 grad(E)=30.106     E(BOND)=898.220    E(ANGL)=4759.888   |
 | E(DIHE)=115.350    E(IMPR)=154.198    E(VDW )=1344.249   E(ELEC)=-28601.076 |
 | E(HARM)=0.000      E(CDIH)=30.411     E(NOE )=2.898                         |
 -------------------------------------------------------------------------------
 NBONDS: found   963939 intra-atom interactions
 -------------------- step=      350 at      0.70000 ps ------------------------
 | E(kin)+E(total)=-17153.655      E(kin)=4284.424      temperature=200.327    |
 | Etotal =-21438.079 grad(E)=29.608     E(BOND)=833.386    E(ANGL)=4732.221   |
 | E(DIHE)=126.426    E(IMPR)=152.439    E(VDW )=1409.639   E(ELEC)=-28737.822 |
 | E(HARM)=0.000      E(CDIH)=37.844     E(NOE )=7.788                         |
 -------------------------------------------------------------------------------
 NBONDS: found   965363 intra-atom interactions
 -------------------- step=      400 at      0.80000 ps ------------------------
 | E(kin)+E(total)=-17181.421      E(kin)=4278.428      temperature=200.047    |
 | Etotal =-21459.849 grad(E)=29.560     E(BOND)=896.858    E(ANGL)=4726.875   |
 | E(DIHE)=115.860    E(IMPR)=155.920    E(VDW )=1450.250   E(ELEC)=-28852.205 |
 | E(HARM)=0.000      E(CDIH)=38.486     E(NOE )=8.107                         |
 -------------------------------------------------------------------------------
 NBONDS: found   967409 intra-atom interactions
 -------------------- step=      450 at      0.90000 ps ------------------------
 | E(kin)+E(total)=-17261.448      E(kin)=4310.776      temperature=201.559    |
 | Etotal =-21572.224 grad(E)=29.574     E(BOND)=848.369    E(ANGL)=4726.311   |
 | E(DIHE)=122.940    E(IMPR)=141.739    E(VDW )=1526.966   E(ELEC)=-28974.996 |
 | E(HARM)=0.000      E(CDIH)=27.583     E(NOE )=8.865                         |
 -------------------------------------------------------------------------------
 NBONDS: found   969120 intra-atom interactions
 NBONDS: found   970974 intra-atom interactions
 ----------------- final step=      500 at      1.00000 ps ---------------------
 | E(kin)+E(total)=-17297.655      E(kin)=4266.402      temperature=199.484    |
 | Etotal =-21564.057 grad(E)=29.583     E(BOND)=896.181    E(ANGL)=4739.371   |
 | E(DIHE)=112.891    E(IMPR)=145.792    E(VDW )=1566.935   E(ELEC)=-29065.654 |
 | E(HARM)=0.000      E(CDIH)=33.490     E(NOE )=6.937                         |
 -------------------------------------------------------------------------------
 CENMAS: Information about center of free masses
         position [A]          :      0.56769      0.25962      0.22180
         velocity [A/ps]       :      0.00000     -0.00000      0.00000
         ang. mom. [amu A/ps]  :      0.00000     -0.00000      0.00000
         kin. ener. [Kcal/mol] :      0.00000
 DCART: temperature coupling (TCOUpling) enabled
 CENMAS: Information about center of free masses
         position [A]          :      0.56769      0.25962      0.22180
         velocity [A/ps]       :      0.00000     -0.00000      0.00000
         ang. mom. [amu A/ps]  :      0.00000     -0.00000      0.00000
         kin. ener. [Kcal/mol] :      0.00000
 ROTSTP: CM translation and rotation removed.
 CENMAS: Information about center of free masses
         position [A]          :      0.56769      0.25962      0.22180
         velocity [A/ps]       :     -0.00000     -0.00000      0.00000
         ang. mom. [amu A/ps]  :      0.00000     -0.00000      0.00000
         kin. ener. [Kcal/mol] :      0.00000
 NBONDS: generating intra-molecular exclusion list with mode= 5
 MAKINB: mode   5 found  10617 exclusions and   3933 interactions(1-4)
 NBONDS: found   971179 intra-atom interactions
 -------------------------- Cartesian dynamics start ---------------------------
 | E(kin)+E(total)=-17723.192      E(kin)=3840.865      temperature=179.588    |
 | Etotal =-21564.057 grad(E)=29.583     E(BOND)=896.181    E(ANGL)=4739.371   |
 | E(DIHE)=112.891    E(IMPR)=145.792    E(VDW )=1566.935   E(ELEC)=-29065.654 |
 | E(HARM)=0.000      E(CDIH)=33.490     E(NOE )=6.937                         |
 -------------------------------------------------------------------------------
 -------------------- step=       50 at      0.10000 ps ------------------------
 | E(kin)+E(total)=-20676.288      E(kin)=2209.156      temperature=103.294    |
 | Etotal =-22885.444 grad(E)=22.331     E(BOND)=611.951    E(ANGL)=4523.669   |
 | E(DIHE)=117.330    E(IMPR)=107.442    E(VDW )=1267.780   E(ELEC)=-29539.406 |
 | E(HARM)=0.000      E(CDIH)=21.986     E(NOE )=3.804                         |
 -------------------------------------------------------------------------------
 NBONDS: found   973052 intra-atom interactions
 -------------------- step=      100 at      0.20000 ps ------------------------
 | E(kin)+E(total)=-21413.702      E(kin)=2183.822      temperature=102.109    |
 | Etotal =-23597.524 grad(E)=20.330     E(BOND)=597.056    E(ANGL)=4478.156   |
 | E(DIHE)=112.920    E(IMPR)=105.267    E(VDW )=1293.027   E(ELEC)=-30207.256 |
 | E(HARM)=0.000      E(CDIH)=17.808     E(NOE )=5.498                         |
 -------------------------------------------------------------------------------
 NBONDS: found   974652 intra-atom interactions
 -------------------- step=      150 at      0.30000 ps ------------------------
 | E(kin)+E(total)=-21710.983      E(kin)=2150.452      temperature=100.549    |
 | Etotal =-23861.436 grad(E)=19.282     E(BOND)=575.191    E(ANGL)=4449.125   |
 | E(DIHE)=117.305    E(IMPR)=98.010     E(VDW )=1438.854   E(ELEC)=-30565.482 |
 | E(HARM)=0.000      E(CDIH)=20.886     E(NOE )=4.675                         |
 -------------------------------------------------------------------------------
 NBONDS: found   976161 intra-atom interactions
 -------------------- step=      200 at      0.40000 ps ------------------------
 | E(kin)+E(total)=-21855.845      E(kin)=2149.369      temperature=100.498    |
 | Etotal =-24005.214 grad(E)=19.379     E(BOND)=580.339    E(ANGL)=4448.551   |
 | E(DIHE)=111.752    E(IMPR)=102.604    E(VDW )=1562.130   E(ELEC)=-30836.521 |
 | E(HARM)=0.000      E(CDIH)=22.211     E(NOE )=3.720                         |
 -------------------------------------------------------------------------------
 NBONDS: found   978301 intra-atom interactions
 -------------------- step=      250 at      0.50000 ps ------------------------
 | E(kin)+E(total)=-21951.931      E(kin)=2143.318      temperature=100.215    |
 | Etotal =-24095.249 grad(E)=19.275     E(BOND)=573.732    E(ANGL)=4440.424   |
 | E(DIHE)=122.840    E(IMPR)=99.844     E(VDW )=1684.538   E(ELEC)=-31038.281 |
 | E(HARM)=0.000      E(CDIH)=16.455     E(NOE )=5.199                         |
 -------------------------------------------------------------------------------
 NBONDS: found   980446 intra-atom interactions
 -------------------- step=      300 at      0.60000 ps ------------------------
 | E(kin)+E(total)=-22109.556      E(kin)=2151.693      temperature=100.607    |
 | Etotal =-24261.249 grad(E)=18.522     E(BOND)=568.455    E(ANGL)=4435.939   |
 | E(DIHE)=118.643    E(IMPR)=99.426     E(VDW )=1801.142   E(ELEC)=-31306.333 |
 | E(HARM)=0.000      E(CDIH)=15.900     E(NOE )=5.580                         |
 -------------------------------------------------------------------------------
 NBONDS: found   982885 intra-atom interactions
 -------------------- step=      350 at      0.70000 ps ------------------------
 | E(kin)+E(total)=-22218.937      E(kin)=2143.546      temperature=100.226    |
 | Etotal =-24362.484 grad(E)=18.357     E(BOND)=571.223    E(ANGL)=4428.271   |
 | E(DIHE)=120.621    E(IMPR)=97.274     E(VDW )=1837.919   E(ELEC)=-31443.162 |
 | E(HARM)=0.000      E(CDIH)=18.646     E(NOE )=6.725                         |
 -------------------------------------------------------------------------------
 NBONDS: found   984956 intra-atom interactions
 -------------------- step=      400 at      0.80000 ps ------------------------
 | E(kin)+E(total)=-22242.296      E(kin)=2141.239      temperature=100.118    |
 | Etotal =-24383.535 grad(E)=17.754     E(BOND)=558.879    E(ANGL)=4433.967   |
 | E(DIHE)=117.403    E(IMPR)=103.088    E(VDW )=1856.759   E(ELEC)=-31477.090 |
 | E(HARM)=0.000      E(CDIH)=18.538     E(NOE )=4.922                         |
 -------------------------------------------------------------------------------
 NBONDS: found   986996 intra-atom interactions
 -------------------- step=      450 at      0.90000 ps ------------------------
 | E(kin)+E(total)=-22242.973      E(kin)=2143.142      temperature=100.207    |
 | Etotal =-24386.114 grad(E)=18.728     E(BOND)=590.174    E(ANGL)=4437.157   |
 | E(DIHE)=122.740    E(IMPR)=97.984     E(VDW )=1915.343   E(ELEC)=-31572.569 |
 | E(HARM)=0.000      E(CDIH)=17.669     E(NOE )=5.387                         |
 -------------------------------------------------------------------------------
 NBONDS: found   989654 intra-atom interactions
 ----------------- final step=      500 at      1.00000 ps ---------------------
 | E(kin)+E(total)=-22314.005      E(kin)=2139.275      temperature=100.026    |
 | Etotal =-24453.280 grad(E)=18.689     E(BOND)=553.481    E(ANGL)=4437.505   |
 | E(DIHE)=117.587    E(IMPR)=100.576    E(VDW )=1891.385   E(ELEC)=-31577.013 |
 | E(HARM)=0.000      E(CDIH)=17.194     E(NOE )=6.006                         |
 -------------------------------------------------------------------------------
 CENMAS: Information about center of free masses
         position [A]          :      0.56769      0.25962      0.22180
         velocity [A/ps]       :     -0.00000      0.00000      0.00000
         ang. mom. [amu A/ps]  :      0.00000      0.00000     -0.00000
         kin. ener. [Kcal/mol] :      0.00000
 POWELL: number of degrees of freedom= 21525
 NBONDS: generating intra-molecular exclusion list with mode= 5
 MAKINB: mode   5 found  10617 exclusions and   3933 interactions(1-4)
 NBONDS: found   990102 intra-atom interactions
 --------------- cycle=     1 ------ stepsize=    0.0000 -----------------------
 | Etotal =-24453.280 grad(E)=18.689     E(BOND)=553.481    E(ANGL)=4437.505   |
 | E(DIHE)=117.587    E(IMPR)=100.576    E(VDW )=1891.385   E(ELEC)=-31577.013 |
 | E(CDIH)=17.194     E(NOE )=6.006                                            |
 -------------------------------------------------------------------------------
 --------------- cycle=     2 ------ stepsize=    0.0000 -----------------------
 | Etotal =-24471.322 grad(E)=17.452     E(BOND)=544.838    E(ANGL)=4430.915   |
 | E(DIHE)=117.782    E(IMPR)=98.925     E(VDW )=1891.319   E(ELEC)=-31577.263 |
 | E(CDIH)=16.157     E(NOE )=6.005                                            |
 -------------------------------------------------------------------------------
 --------------- cycle=     3 ------ stepsize=    0.0000 -----------------------
 | Etotal =-24575.539 grad(E)=15.048     E(BOND)=500.920    E(ANGL)=4384.376   |
 | E(DIHE)=119.618    E(IMPR)=90.095     E(VDW )=1890.758   E(ELEC)=-31579.514 |
 | E(CDIH)=12.208     E(NOE )=6.000                                            |
 -------------------------------------------------------------------------------
 --------------- cycle=     4 ------ stepsize=    0.0000 -----------------------
 | Etotal =-24588.410 grad(E)=20.090     E(BOND)=501.722    E(ANGL)=4369.826   |
 | E(DIHE)=120.580    E(IMPR)=89.741     E(VDW )=1890.504   E(ELEC)=-31580.629 |
 | E(CDIH)=13.847     E(NOE )=5.999                                            |
 -------------------------------------------------------------------------------
 --------------- cycle=     5 ------ stepsize=    0.0000 -----------------------
 | Etotal =-24684.648 grad(E)=19.650     E(BOND)=444.186    E(ANGL)=4334.456   |
 | E(DIHE)=119.151    E(IMPR)=89.978     E(VDW )=1888.485   E(ELEC)=-31587.135 |
 | E(CDIH)=20.260     E(NOE )=5.970                                            |
 -------------------------------------------------------------------------------
 --------------- cycle=     6 ------ stepsize=   -0.0000 -----------------------
 | Etotal =-24693.369 grad(E)=14.566     E(BOND)=435.867    E(ANGL)=4335.193   |
 | E(DIHE)=119.452    E(IMPR)=88.694     E(VDW )=1888.901   E(ELEC)=-31585.681 |
 | E(CDIH)=18.230     E(NOE )=5.975                                            |
 -------------------------------------------------------------------------------
 --------------- cycle=     7 ------ stepsize=    0.0000 -----------------------
 | Etotal =-24764.279 grad(E)=9.642      E(BOND)=402.902    E(ANGL)=4315.781   |
 | E(DIHE)=117.918    E(IMPR)=83.130     E(VDW )=1887.502   E(ELEC)=-31589.692 |
 | E(CDIH)=12.196     E(NOE )=5.983                                            |
 -------------------------------------------------------------------------------
 --------------- cycle=     8 ------ stepsize=    0.0000 -----------------------
 | Etotal =-24770.589 grad(E)=12.178     E(BOND)=400.808    E(ANGL)=4312.916   |
 | E(DIHE)=117.344    E(IMPR)=84.234     E(VDW )=1886.981   E(ELEC)=-31591.296 |
 | E(CDIH)=12.436     E(NOE )=5.988                                            |
 -------------------------------------------------------------------------------
 --------------- cycle=     9 ------ stepsize=    0.0000 -----------------------
 | Etotal =-24807.273 grad(E)=14.354     E(BOND)=383.812    E(ANGL)=4301.087   |
 | E(DIHE)=120.559    E(IMPR)=81.661     E(VDW )=1884.705   E(ELEC)=-31598.136 |
 | E(CDIH)=13.040     E(NOE )=6.001                                            |
 -------------------------------------------------------------------------------
 --------------- cycle=    10 ------ stepsize=   -0.0000 -----------------------
 | Etotal =-24811.470 grad(E)=10.463     E(BOND)=378.030    E(ANGL)=4301.522   |
 | E(DIHE)=119.770    E(IMPR)=81.922     E(VDW )=1885.238   E(ELEC)=-31596.477 |
 | E(CDIH)=12.529     E(NOE )=5.997                                            |
 -------------------------------------------------------------------------------
 --------------- cycle=    11 ------ stepsize=    0.0000 -----------------------
 | Etotal =-24842.684 grad(E)=7.284      E(BOND)=367.190    E(ANGL)=4293.149   |
 | E(DIHE)=119.414    E(IMPR)=78.834     E(VDW )=1882.912   E(ELEC)=-31601.292 |
 | E(CDIH)=11.117     E(NOE )=5.992                                            |
 -------------------------------------------------------------------------------
 --------------- cycle=    12 ------ stepsize=    0.0000 -----------------------
 | Etotal =-24842.721 grad(E)=7.535      E(BOND)=367.424    E(ANGL)=4293.095   |
 | E(DIHE)=119.401    E(IMPR)=78.861     E(VDW )=1882.831   E(ELEC)=-31601.464 |
 | E(CDIH)=11.139     E(NOE )=5.992                                            |
 -------------------------------------------------------------------------------
 --------------- cycle=    13 ------ stepsize=    0.0000 -----------------------
 | Etotal =-24859.300 grad(E)=6.986      E(BOND)=363.287    E(ANGL)=4290.007   |
 | E(DIHE)=118.575    E(IMPR)=76.882     E(VDW )=1880.662   E(ELEC)=-31605.893 |
 | E(CDIH)=11.198     E(NOE )=5.980                                            |
 -------------------------------------------------------------------------------
 --------------- cycle=    14 ------ stepsize=    0.0000 -----------------------
 | Etotal =-24859.309 grad(E)=7.149      E(BOND)=363.476    E(ANGL)=4290.002   |
 | E(DIHE)=118.556    E(IMPR)=76.846     E(VDW )=1880.611   E(ELEC)=-31605.997 |
 | E(CDIH)=11.217     E(NOE )=5.980                                            |
 -------------------------------------------------------------------------------
 --------------- cycle=    15 ------ stepsize=    0.0000 -----------------------
 | Etotal =-24878.021 grad(E)=5.371      E(BOND)=358.665    E(ANGL)=4284.944   |
 | E(DIHE)=120.301    E(IMPR)=74.905     E(VDW )=1877.466   E(ELEC)=-31611.484 |
 | E(CDIH)=11.239     E(NOE )=5.942                                            |
 -------------------------------------------------------------------------------
 --------------- cycle=    16 ------ stepsize=    0.0000 -----------------------
 | Etotal =-24879.298 grad(E)=6.768      E(BOND)=359.964    E(ANGL)=4284.443   |
 | E(DIHE)=120.904    E(IMPR)=74.843     E(VDW )=1876.413   E(ELEC)=-31613.339 |
 | E(CDIH)=11.545     E(NOE )=5.930                                            |
 -------------------------------------------------------------------------------
 --------------- cycle=    17 ------ stepsize=    0.0000 -----------------------
 | Etotal =-24897.124 grad(E)=7.705      E(BOND)=362.302    E(ANGL)=4280.003   |
 | E(DIHE)=120.709    E(IMPR)=74.070     E(VDW )=1871.523   E(ELEC)=-31622.286 |
 | E(CDIH)=10.714     E(NOE )=5.841                                            |
 -------------------------------------------------------------------------------
 --------------- cycle=    18 ------ stepsize=   -0.0000 -----------------------
 | Etotal =-24897.125 grad(E)=7.669      E(BOND)=362.231    E(ANGL)=4280.008   |
 | E(DIHE)=120.710    E(IMPR)=74.070     E(VDW )=1871.545   E(ELEC)=-31622.245 |
 | E(CDIH)=10.714     E(NOE )=5.842                                            |
 -------------------------------------------------------------------------------
 --------------- cycle=    19 ------ stepsize=    0.0000 -----------------------
 | Etotal =-24919.609 grad(E)=5.890      E(BOND)=360.232    E(ANGL)=4276.655   |
 | E(DIHE)=120.501    E(IMPR)=73.746     E(VDW )=1865.965   E(ELEC)=-31632.586 |
 | E(CDIH)=10.130     E(NOE )=5.749                                            |
 -------------------------------------------------------------------------------
 --------------- cycle=    20 ------ stepsize=    0.0000 -----------------------
 | Etotal =-24921.254 grad(E)=7.496      E(BOND)=363.163    E(ANGL)=4277.129   |
 | E(DIHE)=120.448    E(IMPR)=74.158     E(VDW )=1864.022   E(ELEC)=-31636.235 |
 | E(CDIH)=10.344     E(NOE )=5.718                                            |
 -------------------------------------------------------------------------------
 --------------- cycle=    21 ------ stepsize=    0.0000 -----------------------
 | Etotal =-24945.793 grad(E)=7.861      E(BOND)=365.247    E(ANGL)=4275.914   |
 | E(DIHE)=120.774    E(IMPR)=72.367     E(VDW )=1855.826   E(ELEC)=-31651.699 |
 | E(CDIH)=10.169     E(NOE )=5.609                                            |
 -------------------------------------------------------------------------------
 --------------- cycle=    22 ------ stepsize=    0.0000 -----------------------
 | Etotal =-24945.895 grad(E)=8.385      E(BOND)=366.450    E(ANGL)=4276.199   |
 | E(DIHE)=120.798    E(IMPR)=72.322     E(VDW )=1855.272   E(ELEC)=-31652.759 |
 | E(CDIH)=10.221     E(NOE )=5.602                                            |
 -------------------------------------------------------------------------------
 --------------- cycle=    23 ------ stepsize=    0.0000 -----------------------
 | Etotal =-24966.460 grad(E)=9.277      E(BOND)=370.874    E(ANGL)=4278.830   |
 | E(DIHE)=121.215    E(IMPR)=70.954     E(VDW )=1846.074   E(ELEC)=-31670.646 |
 | E(CDIH)=10.727     E(NOE )=5.510                                            |
 -------------------------------------------------------------------------------
 --------------- cycle=    24 ------ stepsize=   -0.0000 -----------------------
 | Etotal =-24967.037 grad(E)=7.872      E(BOND)=367.861    E(ANGL)=4277.737   |
 | E(DIHE)=121.153    E(IMPR)=70.973     E(VDW )=1847.357   E(ELEC)=-31668.113 |
 | E(CDIH)=10.472     E(NOE )=5.523                                            |
 -------------------------------------------------------------------------------
 --------------- cycle=    25 ------ stepsize=    0.0000 -----------------------
 | Etotal =-24987.256 grad(E)=7.069      E(BOND)=368.846    E(ANGL)=4279.544   |
 | E(DIHE)=121.744    E(IMPR)=70.026     E(VDW )=1840.225   E(ELEC)=-31683.704 |
 | E(CDIH)=10.586     E(NOE )=5.476                                            |
 -------------------------------------------------------------------------------
 --------------- cycle=    26 ------ stepsize=    0.0000 -----------------------
 | Etotal =-24987.403 grad(E)=7.689      E(BOND)=370.164    E(ANGL)=4280.035   |
 | E(DIHE)=121.801    E(IMPR)=70.028     E(VDW )=1839.575   E(ELEC)=-31685.147 |
 | E(CDIH)=10.669     E(NOE )=5.472                                            |
 -------------------------------------------------------------------------------
 --------------- cycle=    27 ------ stepsize=    0.0000 -----------------------
 | Etotal =-25012.051 grad(E)=6.393      E(BOND)=369.873    E(ANGL)=4283.438   |
 | E(DIHE)=122.097    E(IMPR)=68.596     E(VDW )=1831.453   E(ELEC)=-31702.473 |
 | E(CDIH)=9.535      E(NOE )=5.431                                            |
 -------------------------------------------------------------------------------
 --------------- cycle=    28 ------ stepsize=    0.0000 -----------------------
 | Etotal =-25013.967 grad(E)=8.272      E(BOND)=374.293    E(ANGL)=4286.273   |
 | E(DIHE)=122.208    E(IMPR)=68.682     E(VDW )=1828.541   E(ELEC)=-31708.819 |
 | E(CDIH)=9.437      E(NOE )=5.417                                            |
 -------------------------------------------------------------------------------
 --------------- cycle=    29 ------ stepsize=    0.0000 -----------------------
 | Etotal =-25042.874 grad(E)=8.136      E(BOND)=378.390    E(ANGL)=4289.278   |
 | E(DIHE)=122.710    E(IMPR)=68.171     E(VDW )=1817.420   E(ELEC)=-31733.767 |
 | E(CDIH)=9.589      E(NOE )=5.335                                            |
 -------------------------------------------------------------------------------
 --------------- cycle=    30 ------ stepsize=    0.0000 -----------------------
 | Etotal =-25043.101 grad(E)=8.888      E(BOND)=380.535    E(ANGL)=4290.072   |
 | E(DIHE)=122.765    E(IMPR)=68.255     E(VDW )=1816.374   E(ELEC)=-31736.177 |
 | E(CDIH)=9.748      E(NOE )=5.328                                            |
 -------------------------------------------------------------------------------
 --------------- cycle=    31 ------ stepsize=    0.0000 -----------------------
 | Etotal =-25080.567 grad(E)=7.754      E(BOND)=383.820    E(ANGL)=4289.262   |
 | E(DIHE)=122.039    E(IMPR)=68.575     E(VDW )=1804.442   E(ELEC)=-31764.122 |
 | E(CDIH)=10.204     E(NOE )=5.212                                            |
 -------------------------------------------------------------------------------
 --------------- cycle=    32 ------ stepsize=    0.0000 -----------------------
 | Etotal =-25083.901 grad(E)=10.256     E(BOND)=392.390    E(ANGL)=4291.573   |
 | E(DIHE)=121.769    E(IMPR)=69.765     E(VDW )=1799.876   E(ELEC)=-31775.259 |
 | E(CDIH)=10.815     E(NOE )=5.170                                            |
 -------------------------------------------------------------------------------
 --------------- cycle=    33 ------ stepsize=    0.0000 -----------------------
 | Etotal =-25124.455 grad(E)=10.048     E(BOND)=403.207    E(ANGL)=4295.237   |
 | E(DIHE)=122.094    E(IMPR)=68.842     E(VDW )=1784.379   E(ELEC)=-31814.477 |
 | E(CDIH)=11.240     E(NOE )=5.022                                            |
 -------------------------------------------------------------------------------
 --------------- cycle=    34 ------ stepsize=   -0.0000 -----------------------
 | Etotal =-25124.457 grad(E)=9.984      E(BOND)=402.968    E(ANGL)=4295.160   |
 | E(DIHE)=122.092    E(IMPR)=68.832     E(VDW )=1784.473   E(ELEC)=-31814.227 |
 | E(CDIH)=11.223     E(NOE )=5.022                                            |
 -------------------------------------------------------------------------------
 --------------- cycle=    35 ------ stepsize=    0.0000 -----------------------
 | Etotal =-25162.750 grad(E)=11.674     E(BOND)=411.238    E(ANGL)=4297.365   |
 | E(DIHE)=122.481    E(IMPR)=69.120     E(VDW )=1770.670   E(ELEC)=-31849.239 |
 | E(CDIH)=10.751     E(NOE )=4.866                                            |
 -------------------------------------------------------------------------------
 --------------- cycle=    36 ------ stepsize=   -0.0000 -----------------------
 | Etotal =-25162.750 grad(E)=11.637     E(BOND)=411.129    E(ANGL)=4297.333   |
 | E(DIHE)=122.480    E(IMPR)=69.110     E(VDW )=1770.712   E(ELEC)=-31849.128 |
 | E(CDIH)=10.748     E(NOE )=4.866                                            |
 -------------------------------------------------------------------------------
 --------------- cycle=    37 ------ stepsize=    0.0000 -----------------------
 | Etotal =-25203.728 grad(E)=9.167      E(BOND)=410.743    E(ANGL)=4302.319   |
 | E(DIHE)=123.195    E(IMPR)=69.886     E(VDW )=1758.339   E(ELEC)=-31882.845 |
 | E(CDIH)=9.902      E(NOE )=4.733                                            |
 -------------------------------------------------------------------------------
 --------------- cycle=    38 ------ stepsize=    0.0000 -----------------------
 | Etotal =-25203.927 grad(E)=9.813      E(BOND)=412.639    E(ANGL)=4303.299   |
 | E(DIHE)=123.251    E(IMPR)=70.098     E(VDW )=1757.471   E(ELEC)=-31885.350 |
 | E(CDIH)=9.942      E(NOE )=4.724                                            |
 -------------------------------------------------------------------------------
 --------------- cycle=    39 ------ stepsize=    0.0000 -----------------------
 | Etotal =-25239.681 grad(E)=8.547      E(BOND)=407.676    E(ANGL)=4304.001   |
 | E(DIHE)=123.592    E(IMPR)=70.668     E(VDW )=1748.613   E(ELEC)=-31908.988 |
 | E(CDIH)=10.107     E(NOE )=4.651                                            |
 -------------------------------------------------------------------------------
 --------------- cycle=    40 ------ stepsize=    0.0000 -----------------------
 | Etotal =-25241.527 grad(E)=10.616     E(BOND)=411.542    E(ANGL)=4305.680   |
 | E(DIHE)=123.702    E(IMPR)=71.723     E(VDW )=1746.242   E(ELEC)=-31915.680 |
 | E(CDIH)=10.632     E(NOE )=4.632                                            |
 -------------------------------------------------------------------------------
 --------------- cycle=    41 ------ stepsize=    0.0000 -----------------------
 | Etotal =-25284.284 grad(E)=9.531      E(BOND)=406.796    E(ANGL)=4303.179   |
 | E(DIHE)=123.438    E(IMPR)=73.442     E(VDW )=1736.147   E(ELEC)=-31943.175 |
 | E(CDIH)=11.340     E(NOE )=4.549                                            |
 -------------------------------------------------------------------------------
 --------------- cycle=    42 ------ stepsize=    0.0000 -----------------------
 | Etotal =-25285.101 grad(E)=10.915     E(BOND)=410.270    E(ANGL)=4303.977   |
 | E(DIHE)=123.409    E(IMPR)=73.931     E(VDW )=1734.672   E(ELEC)=-31947.509 |
 | E(CDIH)=11.611     E(NOE )=4.538                                            |
 -------------------------------------------------------------------------------
 --------------- cycle=    43 ------ stepsize=    0.0000 -----------------------
 | Etotal =-25326.497 grad(E)=9.395      E(BOND)=403.629    E(ANGL)=4305.073   |
 | E(DIHE)=123.594    E(IMPR)=76.367     E(VDW )=1724.604   E(ELEC)=-31975.497 |
 | E(CDIH)=11.258     E(NOE )=4.475                                            |
 -------------------------------------------------------------------------------
 --------------- cycle=    44 ------ stepsize=   -0.0000 -----------------------
 | Etotal =-25326.599 grad(E)=8.936      E(BOND)=402.666    E(ANGL)=4304.649   |
 | E(DIHE)=123.581    E(IMPR)=76.019     E(VDW )=1725.038   E(ELEC)=-31974.182 |
 | E(CDIH)=11.152     E(NOE )=4.478                                            |
 -------------------------------------------------------------------------------
 --------------- cycle=    45 ------ stepsize=    0.0000 -----------------------
 | Etotal =-25356.402 grad(E)=7.850      E(BOND)=397.085    E(ANGL)=4300.315   |
 | E(DIHE)=124.174    E(IMPR)=76.638     E(VDW )=1719.079   E(ELEC)=-31988.704 |
 | E(CDIH)=10.558     E(NOE )=4.453                                            |
 -------------------------------------------------------------------------------
 --------------- cycle=    46 ------ stepsize=    0.0000 -----------------------
 | Etotal =-25356.555 grad(E)=8.425      E(BOND)=398.170    E(ANGL)=4300.431   |
 | E(DIHE)=124.220    E(IMPR)=76.748     E(VDW )=1718.654   E(ELEC)=-31989.810 |
 | E(CDIH)=10.581     E(NOE )=4.451                                            |
 -------------------------------------------------------------------------------
 --------------- cycle=    47 ------ stepsize=    0.0000 -----------------------
 | Etotal =-25381.323 grad(E)=7.149      E(BOND)=395.012    E(ANGL)=4296.944   |
 | E(DIHE)=123.428    E(IMPR)=75.846     E(VDW )=1713.386   E(ELEC)=-32000.519 |
 | E(CDIH)=10.114     E(NOE )=4.466                                            |
 -------------------------------------------------------------------------------
 --------------- cycle=    48 ------ stepsize=   -0.0000 -----------------------
 | Etotal =-25381.443 grad(E)=6.661      E(BOND)=394.143    E(ANGL)=4296.779   |
 | E(DIHE)=123.479    E(IMPR)=75.755     E(VDW )=1713.706   E(ELEC)=-31999.827 |
 | E(CDIH)=10.057     E(NOE )=4.465                                            |
 -------------------------------------------------------------------------------
 --------------- cycle=    49 ------ stepsize=    0.0000 -----------------------
 | Etotal =-25398.895 grad(E)=5.917      E(BOND)=388.540    E(ANGL)=4292.489   |
 | E(DIHE)=124.263    E(IMPR)=74.497     E(VDW )=1710.756   E(ELEC)=-32004.123 |
 | E(CDIH)=10.197     E(NOE )=4.486                                            |
 -------------------------------------------------------------------------------
 --------------- cycle=    50 ------ stepsize=    0.0000 -----------------------
 | Etotal =-25399.157 grad(E)=6.674      E(BOND)=389.238    E(ANGL)=4292.336   |
 | E(DIHE)=124.372    E(IMPR)=74.439     E(VDW )=1710.368   E(ELEC)=-32004.714 |
 | E(CDIH)=10.316     E(NOE )=4.489                                            |
 -------------------------------------------------------------------------------
 --------------- cycle=    51 ------ stepsize=    0.0000 -----------------------
 | Etotal =-25415.246 grad(E)=7.404      E(BOND)=383.540    E(ANGL)=4288.562   |
 | E(DIHE)=124.500    E(IMPR)=74.020     E(VDW )=1707.014   E(ELEC)=-32007.887 |
 | E(CDIH)=10.468     E(NOE )=4.537                                            |
 -------------------------------------------------------------------------------
 --------------- cycle=    52 ------ stepsize=   -0.0000 -----------------------
 | Etotal =-25415.382 grad(E)=6.759      E(BOND)=383.029    E(ANGL)=4288.568   |
 | E(DIHE)=124.484    E(IMPR)=73.939     E(VDW )=1707.283   E(ELEC)=-32007.622 |
 | E(CDIH)=10.404     E(NOE )=4.533                                            |
 -------------------------------------------------------------------------------
 --------------- cycle=    53 ------ stepsize=    0.0000 -----------------------
 | Etotal =-25432.126 grad(E)=7.333      E(BOND)=379.845    E(ANGL)=4283.385   |
 | E(DIHE)=123.591    E(IMPR)=73.576     E(VDW )=1704.437   E(ELEC)=-32011.547 |
 | E(CDIH)=10.021     E(NOE )=4.567                                            |
 -------------------------------------------------------------------------------
 --------------- cycle=    54 ------ stepsize=    0.0000 -----------------------
 | Etotal =-25432.144 grad(E)=7.573      E(BOND)=380.125    E(ANGL)=4283.312   |
 | E(DIHE)=123.562    E(IMPR)=73.589     E(VDW )=1704.348   E(ELEC)=-32011.677 |
 | E(CDIH)=10.030     E(NOE )=4.568                                            |
 -------------------------------------------------------------------------------
 --------------- cycle=    55 ------ stepsize=    0.0000 -----------------------
 | Etotal =-25451.612 grad(E)=6.376      E(BOND)=373.292    E(ANGL)=4278.609   |
 | E(DIHE)=123.213    E(IMPR)=73.927     E(VDW )=1701.523   E(ELEC)=-32016.560 |
 | E(CDIH)=9.795      E(NOE )=4.589                                            |
 -------------------------------------------------------------------------------
 --------------- cycle=    56 ------ stepsize=    0.0000 -----------------------
 | Etotal =-25452.131 grad(E)=7.462      E(BOND)=374.097    E(ANGL)=4278.386   |
 | E(DIHE)=123.158    E(IMPR)=74.230     E(VDW )=1701.017   E(ELEC)=-32017.493 |
 | E(CDIH)=9.880      E(NOE )=4.594                                            |
 -------------------------------------------------------------------------------
 --------------- cycle=    57 ------ stepsize=    0.0000 -----------------------
 | Etotal =-25474.117 grad(E)=7.271      E(BOND)=368.555    E(ANGL)=4274.625   |
 | E(DIHE)=122.879    E(IMPR)=73.614     E(VDW )=1698.131   E(ELEC)=-32026.030 |
 | E(CDIH)=9.502      E(NOE )=4.607                                            |
 -------------------------------------------------------------------------------
 --------------- cycle=    58 ------ stepsize=    0.0000 -----------------------
 | Etotal =-25474.510 grad(E)=8.307      E(BOND)=369.786    E(ANGL)=4274.660   |
 | E(DIHE)=122.838    E(IMPR)=73.629     E(VDW )=1697.729   E(ELEC)=-32027.330 |
 | E(CDIH)=9.567      E(NOE )=4.610                                            |
 -------------------------------------------------------------------------------
 --------------- cycle=    59 ------ stepsize=    0.0000 -----------------------
 | Etotal =-25498.617 grad(E)=6.564      E(BOND)=365.260    E(ANGL)=4272.931   |
 | E(DIHE)=122.020    E(IMPR)=72.282     E(VDW )=1694.793   E(ELEC)=-32039.869 |
 | E(CDIH)=9.365      E(NOE )=4.601                                            |
 -------------------------------------------------------------------------------
 --------------- cycle=    60 ------ stepsize=    0.0000 -----------------------
 | Etotal =-25498.761 grad(E)=7.079      E(BOND)=366.095    E(ANGL)=4273.218   |
 | E(DIHE)=121.954    E(IMPR)=72.290     E(VDW )=1694.575   E(ELEC)=-32040.915 |
 | E(CDIH)=9.421      E(NOE )=4.601                                            |
 -------------------------------------------------------------------------------
 --------------- cycle=    61 ------ stepsize=    0.0000 -----------------------
 | Etotal =-25516.726 grad(E)=6.003      E(BOND)=365.957    E(ANGL)=4272.093   |
 | E(DIHE)=122.693    E(IMPR)=70.634     E(VDW )=1692.614   E(ELEC)=-32054.247 |
 | E(CDIH)=8.954      E(NOE )=4.576                                            |
 -------------------------------------------------------------------------------
 --------------- cycle=    62 ------ stepsize=    0.0000 -----------------------
 | Etotal =-25516.733 grad(E)=6.120      E(BOND)=366.179    E(ANGL)=4272.153   |
 | E(DIHE)=122.708    E(IMPR)=70.618     E(VDW )=1692.579   E(ELEC)=-32054.511 |
 | E(CDIH)=8.965      E(NOE )=4.576                                            |
 -------------------------------------------------------------------------------
 --------------- cycle=    63 ------ stepsize=    0.0000 -----------------------
 | Etotal =-25532.385 grad(E)=4.929      E(BOND)=365.310    E(ANGL)=4272.894   |
 | E(DIHE)=122.078    E(IMPR)=69.635     E(VDW )=1691.294   E(ELEC)=-32067.107 |
 | E(CDIH)=8.980      E(NOE )=4.532                                            |
 -------------------------------------------------------------------------------
 --------------- cycle=    64 ------ stepsize=    0.0000 -----------------------
 | Etotal =-25532.828 grad(E)=5.782      E(BOND)=366.842    E(ANGL)=4273.621   |
 | E(DIHE)=121.957    E(IMPR)=69.671     E(VDW )=1691.065   E(ELEC)=-32069.608 |
 | E(CDIH)=9.100      E(NOE )=4.524                                            |
 -------------------------------------------------------------------------------
 --------------- cycle=    65 ------ stepsize=    0.0000 -----------------------
 | Etotal =-25547.036 grad(E)=6.107      E(BOND)=368.814    E(ANGL)=4274.433   |
 | E(DIHE)=123.104    E(IMPR)=68.322     E(VDW )=1689.727   E(ELEC)=-32084.667 |
 | E(CDIH)=8.765      E(NOE )=4.466                                            |
 -------------------------------------------------------------------------------
 --------------- cycle=    66 ------ stepsize=   -0.0000 -----------------------
 | Etotal =-25547.038 grad(E)=6.039      E(BOND)=368.692    E(ANGL)=4274.386   |
 | E(DIHE)=123.091    E(IMPR)=68.328     E(VDW )=1689.740   E(ELEC)=-32084.501 |
 | E(CDIH)=8.759      E(NOE )=4.467                                            |
 -------------------------------------------------------------------------------
 --------------- cycle=    67 ------ stepsize=    0.0000 -----------------------
 | Etotal =-25559.336 grad(E)=7.075      E(BOND)=372.364    E(ANGL)=4275.633   |
 | E(DIHE)=121.964    E(IMPR)=68.525     E(VDW )=1688.365   E(ELEC)=-32099.466 |
 | E(CDIH)=8.873      E(NOE )=4.406                                            |
 -------------------------------------------------------------------------------
 --------------- cycle=    68 ------ stepsize=   -0.0000 -----------------------
 | Etotal =-25559.563 grad(E)=6.195      E(BOND)=370.734    E(ANGL)=4275.160   |
 | E(DIHE)=122.093    E(IMPR)=68.416     E(VDW )=1688.515   E(ELEC)=-32097.690 |
 | E(CDIH)=8.797      E(NOE )=4.413                                            |
 -------------------------------------------------------------------------------
 --------------- cycle=    69 ------ stepsize=    0.0000 -----------------------
 | Etotal =-25575.233 grad(E)=5.441      E(BOND)=371.765    E(ANGL)=4275.155   |
 | E(DIHE)=119.960    E(IMPR)=68.200     E(VDW )=1687.510   E(ELEC)=-32110.674 |
 | E(CDIH)=8.485      E(NOE )=4.367                                            |
 -------------------------------------------------------------------------------
 --------------- cycle=    70 ------ stepsize=    0.0000 -----------------------
 | Etotal =-25576.288 grad(E)=6.962      E(BOND)=374.863    E(ANGL)=4276.066   |
 | E(DIHE)=119.273    E(IMPR)=68.396     E(VDW )=1687.220   E(ELEC)=-32115.025 |
 | E(CDIH)=8.569      E(NOE )=4.352                                            |
 -------------------------------------------------------------------------------
 --------------- cycle=    71 ------ stepsize=    0.0000 -----------------------
 | Etotal =-25589.806 grad(E)=7.290      E(BOND)=377.972    E(ANGL)=4276.851   |
 | E(DIHE)=118.849    E(IMPR)=68.057     E(VDW )=1686.050   E(ELEC)=-32130.634 |
 | E(CDIH)=8.733      E(NOE )=4.317                                            |
 -------------------------------------------------------------------------------
 --------------- cycle=    72 ------ stepsize=   -0.0000 -----------------------
 | Etotal =-25590.321 grad(E)=6.015      E(BOND)=375.564    E(ANGL)=4276.190   |
 | E(DIHE)=118.912    E(IMPR)=67.972     E(VDW )=1686.213   E(ELEC)=-32128.126 |
 | E(CDIH)=8.631      E(NOE )=4.322                                            |
 -------------------------------------------------------------------------------
 --------------- cycle=    73 ------ stepsize=    0.0000 -----------------------
 | Etotal =-25602.380 grad(E)=4.961      E(BOND)=373.684    E(ANGL)=4274.751   |
 | E(DIHE)=120.328    E(IMPR)=66.796     E(VDW )=1685.570   E(ELEC)=-32136.336 |
 | E(CDIH)=8.507      E(NOE )=4.321                                            |
 -------------------------------------------------------------------------------
 --------------- cycle=    74 ------ stepsize=    0.0000 -----------------------
 | Etotal =-25602.661 grad(E)=5.742      E(BOND)=374.615    E(ANGL)=4274.870   |
 | E(DIHE)=120.599    E(IMPR)=66.671     E(VDW )=1685.472   E(ELEC)=-32137.791 |
 | E(CDIH)=8.583      E(NOE )=4.321                                            |
 -------------------------------------------------------------------------------
 --------------- cycle=    75 ------ stepsize=    0.0000 -----------------------
 | Etotal =-25615.531 grad(E)=4.804      E(BOND)=372.039    E(ANGL)=4272.879   |
 | E(DIHE)=120.477    E(IMPR)=66.205     E(VDW )=1684.825   E(ELEC)=-32145.010 |
 | E(CDIH)=8.726      E(NOE )=4.329                                            |
 -------------------------------------------------------------------------------
 --------------- cycle=    76 ------ stepsize=    0.0000 -----------------------
 | Etotal =-25615.804 grad(E)=5.530      E(BOND)=372.828    E(ANGL)=4272.973   |
 | E(DIHE)=120.459    E(IMPR)=66.262     E(VDW )=1684.733   E(ELEC)=-32146.224 |
 | E(CDIH)=8.833      E(NOE )=4.331                                            |
 -------------------------------------------------------------------------------
 --------------- cycle=    77 ------ stepsize=    0.0000 -----------------------
 | Etotal =-25626.670 grad(E)=6.029      E(BOND)=372.959    E(ANGL)=4270.663   |
 | E(DIHE)=119.262    E(IMPR)=66.128     E(VDW )=1684.178   E(ELEC)=-32152.441 |
 | E(CDIH)=8.270      E(NOE )=4.311                                            |
 -------------------------------------------------------------------------------
 --------------- cycle=    78 ------ stepsize=   -0.0000 -----------------------
 | Etotal =-25626.798 grad(E)=5.417      E(BOND)=372.139    E(ANGL)=4270.633   |
 | E(DIHE)=119.373    E(IMPR)=66.087     E(VDW )=1684.222   E(ELEC)=-32151.838 |
 | E(CDIH)=8.273      E(NOE )=4.312                                            |
 -------------------------------------------------------------------------------
 --------------- cycle=    79 ------ stepsize=    0.0000 -----------------------
 | Etotal =-25638.917 grad(E)=5.146      E(BOND)=367.757    E(ANGL)=4267.767   |
 | E(DIHE)=119.551    E(IMPR)=66.762     E(VDW )=1683.613   E(ELEC)=-32156.846 |
 | E(CDIH)=8.223      E(NOE )=4.255                                            |
 -------------------------------------------------------------------------------
 --------------- cycle=    80 ------ stepsize=    0.0000 -----------------------
 | Etotal =-25639.184 grad(E)=5.960      E(BOND)=368.191    E(ANGL)=4267.666   |
 | E(DIHE)=119.587    E(IMPR)=66.989     E(VDW )=1683.525   E(ELEC)=-32157.706 |
 | E(CDIH)=8.318      E(NOE )=4.246                                            |
 -------------------------------------------------------------------------------
 --------------- cycle=    81 ------ stepsize=    0.0000 -----------------------
 | Etotal =-25654.581 grad(E)=5.439      E(BOND)=365.084    E(ANGL)=4263.149   |
 | E(DIHE)=118.014    E(IMPR)=68.194     E(VDW )=1682.860   E(ELEC)=-32164.310 |
 | E(CDIH)=8.273      E(NOE )=4.155                                            |
 -------------------------------------------------------------------------------
 --------------- cycle=    82 ------ stepsize=    0.0000 -----------------------
 | Etotal =-25655.548 grad(E)=6.924      E(BOND)=366.676    E(ANGL)=4262.642   |
 | E(DIHE)=117.521    E(IMPR)=68.809     E(VDW )=1682.697   E(ELEC)=-32166.424 |
 | E(CDIH)=8.402      E(NOE )=4.128                                            |
 -------------------------------------------------------------------------------
 --------------- cycle=    83 ------ stepsize=    0.0000 -----------------------
 | Etotal =-25668.549 grad(E)=7.948      E(BOND)=366.962    E(ANGL)=4261.415   |
 | E(DIHE)=116.803    E(IMPR)=69.387     E(VDW )=1682.053   E(ELEC)=-32177.865 |
 | E(CDIH)=8.702      E(NOE )=3.994                                            |
 -------------------------------------------------------------------------------
 --------------- cycle=    84 ------ stepsize=   -0.0000 -----------------------
 | Etotal =-25669.124 grad(E)=6.482      E(BOND)=364.935    E(ANGL)=4261.092   |
 | E(DIHE)=116.922    E(IMPR)=69.156     E(VDW )=1682.133   E(ELEC)=-32175.917 |
 | E(CDIH)=8.540      E(NOE )=4.016                                            |
 -------------------------------------------------------------------------------
 --------------- cycle=    85 ------ stepsize=    0.0000 -----------------------
 | Etotal =-25684.143 grad(E)=4.723      E(BOND)=362.136    E(ANGL)=4259.586   |
 | E(DIHE)=118.607    E(IMPR)=68.368     E(VDW )=1681.746   E(ELEC)=-32187.075 |
 | E(CDIH)=8.585      E(NOE )=3.905                                            |
 -------------------------------------------------------------------------------
 --------------- cycle=    86 ------ stepsize=    0.0000 -----------------------
 | Etotal =-25685.268 grad(E)=5.980      E(BOND)=363.894    E(ANGL)=4259.978   |
 | E(DIHE)=119.246    E(IMPR)=68.314     E(VDW )=1681.663   E(ELEC)=-32191.069 |
 | E(CDIH)=8.837      E(NOE )=3.868                                            |
 -------------------------------------------------------------------------------
 --------------- cycle=    87 ------ stepsize=    0.0000 -----------------------
 | Etotal =-25700.986 grad(E)=5.148      E(BOND)=364.682    E(ANGL)=4261.157   |
 | E(DIHE)=119.445    E(IMPR)=68.206     E(VDW )=1681.327   E(ELEC)=-32208.168 |
 | E(CDIH)=8.598      E(NOE )=3.767                                            |
 -------------------------------------------------------------------------------
 --------------- cycle=    88 ------ stepsize=    0.0000 -----------------------
 | Etotal =-25701.320 grad(E)=5.928      E(BOND)=366.282    E(ANGL)=4261.868   |
 | E(DIHE)=119.483    E(IMPR)=68.354     E(VDW )=1681.301   E(ELEC)=-32211.041 |
 | E(CDIH)=8.681      E(NOE )=3.751                                            |
 -------------------------------------------------------------------------------
 --------------- cycle=    89 ------ stepsize=    0.0000 -----------------------
 | Etotal =-25712.677 grad(E)=7.320      E(BOND)=372.726    E(ANGL)=4266.488   |
 | E(DIHE)=119.369    E(IMPR)=69.640     E(VDW )=1681.160   E(ELEC)=-32234.982 |
 | E(CDIH)=9.262      E(NOE )=3.661                                            |
 -------------------------------------------------------------------------------
 --------------- cycle=    90 ------ stepsize=   -0.0000 -----------------------
 | Etotal =-25713.650 grad(E)=5.564      E(BOND)=368.902    E(ANGL)=4264.773   |
 | E(DIHE)=119.393    E(IMPR)=69.216     E(VDW )=1681.154   E(ELEC)=-32229.739 |
 | E(CDIH)=8.971      E(NOE )=3.680                                            |
 -------------------------------------------------------------------------------
 --------------- cycle=    91 ------ stepsize=    0.0000 -----------------------
 | Etotal =-25725.013 grad(E)=5.010      E(BOND)=374.399    E(ANGL)=4267.303   |
 | E(DIHE)=117.241    E(IMPR)=70.394     E(VDW )=1681.086   E(ELEC)=-32248.187 |
 | E(CDIH)=9.130      E(NOE )=3.621                                            |
 -------------------------------------------------------------------------------
 --------------- cycle=    92 ------ stepsize=    0.0000 -----------------------
 | Etotal =-25725.039 grad(E)=5.253      E(BOND)=375.030    E(ANGL)=4267.547   |
 | E(DIHE)=117.139    E(IMPR)=70.491     E(VDW )=1681.088   E(ELEC)=-32249.109 |
 | E(CDIH)=9.157      E(NOE )=3.618                                            |
 -------------------------------------------------------------------------------
 --------------- cycle=    93 ------ stepsize=    0.0000 -----------------------
 | Etotal =-25735.350 grad(E)=5.248      E(BOND)=380.403    E(ANGL)=4269.455   |
 | E(DIHE)=116.938    E(IMPR)=70.976     E(VDW )=1681.064   E(ELEC)=-32266.819 |
 | E(CDIH)=9.048      E(NOE )=3.587                                            |
 -------------------------------------------------------------------------------
 --------------- cycle=    94 ------ stepsize=    0.0000 -----------------------
 | Etotal =-25735.352 grad(E)=5.324      E(BOND)=380.584    E(ANGL)=4269.514   |
 | E(DIHE)=116.935    E(IMPR)=70.989     E(VDW )=1681.065   E(ELEC)=-32267.077 |
 | E(CDIH)=9.053      E(NOE )=3.586                                            |
 -------------------------------------------------------------------------------
 --------------- cycle=    95 ------ stepsize=    0.0000 -----------------------
 | Etotal =-25748.238 grad(E)=4.248      E(BOND)=382.268    E(ANGL)=4272.412   |
 | E(DIHE)=117.823    E(IMPR)=69.782     E(VDW )=1680.980   E(ELEC)=-32284.066 |
 | E(CDIH)=9.004      E(NOE )=3.559                                            |
 -------------------------------------------------------------------------------
 --------------- cycle=    96 ------ stepsize=    0.0000 -----------------------
 | Etotal =-25749.092 grad(E)=5.373      E(BOND)=384.821    E(ANGL)=4274.261   |
 | E(DIHE)=118.137    E(IMPR)=69.692     E(VDW )=1680.997   E(ELEC)=-32289.699 |
 | E(CDIH)=9.147      E(NOE )=3.551                                            |
 -------------------------------------------------------------------------------
 --------------- cycle=    97 ------ stepsize=    0.0000 -----------------------
 | Etotal =-25760.644 grad(E)=7.214      E(BOND)=389.279    E(ANGL)=4277.306   |
 | E(DIHE)=118.490    E(IMPR)=69.447     E(VDW )=1681.028   E(ELEC)=-32308.722 |
 | E(CDIH)=8.984      E(NOE )=3.545                                            |
 -------------------------------------------------------------------------------
 --------------- cycle=    98 ------ stepsize=   -0.0000 -----------------------
 | Etotal =-25760.944 grad(E)=6.179      E(BOND)=387.437    E(ANGL)=4276.496   |
 | E(DIHE)=118.439    E(IMPR)=69.367     E(VDW )=1681.002   E(ELEC)=-32306.114 |
 | E(CDIH)=8.885      E(NOE )=3.546                                            |
 -------------------------------------------------------------------------------
 --------------- cycle=    99 ------ stepsize=    0.0000 -----------------------
 | Etotal =-25772.493 grad(E)=6.228      E(BOND)=387.897    E(ANGL)=4277.282   |
 | E(DIHE)=118.588    E(IMPR)=69.361     E(VDW )=1681.365   E(ELEC)=-32320.044 |
 | E(CDIH)=9.495      E(NOE )=3.563                                            |
 -------------------------------------------------------------------------------
 --------------- cycle=   100 ------ stepsize=   -0.0000 -----------------------
 | Etotal =-25772.500 grad(E)=6.071      E(BOND)=387.676    E(ANGL)=4277.209   |
 | E(DIHE)=118.583    E(IMPR)=69.349     E(VDW )=1681.353   E(ELEC)=-32319.698 |
 | E(CDIH)=9.465      E(NOE )=3.563                                            |
 -------------------------------------------------------------------------------
 --------------- cycle=   101 ------ stepsize=    0.0000 -----------------------
 | Etotal =-25786.447 grad(E)=5.215      E(BOND)=385.096    E(ANGL)=4276.208   |
 | E(DIHE)=118.375    E(IMPR)=68.798     E(VDW )=1681.744   E(ELEC)=-32329.295 |
 | E(CDIH)=9.043      E(NOE )=3.584                                            |
 -------------------------------------------------------------------------------
 --------------- cycle=   102 ------ stepsize=    0.0000 -----------------------
 | Etotal =-25787.384 grad(E)=6.655      E(BOND)=386.695    E(ANGL)=4276.698   |
 | E(DIHE)=118.313    E(IMPR)=68.823     E(VDW )=1681.931   E(ELEC)=-32332.492 |
 | E(CDIH)=9.056      E(NOE )=3.592                                            |
 -------------------------------------------------------------------------------
 --------------- cycle=   103 ------ stepsize=    0.0000 -----------------------
 | Etotal =-25802.685 grad(E)=5.034      E(BOND)=380.645    E(ANGL)=4275.970   |
 | E(DIHE)=117.795    E(IMPR)=70.004     E(VDW )=1683.197   E(ELEC)=-32342.801 |
 | E(CDIH)=8.890      E(NOE )=3.615                                            |
 -------------------------------------------------------------------------------
 --------------- cycle=   104 ------ stepsize=    0.0000 -----------------------
 | Etotal =-25802.697 grad(E)=5.177      E(BOND)=380.750    E(ANGL)=4276.040   |
 | E(DIHE)=117.781    E(IMPR)=70.066     E(VDW )=1683.241   E(ELEC)=-32343.098 |
 | E(CDIH)=8.908      E(NOE )=3.616                                            |
 -------------------------------------------------------------------------------
 --------------- cycle=   105 ------ stepsize=    0.0000 -----------------------
 | Etotal =-25815.677 grad(E)=3.858      E(BOND)=375.328    E(ANGL)=4273.348   |
 | E(DIHE)=117.189    E(IMPR)=69.574     E(VDW )=1684.237   E(ELEC)=-32347.410 |
 | E(CDIH)=8.427      E(NOE )=3.631                                            |
 -------------------------------------------------------------------------------
 --------------- cycle=   106 ------ stepsize=    0.0000 -----------------------
 | Etotal =-25818.204 grad(E)=5.437      E(BOND)=374.710    E(ANGL)=4273.293   |
 | E(DIHE)=116.809    E(IMPR)=69.772     E(VDW )=1685.014   E(ELEC)=-32350.297 |
 | E(CDIH)=8.853      E(NOE )=3.643                                            |
 -------------------------------------------------------------------------------
 --------------- cycle=   107 ------ stepsize=    0.0000 -----------------------
 | Etotal =-25826.398 grad(E)=9.482      E(BOND)=373.811    E(ANGL)=4271.182   |
 | E(DIHE)=117.344    E(IMPR)=69.077     E(VDW )=1687.104   E(ELEC)=-32357.293 |
 | E(CDIH)=8.711      E(NOE )=3.667                                            |
 -------------------------------------------------------------------------------
 --------------- cycle=   108 ------ stepsize=   -0.0000 -----------------------
 | Etotal =-25828.742 grad(E)=6.201      E(BOND)=370.557    E(ANGL)=4270.914   |
 | E(DIHE)=117.165    E(IMPR)=69.038     E(VDW )=1686.377   E(ELEC)=-32355.068 |
 | E(CDIH)=8.617      E(NOE )=3.658                                            |
 -------------------------------------------------------------------------------
 --------------- cycle=   109 ------ stepsize=    0.0000 -----------------------
 | Etotal =-25840.463 grad(E)=4.596      E(BOND)=364.953    E(ANGL)=4268.758   |
 | E(DIHE)=117.440    E(IMPR)=68.915     E(VDW )=1687.922   E(ELEC)=-32360.668 |
 | E(CDIH)=8.561      E(NOE )=3.657                                            |
 -------------------------------------------------------------------------------
 --------------- cycle=   110 ------ stepsize=    0.0000 -----------------------
 | Etotal =-25840.613 grad(E)=5.119      E(BOND)=365.063    E(ANGL)=4268.780   |
 | E(DIHE)=117.479    E(IMPR)=68.985     E(VDW )=1688.135   E(ELEC)=-32361.373 |
 | E(CDIH)=8.660      E(NOE )=3.657                                            |
 -------------------------------------------------------------------------------
 --------------- cycle=   111 ------ stepsize=    0.0000 -----------------------
 | Etotal =-25851.211 grad(E)=4.564      E(BOND)=363.165    E(ANGL)=4265.965   |
 | E(DIHE)=117.462    E(IMPR)=68.453     E(VDW )=1689.448   E(ELEC)=-32367.674 |
 | E(CDIH)=8.307      E(NOE )=3.663                                            |
 -------------------------------------------------------------------------------
 --------------- cycle=   112 ------ stepsize=    0.0000 -----------------------
 | Etotal =-25852.346 grad(E)=6.208      E(BOND)=364.829    E(ANGL)=4265.430   |
 | E(DIHE)=117.472    E(IMPR)=68.403     E(VDW )=1690.089   E(ELEC)=-32370.505 |
 | E(CDIH)=8.268      E(NOE )=3.667                                            |
 -------------------------------------------------------------------------------
 --------------- cycle=   113 ------ stepsize=    0.0000 -----------------------
 | Etotal =-25863.892 grad(E)=5.285      E(BOND)=362.723    E(ANGL)=4265.199   |
 | E(DIHE)=118.045    E(IMPR)=68.184     E(VDW )=1692.222   E(ELEC)=-32381.961 |
 | E(CDIH)=8.003      E(NOE )=3.693                                            |
 -------------------------------------------------------------------------------
 --------------- cycle=   114 ------ stepsize=   -0.0000 -----------------------
 | Etotal =-25863.895 grad(E)=5.200      E(BOND)=362.631    E(ANGL)=4265.165   |
 | E(DIHE)=118.036    E(IMPR)=68.177     E(VDW )=1692.186   E(ELEC)=-32381.780 |
 | E(CDIH)=7.999      E(NOE )=3.692                                            |
 -------------------------------------------------------------------------------
 --------------- cycle=   115 ------ stepsize=    0.0000 -----------------------
 | Etotal =-25874.586 grad(E)=3.963      E(BOND)=362.944    E(ANGL)=4263.673   |
 | E(DIHE)=117.436    E(IMPR)=68.434     E(VDW )=1693.721   E(ELEC)=-32392.322 |
 | E(CDIH)=7.823      E(NOE )=3.705                                            |
 -------------------------------------------------------------------------------
 --------------- cycle=   116 ------ stepsize=    0.0000 -----------------------
 | Etotal =-25875.813 grad(E)=5.291      E(BOND)=365.435    E(ANGL)=4263.864   |
 | E(DIHE)=117.192    E(IMPR)=68.824     E(VDW )=1694.499   E(ELEC)=-32397.288 |
 | E(CDIH)=7.949      E(NOE )=3.712                                            |
 -------------------------------------------------------------------------------
 --------------- cycle=   117 ------ stepsize=    0.0000 -----------------------
 | Etotal =-25884.813 grad(E)=6.583      E(BOND)=372.387    E(ANGL)=4264.932   |
 | E(DIHE)=115.222    E(IMPR)=69.836     E(VDW )=1696.894   E(ELEC)=-32415.771 |
 | E(CDIH)=7.930      E(NOE )=3.758                                            |
 -------------------------------------------------------------------------------
 --------------- cycle=   118 ------ stepsize=   -0.0000 -----------------------
 | Etotal =-25885.388 grad(E)=5.185      E(BOND)=369.354    E(ANGL)=4264.261   |
 | E(DIHE)=115.599    E(IMPR)=69.538     E(VDW )=1696.396   E(ELEC)=-32412.142 |
 | E(CDIH)=7.857      E(NOE )=3.749                                            |
 -------------------------------------------------------------------------------
 --------------- cycle=   119 ------ stepsize=    0.0000 -----------------------
 | Etotal =-25895.870 grad(E)=4.159      E(BOND)=371.837    E(ANGL)=4264.780   |
 | E(DIHE)=116.406    E(IMPR)=69.477     E(VDW )=1698.136   E(ELEC)=-32428.082 |
 | E(CDIH)=7.808      E(NOE )=3.769                                            |
 -------------------------------------------------------------------------------
 --------------- cycle=   120 ------ stepsize=    0.0000 -----------------------
 | Etotal =-25896.078 grad(E)=4.759      E(BOND)=373.163    E(ANGL)=4265.195   |
 | E(DIHE)=116.544    E(IMPR)=69.578     E(VDW )=1698.437   E(ELEC)=-32430.663 |
 | E(CDIH)=7.895      E(NOE )=3.773                                            |
 -------------------------------------------------------------------------------
 --------------- cycle=   121 ------ stepsize=    0.0000 -----------------------
 | Etotal =-25905.536 grad(E)=5.039      E(BOND)=377.625    E(ANGL)=4264.467   |
 | E(DIHE)=118.540    E(IMPR)=68.058     E(VDW )=1700.305   E(ELEC)=-32446.077 |
 | E(CDIH)=7.739      E(NOE )=3.806                                            |
 -------------------------------------------------------------------------------
 --------------- cycle=   122 ------ stepsize=    0.0000 -----------------------
 | Etotal =-25905.561 grad(E)=5.306      E(BOND)=378.198    E(ANGL)=4264.535   |
 | E(DIHE)=118.651    E(IMPR)=67.996     E(VDW )=1700.412   E(ELEC)=-32446.912 |
 | E(CDIH)=7.751      E(NOE )=3.808                                            |
 -------------------------------------------------------------------------------
 --------------- cycle=   123 ------ stepsize=    0.0000 -----------------------
 | Etotal =-25913.372 grad(E)=5.868      E(BOND)=383.196    E(ANGL)=4265.761   |
 | E(DIHE)=119.325    E(IMPR)=66.503     E(VDW )=1702.472   E(ELEC)=-32462.156 |
 | E(CDIH)=7.682      E(NOE )=3.844                                            |
 -------------------------------------------------------------------------------
 --------------- cycle=   124 ------ stepsize=   -0.0000 -----------------------
 | Etotal =-25913.623 grad(E)=4.923      E(BOND)=381.429    E(ANGL)=4265.297   |
 | E(DIHE)=119.222    E(IMPR)=66.673     E(VDW )=1702.149   E(ELEC)=-32459.873 |
 | E(CDIH)=7.640      E(NOE )=3.838                                            |
 -------------------------------------------------------------------------------
 --------------- cycle=   125 ------ stepsize=    0.0000 -----------------------
 | Etotal =-25922.052 grad(E)=3.930      E(BOND)=381.842    E(ANGL)=4264.341   |
 | E(DIHE)=119.303    E(IMPR)=66.732     E(VDW )=1703.655   E(ELEC)=-32469.359 |
 | E(CDIH)=7.581      E(NOE )=3.852                                            |
 -------------------------------------------------------------------------------
 --------------- cycle=   126 ------ stepsize=    0.0000 -----------------------
 | Etotal =-25922.462 grad(E)=4.823      E(BOND)=383.214    E(ANGL)=4264.492   |
 | E(DIHE)=119.329    E(IMPR)=66.850     E(VDW )=1704.089   E(ELEC)=-32471.959 |
 | E(CDIH)=7.666      E(NOE )=3.857                                            |
 -------------------------------------------------------------------------------
 --------------- cycle=   127 ------ stepsize=    0.0000 -----------------------
 | Etotal =-25931.282 grad(E)=4.276      E(BOND)=382.854    E(ANGL)=4262.851   |
 | E(DIHE)=119.496    E(IMPR)=67.113     E(VDW )=1705.895   E(ELEC)=-32480.996 |
 | E(CDIH)=7.626      E(NOE )=3.878                                            |
 -------------------------------------------------------------------------------
 --------------- cycle=   128 ------ stepsize=    0.0000 -----------------------
 | Etotal =-25931.297 grad(E)=4.451      E(BOND)=383.077    E(ANGL)=4262.862   |
 | E(DIHE)=119.505    E(IMPR)=67.142     E(VDW )=1705.975   E(ELEC)=-32481.376 |
 | E(CDIH)=7.639      E(NOE )=3.879                                            |
 -------------------------------------------------------------------------------
 --------------- cycle=   129 ------ stepsize=    0.0000 -----------------------
 | Etotal =-25940.321 grad(E)=3.859      E(BOND)=381.483    E(ANGL)=4259.889   |
 | E(DIHE)=118.595    E(IMPR)=67.160     E(VDW )=1707.711   E(ELEC)=-32486.583 |
 | E(CDIH)=7.551      E(NOE )=3.874                                            |
 -------------------------------------------------------------------------------
 --------------- cycle=   130 ------ stepsize=    0.0000 -----------------------
 | Etotal =-25940.692 grad(E)=4.688      E(BOND)=382.189    E(ANGL)=4259.593   |
 | E(DIHE)=118.395    E(IMPR)=67.298     E(VDW )=1708.163   E(ELEC)=-32487.870 |
 | E(CDIH)=7.668      E(NOE )=3.873                                            |
 -------------------------------------------------------------------------------
 --------------- cycle=   131 ------ stepsize=    0.0000 -----------------------
 | Etotal =-25948.214 grad(E)=5.576      E(BOND)=379.696    E(ANGL)=4257.124   |
 | E(DIHE)=119.467    E(IMPR)=66.374     E(VDW )=1710.369   E(ELEC)=-32492.708 |
 | E(CDIH)=7.623      E(NOE )=3.841                                            |
 -------------------------------------------------------------------------------
 --------------- cycle=   132 ------ stepsize=   -0.0000 -----------------------
 | Etotal =-25948.525 grad(E)=4.583      E(BOND)=379.030    E(ANGL)=4257.200   |
 | E(DIHE)=119.287    E(IMPR)=66.455     E(VDW )=1709.986   E(ELEC)=-32491.907 |
 | E(CDIH)=7.578      E(NOE )=3.846                                            |
 -------------------------------------------------------------------------------
 --------------- cycle=   133 ------ stepsize=    0.0000 -----------------------
 | Etotal =-25957.363 grad(E)=3.537      E(BOND)=374.363    E(ANGL)=4253.982   |
 | E(DIHE)=120.605    E(IMPR)=65.597     E(VDW )=1711.701   E(ELEC)=-32494.798 |
 | E(CDIH)=7.387      E(NOE )=3.800                                            |
 -------------------------------------------------------------------------------
 --------------- cycle=   134 ------ stepsize=    0.0000 -----------------------
 | Etotal =-25957.672 grad(E)=4.208      E(BOND)=374.258    E(ANGL)=4253.680   |
 | E(DIHE)=120.924    E(IMPR)=65.551     E(VDW )=1712.108   E(ELEC)=-32495.446 |
 | E(CDIH)=7.463      E(NOE )=3.790                                            |
 -------------------------------------------------------------------------------
 --------------- cycle=   135 ------ stepsize=    0.0000 -----------------------
 | Etotal =-25965.058 grad(E)=4.631      E(BOND)=371.920    E(ANGL)=4251.597   |
 | E(DIHE)=120.698    E(IMPR)=64.860     E(VDW )=1713.983   E(ELEC)=-32499.120 |
 | E(CDIH)=7.259      E(NOE )=3.745                                            |
 -------------------------------------------------------------------------------
 --------------- cycle=   136 ------ stepsize=   -0.0000 -----------------------
 | Etotal =-25965.072 grad(E)=4.434      E(BOND)=371.813    E(ANGL)=4251.610   |
 | E(DIHE)=120.707    E(IMPR)=64.867     E(VDW )=1713.901   E(ELEC)=-32498.967 |
 | E(CDIH)=7.251      E(NOE )=3.747                                            |
 -------------------------------------------------------------------------------
 --------------- cycle=   137 ------ stepsize=    0.0000 -----------------------
 | Etotal =-25971.447 grad(E)=4.409      E(BOND)=369.580    E(ANGL)=4250.733   |
 | E(DIHE)=120.370    E(IMPR)=65.103     E(VDW )=1715.613   E(ELEC)=-32503.855 |
 | E(CDIH)=7.283      E(NOE )=3.726                                            |
 -------------------------------------------------------------------------------
 --------------- cycle=   138 ------ stepsize=   -0.0000 -----------------------
 | Etotal =-25971.572 grad(E)=3.835      E(BOND)=369.265    E(ANGL)=4250.632   |
 | E(DIHE)=120.408    E(IMPR)=65.019     E(VDW )=1715.397   E(ELEC)=-32503.262 |
 | E(CDIH)=7.241      E(NOE )=3.728                                            |
 -------------------------------------------------------------------------------
 --------------- cycle=   139 ------ stepsize=    0.0000 -----------------------
 | Etotal =-25977.806 grad(E)=3.273      E(BOND)=367.817    E(ANGL)=4250.261   |
 | E(DIHE)=120.272    E(IMPR)=65.184     E(VDW )=1716.494   E(ELEC)=-32508.477 |
 | E(CDIH)=6.913      E(NOE )=3.732                                            |
 -------------------------------------------------------------------------------
 --------------- cycle=   140 ------ stepsize=    0.0000 -----------------------
 | Etotal =-25978.354 grad(E)=4.310      E(BOND)=368.399    E(ANGL)=4250.516   |
 | E(DIHE)=120.231    E(IMPR)=65.442     E(VDW )=1716.947   E(ELEC)=-32510.546 |
 | E(CDIH)=6.923      E(NOE )=3.734                                            |
 -------------------------------------------------------------------------------
 --------------- cycle=   141 ------ stepsize=    0.0000 -----------------------
 | Etotal =-25983.070 grad(E)=5.498      E(BOND)=370.150    E(ANGL)=4252.186   |
 | E(DIHE)=119.421    E(IMPR)=65.662     E(VDW )=1718.342   E(ELEC)=-32519.661 |
 | E(CDIH)=7.061      E(NOE )=3.768                                            |
 -------------------------------------------------------------------------------
 --------------- cycle=   142 ------ stepsize=   -0.0000 -----------------------
 | Etotal =-25983.552 grad(E)=4.095      E(BOND)=368.602    E(ANGL)=4251.501   |
 | E(DIHE)=119.607    E(IMPR)=65.530     E(VDW )=1718.004   E(ELEC)=-32517.534 |
 | E(CDIH)=6.979      E(NOE )=3.760                                            |
 -------------------------------------------------------------------------------
 --------------- cycle=   143 ------ stepsize=    0.0000 -----------------------
 | Etotal =-25989.616 grad(E)=3.097      E(BOND)=369.034    E(ANGL)=4252.288   |
 | E(DIHE)=119.828    E(IMPR)=64.693     E(VDW )=1718.985   E(ELEC)=-32525.138 |
 | E(CDIH)=6.896      E(NOE )=3.798                                            |
 -------------------------------------------------------------------------------
 --------------- cycle=   144 ------ stepsize=    0.0000 -----------------------
 | Etotal =-25990.167 grad(E)=4.026      E(BOND)=370.338    E(ANGL)=4253.099   |
 | E(DIHE)=119.929    E(IMPR)=64.501     E(VDW )=1719.401   E(ELEC)=-32528.221 |
 | E(CDIH)=6.971      E(NOE )=3.815                                            |
 -------------------------------------------------------------------------------
 --------------- cycle=   145 ------ stepsize=    0.0000 -----------------------
 | Etotal =-25996.069 grad(E)=4.324      E(BOND)=371.967    E(ANGL)=4254.279   |
 | E(DIHE)=121.390    E(IMPR)=64.030     E(VDW )=1720.707   E(ELEC)=-32539.405 |
 | E(CDIH)=7.104      E(NOE )=3.859                                            |
 -------------------------------------------------------------------------------
 --------------- cycle=   146 ------ stepsize=   -0.0000 -----------------------
 | Etotal =-25996.103 grad(E)=4.009      E(BOND)=371.537    E(ANGL)=4254.113   |
 | E(DIHE)=121.281    E(IMPR)=64.039     E(VDW )=1720.611   E(ELEC)=-32538.615 |
 | E(CDIH)=7.077      E(NOE )=3.855                                            |
 -------------------------------------------------------------------------------
 --------------- cycle=   147 ------ stepsize=    0.0000 -----------------------
 | Etotal =-26003.404 grad(E)=3.391      E(BOND)=372.701    E(ANGL)=4255.752   |
 | E(DIHE)=121.294    E(IMPR)=63.400     E(VDW )=1721.662   E(ELEC)=-32548.993 |
 | E(CDIH)=6.894      E(NOE )=3.886                                            |
 -------------------------------------------------------------------------------
 --------------- cycle=   148 ------ stepsize=    0.0000 -----------------------
 | Etotal =-26003.862 grad(E)=4.288      E(BOND)=374.108    E(ANGL)=4256.792   |
 | E(DIHE)=121.308    E(IMPR)=63.387     E(VDW )=1722.023   E(ELEC)=-32552.321 |
 | E(CDIH)=6.943      E(NOE )=3.897                                            |
 -------------------------------------------------------------------------------
 --------------- cycle=   149 ------ stepsize=    0.0000 -----------------------
 | Etotal =-26008.197 grad(E)=6.088      E(BOND)=377.086    E(ANGL)=4260.341   |
 | E(DIHE)=120.820    E(IMPR)=64.143     E(VDW )=1723.475   E(ELEC)=-32565.028 |
 | E(CDIH)=7.039      E(NOE )=3.927                                            |
 -------------------------------------------------------------------------------
 --------------- cycle=   150 ------ stepsize=   -0.0000 -----------------------
 | Etotal =-26009.245 grad(E)=4.012      E(BOND)=374.394    E(ANGL)=4258.855   |
 | E(DIHE)=120.960    E(IMPR)=63.835     E(VDW )=1723.010   E(ELEC)=-32561.139 |
 | E(CDIH)=6.923      E(NOE )=3.917                                            |
 -------------------------------------------------------------------------------
 --------------- cycle=   151 ------ stepsize=    0.0000 -----------------------
 | Etotal =-26015.624 grad(E)=2.898      E(BOND)=374.088    E(ANGL)=4258.812   |
 | E(DIHE)=119.689    E(IMPR)=64.452     E(VDW )=1723.971   E(ELEC)=-32567.559 |
 | E(CDIH)=7.006      E(NOE )=3.917                                            |
 -------------------------------------------------------------------------------
 --------------- cycle=   152 ------ stepsize=    0.0000 -----------------------
 | Etotal =-26016.558 grad(E)=3.917      E(BOND)=375.319    E(ANGL)=4259.448   |
 | E(DIHE)=119.014    E(IMPR)=65.099     E(VDW )=1724.537   E(ELEC)=-32571.127 |
 | E(CDIH)=7.233      E(NOE )=3.918                                            |
 -------------------------------------------------------------------------------
 --------------- cycle=   153 ------ stepsize=    0.0000 -----------------------
 | Etotal =-26020.512 grad(E)=6.019      E(BOND)=376.312    E(ANGL)=4260.193   |
 | E(DIHE)=119.058    E(IMPR)=64.932     E(VDW )=1725.943   E(ELEC)=-32578.074 |
 | E(CDIH)=7.214      E(NOE )=3.908                                            |
 -------------------------------------------------------------------------------
 --------------- cycle=   154 ------ stepsize=   -0.0000 -----------------------
 | Etotal =-26021.420 grad(E)=4.035      E(BOND)=374.483    E(ANGL)=4259.597   |
 | E(DIHE)=119.041    E(IMPR)=64.890     E(VDW )=1725.501   E(ELEC)=-32575.979 |
 | E(CDIH)=7.137      E(NOE )=3.911                                            |
 -------------------------------------------------------------------------------
 --------------- cycle=   155 ------ stepsize=    0.0000 -----------------------
 | Etotal =-26026.988 grad(E)=3.510      E(BOND)=372.569    E(ANGL)=4258.085   |
 | E(DIHE)=119.971    E(IMPR)=64.403     E(VDW )=1726.550   E(ELEC)=-32579.653 |
 | E(CDIH)=7.193      E(NOE )=3.894                                            |
 -------------------------------------------------------------------------------
 --------------- cycle=   156 ------ stepsize=    0.0000 -----------------------
 | Etotal =-26027.108 grad(E)=4.049      E(BOND)=372.741    E(ANGL)=4258.011   |
 | E(DIHE)=120.137    E(IMPR)=64.388     E(VDW )=1726.736   E(ELEC)=-32580.276 |
 | E(CDIH)=7.264      E(NOE )=3.891                                            |
 -------------------------------------------------------------------------------
 --------------- cycle=   157 ------ stepsize=    0.0000 -----------------------
 | Etotal =-26033.225 grad(E)=3.541      E(BOND)=370.648    E(ANGL)=4256.886   |
 | E(DIHE)=119.929    E(IMPR)=63.809     E(VDW )=1728.051   E(ELEC)=-32583.603 |
 | E(CDIH)=7.196      E(NOE )=3.860                                            |
 -------------------------------------------------------------------------------
 --------------- cycle=   158 ------ stepsize=    0.0000 -----------------------
 | Etotal =-26033.260 grad(E)=3.816      E(BOND)=370.795    E(ANGL)=4256.893   |
 | E(DIHE)=119.913    E(IMPR)=63.787     E(VDW )=1728.164   E(ELEC)=-32583.874 |
 | E(CDIH)=7.205      E(NOE )=3.858                                            |
 -------------------------------------------------------------------------------
 --------------- cycle=   159 ------ stepsize=    0.0000 -----------------------
 | Etotal =-26039.689 grad(E)=3.205      E(BOND)=367.699    E(ANGL)=4254.795   |
 | E(DIHE)=120.338    E(IMPR)=63.749     E(VDW )=1729.505   E(ELEC)=-32586.659 |
 | E(CDIH)=7.053      E(NOE )=3.829                                            |
 -------------------------------------------------------------------------------
 --------------- cycle=   160 ------ stepsize=    0.0000 -----------------------
 | Etotal =-26039.904 grad(E)=3.818      E(BOND)=367.653    E(ANGL)=4254.613   |
 | E(DIHE)=120.440    E(IMPR)=63.886     E(VDW )=1729.816   E(ELEC)=-32587.269 |
 | E(CDIH)=7.133      E(NOE )=3.824                                            |
 -------------------------------------------------------------------------------
 --------------- cycle=   161 ------ stepsize=    0.0000 -----------------------
 | Etotal =-26046.148 grad(E)=4.475      E(BOND)=365.635    E(ANGL)=4252.887   |
 | E(DIHE)=119.590    E(IMPR)=64.754     E(VDW )=1731.556   E(ELEC)=-32591.542 |
 | E(CDIH)=7.186      E(NOE )=3.786                                            |
 -------------------------------------------------------------------------------
 --------------- cycle=   162 ------ stepsize=   -0.0000 -----------------------
 | Etotal =-26046.171 grad(E)=4.215      E(BOND)=365.497    E(ANGL)=4252.906   |
 | E(DIHE)=119.636    E(IMPR)=64.683     E(VDW )=1731.452   E(ELEC)=-32591.299 |
 | E(CDIH)=7.166      E(NOE )=3.787                                            |
 -------------------------------------------------------------------------------
 --------------- cycle=   163 ------ stepsize=    0.0000 -----------------------
 | Etotal =-26052.299 grad(E)=3.783      E(BOND)=364.684    E(ANGL)=4251.905   |
 | E(DIHE)=118.134    E(IMPR)=66.093     E(VDW )=1733.241   E(ELEC)=-32597.524 |
 | E(CDIH)=7.411      E(NOE )=3.757                                            |
 -------------------------------------------------------------------------------
 --------------- cycle=   164 ------ stepsize=   -0.0000 -----------------------
 | Etotal =-26052.302 grad(E)=3.699      E(BOND)=364.619    E(ANGL)=4251.898   |
 | E(DIHE)=118.165    E(IMPR)=66.050     E(VDW )=1733.200   E(ELEC)=-32597.389 |
 | E(CDIH)=7.397      E(NOE )=3.758                                            |
 -------------------------------------------------------------------------------
 --------------- cycle=   165 ------ stepsize=    0.0000 -----------------------
 | Etotal =-26057.493 grad(E)=4.064      E(BOND)=366.191    E(ANGL)=4250.936   |
 | E(DIHE)=118.176    E(IMPR)=65.727     E(VDW )=1734.479   E(ELEC)=-32604.047 |
 | E(CDIH)=7.298      E(NOE )=3.747                                            |
 -------------------------------------------------------------------------------
 --------------- cycle=   166 ------ stepsize=    0.0000 -----------------------
 | Etotal =-26057.548 grad(E)=4.508      E(BOND)=366.744    E(ANGL)=4250.926   |
 | E(DIHE)=118.178    E(IMPR)=65.719     E(VDW )=1734.631   E(ELEC)=-32604.806 |
 | E(CDIH)=7.312      E(NOE )=3.746                                            |
 -------------------------------------------------------------------------------
 --------------- cycle=   167 ------ stepsize=    0.0000 -----------------------
 | Etotal =-26063.439 grad(E)=3.278      E(BOND)=368.194    E(ANGL)=4251.326   |
 | E(DIHE)=118.860    E(IMPR)=65.168     E(VDW )=1736.121   E(ELEC)=-32614.071 |
 | E(CDIH)=7.220      E(NOE )=3.743                                            |
 -------------------------------------------------------------------------------
 --------------- cycle=   168 ------ stepsize=    0.0000 -----------------------
 | Etotal =-26063.530 grad(E)=3.683      E(BOND)=368.879    E(ANGL)=4251.529   |
 | E(DIHE)=118.958    E(IMPR)=65.150     E(VDW )=1736.340   E(ELEC)=-32615.369 |
 | E(CDIH)=7.240      E(NOE )=3.742                                            |
 -------------------------------------------------------------------------------
 --------------- cycle=   169 ------ stepsize=    0.0000 -----------------------
 | Etotal =-26069.100 grad(E)=2.752      E(BOND)=370.481    E(ANGL)=4252.037   |
 | E(DIHE)=119.176    E(IMPR)=64.790     E(VDW )=1737.522   E(ELEC)=-32623.771 |
 | E(CDIH)=6.927      E(NOE )=3.738                                            |
 -------------------------------------------------------------------------------
 --------------- cycle=   170 ------ stepsize=    0.0000 -----------------------
 | Etotal =-26070.124 grad(E)=3.856      E(BOND)=372.953    E(ANGL)=4253.018   |
 | E(DIHE)=119.328    E(IMPR)=64.789     E(VDW )=1738.329   E(ELEC)=-32629.230 |
 | E(CDIH)=6.953      E(NOE )=3.736                                            |
 -------------------------------------------------------------------------------
 --------------- cycle=   171 ------ stepsize=    0.0000 -----------------------
 | Etotal =-26074.814 grad(E)=5.182      E(BOND)=379.170    E(ANGL)=4255.073   |
 | E(DIHE)=118.936    E(IMPR)=64.899     E(VDW )=1740.533   E(ELEC)=-32644.438 |
 | E(CDIH)=7.285      E(NOE )=3.728                                            |
 -------------------------------------------------------------------------------
 --------------- cycle=   172 ------ stepsize=   -0.0000 -----------------------
 | Etotal =-26075.241 grad(E)=3.926      E(BOND)=376.757    E(ANGL)=4254.317   |
 | E(DIHE)=119.019    E(IMPR)=64.793     E(VDW )=1740.022   E(ELEC)=-32641.031 |
 | E(CDIH)=7.154      E(NOE )=3.729                                            |
 -------------------------------------------------------------------------------
 --------------- cycle=   173 ------ stepsize=    0.0000 -----------------------
 | Etotal =-26081.668 grad(E)=2.975      E(BOND)=379.481    E(ANGL)=4255.320   |
 | E(DIHE)=118.499    E(IMPR)=64.919     E(VDW )=1741.839   E(ELEC)=-32652.668 |
 | E(CDIH)=7.218      E(NOE )=3.723                                            |
 -------------------------------------------------------------------------------
 --------------- cycle=   174 ------ stepsize=    0.0000 -----------------------
 | Etotal =-26082.119 grad(E)=3.761      E(BOND)=381.383    E(ANGL)=4256.137   |
 | E(DIHE)=118.327    E(IMPR)=65.122     E(VDW )=1742.493   E(ELEC)=-32656.669 |
 | E(CDIH)=7.366      E(NOE )=3.722                                            |
 -------------------------------------------------------------------------------
 --------------- cycle=   175 ------ stepsize=    0.0000 -----------------------
 | Etotal =-26087.055 grad(E)=4.833      E(BOND)=385.356    E(ANGL)=4257.361   |
 | E(DIHE)=118.011    E(IMPR)=65.708     E(VDW )=1744.887   E(ELEC)=-32669.220 |
 | E(CDIH)=7.137      E(NOE )=3.705                                            |
 -------------------------------------------------------------------------------
 --------------- cycle=   176 ------ stepsize=   -0.0000 -----------------------
 | Etotal =-26087.301 grad(E)=3.911      E(BOND)=383.835    E(ANGL)=4256.946   |
 | E(DIHE)=118.062    E(IMPR)=65.555     E(VDW )=1744.444   E(ELEC)=-32666.975 |
 | E(CDIH)=7.125      E(NOE )=3.708                                            |
 -------------------------------------------------------------------------------
 NBONDS: found   990660 intra-atom interactions
 --------------- cycle=   177 ------ stepsize=    0.0000 -----------------------
 | Etotal =-26093.678 grad(E)=2.970      E(BOND)=384.328    E(ANGL)=4257.342   |
 | E(DIHE)=118.406    E(IMPR)=64.893     E(VDW )=1746.370   E(ELEC)=-32675.511 |
 | E(CDIH)=6.804      E(NOE )=3.690                                            |
 -------------------------------------------------------------------------------
 --------------- cycle=   178 ------ stepsize=    0.0000 -----------------------
 | Etotal =-26094.035 grad(E)=3.678      E(BOND)=385.369    E(ANGL)=4257.840   |
 | E(DIHE)=118.514    E(IMPR)=64.838     E(VDW )=1746.972   E(ELEC)=-32678.063 |
 | E(CDIH)=6.809      E(NOE )=3.686                                            |
 -------------------------------------------------------------------------------
 --------------- cycle=   179 ------ stepsize=    0.0000 -----------------------
 | Etotal =-26099.674 grad(E)=3.658      E(BOND)=385.865    E(ANGL)=4257.022   |
 | E(DIHE)=118.425    E(IMPR)=64.404     E(VDW )=1749.364   E(ELEC)=-32685.040 |
 | E(CDIH)=6.618      E(NOE )=3.666                                            |
 -------------------------------------------------------------------------------
 --------------- cycle=   180 ------ stepsize=   -0.0000 -----------------------
 | Etotal =-26099.689 grad(E)=3.475      E(BOND)=385.651    E(ANGL)=4257.000   |
 | E(DIHE)=118.428    E(IMPR)=64.411     E(VDW )=1749.243   E(ELEC)=-32684.699 |
 | E(CDIH)=6.609      E(NOE )=3.667                                            |
 -------------------------------------------------------------------------------
 --------------- cycle=   181 ------ stepsize=    0.0000 -----------------------
 | Etotal =-26104.960 grad(E)=3.761      E(BOND)=383.182    E(ANGL)=4255.163   |
 | E(DIHE)=119.223    E(IMPR)=63.607     E(VDW )=1751.289   E(ELEC)=-32687.794 |
 | E(CDIH)=6.716      E(NOE )=3.654                                            |
 -------------------------------------------------------------------------------
 --------------- cycle=   182 ------ stepsize=    0.0000 -----------------------
 | Etotal =-26104.971 grad(E)=3.934      E(BOND)=383.210    E(ANGL)=4255.130   |
 | E(DIHE)=119.262    E(IMPR)=63.591     E(VDW )=1751.388   E(ELEC)=-32687.939 |
 | E(CDIH)=6.734      E(NOE )=3.653                                            |
 -------------------------------------------------------------------------------
 --------------- cycle=   183 ------ stepsize=    0.0000 -----------------------
 | Etotal =-26109.577 grad(E)=4.251      E(BOND)=379.807    E(ANGL)=4253.434   |
 | E(DIHE)=119.851    E(IMPR)=62.896     E(VDW )=1753.682   E(ELEC)=-32689.575 |
 | E(CDIH)=6.685      E(NOE )=3.643                                            |
 -------------------------------------------------------------------------------
 --------------- cycle=   184 ------ stepsize=   -0.0000 -----------------------
 | Etotal =-26109.654 grad(E)=3.742      E(BOND)=379.773    E(ANGL)=4253.501   |
 | E(DIHE)=119.784    E(IMPR)=62.947     E(VDW )=1753.414   E(ELEC)=-32689.391 |
 | E(CDIH)=6.673      E(NOE )=3.644                                            |
 -------------------------------------------------------------------------------
 --------------- cycle=   185 ------ stepsize=    0.0000 -----------------------
 | Etotal =-26114.056 grad(E)=3.135      E(BOND)=376.598    E(ANGL)=4251.818   |
 | E(DIHE)=119.306    E(IMPR)=62.978     E(VDW )=1755.373   E(ELEC)=-32690.306 |
 | E(CDIH)=6.537      E(NOE )=3.640                                            |
 -------------------------------------------------------------------------------
 --------------- cycle=   186 ------ stepsize=    0.0000 -----------------------
 | Etotal =-26114.063 grad(E)=3.261      E(BOND)=376.574    E(ANGL)=4251.784   |
 | E(DIHE)=119.288    E(IMPR)=62.997     E(VDW )=1755.456   E(ELEC)=-32690.343 |
 | E(CDIH)=6.543      E(NOE )=3.640                                            |
 -------------------------------------------------------------------------------
 --------------- cycle=   187 ------ stepsize=    0.0000 -----------------------
 | Etotal =-26118.415 grad(E)=2.783      E(BOND)=373.621    E(ANGL)=4250.310   |
 | E(DIHE)=118.971    E(IMPR)=62.899     E(VDW )=1757.113   E(ELEC)=-32691.350 |
 | E(CDIH)=6.379      E(NOE )=3.642                                            |
 -------------------------------------------------------------------------------
 --------------- cycle=   188 ------ stepsize=    0.0000 -----------------------
 | Etotal =-26118.846 grad(E)=3.721      E(BOND)=373.302    E(ANGL)=4250.001   |
 | E(DIHE)=118.848    E(IMPR)=62.921     E(VDW )=1757.843   E(ELEC)=-32691.780 |
 | E(CDIH)=6.375      E(NOE )=3.644                                            |
 -------------------------------------------------------------------------------
 --------------- cycle=   189 ------ stepsize=    0.0000 -----------------------
 | Etotal =-26123.286 grad(E)=3.695      E(BOND)=370.108    E(ANGL)=4249.153   |
 | E(DIHE)=118.748    E(IMPR)=62.906     E(VDW )=1760.310   E(ELEC)=-32694.497 |
 | E(CDIH)=6.334      E(NOE )=3.651                                            |
 -------------------------------------------------------------------------------
 --------------- cycle=   190 ------ stepsize=   -0.0000 -----------------------
 | Etotal =-26123.309 grad(E)=3.438      E(BOND)=370.104    E(ANGL)=4249.145   |
 | E(DIHE)=118.754    E(IMPR)=62.886     E(VDW )=1760.141   E(ELEC)=-32694.316 |
 | E(CDIH)=6.325      E(NOE )=3.651                                            |
 -------------------------------------------------------------------------------
 --------------- cycle=   191 ------ stepsize=    0.0000 -----------------------
 | Etotal =-26127.973 grad(E)=2.729      E(BOND)=367.931    E(ANGL)=4248.838   |
 | E(DIHE)=118.903    E(IMPR)=62.224     E(VDW )=1762.243   E(ELEC)=-32698.269 |
 | E(CDIH)=6.506      E(NOE )=3.652                                            |
 -------------------------------------------------------------------------------
 --------------- cycle=   192 ------ stepsize=    0.0000 -----------------------
 | Etotal =-26128.218 grad(E)=3.373      E(BOND)=367.989    E(ANGL)=4248.991   |
 | E(DIHE)=118.956    E(IMPR)=62.097     E(VDW )=1762.862   E(ELEC)=-32699.406 |
 | E(CDIH)=6.640      E(NOE )=3.653                                            |
 -------------------------------------------------------------------------------
 --------------- cycle=   193 ------ stepsize=    0.0000 -----------------------
 | Etotal =-26133.298 grad(E)=3.173      E(BOND)=367.131    E(ANGL)=4249.577   |
 | E(DIHE)=119.972    E(IMPR)=61.061     E(VDW )=1765.645   E(ELEC)=-32706.935 |
 | E(CDIH)=6.605      E(NOE )=3.646                                            |
 -------------------------------------------------------------------------------
 --------------- cycle=   194 ------ stepsize=    0.0000 -----------------------
 | Etotal =-26133.327 grad(E)=3.420      E(BOND)=367.290    E(ANGL)=4249.722   |
 | E(DIHE)=120.059    E(IMPR)=61.004     E(VDW )=1765.877   E(ELEC)=-32707.547 |
 | E(CDIH)=6.623      E(NOE )=3.645                                            |
 -------------------------------------------------------------------------------
 --------------- cycle=   195 ------ stepsize=    0.0000 -----------------------
 | Etotal =-26136.468 grad(E)=4.920      E(BOND)=369.787    E(ANGL)=4251.315   |
 | E(DIHE)=119.889    E(IMPR)=61.134     E(VDW )=1769.009   E(ELEC)=-32717.683 |
 | E(CDIH)=6.455      E(NOE )=3.626                                            |
 -------------------------------------------------------------------------------
 --------------- cycle=   196 ------ stepsize=   -0.0000 -----------------------
 | Etotal =-26137.014 grad(E)=3.423      E(BOND)=368.089    E(ANGL)=4250.603   |
 | E(DIHE)=119.934    E(IMPR)=61.040     E(VDW )=1768.124   E(ELEC)=-32714.867 |
 | E(CDIH)=6.432      E(NOE )=3.631                                            |
 -------------------------------------------------------------------------------
 --------------- cycle=   197 ------ stepsize=    0.0000 -----------------------
 | Etotal =-26141.268 grad(E)=2.951      E(BOND)=369.196    E(ANGL)=4252.420   |
 | E(DIHE)=118.794    E(IMPR)=61.549     E(VDW )=1770.446   E(ELEC)=-32723.535 |
 | E(CDIH)=6.252      E(NOE )=3.609                                            |
 -------------------------------------------------------------------------------
 --------------- cycle=   198 ------ stepsize=    0.0000 -----------------------
 | Etotal =-26141.370 grad(E)=3.429      E(BOND)=369.805    E(ANGL)=4252.895   |
 | E(DIHE)=118.601    E(IMPR)=61.695     E(VDW )=1770.875   E(ELEC)=-32725.103 |
 | E(CDIH)=6.257      E(NOE )=3.605                                            |
 -------------------------------------------------------------------------------
 --------------- cycle=   199 ------ stepsize=    0.0000 -----------------------
 | Etotal =-26144.908 grad(E)=3.853      E(BOND)=372.470    E(ANGL)=4254.599   |
 | E(DIHE)=118.073    E(IMPR)=62.027     E(VDW )=1773.654   E(ELEC)=-32735.623 |
 | E(CDIH)=6.323      E(NOE )=3.567                                            |
 -------------------------------------------------------------------------------
 --------------- cycle=   200 ------ stepsize=   -0.0000 -----------------------
 | Etotal =-26145.037 grad(E)=3.198      E(BOND)=371.559    E(ANGL)=4254.196   |
 | E(DIHE)=118.155    E(IMPR)=61.947     E(VDW )=1773.208   E(ELEC)=-32733.960 |
 | E(CDIH)=6.285      E(NOE )=3.573                                            |
 -------------------------------------------------------------------------------
 POWELL: STEP number limit. Normal termination
 POWELL: Current coordinates set to last minimum
 %PARRDR-info: duplication of bond C    OC  
 %PARRDR-info: duplication of bond CH1E OAS 
 %PARRDR-info: duplication of bond HN   N3T 
 %PARRDR-info: duplication of angle CH2E C    NH1 
 %PARRDR-info: duplication of angle CR1E CR1E CY2 
 %PARRDR-info: duplication of angle OC   C    OC  
 %PARRDR-info: duplication of nonbonded entry OH  
 %PARRDR-info: duplication of nonbonded entry P   
 %PARRDR-info: duplication of nonbonded entry HO  
 %PARRDR-info: duplication of nonbonded entry HN  
 %PARRDR-info: duplication of nonbonded entry H   
 %PARRDR-info: duplication of nonbonded entry HA  
 %PARRDR-info: duplication of nonbonded entry HC  
 %PARRDR-info: duplication of nonbonded entry OP1 
 %PARRDR-info: duplication of nonbonded entry HO  
 %PARRDR-info: duplication of nonbonded entry HO  
 %PARRDR-info: duplication of nonbonded entry HA  
 %PARRDR-info: duplication of nonbonded entry HA  
 %PARRDR-info: duplication of nonbonded entry OC  
 %PARRDR-info: duplication of nonbonded entry C   
AUTOMATIC DEFINITION OF FLEXIBLE SEGMENTS BASED ON INTERMOLECULAR PROXIMITY FOR MOLECULE 1
THE FOLLOWING RESIDUES HAVE BEEN DEFINED AS FLEXIBLE for molecule 1
AUTOMATICALLY SELECTED SEGMENT: DG,1,A
AUTOMATICALLY SELECTED SEGMENT: DG,2,A
AUTOMATICALLY SELECTED SEGMENT: DC,3,A
AUTOMATICALLY SELECTED SEGMENT: DG,4,A
AUTOMATICALLY SELECTED SEGMENT: DG,5,A
AUTOMATICALLY SELECTED SEGMENT: DG,6,A
AUTOMATICALLY SELECTED SEGMENT: DT,7,A
AUTOMATICALLY SELECTED SEGMENT: DT,8,A
AUTOMATICALLY SELECTED SEGMENT: DT,9,A
AUTOMATICALLY SELECTED SEGMENT: DT,10,A
AUTOMATICALLY SELECTED SEGMENT: DG,11,A
AUTOMATICALLY SELECTED SEGMENT: DA,12,A
AUTOMATICALLY SELECTED SEGMENT: DG,13,A
AUTOMATICALLY SELECTED SEGMENT: DG,14,A
AUTOMATICALLY SELECTED SEGMENT: DG,15,A
AUTOMATICALLY SELECTED SEGMENT: DT,16,A
AUTOMATICALLY SELECTED SEGMENT: DC,17,A
AUTOMATICALLY SELECTED SEGMENT: DG,18,A
AUTOMATICALLY SELECTED SEGMENT: DC,19,A
AUTOMATICALLY SELECTED SEGMENT: DA,20,A
AUTOMATICALLY SELECTED SEGMENT: DT,21,A
AUTOMATICALLY SELECTED SEGMENT: DC,22,A
AUTOMATICALLY SELECTED SEGMENT: DC,23,A
AUTOMATICALLY SELECTED SEGMENT: DC,24,A
AUTOMATICALLY SELECTED SEGMENT: DG,25,A
AUTOMATICALLY SELECTED SEGMENT: DT,26,A
AUTOMATICALLY SELECTED SEGMENT: DG,27,A
AUTOMATICALLY SELECTED SEGMENT: DG,28,A
AUTOMATICALLY SELECTED SEGMENT: DA,29,A
AUTOMATICALLY SELECTED SEGMENT: DA,30,A
AUTOMATICALLY SELECTED SEGMENT: DA,31,A
AUTOMATICALLY SELECTED SEGMENT: DC,32,A
AUTOMATICALLY SELECTED SEGMENT: DA,33,A
AUTOMATICALLY SELECTED SEGMENT: DG,34,A
AUTOMATICALLY SELECTED SEGMENT: DG,35,A
AUTOMATICALLY SELECTED SEGMENT: DT,36,A
AUTOMATICALLY SELECTED SEGMENT: DT,37,A
AUTOMATICALLY SELECTED SEGMENT: DC,38,A
AUTOMATICALLY SELECTED SEGMENT: DA,39,A
AUTOMATICALLY SELECTED SEGMENT: DT,40,A
AUTOMATICALLY SELECTED SEGMENT: DT,41,A
AUTOMATICALLY SELECTED SEGMENT: DG,42,A
AUTOMATICALLY SELECTED SEGMENT: DT,43,A
AUTOMATICALLY SELECTED SEGMENT: DT,44,A
AUTOMATICALLY SELECTED SEGMENT: DC,45,A
AUTOMATICALLY SELECTED SEGMENT: DC,46,A
AUTOMATICALLY SELECTED SEGMENT: DC,47,A
AUTOMATICALLY SELECTED SEGMENT: DG,48,A
AUTOMATICALLY SELECTED SEGMENT: DC,49,A
AUTOMATICALLY SELECTED SEGMENT: DC,50,A
AUTOMATIC DEFINITION OF FLEXIBLE SEGMENTS BASED ON INTERMOLECULAR PROXIMITY FOR MOLECULE 2
THE FOLLOWING RESIDUES HAVE BEEN DEFINED AS FLEXIBLE for molecule 2
AUTOMATICALLY SELECTED SEGMENT: SAX,1,B
NO FULLY FLEXIBLE SEGMENTS for molecule 1
NO FULLY FLEXIBLE SEGMENTS for molecule 2
FLEXIBILITY STATISTIC FOR MOLECULE 1 : Nres=50 Nrigid=0 Nflex=50
FLEXIBILITY STATISTIC FOR MOLECULE 2 : Nres=1 Nrigid=0 Nflex=1
 POWELL: number of degrees of freedom= 21525
 NBONDS: generating intra-molecular exclusion list with mode= 5
 MAKINB: mode   5 found   4976 exclusions and   3862 interactions(1-4)
 NBONDS: found   106896 intra-atom interactions
 NBONDS: generating intra-molecular exclusion list with mode= 5
 MAKINB: mode   5 found     88 exclusions and     71 interactions(1-4)
 NBONDS: found      336 intra-atom interactions
 --------------- cycle=    25 ------ stepsize=   -0.0000 -----------------------
 | Etotal =1659.338   grad(E)=2.315      E(BOND)=19.381     E(ANGL)=4175.410   |
 | E(DIHE)=118.582    E(IMPR)=55.341     E(VDW )=-656.060   E(ELEC)=-2053.316  |
 -------------------------------------------------------------------------------
 --------------- cycle=    50 ------ stepsize=    0.0000 -----------------------
 | Etotal =1642.564   grad(E)=1.558      E(BOND)=19.595     E(ANGL)=4176.744   |
 | E(DIHE)=117.123    E(IMPR)=54.364     E(VDW )=-655.556   E(ELEC)=-2069.707  |
 -------------------------------------------------------------------------------
 --------------- cycle=    75 ------ stepsize=   -0.0000 -----------------------
 | Etotal =1629.328   grad(E)=1.694      E(BOND)=20.003     E(ANGL)=4178.290   |
 | E(DIHE)=116.234    E(IMPR)=56.324     E(VDW )=-655.987   E(ELEC)=-2085.536  |
 -------------------------------------------------------------------------------
 --------------- cycle=   100 ------ stepsize=    0.0000 -----------------------
 | Etotal =1613.199   grad(E)=2.032      E(BOND)=20.176     E(ANGL)=4182.053   |
 | E(DIHE)=116.209    E(IMPR)=57.268     E(VDW )=-656.077   E(ELEC)=-2106.430  |
 -------------------------------------------------------------------------------
 POWELL: STEP number limit. Normal termination
 POWELL: Current coordinates set to last minimum
 --------------- cycle=     2 --------------------------------------------------
 | Etotal =1613.199   grad(E)=2.032      E(BOND)=20.176     E(ANGL)=4182.053   |
 | E(DIHE)=116.209    E(IMPR)=57.268     E(VDW )=-656.077   E(ELEC)=-2106.430  |
 -------------------------------------------------------------------------------
FREE MOLECULES INTERNAL ENERGY = 1613.2
 NBONDS: generating intra-molecular exclusion list with mode= 5
 MAKINB: mode   5 found   4976 exclusions and   3862 interactions(1-4)
 NBONDS: found   106896 intra-atom interactions
 NBONDS: generating intra-molecular exclusion list with mode= 5
 MAKINB: mode   5 found     88 exclusions and     71 interactions(1-4)
 NBONDS: found      336 intra-atom interactions
 --------------- cycle=     3 --------------------------------------------------
 | Etotal =1697.699   grad(E)=4.354      E(BOND)=24.953     E(ANGL)=4184.555   |
 | E(DIHE)=118.155    E(IMPR)=61.947     E(VDW )=-657.302   E(ELEC)=-2034.608  |
 -------------------------------------------------------------------------------
 NBONDS: generating intra-molecular exclusion list with mode= 5
 MAKINB: mode   5 found      0 exclusions and      0 interactions(1-4)
 NBONDS: found     5492 intra-atom interactions
 --------------- cycle=     4 --------------------------------------------------
 | Etotal =-446.027   grad(E)=2.634      E(BOND)=0.000      E(ANGL)=0.000      |
 | E(DIHE)=0.000      E(IMPR)=0.000      E(VDW )=-7.864     E(ELEC)=-448.021   |
 | E(CDIH)=6.285      E(NOE )=3.573                                            |
 -------------------------------------------------------------------------------
 $$$$$$$$$$$$$$$$$$ working set $$$$$$$$$$$$$$$$$$$$$$$$$$$$$$

 NOEPRI: RMS diff. =   0.028,  #(violat.> 0.3)=     0 of     66 NOEs
 NOEPRI: RMS diff. class AMBI =   0.017,  #(viol.> 0.3)=     0 of      5 NOEs
 NOEPRI: RMS diff. class HRES =   0.029,  #(viol.> 0.3)=     0 of     61 NOEs
 $$$$$$$$$$$$$$$$$$$$ test set (TEST=    1)  $$$$$$$$$$$$$$$$$$$$$$

 ++++++++++++++++++++++++++++++++++++++++++++++++++++++++++++++++++++++++++++++
 +++++++++++++++++++++++++++++++ CLASS AMBI +++++++++++++++++++++++++++++++++++
 for this class: SCALe=  50.000 AVERage=sum    POTEntial=soft-square
                 SQCOnstant=   1.000 SQEXponent=    2 SQOFfsets(+/-)=   0.000   0.000
                 SOEXponent=    1 RSWItch=   0.500 ASYMptote=   0.100
 
 ========== restraint     4 ==========
 set-i-atoms
          A    19   DC   P   
          A    19   DC   OP1 
          A    19   DC   OP2 
          A    19   DC   O5' 
          A    19   DC   C5' 
          A    19   DC   H5' 
          A    19   DC   H5''
          A    19   DC   C4' 
          A    19   DC   H4' 
          A    19   DC   O4' 
          A    19   DC   C1' 
          A    19   DC   H1' 
          A    19   DC   N1  
          A    19   DC   C6  
          A    19   DC   H6  
          A    19   DC   C2  
          A    19   DC   O2  
          A    19   DC   N3  
          A    19   DC   C4  
          A    19   DC   N4  
          A    19   DC   H41 
          A    19   DC   H42 
          A    19   DC   C5  
          A    19   DC   H5  
          A    19   DC   C2' 
          A    19   DC   H2' 
          A    19   DC   H2''
          A    19   DC   C3' 
          A    19   DC   H3' 
          A    19   DC   O3' 
 set-j-atoms
          B    1    SAX  N1  
          B    1    SAX  HAI 
          B    1    SAX  C4  
          B    1    SAX  N2  
          B    1    SAX  HAD 
          B    1    SAX  H5  
          B    1    SAX  N3  
          B    1    SAX  C10 
          B    1    SAX  C9  
          B    1    SAX  C8  
          B    1    SAX  O3  
          B    1    SAX  HAA 
          B    1    SAX  O4  
          B    1    SAX  HAB 
          B    1    SAX  C5  
          B    1    SAX  N4  
          B    1    SAX  HAJ 
          B    1    SAX  C6  
          B    1    SAX  N6  
          B    1    SAX  HAF 
          B    1    SAX  H8  
          B    1    SAX  N5  
          B    1    SAX  HAK 
          B    1    SAX  C7  
          B    1    SAX  C3  
          B    1    SAX  C2  
          B    1    SAX  O2  
          B    1    SAX  C1  
          B    1    SAX  O1  
          B    1    SAX  N7  
          B    1    SAX  H16 
          B    1    SAX  H17 
 R<average>=   3.676 NOE= 2.00 (- 2.00/+ 0.00) Delta=  -1.676  E(NOE)=  34.169
 ========== restraint     5 ==========
 set-i-atoms
          A    20   DA   P   
          A    20   DA   OP1 
          A    20   DA   OP2 
          A    20   DA   O5' 
          A    20   DA   C5' 
          A    20   DA   H5' 
          A    20   DA   H5''
          A    20   DA   C4' 
          A    20   DA   H4' 
          A    20   DA   O4' 
          A    20   DA   C1' 
          A    20   DA   H1' 
          A    20   DA   N9  
          A    20   DA   C4  
          A    20   DA   N3  
          A    20   DA   C2  
          A    20   DA   H2  
          A    20   DA   N1  
          A    20   DA   C6  
          A    20   DA   N6  
          A    20   DA   H61 
          A    20   DA   H62 
          A    20   DA   C5  
          A    20   DA   N7  
          A    20   DA   C8  
          A    20   DA   H8  
          A    20   DA   C2' 
          A    20   DA   H2' 
          A    20   DA   H2''
          A    20   DA   C3' 
          A    20   DA   H3' 
          A    20   DA   O3' 
 set-j-atoms
          B    1    SAX  N1  
          B    1    SAX  HAI 
          B    1    SAX  C4  
          B    1    SAX  N2  
          B    1    SAX  HAD 
          B    1    SAX  H5  
          B    1    SAX  N3  
          B    1    SAX  C10 
          B    1    SAX  C9  
          B    1    SAX  C8  
          B    1    SAX  O3  
          B    1    SAX  HAA 
          B    1    SAX  O4  
          B    1    SAX  HAB 
          B    1    SAX  C5  
          B    1    SAX  N4  
          B    1    SAX  HAJ 
          B    1    SAX  C6  
          B    1    SAX  N6  
          B    1    SAX  HAF 
          B    1    SAX  H8  
          B    1    SAX  N5  
          B    1    SAX  HAK 
          B    1    SAX  C7  
          B    1    SAX  C3  
          B    1    SAX  C2  
          B    1    SAX  O2  
          B    1    SAX  C1  
          B    1    SAX  O1  
          B    1    SAX  N7  
          B    1    SAX  H16 
          B    1    SAX  H17 
 R<average>=   2.719 NOE= 2.00 (- 2.00/+ 0.00) Delta=  -0.719  E(NOE)=  20.447
 ========== restraint    10 ==========
 set-i-atoms
          A    25   DG   P   
          A    25   DG   OP1 
          A    25   DG   OP2 
          A    25   DG   O5' 
          A    25   DG   C5' 
          A    25   DG   H5' 
          A    25   DG   H5''
          A    25   DG   C4' 
          A    25   DG   H4' 
          A    25   DG   O4' 
          A    25   DG   C1' 
          A    25   DG   H1' 
          A    25   DG   N9  
          A    25   DG   C4  
          A    25   DG   N3  
          A    25   DG   C2  
          A    25   DG   N2  
          A    25   DG   H21 
          A    25   DG   H22 
          A    25   DG   N1  
          A    25   DG   H1  
          A    25   DG   C6  
          A    25   DG   O6  
          A    25   DG   C5  
          A    25   DG   N7  
          A    25   DG   C8  
          A    25   DG   H8  
          A    25   DG   C2' 
          A    25   DG   H2' 
          A    25   DG   H2''
          A    25   DG   C3' 
          A    25   DG   H3' 
          A    25   DG   O3' 
 set-j-atoms
          B    1    SAX  N1  
          B    1    SAX  HAI 
          B    1    SAX  C4  
          B    1    SAX  N2  
          B    1    SAX  HAD 
          B    1    SAX  H5  
          B    1    SAX  N3  
          B    1    SAX  C10 
          B    1    SAX  C9  
          B    1    SAX  C8  
          B    1    SAX  O3  
          B    1    SAX  HAA 
          B    1    SAX  O4  
          B    1    SAX  HAB 
          B    1    SAX  C5  
          B    1    SAX  N4  
          B    1    SAX  HAJ 
          B    1    SAX  C6  
          B    1    SAX  N6  
          B    1    SAX  HAF 
          B    1    SAX  H8  
          B    1    SAX  N5  
          B    1    SAX  HAK 
          B    1    SAX  C7  
          B    1    SAX  C3  
          B    1    SAX  C2  
          B    1    SAX  O2  
          B    1    SAX  C1  
          B    1    SAX  O1  
          B    1    SAX  N7  
          B    1    SAX  H16 
          B    1    SAX  H17 
 R<average>=   3.787 NOE= 2.00 (- 2.00/+ 0.00) Delta=  -1.787  E(NOE)=  35.143
 ========== restraint    11 ==========
 set-i-atoms
          A    26   DT   P   
          A    26   DT   OP1 
          A    26   DT   OP2 
          A    26   DT   O5' 
          A    26   DT   C5' 
          A    26   DT   H5' 
          A    26   DT   H5''
          A    26   DT   C4' 
          A    26   DT   H4' 
          A    26   DT   O4' 
          A    26   DT   C1' 
          A    26   DT   H1' 
          A    26   DT   N1  
          A    26   DT   C6  
          A    26   DT   H6  
          A    26   DT   C2  
          A    26   DT   O2  
          A    26   DT   N3  
          A    26   DT   H3  
          A    26   DT   C4  
          A    26   DT   O4  
          A    26   DT   C5  
          A    26   DT   C7  
          A    26   DT   H71 
          A    26   DT   H72 
          A    26   DT   H73 
          A    26   DT   C2' 
          A    26   DT   H2' 
          A    26   DT   H2''
          A    26   DT   C3' 
          A    26   DT   H3' 
          A    26   DT   O3' 
 set-j-atoms
          B    1    SAX  N1  
          B    1    SAX  HAI 
          B    1    SAX  C4  
          B    1    SAX  N2  
          B    1    SAX  HAD 
          B    1    SAX  H5  
          B    1    SAX  N3  
          B    1    SAX  C10 
          B    1    SAX  C9  
          B    1    SAX  C8  
          B    1    SAX  O3  
          B    1    SAX  HAA 
          B    1    SAX  O4  
          B    1    SAX  HAB 
          B    1    SAX  C5  
          B    1    SAX  N4  
          B    1    SAX  HAJ 
          B    1    SAX  C6  
          B    1    SAX  N6  
          B    1    SAX  HAF 
          B    1    SAX  H8  
          B    1    SAX  N5  
          B    1    SAX  HAK 
          B    1    SAX  C7  
          B    1    SAX  C3  
          B    1    SAX  C2  
          B    1    SAX  O2  
          B    1    SAX  C1  
          B    1    SAX  O1  
          B    1    SAX  N7  
          B    1    SAX  H16 
          B    1    SAX  H17 
 R<average>=   5.224 NOE= 2.00 (- 2.00/+ 0.00) Delta=  -3.224  E(NOE)=  45.129
 ========== restraint    12 ==========
 set-i-atoms
          A    27   DG   P   
          A    27   DG   OP1 
          A    27   DG   OP2 
          A    27   DG   O5' 
          A    27   DG   C5' 
          A    27   DG   H5' 
          A    27   DG   H5''
          A    27   DG   C4' 
          A    27   DG   H4' 
          A    27   DG   O4' 
          A    27   DG   C1' 
          A    27   DG   H1' 
          A    27   DG   N9  
          A    27   DG   C4  
          A    27   DG   N3  
          A    27   DG   C2  
          A    27   DG   N2  
          A    27   DG   H21 
          A    27   DG   H22 
          A    27   DG   N1  
          A    27   DG   H1  
          A    27   DG   C6  
          A    27   DG   O6  
          A    27   DG   C5  
          A    27   DG   N7  
          A    27   DG   C8  
          A    27   DG   H8  
          A    27   DG   C2' 
          A    27   DG   H2' 
          A    27   DG   H2''
          A    27   DG   C3' 
          A    27   DG   H3' 
          A    27   DG   O3' 
 set-j-atoms
          B    1    SAX  N1  
          B    1    SAX  HAI 
          B    1    SAX  C4  
          B    1    SAX  N2  
          B    1    SAX  HAD 
          B    1    SAX  H5  
          B    1    SAX  N3  
          B    1    SAX  C10 
          B    1    SAX  C9  
          B    1    SAX  C8  
          B    1    SAX  O3  
          B    1    SAX  HAA 
          B    1    SAX  O4  
          B    1    SAX  HAB 
          B    1    SAX  C5  
          B    1    SAX  N4  
          B    1    SAX  HAJ 
          B    1    SAX  C6  
          B    1    SAX  N6  
          B    1    SAX  HAF 
          B    1    SAX  H8  
          B    1    SAX  N5  
          B    1    SAX  HAK 
          B    1    SAX  C7  
          B    1    SAX  C3  
          B    1    SAX  C2  
          B    1    SAX  O2  
          B    1    SAX  C1  
          B    1    SAX  O1  
          B    1    SAX  N7  
          B    1    SAX  H16 
          B    1    SAX  H17 
 R<average>=   6.531 NOE= 2.00 (- 2.00/+ 0.00) Delta=  -4.531  E(NOE)=  52.672
 ========== restraint    13 ==========
 set-i-atoms
          A    28   DG   P   
          A    28   DG   OP1 
          A    28   DG   OP2 
          A    28   DG   O5' 
          A    28   DG   C5' 
          A    28   DG   H5' 
          A    28   DG   H5''
          A    28   DG   C4' 
          A    28   DG   H4' 
          A    28   DG   O4' 
          A    28   DG   C1' 
          A    28   DG   H1' 
          A    28   DG   N9  
          A    28   DG   C4  
          A    28   DG   N3  
          A    28   DG   C2  
          A    28   DG   N2  
          A    28   DG   H21 
          A    28   DG   H22 
          A    28   DG   N1  
          A    28   DG   H1  
          A    28   DG   C6  
          A    28   DG   O6  
          A    28   DG   C5  
          A    28   DG   N7  
          A    28   DG   C8  
          A    28   DG   H8  
          A    28   DG   C2' 
          A    28   DG   H2' 
          A    28   DG   H2''
          A    28   DG   C3' 
          A    28   DG   H3' 
          A    28   DG   O3' 
 set-j-atoms
          B    1    SAX  N1  
          B    1    SAX  HAI 
          B    1    SAX  C4  
          B    1    SAX  N2  
          B    1    SAX  HAD 
          B    1    SAX  H5  
          B    1    SAX  N3  
          B    1    SAX  C10 
          B    1    SAX  C9  
          B    1    SAX  C8  
          B    1    SAX  O3  
          B    1    SAX  HAA 
          B    1    SAX  O4  
          B    1    SAX  HAB 
          B    1    SAX  C5  
          B    1    SAX  N4  
          B    1    SAX  HAJ 
          B    1    SAX  C6  
          B    1    SAX  N6  
          B    1    SAX  HAF 
          B    1    SAX  H8  
          B    1    SAX  N5  
          B    1    SAX  HAK 
          B    1    SAX  C7  
          B    1    SAX  C3  
          B    1    SAX  C2  
          B    1    SAX  O2  
          B    1    SAX  C1  
          B    1    SAX  O1  
          B    1    SAX  N7  
          B    1    SAX  H16 
          B    1    SAX  H17 
 R<average>=   7.572 NOE= 2.00 (- 2.00/+ 0.00) Delta=  -5.572  E(NOE)=  58.343
 ========== restraint    14 ==========
 set-i-atoms
          A    29   DA   P   
          A    29   DA   OP1 
          A    29   DA   OP2 
          A    29   DA   O5' 
          A    29   DA   C5' 
          A    29   DA   H5' 
          A    29   DA   H5''
          A    29   DA   C4' 
          A    29   DA   H4' 
          A    29   DA   O4' 
          A    29   DA   C1' 
          A    29   DA   H1' 
          A    29   DA   N9  
          A    29   DA   C4  
          A    29   DA   N3  
          A    29   DA   C2  
          A    29   DA   H2  
          A    29   DA   N1  
          A    29   DA   C6  
          A    29   DA   N6  
          A    29   DA   H61 
          A    29   DA   H62 
          A    29   DA   C5  
          A    29   DA   N7  
          A    29   DA   C8  
          A    29   DA   H8  
          A    29   DA   C2' 
          A    29   DA   H2' 
          A    29   DA   H2''
          A    29   DA   C3' 
          A    29   DA   H3' 
          A    29   DA   O3' 
 set-j-atoms
          B    1    SAX  N1  
          B    1    SAX  HAI 
          B    1    SAX  C4  
          B    1    SAX  N2  
          B    1    SAX  HAD 
          B    1    SAX  H5  
          B    1    SAX  N3  
          B    1    SAX  C10 
          B    1    SAX  C9  
          B    1    SAX  C8  
          B    1    SAX  O3  
          B    1    SAX  HAA 
          B    1    SAX  O4  
          B    1    SAX  HAB 
          B    1    SAX  C5  
          B    1    SAX  N4  
          B    1    SAX  HAJ 
          B    1    SAX  C6  
          B    1    SAX  N6  
          B    1    SAX  HAF 
          B    1    SAX  H8  
          B    1    SAX  N5  
          B    1    SAX  HAK 
          B    1    SAX  C7  
          B    1    SAX  C3  
          B    1    SAX  C2  
          B    1    SAX  O2  
          B    1    SAX  C1  
          B    1    SAX  O1  
          B    1    SAX  N7  
          B    1    SAX  H16 
          B    1    SAX  H17 
 R<average>=   8.219 NOE= 2.00 (- 2.00/+ 0.00) Delta=  -6.219  E(NOE)=  61.786
 ========== restraint    15 ==========
 set-i-atoms
          A    30   DA   P   
          A    30   DA   OP1 
          A    30   DA   OP2 
          A    30   DA   O5' 
          A    30   DA   C5' 
          A    30   DA   H5' 
          A    30   DA   H5''
          A    30   DA   C4' 
          A    30   DA   H4' 
          A    30   DA   O4' 
          A    30   DA   C1' 
          A    30   DA   H1' 
          A    30   DA   N9  
          A    30   DA   C4  
          A    30   DA   N3  
          A    30   DA   C2  
          A    30   DA   H2  
          A    30   DA   N1  
          A    30   DA   C6  
          A    30   DA   N6  
          A    30   DA   H61 
          A    30   DA   H62 
          A    30   DA   C5  
          A    30   DA   N7  
          A    30   DA   C8  
          A    30   DA   H8  
          A    30   DA   C2' 
          A    30   DA   H2' 
          A    30   DA   H2''
          A    30   DA   C3' 
          A    30   DA   H3' 
          A    30   DA   O3' 
 set-j-atoms
          B    1    SAX  N1  
          B    1    SAX  HAI 
          B    1    SAX  C4  
          B    1    SAX  N2  
          B    1    SAX  HAD 
          B    1    SAX  H5  
          B    1    SAX  N3  
          B    1    SAX  C10 
          B    1    SAX  C9  
          B    1    SAX  C8  
          B    1    SAX  O3  
          B    1    SAX  HAA 
          B    1    SAX  O4  
          B    1    SAX  HAB 
          B    1    SAX  C5  
          B    1    SAX  N4  
          B    1    SAX  HAJ 
          B    1    SAX  C6  
          B    1    SAX  N6  
          B    1    SAX  HAF 
          B    1    SAX  H8  
          B    1    SAX  N5  
          B    1    SAX  HAK 
          B    1    SAX  C7  
          B    1    SAX  C3  
          B    1    SAX  C2  
          B    1    SAX  O2  
          B    1    SAX  C1  
          B    1    SAX  O1  
          B    1    SAX  N7  
          B    1    SAX  H16 
          B    1    SAX  H17 
 R<average>=   8.911 NOE= 2.00 (- 2.00/+ 0.00) Delta=  -6.911  E(NOE)=  65.430

 NOEPRI: RMS diff. =   3.753,  #(violat.> 0.3)=     8 of     11 NOEs
 NOEPRI: RMS diff. class AMBI =   3.753,  #(viol.> 0.3)=     8 of     11 NOEs
 %NOESET error encountered: duplicate class name specified. 
   (CNS is in mode: SET ABORT=NORMal END)
 --------------- cycle=     5 --------------------------------------------------
 | Etotal =-446.027   grad(E)=2.634      E(BOND)=0.000      E(ANGL)=0.000      |
 | E(DIHE)=0.000      E(IMPR)=0.000      E(VDW )=-7.864     E(ELEC)=-448.021   |
 | E(CDIH)=6.285      E(NOE )=3.573                                            |
 -------------------------------------------------------------------------------
 Total number of dihedral angle restraints=   696
  overall scale =  200.0000
 Number of dihedral angle restraints=  696
 Number of violations greater than    5.000:     0
 RMS deviation=   0.289
 (atom-i        |atom-j        )    dist.   equil.   delta    energy   const. 

 (atom-i        |atom-j        )    dist.   equil.   delta    energy   const. 

 (atom-i        |atom-j        )    dist.   equil.   delta    energy   const. 

 (atom-i        |atom-j        )    dist.   equil.   delta    energy   const. 

 (atom-i        |atom-j        )    dist.   equil.   delta    energy   const. 

 (atom-i        |atom-j        )    dist.   equil.   delta    energy   const. 

 (atom-i        |atom-j        )    dist.   equil.   delta    energy   const. 

 Number of violations greater    0.050:     0
 (atom-i        |atom-j        |atom-k        )  angle    equil.     delta    energy  const. 

 (atom-i        |atom-j        |atom-k        )  angle    equil.     delta    energy  const. 

 (atom-i        |atom-j        |atom-k        )  angle    equil.     delta    energy  const. 

 (atom-i        |atom-j        |atom-k        )  angle    equil.     delta    energy  const. 

 (atom-i        |atom-j        |atom-k        )  angle    equil.     delta    energy  const. 

 (atom-i        |atom-j        |atom-k        )  angle    equil.     delta    energy  const. 

 (atom-i        |atom-j        |atom-k        )  angle    equil.     delta    energy  const. 

 Number of violations greater    5.000:     0
 (atom-i        |atom-j        |atom-k        |atom-L        )    angle    equil.   delta    energy   const.   period

 (atom-i        |atom-j        |atom-k        |atom-L        )    angle    equil.   delta    energy   const.   period

 (atom-i        |atom-j        |atom-k        |atom-L        )    angle    equil.   delta    energy   const.   period

 (atom-i        |atom-j        |atom-k        |atom-L        )    angle    equil.   delta    energy   const.   period

 (atom-i        |atom-j        |atom-k        |atom-L        )    angle    equil.   delta    energy   const.   period

 (atom-i        |atom-j        |atom-k        |atom-L        )    angle    equil.   delta    energy   const.   period

 (atom-i        |atom-j        |atom-k        |atom-L        )    angle    equil.   delta    energy   const.   period

 Number of violations greater    5.000:     0
 (atom-i        |atom-j        |atom-k        |atom-L        )    angle    equil.   delta    energy   const.   period

 (atom-i        |atom-j        |atom-k        |atom-L        )    angle    equil.   delta    energy   const.   period

 (atom-i        |atom-j        |atom-k        |atom-L        )    angle    equil.   delta    energy   const.   period

 (atom-i        |atom-j        |atom-k        |atom-L        )    angle    equil.   delta    energy   const.   period

 (atom-i        |atom-j        |atom-k        |atom-L        )    angle    equil.   delta    energy   const.   period

 (atom-i        |atom-j        |atom-k        |atom-L        )    angle    equil.   delta    energy   const.   period

 (atom-i        |atom-j        |atom-k        |atom-L        )    angle    equil.   delta    energy   const.   period

 Number of violations greater   30.000:     0
 SURFAC: half the sigma value being used for atomic radii.
 SURFAC: ACCEssible surface area
 SURFAC: ACCUracy= 0.07 RH2O=  1.40
         Z-grid=  0.25 number-of-Z-sections=  121
         measures-of-arc=  9340 and 19390
 SURFAC: half the sigma value being used for atomic radii.
 SURFAC: ACCEssible surface area
 SURFAC: ACCUracy= 0.07 RH2O=  1.40
         Z-grid=  0.32 number-of-Z-sections=   32
         measures-of-arc=    66 and   243
 SURFAC: half the sigma value being used for atomic radii.
 SURFAC: ACCEssible surface area
 SURFAC: ACCUracy= 0.07 RH2O=  1.40
         Z-grid=  0.25 number-of-Z-sections=  121
         measures-of-arc=  9891 and 19774
 SCRATC-warning: Pairs of Interacting Groups erased.
 SCRATC-warning: diffusion anistropy database erased.
 SCRATC-warning: susceptibility anistropy database erased.
 NBONDS: generating intra-molecular exclusion list with mode= 5
 MAKINB: mode   5 found      0 exclusions and      0 interactions(1-4)
 NBONDS: found     5582 intra-atom interactions
 --------------- cycle=     6 --------------------------------------------------
 | Etotal =-67.580    grad(E)=2.065      E(VDW )=-5.126     E(ELEC)=-62.454    |
 -------------------------------------------------------------------------------
 NBONDS: generating intra-molecular exclusion list with mode= 5
 MAKINB: mode   5 found      0 exclusions and      0 interactions(1-4)
 NBONDS: found     1371 intra-atom interactions
 --------------- cycle=     7 --------------------------------------------------
 | Etotal =-365.606   grad(E)=3.455      E(VDW )=13.993     E(ELEC)=-379.598   |
 -------------------------------------------------------------------------------
 NBONDS: generating intra-molecular exclusion list with mode= 5
 MAKINB: mode   5 found     48 exclusions and      0 interactions(1-4)
 NBONDS: found      740 intra-atom interactions
 --------------- cycle=     8 --------------------------------------------------
 | Etotal =10.320     grad(E)=1.299      E(VDW )=11.267     E(ELEC)=-0.947     |
 -------------------------------------------------------------------------------
 CWRITE: using atom subset.
 HEAP: maximum use      =  3102036424 current use      =     1536000 bytes
 HEAP: maximum overhead =        6144 current overhead =        1232 bytes
          ============================================================
           Maximum dynamic memory allocation:  3102036424 bytes
           Maximum dynamic memory overhead:          6144 bytes
           Program started at: 13:36:35 on 22-Apr-2026
           Program stopped at: 13:38:15 on 22-Apr-2026
           CPU time used:      98.1139 seconds
          ============================================================
